# Blender 5.0.1
# www.blender.org
o Curve
v 59.005112 30.211243 14.132205
v 59.005112 30.195858 14.143990
v 59.005112 30.177038 14.155071
v 59.005112 30.155182 14.165359
v 59.005112 30.103943 14.183206
v 59.005112 30.045307 14.196826
v 59.005112 30.014206 14.201830
v 59.005112 29.982447 14.205514
v 59.005112 29.950420 14.207789
v 59.005112 29.918528 14.208567
v 59.005112 29.881786 14.211810
v 59.005112 29.847507 14.221834
v 59.005112 29.815519 14.239079
v 59.005112 29.785645 14.263986
v 59.005112 29.757706 14.296993
v 59.005112 29.731529 14.338543
v 59.005112 29.683752 14.449028
v 59.005112 29.661800 14.518845
v 59.005112 29.640905 14.598965
v 59.005112 29.487480 15.375179
v 59.005112 29.132498 15.096207
v 59.005112 29.081867 15.053506
v 59.005112 29.031721 15.008206
v 59.005112 28.982542 14.960882
v 59.005112 28.934816 14.912104
v 59.005112 28.889029 14.862446
v 59.005112 28.845661 14.812479
v 59.005112 28.805199 14.762777
v 59.005112 28.734928 14.666454
v 59.005112 28.682089 14.578057
v 59.005112 28.616814 14.439459
v 59.005112 28.589331 14.400955
v 59.005112 28.556828 14.369187
v 59.005112 28.517635 14.343760
v 59.005112 28.470078 14.324277
v 59.005112 28.412485 14.310342
v 59.005112 28.260496 14.297529
v 59.005112 27.682640 14.330676
v 59.005112 27.511137 14.356977
v 59.005112 27.445723 14.373341
v 59.005112 27.392458 14.392435
v 59.005112 27.350285 14.414700
v 59.005112 27.318150 14.440575
v 59.005112 27.294996 14.470500
v 59.005112 27.279764 14.504916
v 59.005112 27.271400 14.544265
v 59.005112 27.264900 14.674027
v 59.005112 27.253117 14.745202
v 59.005112 27.233587 14.802375
v 59.005112 27.206398 14.845413
v 59.005112 27.171635 14.874187
v 59.005112 27.129391 14.888563
v 59.005112 27.079750 14.888409
v 59.005112 27.022802 14.873592
v 59.005112 26.958635 14.843983
v 59.005112 26.887337 14.799447
v 59.005112 26.808994 14.739853
v 59.005112 26.723698 14.665068
v 59.005112 26.662722 14.611094
v 59.005112 26.599325 14.562977
v 59.005112 26.459810 14.482373
v 59.005112 26.294235 14.419381
v 59.005112 26.091682 14.370127
v 59.005112 25.973127 14.349440
v 59.005112 25.841234 14.330735
v 59.005112 25.694639 14.313526
v 59.005112 25.531975 14.297331
v 59.005112 25.317530 14.278156
v 59.005112 25.112724 14.252773
v 59.005112 24.919277 14.221842
v 59.005112 24.738903 14.186024
v 59.005112 24.424244 14.102367
v 59.005112 24.182484 14.007087
v 59.005112 24.093231 13.956738
v 59.005112 24.027355 13.905466
v 59.005112 23.986570 13.853930
v 59.005112 23.972595 13.802789
v 59.005112 23.984238 13.758744
v 59.005112 24.018200 13.715669
v 59.005112 24.073027 13.674002
v 59.005112 24.147266 13.634184
v 59.005112 24.348177 13.561857
v 59.005112 24.609306 13.502212
v 59.005112 24.919033 13.458769
v 59.005112 25.652710 13.407460
v 59.005112 25.818218 13.387103
v 59.005112 25.965372 13.362256
v 59.005112 26.205490 13.298736
v 59.005112 26.298893 13.259887
v 59.005112 26.374821 13.216194
v 59.005112 26.433493 13.167571
v 59.005112 26.475130 13.113928
v 59.005112 26.499950 13.055178
v 59.005112 26.543390 12.764390
v 59.005112 26.562099 12.677959
v 59.005112 26.584242 12.582283
v 59.005112 26.609552 12.478681
v 59.005112 26.637770 12.368475
v 59.005112 26.701864 12.133532
v 59.005112 26.737213 12.011437
v 59.005112 27.040646 11.013062
v 59.005112 27.248245 11.428821
v 59.005112 27.298958 11.571008
v 59.005112 27.336990 11.738556
v 59.005112 27.375025 12.138463
v 59.005112 27.376610 12.249888
v 59.005112 27.375025 12.365188
v 59.005112 27.370272 12.484009
v 59.005112 27.332237 13.244843
v 59.005112 28.457401 13.149739
v 59.005112 28.584063 13.119447
v 59.005112 28.680437 13.087040
v 59.005112 28.715067 13.070705
v 59.005112 28.739483 13.054634
v 59.005112 28.775852 13.010341
v 59.005112 28.814905 12.935930
v 59.005112 28.899132 12.705215
v 59.005112 29.309364 10.635962
v 59.005112 29.354597 10.485643
v 59.005112 29.369614 10.451154
v 59.005112 29.384237 10.425646
v 59.005112 29.398243 10.409824
v 59.005112 29.411411 10.404394
v 59.005112 29.426643 10.408012
v 59.005112 29.446629 10.418543
v 59.005112 29.470840 10.435501
v 59.005112 29.599380 10.557933
v 59.005112 29.675270 10.645126
v 59.005112 29.753275 10.744473
v 59.005112 29.856012 10.886924
v 59.005112 29.909666 10.967682
v 59.005112 29.953194 11.043773
v 59.005112 29.987083 11.119203
v 59.005112 30.011814 11.197979
v 59.005112 30.027874 11.284109
v 59.005112 30.035915 11.494454
v 59.005112 30.028866 11.626682
v 59.005112 29.933672 12.560679
v 59.005112 29.922886 12.713052
v 59.005112 29.917120 12.843761
v 59.005112 29.921698 13.051464
v 59.005112 29.932571 13.134093
v 59.005112 29.949518 13.206331
v 59.005112 29.972805 13.270997
v 59.005112 30.002695 13.330907
v 59.005112 30.187874 13.589097
v 59.005112 30.260363 13.720600
v 59.005112 30.284477 13.782212
v 59.005112 30.300449 13.840830
v 59.005112 30.308235 13.896278
v 59.005112 30.307787 13.948380
v 59.005112 30.299063 13.996960
v 59.005112 30.282021 14.041841
v 59.005112 30.256613 14.082848
v 59.677692 30.308235 13.896278
v 59.677692 30.307787 13.948380
v 59.677692 30.300449 13.840830
v 59.677692 30.299063 13.996960
v 59.677692 30.284477 13.782212
v 59.677692 30.282021 14.041841
v 59.677692 30.260363 13.720600
v 59.677692 30.256613 14.082848
v 59.677692 30.187874 13.589097
v 59.677692 30.211243 14.132205
v 59.677692 30.195858 14.143990
v 59.677692 30.177038 14.155071
v 59.677692 30.155182 14.165359
v 59.677692 30.103943 14.183206
v 59.677692 30.045307 14.196826
v 59.677692 30.014206 14.201830
v 59.677692 30.002695 13.330907
v 59.677692 30.035915 11.494454
v 59.677692 30.028866 11.626682
v 59.677692 30.027874 11.284109
v 59.677692 30.011814 11.197979
v 59.677692 29.982447 14.205514
v 59.677692 29.987083 11.119203
v 59.677692 29.972805 13.270997
v 59.677692 29.953194 11.043773
v 59.677692 29.950420 14.207789
v 59.677692 29.949518 13.206331
v 59.677692 29.909666 10.967682
v 59.677692 29.918528 14.208567
v 59.677692 29.932571 13.134093
v 59.677692 29.933672 12.560679
v 59.677692 29.922886 12.713052
v 59.677692 29.921698 13.051464
v 59.677692 29.917120 12.843761
v 59.677692 29.881786 14.211810
v 59.677692 29.856012 10.886924
v 59.677692 29.847507 14.221834
v 59.677692 29.815519 14.239079
v 59.677692 29.785645 14.263986
v 59.677692 29.753275 10.744473
v 59.677692 29.757706 14.296993
v 59.677692 29.731529 14.338543
v 59.677692 29.675270 10.645126
v 59.677692 29.683752 14.449028
v 59.677692 29.661800 14.518845
v 59.677692 29.640905 14.598965
v 59.677692 29.599380 10.557933
v 59.677692 29.470840 10.435501
v 59.677692 29.487480 15.375179
v 59.677692 29.132498 15.096207
v 59.677692 29.446629 10.418543
v 59.677692 29.426643 10.408012
v 59.677692 29.411411 10.404394
v 59.677692 29.398243 10.409824
v 59.677692 29.384237 10.425646
v 59.677692 29.369614 10.451154
v 59.677692 29.354597 10.485643
v 59.677692 29.309364 10.635962
v 59.677692 29.081867 15.053506
v 59.677692 29.031721 15.008206
v 59.677692 28.982542 14.960882
v 59.677692 28.934816 14.912104
v 59.677692 28.899132 12.705215
v 59.677692 28.889029 14.862446
v 59.677692 28.845661 14.812479
v 59.677692 28.814905 12.935930
v 59.677692 28.805199 14.762777
v 59.677692 28.775852 13.010341
v 59.677692 28.739483 13.054634
v 59.677692 28.734928 14.666454
v 59.677692 28.715067 13.070705
v 59.677692 28.680437 13.087040
v 59.677692 28.682089 14.578057
v 59.677692 28.616814 14.439459
v 59.677692 28.584063 13.119447
v 59.677692 28.589331 14.400955
v 59.677692 28.556828 14.369187
v 59.677692 28.517635 14.343760
v 59.677692 28.457401 13.149739
v 59.677692 28.470078 14.324277
v 59.677692 28.412485 14.310342
v 59.677692 28.260496 14.297529
v 59.677692 27.332237 13.244843
v 59.677692 27.682640 14.330676
v 59.677692 27.511137 14.356977
v 59.677692 27.445723 14.373341
v 59.677692 27.392458 14.392435
v 59.677692 27.350285 14.414700
v 59.677692 27.376610 12.249888
v 59.677692 27.375025 12.365188
v 59.677692 27.375025 12.138463
v 59.677692 27.370272 12.484009
v 59.677692 27.336990 11.738556
v 59.677692 27.318150 14.440575
v 59.677692 27.298958 11.571008
v 59.677692 27.294996 14.470500
v 59.677692 27.279764 14.504916
v 59.677692 27.271400 14.544265
v 59.677692 27.248245 11.428821
v 59.677692 27.264900 14.674027
v 59.677692 27.253117 14.745202
v 59.677692 27.233587 14.802375
v 59.677692 27.206398 14.845413
v 59.677692 27.040646 11.013062
v 59.677692 27.171635 14.874187
v 59.677692 27.129391 14.888563
v 59.677692 27.079750 14.888409
v 59.677692 27.022802 14.873592
v 59.677692 26.958635 14.843983
v 59.677692 26.887337 14.799447
v 59.677692 26.808994 14.739853
v 59.677692 26.723698 14.665068
v 59.677692 26.737213 12.011437
v 59.677692 26.701864 12.133532
v 59.677692 26.662722 14.611094
v 59.677692 26.637770 12.368475
v 59.677692 26.599325 14.562977
v 59.677692 26.609552 12.478681
v 59.677692 26.584242 12.582283
v 59.677692 26.562099 12.677959
v 59.677692 26.543390 12.764390
v 59.677692 26.459810 14.482373
v 59.677692 26.499950 13.055178
v 59.677692 26.475130 13.113928
v 59.677692 26.433493 13.167571
v 59.677692 26.374821 13.216194
v 59.677692 26.294235 14.419381
v 59.677692 26.298893 13.259887
v 59.677692 26.205490 13.298736
v 59.677692 26.091682 14.370127
v 59.677692 25.965372 13.362256
v 59.677692 25.973127 14.349440
v 59.677692 25.841234 14.330735
v 59.677692 25.818218 13.387103
v 59.677692 25.694639 14.313526
v 59.677692 25.652710 13.407460
v 59.677692 25.531975 14.297331
v 59.677692 25.317530 14.278156
v 59.677692 25.112724 14.252773
v 59.677692 24.919277 14.221842
v 59.677692 24.919033 13.458769
v 59.677692 24.738903 14.186024
v 59.677692 24.609306 13.502212
v 59.677692 24.424244 14.102367
v 59.677692 24.348177 13.561857
v 59.677692 24.182484 14.007087
v 59.677692 24.147266 13.634184
v 59.677692 24.093231 13.956738
v 59.677692 24.073027 13.674002
v 59.677692 24.027355 13.905466
v 59.677692 24.018200 13.715669
v 59.677692 23.986570 13.853930
v 59.677692 23.984238 13.758744
v 59.677692 23.972595 13.802789
vn 1.0000 -0.0000 -0.0000
vn -0.0000 -0.8340 0.5518
vn -0.0000 -0.8826 0.4701
vn -0.0000 0.7967 0.6044
vn -0.0000 0.6747 0.7381
vn -0.0000 0.5588 0.8293
vn -0.0000 0.4671 0.8842
vn -0.0000 0.8846 0.4664
vn -0.0000 0.9528 0.3036
vn -0.0000 -0.6689 -0.7434
vn -0.0000 -0.8335 -0.5525
vn -0.0000 0.9602 -0.2791
vn -0.0000 0.9874 -0.1584
vn -0.0000 -0.1963 0.9805
vn -0.0000 -0.3123 0.9500
vn -0.0000 0.3779 0.9258
vn -0.0000 -0.9627 -0.2706
vn -0.0000 -0.9775 -0.2109
vn -0.0000 -0.4894 -0.8720
vn -0.0000 -0.2965 0.9550
vn -0.0000 -0.1858 0.9826
vn -0.0000 -0.0134 0.9999
vn -0.0000 0.1045 0.9945
vn -0.0000 -0.8629 -0.5054
vn -0.0000 -0.3733 -0.9277
vn -0.0000 -0.7183 -0.6957
vn -0.0000 -0.1797 -0.9837
vn -0.0000 -0.3206 -0.9472
vn -0.0000 0.9996 -0.0281
vn -0.0000 0.9993 0.0386
vn -0.0000 0.7139 0.7002
vn -0.0000 0.8589 0.5121
vn -0.0000 -0.5705 -0.8213
vn -0.0000 -0.9144 -0.4047
vn -0.0000 -0.9630 -0.2695
vn -0.0000 0.9514 0.3080
vn -0.0000 -0.9704 -0.2416
vn -0.0000 -0.8628 0.5056
vn -0.0000 -0.4423 -0.8969
vn -0.0000 0.9916 0.1294
vn -0.0000 -0.4293 0.9032
vn -0.0000 -0.7594 0.6506
vn -0.0000 -0.4068 -0.9135
vn -0.0000 -0.2812 -0.9596
vn -0.0000 -0.6247 0.7809
vn -0.0000 -0.6343 0.7731
vn -0.0000 -0.6917 0.7222
vn -0.0000 0.0913 0.9958
vn -0.0000 0.1868 0.9824
vn -0.0000 0.1591 0.9873
vn -0.0000 -0.2759 -0.9612
vn -0.0000 0.9943 0.1069
vn -0.0000 0.9697 0.2441
vn -0.0000 -0.4637 0.8860
vn -0.0000 -0.4300 0.9028
vn -0.0000 0.9020 0.4316
vn -0.0000 0.9703 -0.2419
vn -0.0000 0.9938 -0.1110
vn -0.0000 -0.3080 0.9514
vn -0.0000 0.7509 0.6604
vn -0.0000 -0.1601 0.9871
vn -0.0000 0.1973 0.9803
vn -0.0000 0.9348 -0.3553
vn -0.0000 0.2780 0.9606
vn -0.0000 0.5210 -0.8536
vn -0.0000 0.6335 -0.7738
vn -0.0000 0.4879 0.8729
vn -0.0000 0.7972 -0.6037
vn -0.0000 0.8343 -0.5513
vn -0.0000 0.7459 -0.6661
vn -0.0000 0.9194 -0.3933
vn -0.0000 0.8564 -0.5163
vn -0.0000 0.3514 -0.9362
vn -0.0000 0.9961 0.0877
vn -0.0000 0.9995 0.0329
vn -0.0000 0.9997 0.0248
vn -0.0000 0.1617 0.9868
vn -0.0000 0.2311 -0.9729
vn -0.0000 -0.1285 0.9917
vn -0.0000 0.8911 -0.4537
vn -0.0000 0.9971 -0.0764
vn -0.0000 -0.5799 -0.8147
vn -0.0000 -0.3812 -0.9245
vn -0.0000 -0.3367 0.9416
vn -0.0000 -0.8124 -0.5831
vn -0.0000 0.9588 -0.2841
vn -0.0000 -0.8936 -0.4490
vn -0.0000 -0.9389 -0.3443
vn -0.0000 -0.4753 0.8798
vn -0.0000 0.9199 -0.3920
vn -0.0000 0.9837 -0.1797
vn -0.0000 -0.1630 -0.9866
vn -0.0000 -0.1027 -0.9947
vn -0.0000 -0.5834 0.8122
vn -0.0000 -0.6346 0.7729
vn -0.0000 -0.5693 0.8221
vn -0.0000 -0.1348 0.9909
vn -0.0000 -0.1589 -0.9873
vn -0.0000 0.2904 0.9569
vn -0.0000 0.8457 -0.5337
vn -0.0000 0.4032 0.9151
vn -0.0000 -0.9620 -0.2731
vn -0.0000 -0.7774 0.6290
vn -0.0000 0.5496 0.8355
vn -0.0000 0.3797 0.9251
vn -0.0000 0.9054 -0.4245
vn -0.0000 0.5603 0.8283
vn -0.0000 -0.5543 0.8323
vn -0.0000 0.7045 0.7097
vn -0.0000 0.8947 -0.4467
vn -0.0000 0.9783 0.2073
vn -0.0000 -0.0842 -0.9964
vn -0.0000 -0.5405 -0.8413
vn -1.0000 -0.0000 -0.0000
vn -0.0000 -0.7042 0.7100
vn -0.0000 0.9979 -0.0654
vn -0.0000 0.9957 0.0930
vn -0.0000 0.8067 0.5910
vn -0.0000 0.9795 -0.2014
vn -0.0000 -0.7008 -0.7134
vn -0.0000 0.9637 0.2670
vn -0.0000 -0.8924 0.4512
vn -0.0000 0.9494 -0.3141
vn -0.0000 -0.8947 -0.4467
vn -0.0000 0.8966 0.4429
vn -0.0000 -0.9646 0.2636
vn -0.0000 -0.9668 -0.2556
vn -0.0000 -0.7451 0.6670
vt 0.477444 0.000000
vt 0.481203 0.000000
vt 0.484962 0.000000
vt 0.488722 0.000000
vt 0.492481 0.000000
vt 0.496241 0.000000
vt 0.515038 0.000000
vt 0.518797 0.000000
vt 0.522556 0.000000
vt 0.526316 0.000000
vt 0.530075 0.000000
vt 0.537594 0.000000
vt 0.541353 0.000000
vt 0.590226 0.000000
vt 0.597744 0.000000
vt 0.605263 0.000000
vt 0.612782 0.000000
vt 0.627820 0.000000
vt 0.631579 0.000000
vt 0.635338 0.000000
vt 0.639098 0.000000
vt 0.684211 0.000000
vt 0.710526 0.000000
vt 0.718045 0.000000
vt 0.725564 0.000000
vt 0.729323 0.000000
vt 0.733083 0.000000
vt 0.736842 0.000000
vt 0.740601 0.000000
vt 0.748120 0.000000
vt 0.796992 0.000000
vt 0.808271 0.000000
vt 0.812030 0.000000
vt 0.815789 0.000000
vt 0.819549 0.000000
vt 0.823308 0.000000
vt 0.827068 0.000000
vt 0.830827 0.000000
vt 0.834586 0.000000
vt 0.849624 0.000000
vt 0.857143 0.000000
vt 0.864662 0.000000
vt 0.872180 0.000000
vt 0.875940 0.000000
vt 0.879699 0.000000
vt 0.883459 0.000000
vt 0.887218 0.000000
vt 0.890977 0.000000
vt 0.898496 0.000000
vt 0.902256 0.000000
vt 0.921053 0.000000
vt 0.924812 0.000000
vt 0.928571 0.000000
vt 0.936090 0.000000
vt 0.939850 0.000000
vt 0.943609 0.000000
vt 0.947368 0.000000
vt 0.951128 0.000000
vt 0.966165 0.000000
vt 0.973684 0.000000
vt 0.977444 0.000000
vt 0.981203 0.000000
vt 0.984962 0.000000
vt 0.988722 0.000000
vt 0.992481 0.000000
vt 0.996241 0.000000
vt 1.000000 0.000000
vt 0.003759 0.000000
vt 0.007519 0.000000
vt 0.011278 0.000000
vt 0.015038 0.000000
vt 0.022556 0.000000
vt 0.030075 0.000000
vt 0.033835 0.000000
vt 0.037594 0.000000
vt 0.041353 0.000000
vt 0.045113 0.000000
vt 0.048872 0.000000
vt 0.052632 0.000000
vt 0.056391 0.000000
vt 0.060150 0.000000
vt 0.063910 0.000000
vt 0.067669 0.000000
vt 0.075188 0.000000
vt 0.078947 0.000000
vt 0.082707 0.000000
vt 0.135338 0.000000
vt 0.139098 0.000000
vt 0.142857 0.000000
vt 0.146617 0.000000
vt 0.150376 0.000000
vt 0.154135 0.000000
vt 0.157895 0.000000
vt 0.161654 0.000000
vt 0.165414 0.000000
vt 0.172932 0.000000
vt 0.180451 0.000000
vt 0.191729 0.000000
vt 0.195489 0.000000
vt 0.199248 0.000000
vt 0.203008 0.000000
vt 0.206767 0.000000
vt 0.210526 0.000000
vt 0.218045 0.000000
vt 0.236842 0.000000
vt 0.244361 0.000000
vt 0.248120 0.000000
vt 0.251880 0.000000
vt 0.255639 0.000000
vt 0.259398 0.000000
vt 0.263158 0.000000
vt 0.266917 0.000000
vt 0.270677 0.000000
vt 0.278196 0.000000
vt 0.281955 0.000000
vt 0.285714 0.000000
vt 0.289474 0.000000
vt 0.293233 0.000000
vt 0.296992 0.000000
vt 0.300752 0.000000
vt 0.304511 0.000000
vt 0.308271 0.000000
vt 0.312030 0.000000
vt 0.315789 0.000000
vt 0.319549 0.000000
vt 0.323308 0.000000
vt 0.327068 0.000000
vt 0.334586 0.000000
vt 0.342105 0.000000
vt 0.349624 0.000000
vt 0.353383 0.000000
vt 0.357143 0.000000
vt 0.360902 0.000000
vt 0.364662 0.000000
vt 0.368421 0.000000
vt 0.372180 0.000000
vt 0.375940 0.000000
vt 0.379699 0.000000
vt 0.387218 0.000000
vt 0.394737 0.000000
vt 0.398496 0.000000
vt 0.402256 0.000000
vt 0.406015 0.000000
vt 0.409774 0.000000
vt 0.413534 0.000000
vt 0.417293 0.000000
vt 0.421053 0.000000
vt 0.424812 0.000000
vt 0.432331 0.000000
vt 0.439850 0.000000
vt 0.447368 0.000000
vt 0.462406 0.000000
vt 0.466165 0.000000
vt 0.469925 0.000000
s 1
f 283/1/1 282/2/1 280/3/1 279/4/1 278/5/1 277/6/1 275/7/1 274/8/1 273/9/1 272/10/1 270/11/1 268/12/1 267/13/1 258/14/1 253/15/1 249/16/1 247/17/1 245/18/1 243/19/1 244/20/1 246/21/1 237/22/1 233/23/1 229/24/1 226/25/1 225/26/1 223/27/1 222/28/1 220/29/1 217/30/1 212/31/1 211/32/1 210/33/1 209/34/1 208/35/1 207/36/1 206/37/1 205/38/1 202/39/1 201/40/1 197/41/1 194/42/1 190/43/1 182/44/1 179/45/1 177/46/1 175/47/1 174/48/1 172/49/1 173/50/1 185/51/1 186/52/1 188/53/1 187/54/1 184/55/1 181/56/1 178/57/1 171/58/1 163/59/1 161/60/1 159/61/1 157/62/1 155/63/1 156/64/1 158/65/1 160/66/1 162/67/1 164/68/1 165/69/1 166/70/1 167/71/1 168/72/1 169/73/1 170/74/1 176/75/1 180/76/1 183/77/1 189/78/1 191/79/1 192/80/1 193/81/1 195/82/1 196/83/1 198/84/1 199/85/1 200/86/1 203/87/1 204/88/1 213/89/1 214/90/1 215/91/1 216/92/1 218/93/1 219/94/1 221/95/1 224/96/1 227/97/1 228/98/1 230/99/1 231/100/1 232/101/1 234/102/1 235/103/1 236/104/1 238/105/1 239/106/1 240/107/1 241/108/1 242/109/1 248/110/1 250/111/1 251/112/1 252/113/1 254/114/1 255/115/1 256/116/1 257/117/1 259/118/1 260/119/1 261/120/1 262/121/1 263/122/1 264/123/1 265/124/1 266/125/1 269/126/1 271/127/1 276/128/1 281/129/1 284/130/1 286/131/1 287/132/1 289/133/1 291/134/1 292/135/1 293/136/1 294/137/1 296/138/1 298/139/1 300/140/1 302/141/1 304/142/1 306/143/1 308/144/1 307/145/1 305/146/1 303/147/1 301/148/1 299/149/1 297/150/1 295/151/1 290/152/1 288/153/1 285/154/1
f 29/96/2 30/97/3 227/97/3 224/96/2
f 154/67/4 1/68/5 164/68/5 162/67/4
f 2/69/6 3/70/7 166/70/7 165/69/6
f 16/83/8 17/84/9 198/84/9 196/83/8
f 114/27/10 115/28/11 222/28/11 223/27/10
f 103/16/12 104/17/13 247/17/13 249/16/12
f 71/138/14 72/139/15 298/139/15 296/138/14
f 3/70/7 4/71/16 167/71/16 166/70/7
f 93/6/17 94/7/18 275/7/18 277/6/17
f 113/26/19 114/27/10 223/27/10 225/26/19
f 62/129/20 63/130/21 284/130/21 281/129/20
f 37/104/22 38/105/23 238/105/23 236/104/22
f 92/5/24 93/6/17 277/6/17 278/5/24
f 112/25/25 113/26/19 225/26/19 226/25/25
f 91/4/26 92/5/24 278/5/24 279/4/26
f 87/154/27 88/1/28 283/1/28 285/154/27
f 105/18/29 106/19/30 107/20/30 108/21/30 109/22/30 237/22/30 246/21/30 244/20/30 243/19/30 245/18/29
f 43/110/31 44/111/32 250/111/32 248/110/31
f 90/3/33 91/4/26 279/4/26 280/3/33
f 116/29/34 117/30/35 217/30/35 220/29/34
f 44/111/32 45/112/36 251/112/36 250/111/32
f 117/30/35 118/31/37 212/31/37 217/30/35
f 30/97/3 31/98/38 228/98/38 227/97/3
f 89/2/39 90/3/33 280/3/33 282/2/39
f 45/112/36 46/113/40 252/113/40 251/112/36
f 88/1/28 89/2/39 282/2/39 283/1/28
f 61/128/41 62/129/20 281/129/20 276/128/41
f 31/98/38 32/99/42 230/99/42 228/98/38
f 81/148/43 82/149/44 299/149/44 301/148/43
f 32/99/42 33/100/45 231/100/45 230/99/42
f 21/88/46 22/89/46 23/90/46 24/91/47 215/91/47 214/90/46 213/89/46 204/88/46 203/87/46 20/87/46
f 9/76/48 10/77/48 11/78/49 189/78/49 183/77/48 180/76/48 176/75/48 170/74/48 169/73/50 6/73/50 7/74/48 8/75/48
f 111/24/51 112/25/25 226/25/25 229/24/51
f 47/114/52 48/115/53 255/115/53 254/114/52
f 33/100/45 34/101/54 232/101/54 231/100/45
f 72/139/15 73/140/55 300/140/55 298/139/15
f 48/115/53 49/116/56 256/116/56 255/115/53
f 134/47/57 135/48/58 174/48/58 175/47/57
f 34/101/54 35/102/59 234/102/59 232/101/54
f 49/116/56 50/117/60 257/117/60 256/116/56
f 35/102/59 36/103/61 235/103/61 234/102/59
f 38/105/23 39/106/62 239/106/62 238/105/23
f 133/46/63 134/47/57 175/47/57 177/46/63
f 4/71/16 5/72/64 168/72/64 167/71/16
f 125/38/65 126/39/66 202/39/66 205/38/65
f 50/117/60 51/118/67 259/118/67 257/117/60
f 128/41/68 129/42/68 130/43/68 131/44/69 182/44/69 190/43/68 194/42/68 197/41/68 201/40/70 127/40/70
f 144/57/71 145/58/72 171/58/72 178/57/71
f 124/37/73 125/38/65 205/38/65 206/37/73
f 139/52/74 140/53/75 188/53/75 186/52/74 185/51/74 173/50/74 172/49/76 136/49/76 137/50/74 138/51/74
f 51/118/67 52/119/77 260/119/77 259/118/67
f 123/36/78 124/37/73 206/37/73 207/36/78
f 52/119/77 53/120/79 261/120/79 260/119/77
f 132/45/80 133/46/63 177/46/63 179/45/80
f 140/53/75 141/54/81 187/54/81 188/53/75
f 122/35/82 123/36/83 207/36/83 208/35/82
f 53/120/79 54/121/84 262/121/84 261/120/79
f 121/34/85 122/35/82 208/35/82 209/34/85
f 143/56/86 144/57/71 178/57/71 181/56/86
f 120/33/87 121/34/85 209/34/85 210/33/87
f 119/32/88 120/33/87 210/33/87 211/32/88
f 54/121/84 55/122/89 263/122/89 262/121/84
f 131/44/69 132/45/80 179/45/80 182/44/69
f 102/15/90 103/16/12 249/16/12 253/15/90
f 142/55/91 143/56/86 181/56/86 184/55/91
f 83/150/92 84/151/93 85/152/93 86/153/93 87/154/27 285/154/27 288/153/93 290/152/93 295/151/93 297/150/92
f 82/149/44 83/150/92 297/150/92 299/149/44
f 55/122/89 56/123/94 264/123/94 263/122/89
f 135/48/58 136/49/76 172/49/76 174/48/58
f 141/54/81 142/55/91 184/55/91 187/54/81
f 58/125/95 59/126/95 60/127/96 271/127/96 269/126/95 266/125/95 265/124/95 264/123/94 56/123/94 57/124/95
f 64/131/97 65/132/97 66/133/97 67/134/97 68/135/97 69/136/97 70/137/97 71/138/14 296/138/14 294/137/97 293/136/97 292/135/97 291/134/97 289/133/97 287/132/97 286/131/97 284/130/21 63/130/21
f 110/23/98 111/24/51 229/24/51 233/23/98
f 39/106/62 40/107/99 240/107/99 239/106/62
f 146/59/100 163/59/100 171/58/72 145/58/72
f 40/107/99 41/108/101 241/108/101 240/107/99
f 96/9/102 97/10/102 98/11/102 99/12/102 100/13/102 101/14/102 258/14/102 267/13/102 268/12/102 270/11/102 272/10/102 273/9/102 274/8/102 275/7/18 94/7/18 95/8/102
f 28/95/103 29/96/2 224/96/2 221/95/103
f 41/108/101 42/109/104 242/109/104 241/108/101
f 11/78/49 12/79/105 191/79/105 189/78/49
f 146/59/100 147/60/106 161/60/106 163/59/100
f 12/79/105 13/80/107 192/80/107 191/79/105
f 73/140/55 74/141/108 302/141/108 300/140/55
f 13/80/107 14/81/109 193/81/109 192/80/107
f 101/14/110 102/15/90 253/15/90 258/14/110
f 18/85/111 19/86/111 20/87/111 203/87/111 200/86/111 199/85/111 198/84/9 17/84/9
f 110/23/98 233/23/98 237/22/112 109/22/112
f 80/147/113 81/148/43 301/148/43 303/147/113
f 88/1/114 87/154/114 86/153/114 85/152/114 84/151/114 83/150/114 82/149/114 81/148/114 80/147/114 79/146/114 78/145/114 77/144/114 76/143/114 75/142/114 74/141/114 73/140/114 72/139/114 71/138/114 70/137/114 69/136/114 68/135/114 67/134/114 66/133/114 65/132/114 64/131/114 63/130/114 62/129/114 61/128/114 60/127/114 59/126/114 58/125/114 57/124/114 56/123/114 55/122/114 54/121/114 53/120/114 52/119/114 51/118/114 50/117/114 49/116/114 48/115/114 47/114/114 46/113/114 45/112/114 44/111/114 43/110/114 42/109/114 41/108/114 40/107/114 39/106/114 38/105/114 37/104/114 36/103/114 35/102/114 34/101/114 33/100/114 32/99/114 31/98/114 30/97/114 29/96/114 28/95/114 27/94/114 26/93/114 25/92/114 24/91/114 23/90/114 22/89/114 21/88/114 20/87/114 19/86/114 18/85/114 17/84/114 16/83/114 15/82/114 14/81/114 13/80/114 12/79/114 11/78/114 10/77/114 9/76/114 8/75/114 7/74/114 6/73/114 5/72/114 4/71/114 3/70/114 2/69/114 1/68/114 154/67/114 153/66/114 152/65/114 151/64/114 150/63/114 149/62/114 148/61/114 147/60/114 146/59/114 145/58/114 144/57/114 143/56/114 142/55/114 141/54/114 140/53/114 139/52/114 138/51/114 137/50/114 136/49/114 135/48/114 134/47/114 133/46/114 132/45/114 131/44/114 130/43/114 129/42/114 128/41/114 127/40/114 126/39/114 125/38/114 124/37/114 123/36/114 122/35/114 121/34/114 120/33/114 119/32/114 118/31/114 117/30/114 116/29/114 115/28/114 114/27/114 113/26/114 112/25/114 111/24/114 110/23/114 109/22/114 108/21/114 107/20/114 106/19/114 105/18/114 104/17/114 103/16/114 102/15/114 101/14/114 100/13/114 99/12/114 98/11/114 97/10/114 96/9/114 95/8/114 94/7/114 93/6/114 92/5/114 91/4/114 90/3/114 89/2/114
f 74/141/108 75/142/115 304/142/115 302/141/108
f 150/63/116 151/64/117 156/64/117 155/63/116
f 14/81/109 15/82/118 195/82/118 193/81/109
f 149/62/119 150/63/116 155/63/116 157/62/119
f 15/82/118 16/83/8 196/83/8 195/82/118
f 79/146/120 80/147/113 303/147/113 305/146/120
f 151/64/117 152/65/121 158/65/121 156/64/117
f 46/113/40 47/114/52 254/114/52 252/113/40
f 75/142/115 76/143/122 306/143/122 304/142/115
f 148/61/123 149/62/119 157/62/119 159/61/123
f 104/17/13 105/18/29 245/18/29 247/17/13
f 60/127/96 61/128/41 276/128/41 271/127/96
f 78/145/124 79/146/120 305/146/120 307/145/124
f 152/65/121 153/66/125 160/66/125 158/65/121
f 76/143/122 77/144/126 308/144/126 306/143/122
f 77/144/127 78/145/124 307/145/124 308/144/127
f 5/72/64 6/73/50 169/73/50 168/72/64
f 147/60/106 148/61/123 159/61/123 161/60/106
f 153/66/125 154/67/4 162/67/4 160/66/125
f 27/94/128 28/95/103 221/95/103 219/94/128 218/93/128 216/92/128 215/91/47 24/91/47 25/92/128 26/93/128
f 36/103/61 37/104/22 236/104/22 235/103/61
f 126/39/66 127/40/70 201/40/70 202/39/66
f 118/31/37 119/32/88 211/32/88 212/31/37
f 42/109/104 43/110/31 248/110/31 242/109/104
f 115/28/11 116/29/34 220/29/34 222/28/11
f 1/68/5 2/69/6 165/69/6 164/68/5
o Curve.001
v 59.005112 29.722811 -6.134839
v 59.005112 29.126598 -5.245232
v 59.005112 28.833775 -4.888577
v 59.005112 28.572645 -4.629667
v 59.005112 28.460567 -4.546003
v 59.005112 28.259190 -4.437793
v 59.005112 28.072954 -4.367184
v 59.005112 27.901155 -4.334792
v 59.005112 27.743093 -4.341235
v 59.005112 27.598061 -4.387128
v 59.005112 27.465353 -4.473089
v 59.005112 27.344267 -4.599733
v 59.005112 27.234098 -4.767678
v 59.005112 27.134144 -4.977538
v 59.005112 27.043695 -5.229932
v 59.005112 26.767834 -6.374354
v 59.005112 26.616169 -6.788116
v 59.005112 26.532236 -6.947622
v 59.005112 26.488861 -7.013527
v 59.005112 26.153191 -7.399133
v 59.005112 25.680155 -6.883815
v 59.005112 25.494930 -6.608379
v 59.005112 25.170794 -5.936866
v 59.005112 25.057940 -5.600670
v 59.005112 24.995270 -5.304100
v 59.005112 24.986824 -5.180031
v 59.005112 24.992283 -5.089682
v 59.005112 25.008307 -5.015183
v 59.005112 25.034367 -4.956536
v 59.005112 25.069935 -4.913739
v 59.005112 25.114483 -4.886793
v 59.005112 25.167484 -4.875697
v 59.005112 25.228409 -4.880452
v 59.005112 25.296728 -4.901058
v 59.005112 25.371916 -4.937515
v 59.005112 25.453442 -4.989822
v 59.005112 25.540779 -5.057981
v 59.005112 25.748672 -5.246663
v 59.005112 25.797813 -5.287222
v 59.005112 25.841408 -5.319987
v 59.005112 25.879545 -5.345004
v 59.005112 25.912312 -5.362315
v 59.005112 25.939795 -5.371964
v 59.005112 25.962084 -5.373997
v 59.005112 25.979265 -5.368457
v 59.005112 25.991430 -5.355387
v 59.005112 25.998665 -5.334833
v 59.005112 26.001057 -5.306837
v 59.005112 25.988188 -5.239009
v 59.005112 25.951988 -5.158368
v 59.005112 25.896067 -5.068481
v 59.005112 25.739502 -4.875235
v 59.005112 25.547367 -4.687800
v 59.005112 25.348541 -4.534709
v 59.005112 25.255642 -4.479958
v 59.005112 25.171902 -4.444492
v 59.005112 25.100925 -4.431877
v 59.005112 25.070633 -4.434468
v 59.005112 25.037125 -4.442034
v 59.005112 24.962408 -4.470859
v 59.005112 24.880648 -4.515886
v 59.005112 24.795717 -4.574651
v 59.005112 24.753273 -4.608415
v 59.005112 24.711491 -4.644688
v 59.005112 24.670853 -4.683163
v 59.005112 24.581079 -4.780791
v 59.005112 24.497339 -4.900068
v 59.005112 24.463743 -4.964461
v 59.005112 24.411564 -5.108703
v 59.005112 24.377346 -5.281476
v 59.005112 24.358624 -5.492290
v 59.005112 24.354301 -5.614935
v 59.005112 24.352930 -5.750657
v 59.005112 24.358271 -5.960833
v 59.005112 24.402056 -6.351597
v 59.005112 24.492329 -6.709075
v 59.005112 24.555777 -6.877643
v 59.005112 24.721058 -7.199060
v 59.005112 24.939869 -7.505683
v 59.005112 25.215027 -7.804910
v 59.005112 25.453089 -8.014375
v 59.005112 25.558517 -8.091016
v 59.005112 25.657345 -8.149164
v 59.005112 25.751415 -8.188997
v 59.005112 25.842583 -8.210689
v 59.005112 25.932692 -8.214417
v 59.005112 26.023594 -8.200356
v 59.005112 26.117138 -8.168684
v 59.005112 26.215172 -8.119576
v 59.005112 26.319544 -8.053208
v 59.005112 26.535486 -7.882080
v 59.005112 26.717951 -7.689993
v 59.005112 26.798355 -7.582766
v 59.005112 26.940805 -7.338900
v 59.005112 27.063183 -7.046424
v 59.005112 27.118494 -6.878436
v 59.005112 27.170769 -6.694068
v 59.005112 27.220665 -6.491913
v 59.005112 27.376108 -5.783628
v 59.005112 27.414083 -5.627072
v 59.005112 27.431311 -5.561388
v 59.005112 27.447128 -5.505565
v 59.005112 27.461363 -5.460706
v 59.005112 27.473835 -5.427911
v 59.005112 27.484371 -5.408282
v 59.005112 27.526211 -5.379743
v 59.005112 27.591957 -5.392372
v 59.005112 27.677509 -5.441370
v 59.005112 27.778780 -5.521937
v 59.005112 28.135939 -5.905062
v 59.005112 28.377567 -6.230339
v 59.005112 28.583803 -6.566712
v 59.005112 28.663414 -6.727061
v 59.005112 28.707802 -6.839198
v 59.005112 28.745939 -6.941515
v 59.005112 28.777912 -7.034763
v 59.005112 28.803810 -7.119689
v 59.005112 28.837736 -7.267571
v 59.005112 28.848417 -7.391148
v 59.005112 28.845263 -7.445693
v 59.005112 28.836561 -7.496408
v 59.005112 28.822401 -7.544042
v 59.005112 28.761726 -7.672175
v 59.005112 28.748396 -7.709608
v 59.005112 28.739952 -7.744795
v 59.005112 28.736437 -7.778045
v 59.005112 28.737898 -7.809665
v 59.005112 28.744375 -7.839965
v 59.005112 28.755917 -7.869252
v 59.005112 28.772564 -7.897835
v 59.005112 28.794361 -7.926022
v 59.005112 28.853582 -7.982439
v 59.005112 28.894184 -8.011220
v 59.005112 28.934345 -8.034101
v 59.005112 28.975212 -8.050993
v 59.005112 29.017925 -8.061810
v 59.005112 29.063633 -8.066463
v 59.005112 29.113480 -8.064862
v 59.005112 29.168608 -8.056923
v 59.005112 29.299290 -8.021669
v 59.005112 29.563545 -7.919036
v 59.005112 29.853905 -7.771389
v 59.005112 29.965870 -7.698909
v 59.005112 30.056574 -7.625504
v 59.005112 30.126677 -7.549809
v 59.005112 30.176838 -7.470460
v 59.005112 30.207718 -7.386092
v 59.005112 30.219978 -7.295339
v 59.005112 30.214277 -7.196837
v 59.005112 30.191277 -7.089221
v 59.005112 30.151636 -6.971126
v 59.677692 30.219978 -7.295339
v 59.677692 30.214277 -7.196837
v 59.677692 30.207718 -7.386092
v 59.677692 30.191277 -7.089221
v 59.677692 30.176838 -7.470460
v 59.677692 30.151636 -6.971126
v 59.677692 30.126677 -7.549809
v 59.677692 30.056574 -7.625504
v 59.677692 29.965870 -7.698909
v 59.677692 29.853905 -7.771389
v 59.677692 29.722811 -6.134839
v 59.677692 29.563545 -7.919036
v 59.677692 29.299290 -8.021669
v 59.677692 29.126598 -5.245232
v 59.677692 29.168608 -8.056923
v 59.677692 29.113480 -8.064862
v 59.677692 29.063633 -8.066463
v 59.677692 29.017925 -8.061810
v 59.677692 28.975212 -8.050993
v 59.677692 28.833775 -4.888577
v 59.677692 28.934345 -8.034101
v 59.677692 28.894184 -8.011220
v 59.677692 28.853582 -7.982439
v 59.677692 28.848417 -7.391148
v 59.677692 28.845263 -7.445693
v 59.677692 28.837736 -7.267571
v 59.677692 28.836561 -7.496408
v 59.677692 28.822401 -7.544042
v 59.677692 28.803810 -7.119689
v 59.677692 28.794361 -7.926022
v 59.677692 28.777912 -7.034763
v 59.677692 28.772564 -7.897835
v 59.677692 28.761726 -7.672175
v 59.677692 28.745939 -6.941515
v 59.677692 28.755917 -7.869252
v 59.677692 28.748396 -7.709608
v 59.677692 28.744375 -7.839965
v 59.677692 28.739952 -7.744795
v 59.677692 28.707802 -6.839198
v 59.677692 28.737898 -7.809665
v 59.677692 28.736437 -7.778045
v 59.677692 28.663414 -6.727061
v 59.677692 28.572645 -4.629667
v 59.677692 28.583803 -6.566712
v 59.677692 28.460567 -4.546003
v 59.677692 28.377567 -6.230339
v 59.677692 28.259190 -4.437793
v 59.677692 28.072954 -4.367184
v 59.677692 28.135939 -5.905062
v 59.677692 27.901155 -4.334792
v 59.677692 27.743093 -4.341235
v 59.677692 27.778780 -5.521937
v 59.677692 27.677509 -5.441370
v 59.677692 27.598061 -4.387128
v 59.677692 27.591957 -5.392372
v 59.677692 27.465353 -4.473089
v 59.677692 27.526211 -5.379743
v 59.677692 27.484371 -5.408282
v 59.677692 27.473835 -5.427911
v 59.677692 27.461363 -5.460706
v 59.677692 27.344267 -4.599733
v 59.677692 27.447128 -5.505565
v 59.677692 27.431311 -5.561388
v 59.677692 27.414083 -5.627072
v 59.677692 27.376108 -5.783628
v 59.677692 27.234098 -4.767678
v 59.677692 27.220665 -6.491913
v 59.677692 27.134144 -4.977538
v 59.677692 27.170769 -6.694068
v 59.677692 27.118494 -6.878436
v 59.677692 27.043695 -5.229932
v 59.677692 27.063183 -7.046424
v 59.677692 26.940805 -7.338900
v 59.677692 26.798355 -7.582766
v 59.677692 26.767834 -6.374354
v 59.677692 26.717951 -7.689993
v 59.677692 26.616169 -6.788116
v 59.677692 26.535486 -7.882080
v 59.677692 26.532236 -6.947622
v 59.677692 26.488861 -7.013527
v 59.677692 26.319544 -8.053208
v 59.677692 26.215172 -8.119576
v 59.677692 26.117138 -8.168684
v 59.677692 26.153191 -7.399133
v 59.677692 26.023594 -8.200356
v 59.677692 25.932692 -8.214417
v 59.677692 26.001057 -5.306837
v 59.677692 25.988188 -5.239009
v 59.677692 25.998665 -5.334833
v 59.677692 25.991430 -5.355387
v 59.677692 25.979265 -5.368457
v 59.677692 25.951988 -5.158368
v 59.677692 25.962084 -5.373997
v 59.677692 25.939795 -5.371964
v 59.677692 25.896067 -5.068481
v 59.677692 25.912312 -5.362315
v 59.677692 25.842583 -8.210689
v 59.677692 25.879545 -5.345004
v 59.677692 25.841408 -5.319987
v 59.677692 25.751415 -8.188997
v 59.677692 25.797813 -5.287222
v 59.677692 25.739502 -4.875235
v 59.677692 25.748672 -5.246663
v 59.677692 25.680155 -6.883815
v 59.677692 25.657345 -8.149164
v 59.677692 25.558517 -8.091016
v 59.677692 25.547367 -4.687800
v 59.677692 25.540779 -5.057981
v 59.677692 25.494930 -6.608379
v 59.677692 25.453089 -8.014375
v 59.677692 25.453442 -4.989822
v 59.677692 25.371916 -4.937515
v 59.677692 25.348541 -4.534709
v 59.677692 25.296728 -4.901058
v 59.677692 25.255642 -4.479958
v 59.677692 25.215027 -7.804910
v 59.677692 25.228409 -4.880452
v 59.677692 25.171902 -4.444492
v 59.677692 25.170794 -5.936866
v 59.677692 25.167484 -4.875697
v 59.677692 25.100925 -4.431877
v 59.677692 25.114483 -4.886793
v 59.677692 25.069935 -4.913739
v 59.677692 25.057940 -5.600670
v 59.677692 25.070633 -4.434468
v 59.677692 25.037125 -4.442034
v 59.677692 24.939869 -7.505683
v 59.677692 25.034367 -4.956536
v 59.677692 25.008307 -5.015183
v 59.677692 24.995270 -5.304100
v 59.677692 24.992283 -5.089682
v 59.677692 24.962408 -4.470859
v 59.677692 24.986824 -5.180031
v 59.677692 24.880648 -4.515886
v 59.677692 24.795717 -4.574651
v 59.677692 24.721058 -7.199060
v 59.677692 24.753273 -4.608415
v 59.677692 24.711491 -4.644688
v 59.677692 24.670853 -4.683163
v 59.677692 24.555777 -6.877643
v 59.677692 24.581079 -4.780791
v 59.677692 24.492329 -6.709075
v 59.677692 24.497339 -4.900068
v 59.677692 24.463743 -4.964461
v 59.677692 24.402056 -6.351597
v 59.677692 24.411564 -5.108703
v 59.677692 24.377346 -5.281476
v 59.677692 24.358271 -5.960833
v 59.677692 24.358624 -5.492290
v 59.677692 24.354301 -5.614935
v 59.677692 24.352930 -5.750657
vn -1.0000 -0.0000 -0.0000
vn 1.0000 -0.0000 -0.0000
vn -0.0000 -0.8294 -0.5587
vn -0.0000 -0.7425 -0.6698
vn -0.0000 -0.9339 0.3575
vn -0.0000 -0.9241 0.3822
vn -0.0000 -0.7765 -0.6301
vn -0.0000 -0.8539 -0.5205
vn -0.0000 0.7855 0.6189
vn -0.0000 0.8674 0.4976
vn -0.0000 -0.6971 0.7170
vn -0.0000 -0.7789 0.6271
vn -0.0000 -0.9582 0.2863
vn -0.0000 -0.9571 0.2897
vn -0.0000 0.8027 0.5963
vn -0.0000 0.7394 0.6732
vn -0.0000 0.4082 -0.9129
vn -0.0000 0.4990 -0.8666
vn -0.0000 0.6747 -0.7381
vn -0.0000 0.7638 -0.6454
vn -0.0000 -0.8998 -0.4362
vn -0.0000 -0.9586 0.2848
vn -0.0000 -0.2909 0.9568
vn -0.0000 -0.4221 0.9065
vn -0.0000 0.9699 -0.2435
vn -0.0000 0.9539 -0.3000
vn -0.0000 0.9489 -0.3157
vn -0.0000 -0.4495 -0.8933
vn -0.0000 -0.3118 -0.9502
vn -0.0000 -0.9574 -0.2888
vn -0.0000 0.9993 -0.0382
vn -0.0000 0.9910 0.1338
vn -0.0000 -0.6481 -0.7616
vn -0.0000 -0.5995 -0.8004
vn -0.0000 -0.5954 -0.8034
vn -0.0000 -0.9855 0.1696
vn -0.0000 -0.6993 -0.7148
vn -0.0000 0.9707 -0.2402
vn -0.0000 0.8950 -0.4462
vn -0.0000 0.9645 0.2640
vn -0.0000 -0.9985 -0.0554
vn -0.0000 -0.9839 -0.1785
vn -0.0000 -0.9918 -0.1280
vn -0.0000 0.8972 -0.4415
vn -0.0000 -0.6357 -0.7719
vn -0.0000 -0.9996 0.0296
vn -0.0000 0.9215 0.3883
vn -0.0000 0.8331 -0.5531
vn -0.0000 -0.5482 -0.8363
vn -0.0000 -0.9140 0.4058
vn -0.0000 -0.9542 -0.2990
vn -0.0000 -0.9141 -0.4055
vn -0.0000 0.7928 -0.6095
vn -0.0000 0.8617 0.5074
vn -0.0000 -0.5264 0.8502
vn -0.0000 -0.6134 0.7898
vn -0.0000 -0.8544 0.5197
vn -0.0000 -0.9155 0.4023
vn -0.0000 -0.8750 -0.4842
vn -0.0000 -0.9202 -0.3914
vn -0.0000 0.6831 -0.7303
vn -0.0000 -0.7683 -0.6401
vn -0.0000 -0.8285 -0.5601
vn -0.0000 0.9648 0.2629
vn -0.0000 0.9905 0.1377
vn -0.0000 0.7367 0.6762
vn -0.0000 -0.6789 -0.7342
vn -0.0000 -0.6250 -0.7807
vn -0.0000 0.6527 0.7576
vn -0.0000 0.5372 0.8434
vn -0.0000 0.8146 0.5800
vn -0.0000 0.7389 0.6738
vn -0.0000 0.5871 -0.8095
vn -0.0000 -0.7966 0.6045
vn -0.0000 -0.7543 0.6566
vn -0.0000 0.4148 0.9099
vn -0.0000 0.3117 -0.9502
vn -0.0000 0.5796 -0.8149
vn -0.0000 -0.9634 0.2680
vn -0.0000 -0.9899 0.1416
vn -0.0000 -0.4890 -0.8723
vn -0.0000 0.2709 0.9626
vn -0.0000 -0.9416 -0.3367
vn -0.0000 -0.9598 -0.2806
vn -0.0000 0.9261 0.3772
vn -0.0000 -0.8612 0.5083
vn -0.0000 0.0727 0.9974
vn -0.0000 -0.3637 -0.9315
vn -0.0000 0.5600 0.8285
vn -0.0000 0.4498 0.8931
vn -0.0000 -0.1727 0.9850
vn -0.0000 -0.5614 -0.8275
vn -0.0000 -0.1844 -0.9829
vn -0.0000 -0.4265 0.9045
vn -0.0000 0.2843 0.9587
vn -0.0000 -0.6560 0.7548
vn -0.0000 -0.3475 -0.9377
vn -0.0000 -0.6375 0.7704
vn -0.0000 0.4929 -0.8701
vn -0.0000 0.0642 -0.9979
vn -0.0000 -0.1886 -0.9820
vn -0.0000 0.0875 -0.9962
vn -0.0000 0.2019 -0.9794
vn -0.0000 -0.9879 -0.1552
vn -0.0000 0.0453 0.9990
vn -0.0000 0.7436 -0.6687
vn -0.0000 0.5635 -0.8261
vn -0.0000 -1.0000 0.0008
vn -0.0000 -0.9990 0.0447
vn -0.0000 0.9098 -0.4151
vn -0.0000 -0.0347 -0.9994
vn -0.0000 0.3852 -0.9228
vn -0.0000 -0.1738 -0.9848
vn -0.0000 0.3664 -0.9304
vn -0.0000 -0.7827 0.6224
vn -0.0000 -0.3146 -0.9492
vn -0.0000 0.6524 -0.7579
vn -0.0000 -0.1531 0.9882
vn -0.0000 -0.4394 -0.8983
vn -0.0000 0.6553 0.7554
vn -0.0000 -0.5373 -0.8434
vn -0.0000 0.2377 -0.9713
vn -0.0000 0.0560 -0.9984
vn -0.0000 0.8495 -0.5276
vn -0.0000 0.9987 0.0511
vn -0.0000 0.9539 0.3000
vn -0.0000 -0.9999 -0.0142
vn -0.0000 0.9777 -0.2102
vn -0.0000 0.8557 -0.5175
vn -0.0000 -0.8715 0.4904
vn -0.0000 -0.9935 0.1136
vn -0.0000 0.9508 -0.3098
vn -0.0000 0.5368 -0.8437
vn -0.0000 0.8827 0.4699
vn -0.0000 -0.9738 0.2274
vn -0.0000 0.9908 -0.1357
vn -0.0000 0.1103 -0.9939
vn -0.0000 -0.2127 -0.9771
vn -0.0000 1.0000 0.0038
vn -0.0000 -0.9233 0.3842
vn -0.0000 -0.4003 -0.9164
vn -0.0000 -0.1370 -0.9906
vn -0.0000 -0.5084 -0.8611
vt 0.513158 0.000000
vt 0.504386 0.000000
vt 0.495614 0.000000
vt 0.491228 0.000000
vt 0.482456 0.000000
vt 0.473684 0.000000
vt 0.469298 0.000000
vt 0.464912 0.000000
vt 0.460526 0.000000
vt 0.451754 0.000000
vt 0.442982 0.000000
vt 0.434211 0.000000
vt 0.429825 0.000000
vt 0.425439 0.000000
vt 0.421053 0.000000
vt 0.416667 0.000000
vt 0.412281 0.000000
vt 0.403509 0.000000
vt 0.394737 0.000000
vt 0.385965 0.000000
vt 0.381579 0.000000
vt 0.377193 0.000000
vt 0.372807 0.000000
vt 0.368421 0.000000
vt 0.364035 0.000000
vt 0.359649 0.000000
vt 0.355263 0.000000
vt 0.350877 0.000000
vt 0.346491 0.000000
vt 0.342105 0.000000
vt 0.337719 0.000000
vt 0.333333 0.000000
vt 0.328947 0.000000
vt 0.315789 0.000000
vt 0.311404 0.000000
vt 0.307018 0.000000
vt 0.302632 0.000000
vt 0.298246 0.000000
vt 0.293860 0.000000
vt 0.289474 0.000000
vt 0.285088 0.000000
vt 0.280702 0.000000
vt 0.276316 0.000000
vt 0.271930 0.000000
vt 0.267544 0.000000
vt 0.263158 0.000000
vt 0.254386 0.000000
vt 0.245614 0.000000
vt 0.228070 0.000000
vt 0.219298 0.000000
vt 0.210526 0.000000
vt 0.153509 0.000000
vt 0.149123 0.000000
vt 0.140351 0.000000
vt 0.122807 0.000000
vt 0.096491 0.000000
vt 0.092105 0.000000
vt 0.087719 0.000000
vt 0.083333 0.000000
vt 0.078947 0.000000
vt 0.074561 0.000000
vt 0.070175 0.000000
vt 0.065789 0.000000
vt 0.061404 0.000000
vt 0.057018 0.000000
vt 0.052632 0.000000
vt 0.048246 0.000000
vt 0.039474 0.000000
vt 0.030702 0.000000
vt 0.013158 0.000000
vt 1.000000 0.000000
vt 0.995614 0.000000
vt 0.991228 0.000000
vt 0.986842 0.000000
vt 0.982456 0.000000
vt 0.978070 0.000000
vt 0.973684 0.000000
vt 0.969298 0.000000
vt 0.964912 0.000000
vt 0.960526 0.000000
vt 0.951754 0.000000
vt 0.938596 0.000000
vt 0.929825 0.000000
vt 0.925439 0.000000
vt 0.921053 0.000000
vt 0.916667 0.000000
vt 0.912281 0.000000
vt 0.907895 0.000000
vt 0.903509 0.000000
vt 0.899123 0.000000
vt 0.890351 0.000000
vt 0.885965 0.000000
vt 0.881579 0.000000
vt 0.877193 0.000000
vt 0.872807 0.000000
vt 0.868421 0.000000
vt 0.864035 0.000000
vt 0.859649 0.000000
vt 0.855263 0.000000
vt 0.842105 0.000000
vt 0.837719 0.000000
vt 0.833333 0.000000
vt 0.828947 0.000000
vt 0.820175 0.000000
vt 0.811404 0.000000
vt 0.807018 0.000000
vt 0.802632 0.000000
vt 0.798246 0.000000
vt 0.793860 0.000000
vt 0.789474 0.000000
vt 0.780702 0.000000
vt 0.771930 0.000000
vt 0.758772 0.000000
vt 0.754386 0.000000
vt 0.750000 0.000000
vt 0.745614 0.000000
vt 0.741228 0.000000
vt 0.736842 0.000000
vt 0.732456 0.000000
vt 0.728070 0.000000
vt 0.723684 0.000000
vt 0.719298 0.000000
vt 0.710526 0.000000
vt 0.684211 0.000000
vt 0.679825 0.000000
vt 0.675439 0.000000
vt 0.671053 0.000000
vt 0.662281 0.000000
vt 0.653509 0.000000
vt 0.649123 0.000000
vt 0.640351 0.000000
vt 0.631579 0.000000
vt 0.627193 0.000000
vt 0.622807 0.000000
vt 0.618421 0.000000
vt 0.614035 0.000000
vt 0.609649 0.000000
vt 0.605263 0.000000
vt 0.600877 0.000000
vt 0.596491 0.000000
vt 0.592105 0.000000
vt 0.583333 0.000000
vt 0.574561 0.000000
vt 0.565789 0.000000
vt 0.557018 0.000000
vt 0.552632 0.000000
vt 0.543860 0.000000
vt 0.535088 0.000000
vt 0.530702 0.000000
vt 0.526316 0.000000
vt 0.521930 0.000000
s 1
f 378/155/129 377/156/129 376/157/129 375/158/129 374/159/129 373/160/129 372/161/129 371/162/129 370/163/129 369/164/129 368/165/129 367/166/129 366/167/129 365/168/129 364/169/129 363/170/129 362/171/129 361/172/129 360/173/129 359/174/129 358/175/129 357/176/129 356/177/129 355/178/129 354/179/129 353/180/129 352/181/129 351/182/129 350/183/129 349/184/129 348/185/129 347/186/129 346/187/129 345/188/129 344/189/129 343/190/129 342/191/129 341/192/129 340/193/129 339/194/129 338/195/129 337/196/129 336/197/129 335/198/129 334/199/129 333/200/129 332/201/129 331/202/129 330/203/129 329/204/129 328/205/129 327/206/129 326/207/129 325/208/129 324/209/129 323/210/129 322/211/129 321/212/129 320/213/129 319/214/129 318/215/129 317/216/129 316/217/129 315/218/129 314/219/129 313/220/129 312/221/129 311/222/129 310/223/129 309/224/129 459/225/129 458/226/129 457/227/129 456/228/129 455/229/129 454/230/129 453/231/129 452/232/129 451/233/129 450/234/129 449/235/129 448/236/129 447/237/129 446/238/129 445/239/129 444/240/129 443/241/129 442/242/129 441/243/129 440/244/129 439/245/129 438/246/129 437/247/129 436/248/129 435/249/129 434/250/129 433/251/129 432/252/129 431/253/129 430/254/129 429/255/129 428/256/129 427/257/129 426/258/129 425/259/129 424/260/129 423/261/129 422/262/129 421/263/129 420/264/129 419/265/129 418/266/129 417/267/129 416/268/129 415/269/129 414/270/129 413/271/129 412/272/129 411/273/129 410/274/129 409/275/129 408/276/129 407/277/129 406/278/129 405/279/129 404/280/129 403/281/129 402/282/129 401/283/129 400/284/129 399/285/129 398/286/129 397/287/129 396/288/129 395/289/129 394/290/129 393/291/129 392/292/129 391/293/129 390/294/129 389/295/129 388/296/129 387/297/129 386/298/129 385/299/129 384/300/129 383/301/129 382/302/129 381/303/129 380/304/129 379/305/129
f 469/234/130 468/233/130 467/232/130 466/231/130 464/230/130 462/229/130 460/228/130 461/227/130 463/226/130 465/225/130 470/224/130 473/223/130 479/222/130 502/221/130 504/220/130 506/219/130 507/218/130 509/217/130 510/216/130 513/215/130 515/214/130 520/213/130 525/212/130 527/211/130 530/210/130 534/209/130 536/208/130 538/207/130 539/206/130 543/205/130 563/204/130 568/203/130 578/202/130 583/201/130 589/200/130 592/199/130 590/198/130 588/197/130 587/196/130 582/195/130 581/194/130 579/193/130 576/192/130 573/191/130 571/190/130 570/189/130 567/188/130 562/187/130 560/186/130 558/185/130 557/184/130 555/183/130 553/182/130 552/181/130 550/180/130 549/179/130 548/178/130 546/177/130 547/176/130 551/175/130 554/174/130 561/173/130 566/172/130 572/171/130 574/170/130 577/169/130 580/168/130 584/167/130 585/166/130 591/165/130 593/164/130 594/163/130 596/162/130 597/161/130 598/160/130 600/159/130 602/158/130 603/157/130 605/156/130 606/155/130 608/305/130 609/304/130 610/303/130 607/302/130 604/301/130 601/300/130 599/299/130 595/298/130 586/297/130 575/296/130 569/295/130 565/294/130 564/293/130 559/292/130 556/291/130 545/290/130 544/289/130 542/288/130 541/287/130 540/286/130 537/285/130 535/284/130 533/283/130 532/282/130 531/281/130 529/280/130 528/279/130 526/278/130 524/277/130 523/276/130 522/275/130 521/274/130 519/273/130 518/272/130 517/271/130 516/270/130 514/269/130 512/268/130 511/267/130 508/266/130 505/265/130 503/264/130 501/263/130 498/262/130 493/261/130 490/260/130 488/259/130 485/258/130 483/257/130 484/256/130 486/255/130 487/254/130 492/253/130 495/252/130 497/251/130 500/250/130 499/249/130 496/248/130 494/247/130 491/246/130 489/245/130 482/244/130 481/243/130 480/242/130 478/241/130 477/240/130 476/239/130 475/238/130 474/237/130 472/236/130 471/235/130
f 438/246/131 439/245/132 489/245/132 491/246/131
f 430/254/133 431/253/134 492/253/134 487/254/133
f 387/297/135 586/297/135 595/298/136 386/298/136
f 329/204/137 330/203/138 568/203/138 563/204/137
f 373/160/139 374/159/140 600/159/140 598/160/139
f 323/210/141 324/209/142 534/209/142 530/210/141
f 310/223/143 311/222/144 479/222/144 473/223/143
f 449/235/145 450/234/146 469/234/146 471/235/145
f 399/285/147 400/284/148 535/284/148 537/285/147
f 437/247/149 438/246/131 491/246/131 494/247/149
f 431/253/134 432/252/150 495/252/150 492/253/134
f 367/166/151 368/165/152 591/165/152 585/166/151
f 409/275/153 410/274/153 411/273/154 519/273/154 521/274/153 522/275/153 523/276/153 524/277/153 526/278/153 528/279/153 529/280/153 531/281/155 403/281/155 404/280/153 405/279/153 406/278/153 407/277/153 408/276/153
f 391/293/156 392/292/157 559/292/157 564/293/156
f 436/248/158 437/247/149 494/247/149 496/248/158
f 456/228/159 457/227/160 461/227/160 460/228/159
f 346/187/161 347/186/161 348/185/162 558/185/162 560/186/161 562/187/161 567/188/161 570/189/163 344/189/163 345/188/161
f 432/252/150 433/251/164 497/251/164 495/252/150
f 387/297/135 388/296/165 575/296/165 586/297/135
f 455/229/166 456/228/159 460/228/159 462/229/166
f 403/281/155 531/281/155 532/282/167 402/282/167
f 457/227/160 458/226/168 463/226/168 461/227/160
f 382/302/169 383/301/170 604/301/170 607/302/169
f 435/249/171 436/248/158 496/248/158 499/249/171
f 454/230/172 455/229/166 462/229/166 464/230/172
f 439/245/132 440/244/173 482/244/173 489/245/132
f 433/251/164 434/250/174 500/250/174 497/251/164
f 458/226/168 459/225/175 465/225/175 463/226/168
f 400/284/148 401/283/176 533/283/176 535/284/148
f 434/250/174 435/249/171 499/249/171 500/250/174
f 390/294/177 391/293/156 564/293/156 565/294/177
f 324/209/142 325/208/178 536/208/178 534/209/142
f 384/300/179 385/299/180 599/299/180 601/300/179
f 453/231/181 454/230/172 464/230/172 466/231/181
f 459/225/175 309/224/182 470/224/182 465/225/175
f 369/164/183 370/163/184 594/163/184 593/164/183
f 375/158/185 376/157/186 603/157/186 602/158/185
f 385/299/180 386/298/136 595/298/136 599/299/180
f 420/264/187 421/263/188 501/263/188 503/264/187
f 452/232/189 453/231/181 466/231/181 467/232/189
f 418/266/190 419/265/191 505/265/191 508/266/190
f 332/201/192 333/200/193 589/200/193 583/201/192
f 328/205/194 329/204/137 563/204/137 543/205/194
f 418/266/190 508/266/190 511/267/195 417/267/195
f 389/295/196 390/294/177 565/294/177 569/295/196
f 312/221/197 313/220/198 504/220/198 502/221/197
f 359/174/199 360/173/200 561/173/200 554/174/199
f 451/233/201 452/232/189 467/232/189 468/233/201
f 311/222/144 312/221/197 502/221/197 479/222/144
f 327/206/202 328/205/203 543/205/203 539/206/202
f 313/220/198 314/219/204 506/219/204 504/220/198
f 449/235/145 471/235/145 472/236/205 448/236/205
f 450/234/146 451/233/201 468/233/201 469/234/146
f 398/286/206 399/285/147 537/285/147 540/286/206
f 377/156/207 378/155/208 606/155/208 605/156/207
f 343/190/209 344/189/163 570/189/163 571/190/209
f 314/219/204 315/218/210 507/218/210 506/219/204
f 424/260/211 425/259/212 488/259/212 490/260/211 493/261/211 498/262/211 501/263/188 421/263/188 422/262/211 423/261/211
f 331/202/213 332/201/192 583/201/192 578/202/213
f 326/207/214 327/206/202 539/206/202 538/207/214
f 368/165/152 369/164/183 593/164/183 591/165/152
f 315/218/210 316/217/215 509/217/215 507/218/210
f 342/191/216 343/190/209 571/190/209 573/191/216
f 362/171/217 363/170/218 574/170/218 572/171/217
f 316/217/215 317/216/219 510/216/219 509/217/215
f 416/268/220 417/267/195 511/267/195 512/268/220
f 341/192/221 342/191/216 573/191/216 576/192/221
f 317/216/219 318/215/222 513/215/222 510/216/219
f 363/170/218 364/169/223 577/169/223 574/170/218
f 371/162/224 372/161/224 373/160/139 598/160/139 597/161/224 596/162/224 594/163/184 370/163/184
f 415/269/225 416/268/220 512/268/220 514/269/225
f 318/215/222 319/214/226 515/214/226 513/215/222
f 397/287/227 398/286/206 540/286/206 541/287/227
f 340/193/228 341/192/221 576/192/221 579/193/228
f 414/270/229 415/269/225 514/269/225 516/270/229
f 446/238/230 447/237/231 474/237/231 475/238/230
f 425/259/212 426/258/232 485/258/232 488/259/212
f 374/159/140 375/158/185 602/158/185 600/159/140
f 364/169/223 365/168/233 580/168/233 577/169/223
f 413/271/234 414/270/235 516/270/235 517/271/234
f 380/304/236 381/303/236 382/302/169 607/302/169 610/303/236 609/304/236 608/305/237 379/305/237
f 412/272/238 413/271/234 517/271/234 518/272/238
f 445/239/239 446/238/230 475/238/230 476/239/239
f 396/288/240 397/287/227 541/287/227 542/288/240
f 411/273/154 412/272/238 518/272/238 519/273/154
f 444/240/241 445/239/239 476/239/239 477/240/241
f 339/194/242 340/193/228 579/193/228 581/194/242
f 319/214/226 320/213/243 520/213/243 515/214/226
f 443/241/244 444/240/241 477/240/241 478/241/244
f 338/195/245 339/194/242 581/194/242 582/195/245
f 383/301/170 384/300/179 601/300/179 604/301/170
f 365/168/233 366/167/246 584/167/246 580/168/233
f 442/242/247 443/241/244 478/241/244 480/242/247
f 366/167/246 367/166/151 585/166/151 584/167/246
f 360/173/200 361/172/248 566/172/248 561/173/200
f 441/243/249 442/242/247 480/242/247 481/243/249
f 395/289/250 396/288/240 542/288/240 544/289/250
f 440/244/173 441/243/249 481/243/249 482/244/173
f 394/290/251 395/289/250 544/289/250 545/290/251
f 337/196/252 338/195/245 582/195/245 587/196/252
f 356/177/253 357/176/254 547/176/254 546/177/253
f 401/283/176 402/282/167 532/282/167 533/283/176
f 426/258/232 427/257/255 483/257/255 485/258/232
f 355/178/256 356/177/253 546/177/253 548/178/256
f 330/203/138 331/202/213 578/202/213 568/203/138
f 376/157/186 377/156/207 605/156/207 603/157/186
f 354/179/257 355/178/256 548/178/256 549/179/257
f 320/213/243 321/212/258 525/212/258 520/213/243
f 427/257/255 428/256/259 484/256/259 483/257/255
f 336/197/260 337/196/252 587/196/252 588/197/260
f 353/180/261 354/179/257 549/179/257 550/180/261
f 357/176/254 358/175/262 551/175/262 547/176/254
f 428/256/259 429/255/263 486/255/263 484/256/259
f 335/198/264 336/197/260 588/197/260 590/198/264
f 352/181/265 353/180/261 550/180/261 552/181/265
f 325/208/178 326/207/214 538/207/214 536/208/178
f 351/182/266 352/181/265 552/181/265 553/182/266
f 429/255/263 430/254/133 487/254/133 486/255/263
f 333/200/193 334/199/267 592/199/267 589/200/193
f 358/175/262 359/174/199 554/174/199 551/175/262
f 321/212/258 322/211/268 527/211/268 525/212/258
f 334/199/267 335/198/264 590/198/264 592/199/267
f 350/183/269 351/182/266 553/182/266 555/183/269
f 447/237/231 448/236/205 472/236/205 474/237/231
f 309/224/182 310/223/143 473/223/143 470/224/182
f 393/291/270 394/290/251 545/290/251 556/291/270
f 361/172/248 362/171/217 572/171/217 566/172/248
f 378/155/208 379/305/237 608/305/237 606/155/208
f 349/184/271 350/183/269 555/183/269 557/184/271
f 322/211/268 323/210/141 530/210/141 527/211/268
f 388/296/165 389/295/196 569/295/196 575/296/165
f 348/185/162 349/184/271 557/184/271 558/185/162
f 392/292/157 393/291/270 556/291/270 559/292/157
f 419/265/191 420/264/187 503/264/187 505/265/191
o Curve.002
v 59.005112 29.617397 5.911780
v 59.005112 29.304440 6.391191
v 59.005112 28.980919 6.799274
v 59.005112 28.658102 7.123700
v 59.005112 28.500481 7.250690
v 59.005112 28.347260 7.352141
v 59.005112 28.199850 7.426515
v 59.005112 28.059658 7.472269
v 59.005112 27.928097 7.487864
v 59.005112 27.796505 7.478265
v 59.005112 27.674068 7.449117
v 59.005112 27.560438 7.399892
v 59.005112 27.455257 7.330060
v 59.005112 27.358177 7.239095
v 59.005112 27.268847 7.126467
v 59.005112 27.186909 6.991648
v 59.005112 27.112015 6.834109
v 59.005112 26.981949 6.448760
v 59.005112 26.780981 5.516738
v 59.005112 26.707226 5.288290
v 59.005112 26.683315 5.236356
v 59.005112 26.660109 5.197632
v 59.005112 26.637827 5.172778
v 59.005112 26.616690 5.162453
v 59.005112 26.596916 5.167318
v 59.005112 26.564165 5.181055
v 59.005112 26.551752 5.183961
v 59.005112 26.541979 5.184225
v 59.005112 26.534849 5.181848
v 59.005112 26.530357 5.176828
v 59.005112 26.528509 5.169167
v 59.005112 26.529303 5.158864
v 59.005112 26.532736 5.145919
v 59.005112 26.576315 5.049039
v 59.005112 26.578957 4.999887
v 59.005112 26.568392 4.945804
v 59.005112 26.546206 4.888814
v 59.005112 26.513983 4.830945
v 59.005112 26.473309 4.774220
v 59.005112 26.425766 4.720665
v 59.005112 26.372940 4.672305
v 59.005112 26.316420 4.631167
v 59.005112 26.257784 4.599275
v 59.005112 26.198620 4.578654
v 59.005112 26.140512 4.571330
v 59.005112 26.048569 4.602379
v 59.005112 25.940601 4.689741
v 59.005112 25.821188 4.824744
v 59.005112 25.694908 4.998713
v 59.005112 25.440060 5.428854
v 59.005112 25.212679 5.910775
v 59.005112 25.049393 6.375084
v 59.005112 25.003229 6.578949
v 59.005112 24.986824 6.752390
v 59.005112 24.995224 6.810252
v 59.005112 25.019165 6.857063
v 59.005112 25.056751 6.892867
v 59.005112 25.106091 6.917706
v 59.005112 25.165291 6.931627
v 59.005112 25.232458 6.934673
v 59.005112 25.305702 6.926887
v 59.005112 25.383125 6.908314
v 59.005112 25.462839 6.878997
v 59.005112 25.542950 6.838981
v 59.005112 25.621563 6.788310
v 59.005112 25.864885 6.585839
v 59.005112 25.923008 6.553661
v 59.005112 25.963961 6.544334
v 59.005112 25.987835 6.555789
v 59.005112 25.994717 6.585957
v 59.005112 25.984695 6.632768
v 59.005112 25.957857 6.694153
v 59.005112 25.914291 6.768042
v 59.005112 25.854086 6.852366
v 59.005112 25.684109 7.044043
v 59.005112 25.581270 7.139698
v 59.005112 25.476273 7.217520
v 59.005112 25.370132 7.277643
v 59.005112 25.263861 7.320198
v 59.005112 25.158468 7.345316
v 59.005112 25.054968 7.353132
v 59.005112 24.954374 7.343776
v 59.005112 24.857698 7.317380
v 59.005112 24.765951 7.274076
v 59.005112 24.680149 7.213998
v 59.005112 24.601299 7.137276
v 59.005112 24.530420 7.044043
v 59.005112 24.457954 6.898011
v 59.005112 24.404991 6.723271
v 59.005112 24.370956 6.524932
v 59.005112 24.355276 6.308100
v 59.005112 24.376699 5.839388
v 59.005112 24.464682 5.357996
v 59.005112 24.614645 4.904782
v 59.005112 24.711439 4.701511
v 59.005112 24.822012 4.520608
v 59.005112 25.060015 4.214983
v 59.005112 25.293442 3.981919
v 59.005112 25.408987 3.892157
v 59.005112 25.524050 3.820006
v 59.005112 25.638847 3.765292
v 59.005112 25.753603 3.727837
v 59.005112 25.868532 3.707466
v 59.005112 25.983858 3.704003
v 59.005112 26.099802 3.717270
v 59.005112 26.216579 3.747093
v 59.005112 26.329977 3.798087
v 59.005112 26.441261 3.867617
v 59.005112 26.549376 3.954143
v 59.005112 26.653263 4.056124
v 59.005112 26.751869 4.172017
v 59.005112 26.929008 4.439381
v 59.005112 27.072338 4.743905
v 59.005112 27.173409 5.073263
v 59.005112 27.355610 6.078734
v 59.005112 27.406424 6.251272
v 59.005112 27.461288 6.373792
v 59.005112 27.522404 6.448056
v 59.005112 27.591970 6.475824
v 59.005112 27.672192 6.458858
v 59.005112 27.765265 6.398919
v 59.005112 27.873394 6.297768
v 59.005112 28.279335 5.803071
v 59.005112 28.508507 5.464321
v 59.005112 28.679569 5.148289
v 59.005112 28.790413 4.861670
v 59.005112 28.822594 4.731482
v 59.005112 28.838924 4.611156
v 59.005112 28.839144 4.501529
v 59.005112 28.822989 4.403438
v 59.005112 28.734838 4.189952
v 59.005112 28.712894 4.079665
v 59.005112 28.721851 3.987430
v 59.005112 28.759203 3.913819
v 59.005112 28.822439 3.859406
v 59.005112 28.909048 3.824761
v 59.005112 29.016525 3.810459
v 59.005112 29.142357 3.817071
v 59.005112 29.284037 3.845169
v 59.005112 29.439054 3.895327
v 59.005112 29.604902 3.968115
v 59.005112 29.898182 4.143243
v 59.005112 29.995592 4.223789
v 59.005112 30.071255 4.308208
v 59.005112 30.125130 4.398969
v 59.005112 30.157169 4.498535
v 59.005112 30.167330 4.609372
v 59.005112 30.155569 4.733947
v 59.005112 30.121841 4.874725
v 59.005112 29.988314 5.214753
v 59.677692 30.167330 4.609372
v 59.677692 30.155569 4.733947
v 59.677692 30.157169 4.498535
v 59.677692 30.125130 4.398969
v 59.677692 30.121841 4.874725
v 59.677692 30.071255 4.308208
v 59.677692 29.995592 4.223789
v 59.677692 29.988314 5.214753
v 59.677692 29.898182 4.143243
v 59.677692 29.604902 3.968115
v 59.677692 29.617397 5.911780
v 59.677692 29.439054 3.895327
v 59.677692 29.304440 6.391191
v 59.677692 29.284037 3.845169
v 59.677692 29.142357 3.817071
v 59.677692 28.980919 6.799274
v 59.677692 29.016525 3.810459
v 59.677692 28.909048 3.824761
v 59.677692 28.838924 4.611156
v 59.677692 28.839144 4.501529
v 59.677692 28.822439 3.859406
v 59.677692 28.822989 4.403438
v 59.677692 28.822594 4.731482
v 59.677692 28.790413 4.861670
v 59.677692 28.759203 3.913819
v 59.677692 28.658102 7.123700
v 59.677692 28.734838 4.189952
v 59.677692 28.721851 3.987430
v 59.677692 28.679569 5.148289
v 59.677692 28.712894 4.079665
v 59.677692 28.500481 7.250690
v 59.677692 28.508507 5.464321
v 59.677692 28.347260 7.352141
v 59.677692 28.279335 5.803071
v 59.677692 28.199850 7.426515
v 59.677692 28.059658 7.472269
v 59.677692 27.928097 7.487864
v 59.677692 27.873394 6.297768
v 59.677692 27.796505 7.478265
v 59.677692 27.765265 6.398919
v 59.677692 27.674068 7.449117
v 59.677692 27.672192 6.458858
v 59.677692 27.560438 7.399892
v 59.677692 27.591970 6.475824
v 59.677692 27.522404 6.448056
v 59.677692 27.455257 7.330060
v 59.677692 27.461288 6.373792
v 59.677692 27.406424 6.251272
v 59.677692 27.358177 7.239095
v 59.677692 27.355610 6.078734
v 59.677692 27.268847 7.126467
v 59.677692 27.186909 6.991648
v 59.677692 27.173409 5.073263
v 59.677692 27.112015 6.834109
v 59.677692 27.072338 4.743905
v 59.677692 26.981949 6.448760
v 59.677692 26.929008 4.439381
v 59.677692 26.751869 4.172017
v 59.677692 26.780981 5.516737
v 59.677692 26.653263 4.056124
v 59.677692 26.707226 5.288290
v 59.677692 26.683315 5.236356
v 59.677692 26.660109 5.197632
v 59.677692 26.637827 5.172778
v 59.677692 26.549376 3.954143
v 59.677692 26.616690 5.162453
v 59.677692 26.596916 5.167318
v 59.677692 26.578957 4.999887
v 59.677692 26.564165 5.181055
v 59.677692 26.576315 5.049039
v 59.677692 26.568392 4.945804
v 59.677692 26.546206 4.888814
v 59.677692 26.551752 5.183961
v 59.677692 26.541979 5.184225
v 59.677692 26.441261 3.867617
v 59.677692 26.513983 4.830945
v 59.677692 26.534849 5.181848
v 59.677692 26.532736 5.145919
v 59.677692 26.530357 5.176828
v 59.677692 26.529303 5.158864
v 59.677692 26.528509 5.169167
v 59.677692 26.473309 4.774220
v 59.677692 26.425766 4.720665
v 59.677692 26.329977 3.798087
v 59.677692 26.372940 4.672305
v 59.677692 26.316420 4.631167
v 59.677692 26.216579 3.747093
v 59.677692 26.257784 4.599275
v 59.677692 26.198620 4.578654
v 59.677692 26.099802 3.717270
v 59.677692 26.140512 4.571330
v 59.677692 26.048569 4.602379
v 59.677692 25.983858 3.704003
v 59.677692 25.940601 4.689741
v 59.677692 25.994717 6.585957
v 59.677692 25.984695 6.632768
v 59.677692 25.987835 6.555789
v 59.677692 25.963961 6.544334
v 59.677692 25.957857 6.694153
v 59.677692 25.868532 3.707466
v 59.677692 25.923008 6.553661
v 59.677692 25.914291 6.768042
v 59.677692 25.821188 4.824744
v 59.677692 25.864885 6.585839
v 59.677692 25.854086 6.852366
v 59.677692 25.753603 3.727837
v 59.677692 25.694908 4.998713
v 59.677692 25.684109 7.044043
v 59.677692 25.638847 3.765292
v 59.677692 25.621563 6.788310
v 59.677692 25.581270 7.139698
v 59.677692 25.524050 3.820006
v 59.677692 25.542950 6.838981
v 59.677692 25.476273 7.217520
v 59.677692 25.440060 5.428854
v 59.677692 25.462839 6.878997
v 59.677692 25.408987 3.892157
v 59.677692 25.370132 7.277643
v 59.677692 25.383125 6.908314
v 59.677692 25.293442 3.981919
v 59.677692 25.305702 6.926887
v 59.677692 25.263861 7.320198
v 59.677692 25.212679 5.910775
v 59.677692 25.232458 6.934673
v 59.677692 25.158468 7.345316
v 59.677692 25.165291 6.931627
v 59.677692 25.060015 4.214983
v 59.677692 25.106091 6.917706
v 59.677692 25.054968 7.353132
v 59.677692 25.049393 6.375084
v 59.677692 25.056751 6.892867
v 59.677692 25.019165 6.857063
v 59.677692 24.954374 7.343776
v 59.677692 25.003229 6.578949
v 59.677692 24.995224 6.810252
v 59.677692 24.986824 6.752390
v 59.677692 24.857698 7.317380
v 59.677692 24.822012 4.520608
v 59.677692 24.765951 7.274076
v 59.677692 24.711439 4.701511
v 59.677692 24.680149 7.213998
v 59.677692 24.614645 4.904782
v 59.677692 24.601299 7.137276
v 59.677692 24.530420 7.044043
v 59.677692 24.464682 5.357996
v 59.677692 24.457954 6.898011
v 59.677692 24.404991 6.723271
v 59.677692 24.376699 5.839388
v 59.677692 24.370956 6.524932
v 59.677692 24.355276 6.308100
vn -1.0000 -0.0000 -0.0000
vn 1.0000 -0.0000 -0.0000
vn -0.0000 0.9997 -0.0249
vn -0.0000 0.9528 -0.3036
vn -0.0000 -0.7492 -0.6623
vn -0.0000 -0.6613 -0.7501
vn -0.0000 -0.9718 -0.2360
vn -0.0000 -0.9976 0.0696
vn -0.0000 -0.3966 -0.9180
vn -0.0000 -0.4951 -0.8689
vn -0.0000 0.1238 -0.9923
vn -0.0000 0.2516 -0.9678
vn -0.0000 -0.9658 0.2593
vn -0.0000 -0.9316 0.3634
vn -0.0000 0.0419 -0.9991
vn -0.0000 0.1810 -0.9835
vn -0.0000 -0.1787 0.9839
vn -0.0000 -0.3464 0.9381
vn -0.0000 -0.9605 0.2784
vn -0.0000 0.8357 0.5492
vn -0.0000 0.8833 0.4687
vn -0.0000 0.4820 0.8761
vn -0.0000 0.6914 0.7225
vn -0.0000 0.3815 0.9244
vn -0.0000 0.2150 0.9766
vn -0.0000 -0.5731 -0.8195
vn -0.0000 -0.4815 -0.8764
vn -0.0000 0.5452 0.8383
vn -0.0000 0.4333 0.9013
vn -0.0000 -0.9999 0.0133
vn -0.0000 -0.9936 -0.1130
vn -0.0000 1.0000 -0.0067
vn -0.0000 0.9519 0.3065
vn -0.0000 -0.9424 -0.3344
vn -0.0000 -0.0399 -0.9992
vn -0.0000 -0.5020 0.8649
vn -0.0000 -0.9049 0.4256
vn -0.0000 0.9750 -0.2224
vn -0.0000 0.0226 0.9997
vn -0.0000 -0.2897 -0.9571
vn -0.0000 -0.2536 -0.9673
vn -0.0000 0.3084 0.9512
vn -0.0000 0.1281 0.9918
vn -0.0000 0.9730 -0.2307
vn -0.0000 0.9717 -0.2363
vn -0.0000 -0.5918 -0.8061
vn -0.0000 -0.5645 -0.8254
vn -0.0000 0.4326 -0.9016
vn -0.0000 -0.8792 -0.4764
vn -0.0000 -0.8224 -0.5689
vn -0.0000 0.8609 0.5087
vn -0.0000 0.8114 0.5846
vn -0.0000 0.8905 0.4551
vn -0.0000 -0.6375 0.7704
vn -0.0000 0.9251 0.3797
vn -0.0000 0.9609 0.2768
vn -0.0000 -0.1527 0.9883
vn -0.0000 -0.1469 0.9892
vn -0.0000 -0.9977 -0.0684
vn -0.0000 -0.9968 0.0805
vn -0.0000 0.3138 0.9495
vn -0.0000 -0.1025 -0.9947
vn -0.0000 -0.9279 -0.3728
vn -0.0000 -0.1698 -0.9855
vn -0.0000 -0.9641 0.2657
vn -0.0000 -0.7488 0.6628
vn -0.0000 -0.6148 -0.7887
vn -0.0000 -0.7297 -0.6838
vn -0.0000 0.3026 0.9531
vn -0.0000 -0.3567 -0.9342
vn -0.0000 -0.2221 -0.9750
vn -0.0000 1.0000 0.0014
vn -0.0000 0.9865 0.1639
vn -0.0000 -0.3158 0.9488
vn -0.0000 0.5783 -0.8158
vn -0.0000 0.6635 -0.7481
vn -0.0000 -0.5189 -0.8549
vn -0.0000 0.8384 0.5450
vn -0.0000 -0.9618 0.2739
vn -0.0000 0.9798 -0.2000
vn -0.0000 0.7991 -0.6012
vn -0.0000 0.8715 -0.4904
vn -0.0000 0.7801 0.6257
vn -0.0000 -0.8497 0.5272
vn -0.0000 -0.3805 -0.9248
vn -0.0000 -0.8446 0.5355
vn -0.0000 0.9117 -0.4110
vn -0.0000 -0.4772 0.8788
vn -0.0000 -0.0303 -0.9995
vn -0.0000 -0.9823 -0.1875
vn -0.0000 0.9539 0.3000
vn -0.0000 -0.5492 0.8357
vn -0.0000 -0.8015 -0.5980
vn -0.0000 -0.8549 -0.5188
vn -0.0000 -0.9079 -0.4192
vn -0.0000 -0.9536 -0.3009
vn -0.0000 0.7821 0.6231
vn -0.0000 -0.9296 0.3686
vn -0.0000 -0.2069 -0.9784
vn -0.0000 0.1541 0.9881
vn -0.0000 0.8061 -0.5917
vn -0.0000 0.4582 -0.8889
vn -0.0000 0.5766 -0.8170
vn -0.0000 0.9327 -0.3605
vn -0.0000 0.5900 -0.8074
vn -0.0000 0.3707 -0.9287
vn -0.0000 -0.8855 0.4647
vn -0.0000 -0.2430 -0.9700
vn -0.0000 -0.9269 0.3752
vn -0.0000 -0.6206 0.7841
vn -0.0000 0.1377 -0.9905
vn -0.0000 -0.7870 -0.6170
vn -0.0000 -0.9732 0.2300
vn -0.0000 0.7155 0.6987
vn -0.0000 -0.9689 -0.2476
vn -0.0000 0.6929 -0.7211
vn -0.0000 -0.9859 -0.1672
vn -0.0000 0.7474 0.6643
vn -0.0000 0.6691 0.7431
vn -0.0000 0.8500 -0.5268
vn -0.0000 -0.9968 0.0799
vn -0.0000 -0.9927 0.1208
vn -0.0000 0.9381 -0.3464
vn -0.0000 -0.7813 0.6241
vn -0.0000 0.7318 -0.6815
vn -0.0000 -0.7356 0.6774
vn -0.0000 0.3417 -0.9398
vn -0.0000 0.9083 0.4183
vn -0.0000 -0.7125 0.7017
vn -0.0000 -0.0087 1.0000
vn -0.0000 -0.9602 -0.2794
vn -0.0000 -0.8844 0.4668
vn -0.0000 -0.8206 0.5715
vn -0.0000 0.4711 -0.8821
vn -0.0000 -0.8049 0.5935
vn -0.0000 -0.6329 0.7743
vn -0.0000 -0.9571 0.2898
vn -0.0000 -0.9988 0.0498
vn -0.0000 -0.3710 -0.9286
vn -0.0000 0.5759 -0.8175
vn -0.0000 -0.6029 0.7978
vn -0.0000 -0.5343 0.8453
vn -0.0000 0.5904 0.8071
vn -0.0000 -0.8800 0.4750
vn -0.0000 0.3300 -0.9440
vn -0.0000 0.8014 -0.5982
vn -0.0000 -0.4389 0.8985
vn -0.0000 0.6393 0.7690
vn -0.0000 -0.4048 0.9144
vn -0.0000 0.2389 0.9710
vn -0.0000 -0.2283 0.9736
vn -0.0000 0.9875 0.1578
vn -0.0000 0.3553 -0.9347
vn -0.0000 0.5021 0.8648
vn -0.0000 0.1000 0.9950
vt 0.984293 0.000000
vt 0.979058 0.000000
vt 0.973822 0.000000
vt 0.968586 0.000000
vt 0.963351 0.000000
vt 0.958115 0.000000
vt 0.952880 0.000000
vt 0.947644 0.000000
vt 0.937173 0.000000
vt 0.931937 0.000000
vt 0.926702 0.000000
vt 0.921466 0.000000
vt 0.916230 0.000000
vt 0.910995 0.000000
vt 0.905759 0.000000
vt 0.900524 0.000000
vt 0.895288 0.000000
vt 0.890052 0.000000
vt 0.884817 0.000000
vt 0.874346 0.000000
vt 0.869110 0.000000
vt 0.863874 0.000000
vt 0.858639 0.000000
vt 0.853403 0.000000
vt 0.842932 0.000000
vt 0.832461 0.000000
vt 0.821990 0.000000
vt 0.806283 0.000000
vt 0.801047 0.000000
vt 0.795812 0.000000
vt 0.790576 0.000000
vt 0.785340 0.000000
vt 0.780105 0.000000
vt 0.774869 0.000000
vt 0.769634 0.000000
vt 0.748691 0.000000
vt 0.738220 0.000000
vt 0.727749 0.000000
vt 0.717277 0.000000
vt 0.712042 0.000000
vt 0.706806 0.000000
vt 0.701571 0.000000
vt 0.696335 0.000000
vt 0.691099 0.000000
vt 0.685864 0.000000
vt 0.680628 0.000000
vt 0.675393 0.000000
vt 0.670157 0.000000
vt 0.664921 0.000000
vt 0.659686 0.000000
vt 0.654450 0.000000
vt 0.649215 0.000000
vt 0.638743 0.000000
vt 0.628272 0.000000
vt 0.623037 0.000000
vt 0.617801 0.000000
vt 0.607330 0.000000
vt 0.596859 0.000000
vt 0.586387 0.000000
vt 0.581152 0.000000
vt 0.575916 0.000000
vt 0.570681 0.000000
vt 0.565445 0.000000
vt 0.560209 0.000000
vt 0.554974 0.000000
vt 0.549738 0.000000
vt 0.544503 0.000000
vt 0.539267 0.000000
vt 0.534031 0.000000
vt 0.528796 0.000000
vt 0.523560 0.000000
vt 0.518325 0.000000
vt 0.513089 0.000000
vt 0.507853 0.000000
vt 0.502618 0.000000
vt 0.492147 0.000000
vt 0.486911 0.000000
vt 0.481675 0.000000
vt 0.476440 0.000000
vt 0.471204 0.000000
vt 0.465969 0.000000
vt 0.460733 0.000000
vt 0.455497 0.000000
vt 0.450262 0.000000
vt 0.434555 0.000000
vt 0.429319 0.000000
vt 0.424084 0.000000
vt 0.418848 0.000000
vt 0.413613 0.000000
vt 0.408377 0.000000
vt 0.403141 0.000000
vt 0.397906 0.000000
vt 0.392670 0.000000
vt 0.387435 0.000000
vt 0.382199 0.000000
vt 0.376963 0.000000
vt 0.371728 0.000000
vt 0.366492 0.000000
vt 0.356021 0.000000
vt 0.345550 0.000000
vt 0.335079 0.000000
vt 0.329843 0.000000
vt 0.324607 0.000000
vt 0.319372 0.000000
vt 0.314136 0.000000
vt 0.308901 0.000000
vt 0.303665 0.000000
vt 0.298429 0.000000
vt 0.293194 0.000000
vt 0.287958 0.000000
vt 0.282723 0.000000
vt 0.277487 0.000000
vt 0.272251 0.000000
vt 0.267016 0.000000
vt 0.261780 0.000000
vt 0.256545 0.000000
vt 0.235602 0.000000
vt 0.230366 0.000000
vt 0.225131 0.000000
vt 0.219895 0.000000
vt 0.214660 0.000000
vt 0.209424 0.000000
vt 0.204188 0.000000
vt 0.198953 0.000000
vt 0.188482 0.000000
vt 0.183246 0.000000
vt 0.178010 0.000000
vt 0.172775 0.000000
vt 0.167539 0.000000
vt 0.162304 0.000000
vt 0.146597 0.000000
vt 0.115183 0.000000
vt 0.104712 0.000000
vt 0.099476 0.000000
vt 0.094241 0.000000
vt 0.089005 0.000000
vt 0.083770 0.000000
vt 0.078534 0.000000
vt 0.073298 0.000000
vt 0.068063 0.000000
vt 0.062827 0.000000
vt 0.057592 0.000000
vt 0.052356 0.000000
vt 0.047120 0.000000
vt 0.041885 0.000000
vt 0.036649 0.000000
vt 0.026178 0.000000
vt 0.015707 0.000000
vt 0.005236 0.000000
vt 0.994764 0.000000
s 1
f 759/306/272 758/307/272 757/308/272 756/309/272 755/310/272 754/311/272 753/312/272 752/313/272 751/314/272 750/315/272 749/316/272 748/317/272 747/318/272 746/319/272 745/320/272 744/321/272 743/322/272 742/323/272 741/324/272 740/325/272 739/326/272 738/327/272 737/328/272 736/329/272 735/330/272 734/331/272 733/332/272 732/333/272 731/334/272 730/335/272 729/336/272 728/337/272 727/338/272 726/339/272 725/340/272 724/341/272 723/342/272 722/343/272 721/344/272 720/345/272 719/346/272 718/347/272 717/348/272 716/349/272 715/350/272 714/351/272 713/352/272 712/353/272 711/354/272 710/355/272 709/356/272 708/357/272 707/358/272 706/359/272 705/360/272 704/361/272 703/362/272 702/363/272 701/364/272 700/365/272 699/366/272 698/367/272 697/368/272 696/369/272 695/370/272 694/371/272 693/372/272 692/373/272 691/374/272 690/375/272 689/376/272 688/377/272 687/378/272 686/379/272 685/380/272 684/381/272 683/382/272 682/383/272 681/384/272 680/385/272 679/386/272 678/387/272 677/388/272 676/389/272 675/390/272 674/391/272 673/392/272 672/393/272 671/394/272 670/395/272 669/396/272 668/397/272 667/398/272 666/399/272 665/400/272 664/401/272 663/402/272 662/403/272 661/404/272 660/405/272 659/406/272 658/407/272 657/408/272 656/409/272 655/410/272 654/411/272 653/412/272 652/413/272 651/414/272 650/415/272 649/416/272 648/417/272 647/418/272 646/419/272 645/420/272 644/421/272 643/422/272 642/423/272 641/424/272 640/425/272 639/426/272 638/427/272 637/428/272 636/429/272 635/430/272 634/431/272 633/432/272 632/433/272 631/434/272 630/435/272 629/436/272 628/437/272 627/438/272 626/439/272 625/440/272 624/441/272 623/442/272 622/443/272 621/444/272 620/445/272 619/446/272 618/447/272 617/448/272 616/449/272 615/450/272 614/451/272 613/452/272 612/453/272 611/454/272 760/455/272
f 792/331/273 789/330/273 784/329/273 783/328/273 779/327/273 780/326/273 782/325/273 787/324/273 790/323/273 788/322/273 785/321/273 781/320/273 778/319/273 777/318/273 775/317/273 774/316/273 772/315/273 770/314/273 769/313/273 767/312/273 766/311/273 764/310/273 763/309/273 761/308/273 762/307/273 765/306/273 768/455/273 771/454/273 773/453/273 776/452/273 786/451/273 791/450/273 793/449/273 795/448/273 796/447/273 797/446/273 799/445/273 801/444/273 803/443/273 806/442/273 809/441/273 811/440/273 812/439/273 814/438/273 816/437/273 819/436/273 821/435/273 822/434/273 823/433/273 824/432/273 826/431/273 827/430/273 829/429/273 833/428/273 834/427/273 837/426/273 839/425/273 841/424/273 840/423/273 838/422/273 830/421/273 828/420/273 831/419/273 832/418/273 836/417/273 842/416/273 843/415/273 845/414/273 846/413/273 848/412/273 849/411/273 851/410/273 852/409/273 854/408/273 863/407/273 867/406/273 875/405/273 883/404/273 890/403/273 894/402/273 896/401/273 895/400/273 892/399/273 891/398/273 888/397/273 886/396/273 884/395/273 881/394/273 879/393/273 876/392/273 873/391/273 870/390/273 864/389/273 861/388/273 858/387/273 857/386/273 855/385/273 856/384/273 859/383/273 862/382/273 865/381/273 868/380/273 871/379/273 874/378/273 878/377/273 882/376/273 885/375/273 889/374/273 893/373/273 897/372/273 899/371/273 901/370/273 903/369/273 904/368/273 906/367/273 907/366/273 909/365/273 910/364/273 908/363/273 905/362/273 902/361/273 900/360/273 898/359/273 887/358/273 880/357/273 877/356/273 872/355/273 869/354/273 866/353/273 860/352/273 853/351/273 850/350/273 847/349/273 844/348/273 835/347/273 825/346/273 820/345/273 818/344/273 817/343/273 815/342/273 813/341/273 810/340/273 808/339/273 807/338/273 805/337/273 804/336/273 802/335/273 800/334/273 798/333/273 794/332/273
f 664/401/274 665/400/275 895/400/275 896/401/274
f 707/358/276 708/357/277 880/357/277 887/358/276
f 644/421/278 645/420/279 828/420/279 830/421/278
f 673/392/280 674/391/281 873/391/281 876/392/280
f 748/317/282 749/316/283 774/316/283 775/317/282
f 629/436/284 630/435/285 821/435/285 819/436/284
f 714/351/286 715/350/287 850/350/287 853/351/286
f 692/373/288 693/372/289 897/372/289 893/373/288
f 645/420/279 646/419/290 831/419/290 828/420/279
f 659/406/291 660/405/292 875/405/292 867/406/291
f 656/409/293 657/408/294 854/408/294 852/409/293
f 617/448/295 618/447/296 796/447/296 795/448/295
f 709/356/297 710/355/298 872/355/298 877/356/297
f 687/378/299 688/377/300 878/377/300 874/378/299
f 701/364/301 702/363/302 908/363/302 910/364/301
f 680/385/303 681/384/304 856/384/304 855/385/303
f 644/421/278 830/421/278 838/422/305 643/422/305
f 747/318/306 748/317/282 775/317/282 777/318/306
f 693/372/289 694/371/307 899/371/307 897/372/289
f 646/419/290 647/418/308 832/418/308 831/419/290
f 679/386/309 680/385/303 855/385/303 857/386/309
f 618/447/296 619/446/310 797/446/310 796/447/296
f 672/393/311 673/392/280 876/392/280 879/393/311
f 746/319/312 747/318/306 777/318/306 778/319/312
f 636/429/313 637/428/314 833/428/314 829/429/313
f 725/340/315 810/340/315 813/341/316 724/341/316
f 675/390/317 676/389/318 864/389/318 870/390/317
f 678/387/319 679/386/319 857/386/319 858/387/319
f 705/360/320 706/359/321 898/359/321 900/360/320
f 611/454/322 612/453/323 773/453/323 771/454/322
f 681/384/304 682/383/324 859/383/324 856/384/304
f 694/371/307 695/370/325 901/370/325 899/371/307
f 661/404/326 662/403/327 890/403/327 883/404/326
f 619/446/310 620/445/328 799/445/328 797/446/310
f 707/358/276 887/358/276 898/359/321 706/359/321
f 708/357/277 709/356/297 877/356/297 880/357/277
f 637/428/314 638/427/329 834/427/329 833/428/314
f 738/327/330 739/326/331 780/326/331 779/327/330
f 635/430/332 636/429/313 829/429/313 827/430/332
f 713/352/333 714/351/286 853/351/286 860/352/333
f 704/361/334 705/360/320 900/360/320 902/361/334
f 671/394/335 672/393/311 879/393/311 881/394/335
f 628/437/336 629/436/284 819/436/284 816/437/336
f 695/370/325 696/369/337 903/369/337 901/370/325
f 731/334/338 732/333/339 798/333/339 800/334/338
f 688/377/300 689/376/340 882/376/340 878/377/300
f 677/388/341 678/387/342 858/387/342 861/388/341
f 757/308/343 758/307/344 762/307/344 761/308/343
f 620/445/328 621/444/345 801/444/345 799/445/328
f 718/347/346 719/346/347 825/346/347 835/347/346
f 745/320/348 746/319/312 778/319/312 781/320/348
f 682/383/324 683/382/349 862/382/349 859/383/324
f 739/326/331 740/325/350 782/325/350 780/326/331
f 756/309/351 757/308/343 761/308/343 763/309/351
f 721/344/352 722/343/353 817/343/353 818/344/352
f 657/408/294 658/407/354 863/407/354 854/408/294
f 696/369/337 697/368/355 904/368/355 903/369/337
f 730/335/356 731/334/338 800/334/338 802/335/356
f 647/418/308 648/417/357 836/417/357 832/418/308
f 755/310/358 756/309/351 763/309/351 764/310/358
f 621/444/345 622/443/359 803/443/359 801/444/345
f 670/395/360 671/394/335 881/394/335 884/395/360
f 737/328/361 738/327/330 779/327/330 783/328/361
f 758/307/344 759/306/362 765/306/362 762/307/344
f 638/427/329 639/426/363 837/426/363 834/427/329
f 733/332/364 734/331/365 792/331/365 794/332/364
f 676/389/318 677/388/341 861/388/341 864/389/318
f 735/330/366 736/329/367 784/329/367 789/330/366
f 683/382/349 684/381/368 865/381/368 862/382/349
f 697/368/355 698/367/369 906/367/369 904/368/355
f 729/336/370 730/335/356 802/335/356 804/336/370
f 689/376/340 690/375/371 885/375/371 882/376/340
f 754/311/372 755/310/358 764/310/358 766/311/372
f 751/314/373 752/313/374 769/313/374 770/314/373
f 736/329/367 737/328/361 783/328/361 784/329/367
f 722/343/353 723/342/375 815/342/375 817/343/353
f 728/337/376 729/336/377 804/336/377 805/337/376
f 639/426/363 640/425/378 839/425/378 837/426/363
f 712/353/379 713/352/333 860/352/333 866/353/379
f 627/438/380 628/437/336 816/437/336 814/438/380
f 622/443/359 623/442/381 806/442/381 803/443/359
f 669/396/382 670/395/360 884/395/360 886/396/382
f 744/321/383 745/320/348 781/320/348 785/321/383
f 698/367/369 699/366/384 907/366/384 906/367/369
f 684/381/368 685/380/385 868/380/385 865/381/368
f 702/363/302 703/362/386 905/362/386 908/363/302
f 753/312/387 754/311/372 766/311/372 767/312/387
f 642/423/388 643/422/305 838/422/305 840/423/388
f 613/452/389 614/451/390 786/451/390 776/452/389
f 727/338/391 728/337/376 805/337/376 807/338/391
f 640/425/378 641/424/392 841/424/392 839/425/378
f 641/424/392 642/423/388 840/423/388 841/424/392
f 703/362/386 704/361/334 902/361/334 905/362/386
f 658/407/354 659/406/291 867/406/291 863/407/354
f 699/366/384 700/365/393 909/365/393 907/366/384
f 726/339/394 727/338/391 807/338/391 808/339/394
f 648/417/357 649/416/395 842/416/395 836/417/357
f 720/345/396 721/344/352 818/344/352 820/345/396
f 752/313/374 753/312/387 767/312/387 769/313/374
f 623/442/381 624/441/397 809/441/397 806/442/381
f 668/397/398 669/396/382 886/396/382 888/397/398
f 759/306/362 760/455/399 768/455/399 765/306/362
f 612/453/323 613/452/389 776/452/389 773/453/323
f 649/416/395 650/415/400 843/415/400 842/416/395
f 690/375/371 691/374/401 889/374/401 885/375/371
f 734/331/365 735/330/366 789/330/366 792/331/365
f 724/341/316 813/341/316 815/342/375 723/342/375
f 743/322/402 744/321/383 785/321/383 788/322/402
f 630/435/285 631/434/403 822/434/403 821/435/285
f 700/365/393 701/364/301 910/364/301 909/365/393
f 725/340/315 726/339/394 808/339/394 810/340/315
f 624/441/397 625/440/404 811/440/404 809/441/397
f 717/348/405 718/347/346 835/347/346 844/348/405
f 631/434/403 632/433/406 823/433/406 822/434/403
f 650/415/400 651/414/407 845/414/407 843/415/400
f 741/324/408 742/323/409 790/323/409 787/324/408
f 711/354/410 712/353/379 866/353/379 869/354/410
f 667/398/411 668/397/398 888/397/398 891/398/411
f 742/323/409 743/322/402 788/322/402 790/323/409
f 632/433/406 633/432/412 824/432/412 823/433/406
f 760/455/399 611/454/322 771/454/322 768/455/399
f 651/414/407 652/413/413 846/413/413 845/414/407
f 733/332/364 794/332/364 798/333/339 732/333/339
f 614/451/390 615/450/414 791/450/414 786/451/390
f 719/346/347 720/345/396 820/345/396 825/346/347
f 625/440/404 626/439/415 812/439/415 811/440/404
f 716/349/416 717/348/405 844/348/405 847/349/416
f 666/399/417 667/398/411 891/398/411 892/399/417
f 633/432/412 634/431/418 826/431/418 824/432/412
f 685/380/385 686/379/419 871/379/419 868/380/385
f 740/325/350 741/324/408 787/324/408 782/325/350
f 652/413/413 653/412/420 848/412/420 846/413/413
f 691/374/401 692/373/288 893/373/288 889/374/401
f 634/431/421 635/430/332 827/430/332 826/431/421
f 653/412/420 654/411/422 849/411/422 848/412/420
f 662/403/327 663/402/423 894/402/423 890/403/327
f 710/355/298 711/354/410 869/354/410 872/355/298
f 750/315/424 751/314/373 770/314/373 772/315/424
f 660/405/292 661/404/326 883/404/326 875/405/292
f 615/450/414 616/449/425 793/449/425 791/450/414
f 674/391/281 675/390/317 870/390/317 873/391/281
f 626/439/415 627/438/380 814/438/380 812/439/415
f 715/350/287 716/349/416 847/349/416 850/350/287
f 665/400/275 666/399/417 892/399/417 895/400/275
f 686/379/419 687/378/299 874/378/299 871/379/419
f 654/411/422 655/410/426 851/410/426 849/411/422
f 663/402/423 664/401/274 896/401/274 894/402/423
f 749/316/283 750/315/424 772/315/424 774/316/283
f 655/410/426 656/409/293 852/409/293 851/410/426
f 616/449/425 617/448/295 795/448/295 793/449/425
o Curve.003
v 59.005112 29.639614 -0.183887
v 59.005112 29.576195 -0.173620
v 59.005112 29.218632 -0.121107
v 59.005112 28.762461 -0.060845
v 59.005112 28.525572 -0.032211
v 59.005112 27.585794 0.069724
v 59.005112 27.459015 1.553352
v 59.005112 28.560701 1.460303
v 59.005112 28.684017 1.452898
v 59.005112 28.788317 1.451438
v 59.005112 28.876593 1.456670
v 59.005112 28.951838 1.469343
v 59.005112 29.017046 1.490206
v 59.005112 29.075212 1.520007
v 59.005112 29.129328 1.559494
v 59.005112 29.182388 1.609417
v 59.005112 29.237385 1.670522
v 59.005112 29.297310 1.743560
v 59.005112 29.331594 1.789410
v 59.005112 29.395761 1.887802
v 59.005112 29.425028 1.938936
v 59.005112 29.452005 1.990421
v 59.005112 29.476385 2.041554
v 59.005112 29.497860 2.091631
v 59.005112 29.530861 2.185796
v 59.005112 29.548542 2.267280
v 59.005112 29.550869 2.301506
v 59.005112 29.548065 2.351532
v 59.005112 29.537956 2.394204
v 59.005112 29.517984 2.430095
v 59.005112 29.485600 2.459778
v 59.005112 29.438250 2.483826
v 59.005112 29.373377 2.502810
v 59.005112 29.288433 2.517303
v 59.005112 29.180862 2.527878
v 59.005112 29.048111 2.535106
v 59.005112 28.887627 2.539560
v 59.005112 28.696857 2.541813
v 59.005112 28.473248 2.542437
v 59.005112 27.395626 2.542437
v 59.005112 27.066000 3.366674
v 59.005112 26.659678 2.963751
v 59.005112 26.526001 2.858857
v 59.005112 26.455114 2.813895
v 59.005112 26.302156 2.737401
v 59.005112 26.130184 2.676757
v 59.005112 25.091616 2.494687
v 59.005112 24.815006 2.419058
v 59.005112 24.712666 2.376005
v 59.005112 24.632248 2.328460
v 59.005112 24.572210 2.275676
v 59.005112 24.531013 2.216903
v 59.005112 24.507118 2.151394
v 59.005112 24.498981 2.078400
v 59.005112 24.505066 1.997173
v 59.005112 24.516048 1.938371
v 59.005112 24.531654 1.888155
v 59.005112 24.554390 1.845600
v 59.005112 24.586767 1.809782
v 59.005112 24.631294 1.779775
v 59.005112 24.690479 1.754656
v 59.005112 24.862864 1.715382
v 59.005112 24.981081 1.699377
v 59.005112 25.123993 1.684561
v 59.005112 25.294109 1.670009
v 59.005112 25.493940 1.654797
v 59.005112 26.444784 1.591394
v 59.005112 26.482817 1.084171
v 59.005112 26.487263 1.015081
v 59.005112 26.494087 0.947796
v 59.005112 26.503023 0.883065
v 59.005112 26.513807 0.821636
v 59.005112 26.526176 0.764258
v 59.005112 26.539867 0.711679
v 59.005112 26.570154 0.623913
v 59.005112 26.586222 0.590223
v 59.005112 26.602552 0.564326
v 59.005112 26.618885 0.546971
v 59.005112 26.653425 0.531282
v 59.005112 26.670755 0.521236
v 59.005112 26.686852 0.508988
v 59.005112 26.701628 0.494759
v 59.005112 26.714996 0.478769
v 59.005112 26.726868 0.461238
v 59.005112 26.737152 0.442386
v 59.005112 26.745766 0.422433
v 59.005112 26.752619 0.401599
v 59.005112 26.757622 0.380105
v 59.005112 26.760689 0.358171
v 59.005112 26.761730 0.336017
v 59.005112 26.754835 0.308264
v 59.005112 26.734028 0.282007
v 59.005112 26.699133 0.257160
v 59.005112 26.649977 0.233633
v 59.005112 26.508173 0.190191
v 59.005112 24.963055 -0.014284
v 59.005112 24.725542 -0.069167
v 59.005112 24.676510 -0.086963
v 59.005112 24.644823 -0.104142
v 59.005112 24.631844 -0.120484
v 59.005112 24.623444 -0.138961
v 59.005112 24.611126 -0.156294
v 59.005112 24.595198 -0.172395
v 59.005112 24.575968 -0.187174
v 59.005112 24.553745 -0.200544
v 59.005112 24.528835 -0.212418
v 59.005112 24.472197 -0.231321
v 59.005112 24.408514 -0.243180
v 59.005112 24.278389 -0.250401
v 59.005112 24.221457 -0.259501
v 59.005112 24.172270 -0.274236
v 59.005112 24.151463 -0.283607
v 59.005112 24.133650 -0.294255
v 59.005112 24.119183 -0.306136
v 59.005112 24.108412 -0.319205
v 59.005112 24.101690 -0.333419
v 59.005112 24.099373 -0.348734
v 59.005112 24.113415 -0.394011
v 59.005112 24.153606 -0.440433
v 59.005112 24.217039 -0.487031
v 59.005112 24.300810 -0.532837
v 59.005112 24.402014 -0.576881
v 59.005112 24.645094 -0.655812
v 59.005112 24.923038 -0.716074
v 59.005112 25.212606 -0.749918
v 59.005112 25.839178 -0.765607
v 59.005112 26.223154 -0.801007
v 59.005112 26.517681 -0.863882
v 59.005112 26.634922 -0.906613
v 59.005112 26.734028 -0.957401
v 59.005112 26.816404 -1.016643
v 59.005112 26.883461 -1.084735
v 59.005112 26.936609 -1.162074
v 59.005112 27.075861 -1.469791
v 59.005112 27.089947 -1.491292
v 59.005112 27.100864 -1.499496
v 59.005112 27.109140 -1.494491
v 59.005112 27.115303 -1.476366
v 59.005112 27.143257 -1.127797
v 59.005112 27.150990 -1.097358
v 59.005112 27.161011 -1.075548
v 59.005112 27.173763 -1.062017
v 59.005112 27.189684 -1.056410
v 59.005112 27.209213 -1.058377
v 59.005112 27.232794 -1.067565
v 59.005112 27.260864 -1.083621
v 59.005112 27.426132 -1.206259
v 59.005112 27.449154 -1.219468
v 59.005112 27.468479 -1.227393
v 59.005112 27.484371 -1.230035
v 59.005112 27.497093 -1.227393
v 59.005112 27.506908 -1.219468
v 59.005112 27.514084 -1.206259
v 59.005112 27.518883 -1.187766
v 59.005112 27.522404 -1.134930
v 59.005112 27.528105 -1.108498
v 59.005112 27.545824 -1.086204
v 59.005112 27.576483 -1.067961
v 59.005112 27.621010 -1.053680
v 59.005112 27.755362 -1.036656
v 59.005112 27.847034 -1.033735
v 59.005112 27.956270 -1.034425
v 59.005112 28.083996 -1.038637
v 59.005112 28.231134 -1.046284
v 59.005112 29.024443 -1.106692
v 59.005112 29.191330 -1.116504
v 59.005112 29.328770 -1.120371
v 59.005112 29.440502 -1.117722
v 59.005112 29.530266 -1.107984
v 59.005112 29.601807 -1.090584
v 59.005112 29.658865 -1.064952
v 59.005112 29.705181 -1.030513
v 59.005112 29.744499 -0.986696
v 59.005112 29.780560 -0.932928
v 59.005112 29.817104 -0.868638
v 59.005112 29.877529 -0.752730
v 59.005112 29.925453 -0.651483
v 59.005112 29.960522 -0.563710
v 59.005112 29.982386 -0.488221
v 59.005112 29.990692 -0.423827
v 59.005112 29.985086 -0.369340
v 59.005112 29.965218 -0.323572
v 59.005112 29.930735 -0.285332
v 59.005112 29.881287 -0.253432
v 59.005112 29.816517 -0.226684
v 59.677692 29.990692 -0.423827
v 59.677692 29.985086 -0.369340
v 59.677692 29.982386 -0.488221
v 59.677692 29.965218 -0.323572
v 59.677692 29.960522 -0.563710
v 59.677692 29.930735 -0.285332
v 59.677692 29.925453 -0.651483
v 59.677692 29.881287 -0.253432
v 59.677692 29.877529 -0.752730
v 59.677692 29.816517 -0.226684
v 59.677692 29.817104 -0.868638
v 59.677692 29.780560 -0.932928
v 59.677692 29.744499 -0.986696
v 59.677692 29.705181 -1.030513
v 59.677692 29.639614 -0.183887
v 59.677692 29.658865 -1.064952
v 59.677692 29.601807 -1.090584
v 59.677692 29.576195 -0.173620
v 59.677692 29.530266 -1.107984
v 59.677692 29.550869 2.301506
v 59.677692 29.548065 2.351532
v 59.677692 29.548542 2.267280
v 59.677692 29.537956 2.394204
v 59.677692 29.530861 2.185796
v 59.677692 29.517984 2.430095
v 59.677692 29.440502 -1.117722
v 59.677692 29.485600 2.459778
v 59.677692 29.497860 2.091631
v 59.677692 29.476385 2.041554
v 59.677692 29.438250 2.483826
v 59.677692 29.452005 1.990421
v 59.677692 29.425028 1.938936
v 59.677692 29.328770 -1.120371
v 59.677692 29.373377 2.502810
v 59.677692 29.395761 1.887802
v 59.677692 29.288433 2.517303
v 59.677692 29.331594 1.789410
v 59.677692 29.297310 1.743560
v 59.677692 29.191330 -1.116504
v 59.677692 29.218632 -0.121107
v 59.677692 29.237385 1.670522
v 59.677692 29.180862 2.527878
v 59.677692 29.182388 1.609417
v 59.677692 29.024443 -1.106692
v 59.677692 29.129328 1.559494
v 59.677692 29.048111 2.535106
v 59.677692 29.075212 1.520007
v 59.677692 29.017046 1.490206
v 59.677692 28.887627 2.539560
v 59.677692 28.951838 1.469343
v 59.677692 28.876593 1.456670
v 59.677692 28.696857 2.541813
v 59.677692 28.762461 -0.060845
v 59.677692 28.788317 1.451438
v 59.677692 28.684017 1.452898
v 59.677692 28.473248 2.542437
v 59.677692 28.560701 1.460303
v 59.677692 28.525572 -0.032211
v 59.677692 28.231134 -1.046284
v 59.677692 27.459015 1.553352
v 59.677692 28.083996 -1.038637
v 59.677692 27.956270 -1.034425
v 59.677692 27.847034 -1.033735
v 59.677692 27.755362 -1.036656
v 59.677692 27.621010 -1.053680
v 59.677692 27.576483 -1.067961
v 59.677692 27.585794 0.069724
v 59.677692 27.545824 -1.086204
v 59.677692 27.528105 -1.108498
v 59.677692 27.522404 -1.134930
v 59.677692 27.518883 -1.187766
v 59.677692 27.514084 -1.206259
v 59.677692 27.506908 -1.219468
v 59.677692 27.497093 -1.227393
v 59.677692 27.484371 -1.230035
v 59.677692 27.468479 -1.227393
v 59.677692 27.449154 -1.219468
v 59.677692 27.426132 -1.206259
v 59.677692 27.395626 2.542437
v 59.677692 27.260864 -1.083621
v 59.677692 27.232794 -1.067565
v 59.677692 27.209213 -1.058377
v 59.677692 27.066000 3.366674
v 59.677692 27.189684 -1.056410
v 59.677692 27.173763 -1.062017
v 59.677692 27.161011 -1.075548
v 59.677692 27.150990 -1.097358
v 59.677692 27.143257 -1.127797
v 59.677692 27.115303 -1.476366
v 59.677692 27.109140 -1.494491
v 59.677692 27.100864 -1.499496
v 59.677692 27.089947 -1.491292
v 59.677692 27.075861 -1.469791
v 59.677692 26.936609 -1.162074
v 59.677692 26.883461 -1.084735
v 59.677692 26.816404 -1.016643
v 59.677692 26.761730 0.336017
v 59.677692 26.734028 -0.957401
v 59.677692 26.760689 0.358171
v 59.677692 26.754835 0.308264
v 59.677692 26.757622 0.380105
v 59.677692 26.752619 0.401599
v 59.677692 26.734028 0.282007
v 59.677692 26.745766 0.422433
v 59.677692 26.737152 0.442386
v 59.677692 26.726868 0.461238
v 59.677692 26.699133 0.257160
v 59.677692 26.634922 -0.906613
v 59.677692 26.714996 0.478769
v 59.677692 26.659678 2.963751
v 59.677692 26.701628 0.494759
v 59.677692 26.686852 0.508988
v 59.677692 26.649977 0.233633
v 59.677692 26.670755 0.521236
v 59.677692 26.653425 0.531282
v 59.677692 26.618885 0.546971
v 59.677692 26.517681 -0.863882
v 59.677692 26.602552 0.564326
v 59.677692 26.586222 0.590223
v 59.677692 26.526001 2.858857
v 59.677692 26.508173 0.190191
v 59.677692 26.570154 0.623913
v 59.677692 26.539867 0.711679
v 59.677692 26.526176 0.764258
v 59.677692 26.513807 0.821636
v 59.677692 26.455114 2.813895
v 59.677692 26.503023 0.883065
v 59.677692 26.494087 0.947796
v 59.677692 26.487263 1.015081
v 59.677692 26.482817 1.084171
v 59.677692 26.444784 1.591394
v 59.677692 26.223154 -0.801007
v 59.677692 26.302156 2.737401
v 59.677692 26.130184 2.676757
v 59.677692 25.839178 -0.765607
v 59.677692 25.493940 1.654797
v 59.677692 25.294109 1.670009
v 59.677692 25.212606 -0.749918
v 59.677692 25.123993 1.684561
v 59.677692 25.091616 2.494687
v 59.677692 24.981081 1.699377
v 59.677692 24.923038 -0.716074
v 59.677692 24.963055 -0.014284
v 59.677692 24.862864 1.715382
v 59.677692 24.815006 2.419058
v 59.677692 24.712666 2.376005
v 59.677692 24.725542 -0.069167
v 59.677692 24.645094 -0.655812
v 59.677692 24.690479 1.754656
v 59.677692 24.676510 -0.086963
v 59.677692 24.632248 2.328460
v 59.677692 24.631294 1.779775
v 59.677692 24.644823 -0.104142
v 59.677692 24.631844 -0.120484
v 59.677692 24.572210 2.275676
v 59.677692 24.623444 -0.138961
v 59.677692 24.586767 1.809782
v 59.677692 24.611126 -0.156294
v 59.677692 24.595198 -0.172395
v 59.677692 24.575968 -0.187174
v 59.677692 24.554390 1.845600
v 59.677692 24.553745 -0.200544
v 59.677692 24.531013 2.216903
v 59.677692 24.531654 1.888155
v 59.677692 24.528835 -0.212418
v 59.677692 24.516048 1.938371
v 59.677692 24.507118 2.151394
v 59.677692 24.402014 -0.576881
v 59.677692 24.505066 1.997173
v 59.677692 24.498981 2.078400
v 59.677692 24.472197 -0.231321
v 59.677692 24.408514 -0.243180
v 59.677692 24.300810 -0.532837
v 59.677692 24.278389 -0.250401
v 59.677692 24.217039 -0.487031
v 59.677692 24.221457 -0.259501
v 59.677692 24.153606 -0.440433
v 59.677692 24.172270 -0.274236
v 59.677692 24.151463 -0.283607
v 59.677692 24.113415 -0.394011
v 59.677692 24.133650 -0.294255
v 59.677692 24.119183 -0.306136
v 59.677692 24.108412 -0.319205
v 59.677692 24.099373 -0.348734
v 59.677692 24.101690 -0.333419
vn -0.0000 0.9964 0.0851
vn -1.0000 -0.0000 -0.0000
vn 1.0000 -0.0000 -0.0000
vn -0.0000 -0.2504 0.9681
vn -0.0000 -0.1195 0.9928
vn -0.0000 -0.7295 -0.6840
vn -0.0000 -0.6008 -0.7994
vn -0.0000 0.2249 0.9744
vn -0.0000 0.0910 0.9959
vn -0.0000 -0.8764 -0.4816
vn -0.0000 -0.5819 -0.8133
vn -0.0000 -0.4581 -0.8889
vn -0.0000 0.2165 -0.9763
vn -0.0000 0.0390 -0.9992
vn -0.0000 -0.3544 -0.9351
vn -0.0000 -0.2607 -0.9654
vn -0.0000 -0.2837 0.9589
vn -0.0000 -0.4100 0.9121
vn -0.0000 -0.2229 0.9748
vn -0.0000 -0.3496 0.9369
vn -0.0000 -0.4494 0.8933
vn -0.0000 -0.5872 0.8095
vn -0.0000 -0.2184 0.9759
vn -0.0000 -0.3265 0.9452
vn -0.0000 -0.4769 -0.8789
vn -0.0000 -0.3076 -0.9515
vn -0.0000 -0.6428 0.7660
vn -0.0000 -0.3907 0.9205
vn -0.0000 -0.2535 0.9673
vn -0.0000 -0.8531 0.5218
vn -0.0000 -0.1784 0.9840
vn -0.0000 -0.7713 -0.6365
vn -0.0000 -0.8710 -0.4912
vn -0.0000 -0.7449 0.6672
vn -0.0000 -0.6505 -0.7595
vn -0.0000 -0.8667 0.4989
vn -0.0000 0.4110 -0.9116
vn -0.0000 0.6386 -0.7696
vn -0.0000 0.7290 -0.6846
vn -0.0000 -0.6552 -0.7555
vn -0.0000 -0.5214 -0.8533
vn -0.0000 -0.7655 0.6434
vn -0.0000 -0.9957 -0.0928
vn -0.0000 -0.9952 0.0981
vn -0.0000 -0.6617 0.7498
vn -0.0000 -0.8974 0.4411
vn -0.0000 0.6579 -0.7531
vn -0.0000 0.5243 -0.8515
vn -0.0000 -0.5634 0.8262
vn -0.0000 0.9999 -0.0129
vn -0.0000 0.9674 0.2532
vn -0.0000 -0.9832 -0.1828
vn -0.0000 0.9790 -0.2037
vn -0.0000 0.9039 -0.4277
vn -0.0000 0.3816 -0.9243
vn -0.0000 -0.8180 -0.5752
vn -0.0000 0.8410 0.5410
vn -0.0000 -0.9629 -0.2699
vn -0.0000 -0.4735 0.8808
vn -0.0000 -0.6887 0.7250
vn -0.0000 0.9903 -0.1390
vn -0.0000 -0.8867 0.4623
vn -0.0000 0.9457 -0.3250
vn -0.0000 0.6480 0.7616
vn -0.0000 -0.9350 -0.3547
vn -0.0000 -0.1505 -0.9886
vn -0.0000 0.2360 -0.9718
vn -0.0000 -0.9226 -0.3857
vn -0.0000 -0.8989 -0.4381
vn -0.0000 -0.3741 0.9274
vn -0.0000 0.9099 -0.4148
vn -0.0000 0.4638 0.8859
vn -0.0000 -0.8539 -0.5204
vn -0.0000 -0.5078 0.8615
vn -0.0000 0.9302 -0.3670
vn -0.0000 0.9872 -0.1595
vn -0.0000 0.1128 -0.9936
vn -0.0000 -0.9706 -0.2406
vn -0.0000 -0.9736 0.2284
vn -0.0000 -0.0764 -0.9971
vn -0.0000 -0.0087 -1.0000
vn -0.0000 0.7683 -0.6401
vn -0.0000 0.3093 0.9509
vn -0.0000 -0.4000 -0.9165
vn -0.0000 0.8941 -0.4479
vn -0.0000 0.9208 -0.3901
vn -0.0000 0.8673 -0.4979
vn -0.0000 0.4277 -0.9039
vn -0.0000 -0.7986 -0.6018
vn -0.0000 0.0200 -0.9998
vn -0.0000 -0.2734 -0.9619
vn -0.0000 -0.9916 -0.1293
vn -0.0000 -0.3633 0.9317
vn -0.0000 -0.2128 0.9771
vn -0.0000 -0.7315 -0.6818
vn -0.0000 -0.9998 0.0181
vn -0.0000 0.0133 0.9999
vn -0.0000 -0.6507 -0.7594
vn -0.0000 0.7893 -0.6139
vn -0.0000 0.8612 -0.5082
vn -0.0000 -0.4395 -0.8982
vn -0.0000 -0.6618 0.7496
vn -0.0000 -0.5772 0.8166
vn -0.0000 0.6739 -0.7389
vn -0.0000 -0.5546 -0.8321
vn -0.0000 -0.5477 -0.8367
vn -0.0000 -0.0652 -0.9979
vn -0.0000 -0.1373 -0.9905
vn -0.0000 -0.1389 -0.9903
vn -0.0000 -0.5472 -0.8370
vn -0.0000 0.9623 -0.2719
vn -0.0000 0.5062 -0.8624
vn -0.0000 -0.4921 0.8705
vn -0.0000 0.3244 -0.9459
vn -0.0000 -0.4399 -0.8981
vn -0.0000 0.1725 -0.9850
vn -0.0000 -0.9971 -0.0764
vn -0.0000 -0.9910 -0.1336
vn -0.0000 -0.1068 0.9943
vn -0.0000 -0.0781 -0.9969
vn -0.0000 1.0000 -0.0059
vn -0.0000 0.9896 0.1438
vn -0.0000 -0.2763 -0.9611
vn -0.0000 -0.5371 -0.8435
vn -0.0000 0.9901 -0.1403
vn -0.0000 -0.7907 -0.6122
vn -0.0000 -0.9659 -0.2589
vn -0.0000 -0.9254 -0.3789
vn -0.0000 -0.9817 -0.1903
vn -0.0000 -0.8757 -0.4828
vn -0.0000 -0.4310 -0.9024
vn -0.0000 0.9323 0.3618
vn -0.0000 -0.2338 -0.9723
vn -0.0000 -0.0481 -0.9988
vn -0.0000 0.0300 -0.9996
vn -0.0000 0.7849 0.6197
vn -0.0000 -0.6783 -0.7348
vn -0.0000 0.1188 -0.9929
vn -0.0000 0.8891 -0.4577
vn -0.0000 0.7699 -0.6382
vn -0.0000 0.8051 -0.5932
vn -0.0000 0.5454 -0.8382
vn -0.0000 -0.4626 0.8865
vn -0.0000 0.8291 -0.5590
vn -0.0000 0.5695 0.8220
vn -0.0000 -0.8741 -0.4857
vn -0.0000 0.1226 0.9925
vn -0.0000 0.1791 0.9838
vn -0.0000 0.9428 -0.3333
vn -0.0000 -0.5754 0.8178
vn -0.0000 0.9865 -0.1637
vn -0.0000 -0.7065 0.7077
vn -0.0000 -0.8443 0.5358
vn -0.0000 0.3684 0.9297
vn -0.0000 -0.9972 -0.0752
vn -0.0000 -0.9565 0.2917
vn -0.0000 -0.7041 0.7101
vn -0.0000 0.9285 0.3713
vn -0.0000 0.9793 -0.2025
vn -0.0000 0.9468 -0.3219
vn -0.0000 0.5175 -0.8557
vt 0.081633 0.000000
vt 0.088435 0.000000
vt 0.292517 0.000000
vt 0.285714 0.000000
vt 0.278912 0.000000
vt 0.275510 0.000000
vt 0.268707 0.000000
vt 0.261905 0.000000
vt 0.255102 0.000000
vt 0.214286 0.000000
vt 0.210884 0.000000
vt 0.207483 0.000000
vt 0.204082 0.000000
vt 0.200680 0.000000
vt 0.197279 0.000000
vt 0.193878 0.000000
vt 0.190476 0.000000
vt 0.187075 0.000000
vt 0.183673 0.000000
vt 0.180272 0.000000
vt 0.176871 0.000000
vt 0.173469 0.000000
vt 0.170068 0.000000
vt 0.163265 0.000000
vt 0.156463 0.000000
vt 0.153061 0.000000
vt 0.149660 0.000000
vt 0.146259 0.000000
vt 0.142857 0.000000
vt 0.136054 0.000000
vt 0.132653 0.000000
vt 0.129252 0.000000
vt 0.125850 0.000000
vt 0.122449 0.000000
vt 0.119048 0.000000
vt 0.115646 0.000000
vt 0.112245 0.000000
vt 0.108844 0.000000
vt 0.105442 0.000000
vt 0.102041 0.000000
vt 0.098639 0.000000
vt 0.037415 0.000000
vt 0.030612 0.000000
vt 0.017007 0.000000
vt 0.003401 0.000000
vt 0.000000 0.000000
vt 0.996599 0.000000
vt 0.993197 0.000000
vt 0.989796 0.000000
vt 0.986395 0.000000
vt 0.982993 0.000000
vt 0.979592 0.000000
vt 0.976190 0.000000
vt 0.972789 0.000000
vt 0.969388 0.000000
vt 0.965986 0.000000
vt 0.962585 0.000000
vt 0.959184 0.000000
vt 0.955782 0.000000
vt 0.952381 0.000000
vt 0.948980 0.000000
vt 0.945578 0.000000
vt 0.942177 0.000000
vt 0.938776 0.000000
vt 0.935374 0.000000
vt 0.931973 0.000000
vt 0.928571 0.000000
vt 0.914966 0.000000
vt 0.911565 0.000000
vt 0.908163 0.000000
vt 0.904762 0.000000
vt 0.901361 0.000000
vt 0.894558 0.000000
vt 0.891156 0.000000
vt 0.887755 0.000000
vt 0.884354 0.000000
vt 0.880952 0.000000
vt 0.874150 0.000000
vt 0.870748 0.000000
vt 0.867347 0.000000
vt 0.863946 0.000000
vt 0.860544 0.000000
vt 0.857143 0.000000
vt 0.853741 0.000000
vt 0.850340 0.000000
vt 0.833333 0.000000
vt 0.829932 0.000000
vt 0.826531 0.000000
vt 0.823129 0.000000
vt 0.819728 0.000000
vt 0.816327 0.000000
vt 0.812925 0.000000
vt 0.809524 0.000000
vt 0.785714 0.000000
vt 0.782313 0.000000
vt 0.778912 0.000000
vt 0.775510 0.000000
vt 0.772109 0.000000
vt 0.755102 0.000000
vt 0.751701 0.000000
vt 0.748299 0.000000
vt 0.744898 0.000000
vt 0.741497 0.000000
vt 0.738095 0.000000
vt 0.731293 0.000000
vt 0.724490 0.000000
vt 0.714286 0.000000
vt 0.707483 0.000000
vt 0.700680 0.000000
vt 0.693878 0.000000
vt 0.690476 0.000000
vt 0.687075 0.000000
vt 0.683673 0.000000
vt 0.680272 0.000000
vt 0.676871 0.000000
vt 0.673469 0.000000
vt 0.670068 0.000000
vt 0.666667 0.000000
vt 0.663265 0.000000
vt 0.659864 0.000000
vt 0.656463 0.000000
vt 0.649660 0.000000
vt 0.642857 0.000000
vt 0.629252 0.000000
vt 0.622449 0.000000
vt 0.615646 0.000000
vt 0.612245 0.000000
vt 0.608844 0.000000
vt 0.605442 0.000000
vt 0.602041 0.000000
vt 0.598639 0.000000
vt 0.595238 0.000000
vt 0.591837 0.000000
vt 0.588435 0.000000
vt 0.585034 0.000000
vt 0.574830 0.000000
vt 0.534014 0.000000
vt 0.527211 0.000000
vt 0.523810 0.000000
vt 0.520408 0.000000
vt 0.517007 0.000000
vt 0.513605 0.000000
vt 0.510204 0.000000
vt 0.506803 0.000000
vt 0.503401 0.000000
vt 0.500000 0.000000
vt 0.496599 0.000000
vt 0.493197 0.000000
vt 0.489796 0.000000
vt 0.486395 0.000000
vt 0.482993 0.000000
vt 0.479592 0.000000
vt 0.476190 0.000000
vt 0.469388 0.000000
vt 0.465986 0.000000
vt 0.462585 0.000000
vt 0.459184 0.000000
vt 0.452381 0.000000
vt 0.448980 0.000000
vt 0.445578 0.000000
vt 0.442177 0.000000
vt 0.438776 0.000000
vt 0.435374 0.000000
vt 0.431973 0.000000
vt 0.428571 0.000000
vt 0.387755 0.000000
vt 0.384354 0.000000
vt 0.380952 0.000000
vt 0.377551 0.000000
vt 0.374150 0.000000
vt 0.367347 0.000000
vt 0.363946 0.000000
vt 0.360544 0.000000
vt 0.357143 0.000000
vt 0.353741 0.000000
vt 0.350340 0.000000
vt 0.346939 0.000000
vt 0.343537 0.000000
vt 0.340136 0.000000
vt 0.336735 0.000000
vt 0.333333 0.000000
vt 0.329932 0.000000
vt 0.326531 0.000000
vt 0.323129 0.000000
vt 0.316327 0.000000
s 1
f 916/456/427 917/457/427 1155/457/427 1162/456/427
f 956/458/428 955/459/428 954/460/428 953/461/428 952/462/428 951/463/428 950/464/428 949/465/428 948/466/428 947/467/428 946/468/428 945/469/428 944/470/428 943/471/428 942/472/428 941/473/428 940/474/428 939/475/428 938/476/428 937/477/428 936/478/428 935/479/428 934/480/428 933/481/428 932/482/428 931/483/428 930/484/428 929/485/428 928/486/428 927/487/428 926/488/428 925/489/428 924/490/428 923/491/428 922/492/428 921/493/428 920/494/428 919/495/428 918/496/428 917/457/428 916/456/428 915/497/428 914/498/428 913/499/428 912/500/428 911/501/428 1095/502/428 1094/503/428 1093/504/428 1092/505/428 1091/506/428 1090/507/428 1089/508/428 1088/509/428 1087/510/428 1086/511/428 1085/512/428 1084/513/428 1083/514/428 1082/515/428 1081/516/428 1080/517/428 1079/518/428 1078/519/428 1077/520/428 1076/521/428 1075/522/428 1074/523/428 1073/524/428 1072/525/428 1071/526/428 1070/527/428 1069/528/428 1068/529/428 1067/530/428 1066/531/428 1065/532/428 1064/533/428 1063/534/428 1062/535/428 1061/536/428 1060/537/428 1059/538/428 1058/539/428 1057/540/428 1056/541/428 1055/542/428 1054/543/428 1053/544/428 1052/545/428 1051/546/428 1050/547/428 1049/548/428 1048/549/428 1047/550/428 1046/551/428 1045/552/428 1044/553/428 1043/554/428 1042/555/428 1041/556/428 1040/557/428 1039/558/428 1038/559/428 1037/560/428 1036/561/428 1035/562/428 1034/563/428 1033/564/428 1032/565/428 1031/566/428 1030/567/428 1029/568/428 1028/569/428 1027/570/428 1026/571/428 1025/572/428 1024/573/428 1023/574/428 1022/575/428 1021/576/428 1020/577/428 1019/578/428 1018/579/428 1017/580/428 1016/581/428 1015/582/428 1014/583/428 1013/584/428 1012/585/428 1011/586/428 1010/587/428 1009/588/428 1008/589/428 1007/590/428 1006/591/428 1005/592/428 1004/593/428 1003/594/428 1002/595/428 1001/596/428 1000/597/428 999/598/428 998/599/428 997/600/428 996/601/428 995/602/428 994/603/428 993/604/428 992/605/428 991/606/428 990/607/428 989/608/428 988/609/428 987/610/428 986/611/428 985/612/428 984/613/428 983/614/428 982/615/428 981/616/428 980/617/428 979/618/428 978/619/428 977/620/428 976/621/428 975/622/428 974/623/428 973/624/428 972/625/428 971/626/428 970/627/428 969/628/428 968/629/428 967/630/428 966/631/428 965/632/428 964/633/428 963/634/428 962/635/428 961/636/428 960/637/428 959/638/428 958/639/428 957/640/428
f 1238/591/429 1242/590/429 1245/589/429 1248/588/429 1249/587/429 1251/586/429 1253/585/429 1254/584/429 1255/583/429 1257/582/429 1260/581/429 1266/580/429 1267/579/429 1269/578/429 1271/577/429 1273/576/429 1274/575/429 1276/574/429 1277/573/429 1278/572/429 1280/571/429 1279/570/429 1275/569/429 1272/568/429 1270/567/429 1268/566/429 1263/565/429 1243/564/429 1237/563/429 1233/562/429 1230/561/429 1227/560/429 1212/559/429 1203/558/429 1193/557/429 1191/556/429 1190/555/429 1189/554/429 1188/553/429 1187/552/429 1186/551/429 1185/550/429 1184/549/429 1183/548/429 1182/547/429 1181/546/429 1180/545/429 1179/544/429 1177/543/429 1176/542/429 1175/541/429 1173/540/429 1172/539/429 1171/538/429 1170/537/429 1169/536/429 1168/535/429 1167/534/429 1166/533/429 1165/532/429 1164/531/429 1163/530/429 1161/529/429 1160/528/429 1159/527/429 1158/526/429 1157/525/429 1156/524/429 1154/523/429 1139/522/429 1134/521/429 1128/520/429 1121/519/429 1114/518/429 1112/517/429 1111/516/429 1109/515/429 1108/514/429 1107/513/429 1106/512/429 1104/511/429 1102/510/429 1100/509/429 1098/508/429 1096/507/429 1097/506/429 1099/505/429 1101/504/429 1103/503/429 1105/502/429 1110/501/429 1113/500/429 1135/499/429 1148/498/429 1153/497/429 1162/456/429 1155/457/429 1152/496/429 1150/495/429 1149/494/429 1146/493/429 1145/492/429 1143/491/429 1142/490/429 1140/489/429 1138/488/429 1136/487/429 1133/486/429 1132/485/429 1130/484/429 1127/483/429 1126/482/429 1124/481/429 1123/480/429 1119/479/429 1117/478/429 1115/477/429 1116/476/429 1118/475/429 1120/474/429 1122/473/429 1125/472/429 1129/471/429 1131/470/429 1137/469/429 1141/468/429 1144/467/429 1147/466/429 1151/465/429 1174/464/429 1178/463/429 1205/462/429 1215/461/429 1221/460/429 1228/459/429 1229/458/429 1235/640/429 1240/639/429 1241/638/429 1246/637/429 1250/636/429 1258/635/429 1262/634/429 1265/633/429 1264/632/429 1261/631/429 1259/630/429 1256/629/429 1252/628/429 1247/627/429 1244/626/429 1239/625/429 1236/624/429 1234/623/429 1232/622/429 1231/621/429 1226/620/429 1225/619/429 1224/618/429 1223/617/429 1222/616/429 1220/615/429 1219/614/429 1218/613/429 1217/612/429 1214/611/429 1213/610/429 1211/609/429 1210/608/429 1209/607/429 1207/606/429 1206/605/429 1204/604/429 1201/603/429 1200/602/429 1199/601/429 1197/600/429 1196/599/429 1194/598/429 1192/597/429 1195/596/429 1198/595/429 1202/594/429 1208/593/429 1216/592/429
f 1017/580/430 1018/579/431 1267/579/431 1266/580/430
f 1045/552/432 1046/551/433 1186/551/433 1187/552/432
f 943/471/434 944/470/435 1131/470/435 1129/471/434
f 1044/553/436 1045/552/432 1187/552/432 1188/553/436
f 988/609/437 989/608/438 1210/608/438 1211/609/437
f 1069/528/439 1070/527/440 1159/527/440 1160/528/439
f 1032/565/441 1033/564/442 1243/564/442 1263/565/441
f 1007/590/443 1008/589/444 1245/589/444 1242/590/443
f 1020/577/445 1021/576/446 1273/576/446 1271/577/445
f 959/638/447 960/637/448 1246/637/448 1241/638/447
f 957/640/449 958/639/450 1240/639/450 1235/640/449
f 970/627/451 971/626/452 1244/626/452 1247/627/451
f 1008/589/444 1009/588/453 1248/588/453 1245/589/444
f 955/459/454 956/458/455 1229/458/455 1228/459/454
f 1009/588/453 1010/587/456 1249/587/456 1248/588/453
f 1006/591/457 1007/590/443 1242/590/443 1238/591/457
f 1042/555/458 1043/554/459 1189/554/459 1190/555/458
f 960/637/448 961/636/460 1250/636/460 1246/637/448
f 1041/556/461 1042/555/458 1190/555/458 1191/556/461
f 1010/587/456 1011/586/462 1251/586/462 1249/587/456
f 1068/529/463 1069/528/439 1160/528/439 1161/529/463
f 925/489/464 926/488/465 1138/488/465 1140/489/464
f 969/628/466 970/627/451 1247/627/451 1252/628/466
f 1040/557/467 1041/556/461 1191/556/461 1193/557/467
f 1011/586/462 1012/585/468 1253/585/468 1251/586/462
f 999/598/469 1000/597/470 1192/597/470 1194/598/469
f 1012/585/468 1013/584/471 1254/584/471 1253/585/468
f 1000/597/470 1001/596/472 1195/596/472 1192/597/470
f 1067/530/473 1068/529/463 1161/529/463 1163/530/473
f 924/490/474 925/489/464 1140/489/464 1142/490/474
f 1013/584/471 1014/583/475 1255/583/475 1254/584/471
f 1090/507/476 1091/506/477 1097/506/477 1096/507/476
f 998/599/478 999/598/469 1194/598/469 1196/599/478
f 1089/508/479 1090/507/476 1096/507/476 1098/508/479
f 1066/531/480 1067/530/473 1163/530/473 1164/531/480
f 923/491/481 924/490/474 1142/490/474 1143/491/481
f 968/629/482 969/628/466 1252/628/466 1256/629/482
f 1091/506/477 1092/505/483 1099/505/483 1097/506/477
f 997/600/484 998/599/478 1196/599/478 1197/600/484
f 1014/583/475 1015/582/485 1257/582/485 1255/583/475
f 1001/596/472 1002/595/486 1198/595/486 1195/596/472
f 1065/532/487 1066/531/480 1164/531/480 1165/532/487
f 961/636/460 962/635/488 1258/635/488 1250/636/460
f 1088/509/489 1089/508/479 1098/508/479 1100/509/489
f 1092/505/483 1093/504/490 1101/504/490 1099/505/483
f 996/601/491 997/600/484 1197/600/484 1199/601/491
f 972/625/492 1239/625/492 1244/626/452 971/626/452
f 922/492/493 923/491/481 1143/491/481 1145/492/493
f 967/630/494 968/629/482 1256/629/482 1259/630/494
f 995/602/495 996/601/491 1199/601/491 1200/602/495
f 1015/582/485 1016/581/496 1260/581/496 1257/582/485
f 1087/510/497 1088/509/489 1100/509/489 1102/510/497
f 1093/504/490 1094/503/498 1103/503/498 1101/504/490
f 994/603/499 995/602/495 1200/602/495 1201/603/499
f 1002/595/486 1003/594/500 1202/594/500 1198/595/486
f 1063/534/501 1064/533/502 1166/533/502 1167/534/501
f 921/493/503 922/492/493 1145/492/493 1146/493/503
f 966/631/504 967/630/494 1259/630/494 1261/631/504
f 962/635/488 963/634/505 1262/634/505 1258/635/488
f 918/496/506 919/495/506 920/494/507 1149/494/507 1150/495/506 1152/496/506 1155/457/506 917/457/506
f 1062/535/508 1063/534/501 1167/534/501 1168/535/508
f 1094/503/498 1095/502/509 1105/502/509 1103/503/498
f 1039/558/510 1040/557/467 1193/557/467 1203/558/510
f 932/482/511 933/481/511 934/480/512 1123/480/512 1124/481/511 1126/482/511 1127/483/511 1130/484/513 930/484/513 931/483/511
f 1061/536/514 1062/535/508 1168/535/508 1169/536/514
f 993/604/515 994/603/499 1201/603/499 1204/604/515
f 956/458/455 957/640/449 1235/640/449 1229/458/455
f 1060/537/516 1061/536/514 1169/536/514 1170/537/516
f 920/494/507 921/493/503 1146/493/503 1149/494/507
f 1059/538/517 1060/537/516 1170/537/516 1171/538/517
f 965/632/518 966/631/504 1261/631/504 1264/632/518
f 1004/593/519 1005/592/520 1216/592/520 1208/593/519
f 992/605/521 993/604/515 1204/604/515 1206/605/521
f 963/634/505 964/633/522 1265/633/522 1262/634/505
f 945/469/523 946/468/523 947/467/523 948/466/523 949/465/523 950/464/523 1174/464/523 1151/465/523 1147/466/523 1144/467/523 1141/468/523 1137/469/523 1131/470/435 944/470/435
f 964/633/522 965/632/518 1264/632/518 1265/633/522
f 991/606/524 992/605/521 1206/605/521 1207/606/524
f 1083/514/525 1084/513/526 1107/513/526 1108/514/525
f 1003/594/500 1004/593/519 1208/593/519 1202/594/500
f 1058/539/527 1059/538/517 1171/538/517 1172/539/527
f 952/462/528 953/461/529 1215/461/529 1205/462/528
f 1082/515/530 1083/514/525 1108/514/525 1109/515/530
f 990/607/531 991/606/524 1207/606/524 1209/607/531
f 1057/540/532 1058/539/527 1172/539/527 1173/540/532
f 1005/592/520 1006/591/457 1238/591/457 1216/592/520
f 1036/561/533 1037/560/534 1227/560/534 1230/561/533 1233/562/533 1237/563/535 1034/563/535 1035/562/533
f 989/608/438 990/607/531 1209/607/531 1210/608/438
f 1057/540/532 1173/540/532 1175/541/536 1056/541/536
f 934/480/512 935/479/537 1119/479/537 1123/480/512
f 1081/516/538 1082/515/530 1109/515/530 1111/516/538
f 954/460/539 955/459/454 1228/459/454 1221/460/539
f 1080/517/540 1081/516/538 1111/516/538 1112/517/540
f 1031/566/541 1032/565/441 1263/565/441 1268/566/541
f 1016/581/496 1017/580/430 1266/580/430 1260/581/496
f 1079/518/542 1080/517/540 1112/517/540 1114/518/542
f 977/620/543 978/619/543 979/618/543 980/617/544 1223/617/544 1224/618/543 1225/619/543 1226/620/543
f 1018/579/431 1019/578/545 1269/578/545 1267/579/431
f 972/625/492 973/624/546 974/623/546 975/622/546 976/621/546 977/620/546 1226/620/546 1231/621/546 1232/622/546 1234/623/546 1236/624/546 1239/625/492
f 937/477/547 938/476/548 1116/476/548 1115/477/547
f 1038/559/549 1039/558/510 1203/558/510 1212/559/549
f 1030/567/550 1031/566/541 1268/566/541 1270/567/550
f 936/478/551 937/477/547 1115/477/547 1117/478/551
f 987/610/552 988/609/437 1211/609/437 1213/610/552
f 1019/578/545 1020/577/445 1271/577/445 1269/578/545
f 984/613/553 985/612/554 1217/612/554 1218/613/553
f 982/615/555 983/614/555 984/613/553 1218/613/553 1219/614/555 1220/615/555 1222/616/555 1223/617/544 980/617/544 981/616/555
f 986/611/556 987/610/552 1213/610/552 1214/611/556
f 1055/542/557 1056/541/536 1175/541/536 1176/542/557
f 938/476/548 939/475/558 1118/475/558 1116/476/548
f 1054/543/559 1055/542/557 1176/542/557 1177/543/559
f 1072/525/560 1073/524/560 1074/523/560 1075/522/560 1076/521/560 1077/520/560 1078/519/561 1121/519/561 1128/520/560 1134/521/560 1139/522/560 1154/523/560 1156/524/560 1157/525/560 1158/526/560 1159/527/440 1070/527/440 1071/526/560
f 1034/563/535 1237/563/535 1243/564/442 1033/564/442
f 939/475/558 940/474/562 1120/474/562 1118/475/558
f 1029/568/563 1030/567/550 1270/567/550 1272/568/563
f 985/612/554 986/611/556 1214/611/556 1217/612/554
f 1053/544/564 1054/543/559 1177/543/559 1179/544/564
f 1084/513/526 1085/512/565 1086/511/565 1087/510/497 1102/510/497 1104/511/565 1106/512/565 1107/513/526
f 1044/553/436 1188/553/436 1189/554/459 1043/554/459
f 927/487/566 928/486/566 929/485/567 1132/485/567 1133/486/566 1136/487/566 1138/488/465 926/488/465
f 1052/545/568 1053/544/564 1179/544/564 1180/545/568
f 1021/576/446 1022/575/569 1274/575/569 1273/576/446
f 1078/519/561 1079/518/542 1114/518/542 1121/519/561
f 1051/546/570 1052/545/568 1180/545/568 1181/546/570
f 940/474/562 941/473/571 1122/473/571 1120/474/562
f 1028/569/572 1029/568/563 1272/568/563 1275/569/572
f 913/499/573 914/498/573 915/497/573 916/456/573 1162/456/573 1153/497/573 1148/498/573 1135/499/573 1113/500/573 1110/501/574 911/501/574 912/500/573
f 1050/547/575 1051/546/570 1181/546/570 1182/547/575
f 1022/575/569 1023/574/576 1276/574/576 1274/575/569
f 1049/548/577 1050/547/575 1182/547/575 1183/548/577
f 1023/574/576 1024/573/578 1277/573/578 1276/574/576
f 953/461/529 954/460/539 1221/460/539 1215/461/529
f 1064/533/502 1065/532/487 1165/532/487 1166/533/502
f 1024/573/578 1025/572/579 1278/572/579 1277/573/578
f 929/485/567 930/484/513 1130/484/513 1132/485/567
f 941/473/571 942/472/580 1125/472/580 1122/473/571
f 1027/570/581 1028/569/572 1275/569/572 1279/570/581
f 1038/559/549 1212/559/549 1227/560/534 1037/560/534
f 1025/572/579 1026/571/582 1280/571/582 1278/572/579
f 1026/571/582 1027/570/581 1279/570/581 1280/571/582
f 1095/502/509 911/501/574 1110/501/574 1105/502/509
f 935/479/537 936/478/551 1117/478/551 1119/479/537
f 951/463/583 952/462/528 1205/462/528 1178/463/583
f 942/472/580 943/471/434 1129/471/434 1125/472/580
f 950/464/584 951/463/584 1178/463/584 1174/464/584
f 1049/548/577 1183/548/577 1184/549/585 1048/549/585
f 1047/550/586 1048/549/585 1184/549/585 1185/550/586
f 958/639/450 959/638/447 1241/638/447 1240/639/450
f 1046/551/587 1047/550/587 1185/550/587 1186/551/587
o Curve.004
v 59.005112 29.880493 -20.130430
v 59.005112 29.736927 -19.765982
v 59.005112 29.594067 -19.480434
v 59.005112 29.521139 -19.365488
v 59.005112 29.446276 -19.268152
v 59.005112 29.368771 -19.187725
v 59.005112 29.287920 -19.123499
v 59.005112 29.203018 -19.074772
v 59.005112 29.113363 -19.040840
v 59.005112 29.018250 -19.020996
v 59.005112 28.916973 -19.014540
v 59.005112 28.726217 -19.027748
v 59.005112 28.649946 -19.043667
v 59.005112 28.586880 -19.065262
v 59.005112 28.537371 -19.092144
v 59.005112 28.501772 -19.123911
v 59.005112 28.480438 -19.160170
v 59.005112 28.473717 -19.200523
v 59.005112 28.481964 -19.244576
v 59.005112 28.505529 -19.291929
v 59.005112 28.544765 -19.342190
v 59.005112 28.687965 -19.471924
v 59.005112 28.747818 -19.538321
v 59.005112 28.777912 -19.594677
v 59.005112 28.776577 -19.641525
v 59.005112 28.742140 -19.679390
v 59.005112 28.672924 -19.708801
v 59.005112 28.567261 -19.730288
v 59.005112 28.423475 -19.744377
v 59.005112 28.014847 -19.752480
v 59.005112 25.890713 -19.760815
v 59.005112 25.297434 -19.845119
v 59.005112 24.835159 -19.975918
v 59.005112 24.656012 -20.058311
v 59.005112 24.513046 -20.151802
v 59.005112 24.407412 -20.256212
v 59.005112 24.340252 -20.371365
v 59.005112 24.282791 -20.566387
v 59.005112 24.273495 -20.644392
v 59.005112 24.277802 -20.709982
v 59.005112 24.296196 -20.763596
v 59.005112 24.329159 -20.805674
v 59.005112 24.377178 -20.836655
v 59.005112 24.440737 -20.856981
v 59.005112 24.520319 -20.867094
v 59.005112 24.616407 -20.867432
v 59.005112 25.204287 -20.799213
v 59.005112 25.488306 -20.801561
v 59.005112 25.607405 -20.818895
v 59.005112 25.711050 -20.846884
v 59.005112 25.799114 -20.885439
v 59.005112 25.871460 -20.934473
v 59.005112 25.927961 -20.993898
v 59.005112 25.968483 -21.063627
v 59.005112 25.992891 -21.143570
v 59.005112 26.001057 -21.233641
v 59.005112 26.002085 -21.277172
v 59.005112 26.005049 -21.318766
v 59.005112 26.009773 -21.358068
v 59.005112 26.023802 -21.428398
v 59.005112 26.042759 -21.485344
v 59.005112 26.053646 -21.507917
v 59.005112 26.065239 -21.526087
v 59.005112 26.077360 -21.539501
v 59.005112 26.089832 -21.547808
v 59.005112 26.119333 -21.553751
v 59.005112 26.137991 -21.562748
v 59.005112 26.158144 -21.577206
v 59.005112 26.201710 -21.620735
v 59.005112 26.247564 -21.680822
v 59.005112 26.293243 -21.753941
v 59.005112 26.336281 -21.836571
v 59.005112 26.399237 -21.976570
v 59.005112 26.415070 -22.016073
v 59.005112 26.434761 -22.078081
v 59.005112 26.438444 -22.100677
v 59.005112 26.437902 -22.117723
v 59.005112 26.433044 -22.129267
v 59.005112 26.423786 -22.135351
v 59.005112 26.410036 -22.136019
v 59.005112 26.391710 -22.131315
v 59.005112 26.351797 -22.112234
v 59.005112 26.339018 -22.110188
v 59.005112 26.330286 -22.114744
v 59.005112 26.325518 -22.125509
v 59.005112 26.324623 -22.142086
v 59.005112 26.327513 -22.164078
v 59.005112 26.344299 -22.222725
v 59.005112 26.419428 -22.387573
v 59.005112 26.637587 -22.737574
v 59.005112 26.893734 -23.026592
v 59.005112 27.179903 -23.254410
v 59.005112 27.488127 -23.420805
v 59.005112 27.810438 -23.525560
v 59.005112 28.138868 -23.568453
v 59.005112 28.465448 -23.549263
v 59.005112 28.782211 -23.467772
v 59.005112 29.081192 -23.323757
v 59.005112 29.354420 -23.117002
v 59.005112 29.593927 -22.847284
v 59.005112 29.791748 -22.514381
v 59.005112 29.921579 -22.172241
v 59.005112 30.006334 -21.780785
v 59.005112 30.045307 -21.360447
v 59.005112 30.037794 -20.931656
v 59.005112 29.983091 -20.514841
v 59.005112 29.170532 -22.362213
v 59.005112 29.109276 -22.484594
v 59.005112 29.028082 -22.579367
v 59.005112 28.928661 -22.646931
v 59.005112 28.812733 -22.687679
v 59.005112 28.682014 -22.702011
v 59.005112 28.538221 -22.690321
v 59.005112 28.383072 -22.653008
v 59.005112 28.218281 -22.590462
v 59.005112 28.045567 -22.503086
v 59.005112 27.866646 -22.391272
v 59.005112 27.274818 -21.905933
v 59.005112 27.160851 -21.831039
v 59.005112 27.129786 -21.814177
v 59.005112 27.103212 -21.801804
v 59.005112 27.081745 -21.794186
v 59.005112 27.066000 -21.791588
v 59.005112 27.053095 -21.792938
v 59.005112 27.039883 -21.790766
v 59.005112 27.026581 -21.785248
v 59.005112 27.013411 -21.776558
v 59.005112 27.000593 -21.764875
v 59.005112 26.988348 -21.750376
v 59.005112 26.976896 -21.733232
v 59.005112 26.966455 -21.713625
v 59.005112 26.949493 -21.667717
v 59.005112 26.934248 -21.587193
v 59.005112 26.925838 -21.557642
v 59.005112 26.899778 -21.492420
v 59.005112 26.863153 -21.422266
v 59.005112 26.818077 -21.351055
v 59.005112 26.793030 -21.316263
v 59.005112 26.766661 -21.282661
v 59.005112 26.586185 -21.090118
v 59.005112 26.523823 -21.003410
v 59.005112 26.515276 -20.987896
v 59.005112 26.509985 -20.975729
v 59.005112 26.508173 -20.967348
v 59.005112 26.520323 -20.958374
v 59.005112 26.555716 -20.950500
v 59.005112 26.898018 -20.930893
v 59.005112 27.658691 -20.936434
v 59.005112 27.839352 -20.941990
v 59.005112 28.083960 -20.948902
v 59.005112 28.785938 -20.992403
v 59.005112 28.995712 -21.027363
v 59.005112 29.071457 -21.049068
v 59.005112 29.130121 -21.073946
v 59.005112 29.173466 -21.102257
v 59.005112 29.203255 -21.134266
v 59.005112 29.221243 -21.170238
v 59.005112 29.257105 -21.364204
v 59.005112 29.276709 -21.785248
v 59.005112 29.259747 -21.994007
v 59.005112 29.224470 -22.189383
v 59.677692 30.037794 -20.931656
v 59.677692 30.045307 -21.360447
v 59.677692 30.006334 -21.780785
v 59.677692 29.983091 -20.514841
v 59.677692 29.921579 -22.172241
v 59.677692 29.880493 -20.130430
v 59.677692 29.791748 -22.514381
v 59.677692 29.736927 -19.765982
v 59.677692 29.593927 -22.847284
v 59.677692 29.594067 -19.480434
v 59.677692 29.521139 -19.365488
v 59.677692 29.354420 -23.117002
v 59.677692 29.446276 -19.268152
v 59.677692 29.368771 -19.187725
v 59.677692 29.287920 -19.123499
v 59.677692 29.276709 -21.785248
v 59.677692 29.259747 -21.994007
v 59.677692 29.081192 -23.323757
v 59.677692 29.203018 -19.074772
v 59.677692 29.257105 -21.364204
v 59.677692 29.224470 -22.189383
v 59.677692 29.221243 -21.170238
v 59.677692 29.203255 -21.134266
v 59.677692 29.173466 -21.102257
v 59.677692 29.113363 -19.040840
v 59.677692 29.170532 -22.362213
v 59.677692 29.130121 -21.073946
v 59.677692 29.109276 -22.484594
v 59.677692 29.071457 -21.049068
v 59.677692 29.018250 -19.020996
v 59.677692 29.028082 -22.579367
v 59.677692 28.782211 -23.467772
v 59.677692 28.995712 -21.027363
v 59.677692 28.928661 -22.646931
v 59.677692 28.916973 -19.014540
v 59.677692 28.812733 -22.687679
v 59.677692 28.785938 -20.992403
v 59.677692 28.726217 -19.027748
v 59.677692 28.777912 -19.594677
v 59.677692 28.682014 -22.702011
v 59.677692 28.776577 -19.641525
v 59.677692 28.465448 -23.549263
v 59.677692 28.747818 -19.538321
v 59.677692 28.742140 -19.679390
v 59.677692 28.687965 -19.471924
v 59.677692 28.672924 -19.708801
v 59.677692 28.649946 -19.043667
v 59.677692 28.538221 -22.690321
v 59.677692 28.567261 -19.730288
v 59.677692 28.586880 -19.065262
v 59.677692 28.544765 -19.342190
v 59.677692 28.537371 -19.092144
v 59.677692 28.423475 -19.744377
v 59.677692 28.505529 -19.291929
v 59.677692 28.383072 -22.653008
v 59.677692 28.501772 -19.123911
v 59.677692 28.481964 -19.244576
v 59.677692 28.480438 -19.160170
v 59.677692 28.473717 -19.200523
v 59.677692 28.138868 -23.568453
v 59.677692 28.218281 -22.590462
v 59.677692 28.045567 -22.503086
v 59.677692 27.810438 -23.525560
v 59.677692 27.866646 -22.391272
v 59.677692 27.488127 -23.420805
v 59.677692 27.179903 -23.254410
v 59.677692 27.274818 -21.905933
v 59.677692 26.893734 -23.026592
v 59.677692 27.129786 -21.814177
v 59.677692 27.103212 -21.801804
v 59.677692 27.081745 -21.794186
v 59.677692 27.066000 -21.791588
v 59.677692 27.053095 -21.792938
v 59.677692 27.039883 -21.790766
v 59.677692 27.026581 -21.785248
v 59.677692 27.013411 -21.776558
v 59.677692 26.898018 -20.930893
v 59.677692 27.000593 -21.764875
v 59.677692 26.988348 -21.750376
v 59.677692 26.976896 -21.733232
v 59.677692 26.966455 -21.713625
v 59.677692 26.949493 -21.667717
v 59.677692 26.934248 -21.587193
v 59.677692 26.925838 -21.557642
v 59.677692 26.899778 -21.492420
v 59.677692 26.637587 -22.737574
v 59.677692 26.863153 -21.422266
v 59.677692 26.818077 -21.351055
v 59.677692 26.793030 -21.316263
v 59.677692 26.766661 -21.282661
v 59.677692 26.631187 -21.142103
v 59.677692 26.419428 -22.387573
v 59.677692 26.555716 -20.950500
v 59.677692 26.586185 -21.090118
v 59.677692 26.520323 -20.958374
v 59.677692 26.523823 -21.003410
v 59.677692 26.515276 -20.987896
v 59.677692 26.508173 -20.967348
v 59.677692 26.509985 -20.975729
v 59.677692 26.437902 -22.117723
v 59.677692 26.438444 -22.100677
v 59.677692 26.434761 -22.078081
v 59.677692 26.433044 -22.129267
v 59.677692 26.423786 -22.135351
v 59.677692 26.415070 -22.016073
v 59.677692 26.410036 -22.136019
v 59.677692 26.399237 -21.976570
v 59.677692 26.391710 -22.131315
v 59.677692 26.351797 -22.112234
v 59.677692 26.344299 -22.222725
v 59.677692 26.336281 -21.836571
v 59.677692 26.339018 -22.110188
v 59.677692 26.330286 -22.114744
v 59.677692 26.327513 -22.164078
v 59.677692 26.325518 -22.125509
v 59.677692 26.324623 -22.142086
v 59.677692 26.293243 -21.753941
v 59.677692 26.247564 -21.680822
v 59.677692 25.890713 -19.760815
v 59.677692 26.201710 -21.620735
v 59.677692 26.158144 -21.577206
v 59.677692 26.137991 -21.562748
v 59.677692 26.119333 -21.553751
v 59.677692 26.089832 -21.547808
v 59.677692 26.077360 -21.539501
v 59.677692 26.065239 -21.526087
v 59.677692 26.053646 -21.507917
v 59.677692 26.042759 -21.485344
v 59.677692 26.023802 -21.428398
v 59.677692 26.001057 -21.233641
v 59.677692 26.009773 -21.358068
v 59.677692 26.005049 -21.318766
v 59.677692 26.002085 -21.277172
v 59.677692 25.992891 -21.143570
v 59.677692 25.968483 -21.063627
v 59.677692 25.927961 -20.993898
v 59.677692 25.871460 -20.934473
v 59.677692 25.799114 -20.885439
v 59.677692 25.711050 -20.846884
v 59.677692 25.607405 -20.818895
v 59.677692 25.488306 -20.801561
v 59.677692 25.297434 -19.845119
v 59.677692 25.204287 -20.799213
v 59.677692 24.835159 -19.975918
v 59.677692 24.656012 -20.058311
v 59.677692 24.616407 -20.867432
v 59.677692 24.513046 -20.151802
v 59.677692 24.520319 -20.867094
v 59.677692 24.440737 -20.856981
v 59.677692 24.407412 -20.256212
v 59.677692 24.377178 -20.836655
v 59.677692 24.340252 -20.371365
v 59.677692 24.329159 -20.805674
v 59.677692 24.296196 -20.763596
v 59.677692 24.282791 -20.566387
v 59.677692 24.277802 -20.709982
v 59.677692 24.273495 -20.644392
vn 1.0000 -0.0000 -0.0000
vn -1.0000 -0.0000 -0.0000
vn -0.0000 0.9465 0.3228
vn -0.0000 0.9087 0.4174
vn -0.0000 0.7990 0.6013
vn -0.0000 0.8582 0.5134
vn -0.0000 0.8705 0.4922
vn -0.0000 0.8194 0.5733
vn -0.0000 0.8226 0.5686
vn 0.0010 0.7782 0.6280
vn -0.0000 0.8562 0.5167
vn -0.0000 0.9124 0.4092
vn -0.0000 -0.4020 0.9157
vn -0.0000 -0.5753 0.8179
vn -0.0000 -0.3461 0.9382
vn -0.0000 -0.4839 0.8751
vn -0.0000 0.6789 -0.7343
vn -0.0000 0.8073 -0.5901
vn -0.0000 0.9007 -0.4344
vn -0.0000 0.9588 -0.2840
vn -0.0000 -0.1486 0.9889
vn -0.0020 -0.0521 0.9986
vn -0.0000 0.7575 0.6528
vn -0.0000 -0.9969 -0.0785
vn -0.0000 -0.9905 -0.1373
vn -0.0000 -0.9825 -0.1863
vn -0.0000 -0.7080 -0.7062
vn -0.0000 -0.7325 -0.6807
vn -0.0000 0.6725 0.7401
vn -0.0000 -0.6283 0.7780
vn -0.0000 -0.8460 -0.5331
vn -0.0000 0.9883 -0.1522
vn -0.0000 0.1579 0.9875
vn -0.0000 0.2949 0.9555
vn -0.0000 0.5615 0.8275
vn -0.0000 -0.0649 -0.9979
vn -0.0000 0.0560 -0.9984
vn -0.0000 0.9499 0.3127
vn -0.0000 0.9133 0.4074
vn -0.0000 -0.7731 0.6342
vn -0.0000 -0.2162 -0.9763
vn -0.0000 -0.7902 0.6128
vn -0.0000 0.2978 0.9546
vn -0.0000 0.1582 0.9874
vn -0.0000 -0.9482 -0.3178
vn -0.0000 0.9732 0.2301
vn -0.0000 -0.9399 0.3414
vn -0.0000 -0.4271 -0.9042
vn 0.0018 0.5347 0.8451
vn 0.0009 0.4794 0.8776
vn 0.0009 0.5855 0.8107
vn -0.0000 0.9973 0.0739
vn -0.0000 0.9809 0.1944
vn -0.0000 -0.9182 0.3961
vn -0.0000 -0.4627 0.8865
vn -0.0000 -0.9999 -0.0100
vn -0.0000 0.5213 -0.8534
vn -0.0000 -0.6740 -0.7387
vn -0.0000 0.9636 0.2672
vn -0.0000 -0.9999 0.0173
vn -0.0000 -0.9916 0.1295
vn -0.0000 0.4272 0.9041
vn -0.0000 -0.9934 -0.1144
vn -0.0000 -0.0356 -0.9994
vn -0.0000 0.1546 -0.9880
vn -0.0000 -0.9143 0.4050
vn -0.0000 -0.9724 0.2333
vn -0.0000 -0.8788 -0.4772
vn -0.0000 0.4037 0.9149
vn -0.0000 -0.9993 -0.0384
vn -0.0000 -0.8013 -0.5982
vn -0.0000 -0.6882 -0.7255
vn -0.0000 -0.9791 -0.2033
vn -0.0000 -0.9805 -0.1967
vn -0.0000 -0.9712 0.2383
vn -0.0000 -0.7526 -0.6585
vn -0.0000 -0.8224 -0.5689
vn -0.0000 -0.9796 0.2012
vn -0.0000 -0.9996 0.0265
vn -0.0000 -0.2069 0.9784
vn -0.0000 0.4912 0.8711
vn -0.0091 -0.0987 -0.9951
vn -0.0091 0.0123 -0.9999
vn -0.0181 -0.0326 -0.9993
vn -0.0000 -0.2202 -0.9754
vn -0.0020 -0.0738 0.9973
vn -0.0000 0.5832 0.8123
vn -0.0000 -0.9383 -0.3459
vn -0.0000 -0.8812 -0.4728
vn -0.0000 -0.8216 -0.5701
vn -0.0000 -0.9482 -0.3177
vn 0.0010 0.7723 0.6352
vn -0.0000 0.8454 0.5342
vn -0.0000 -0.6442 -0.7649
vn -0.0000 0.2800 0.9600
vn -0.0000 -0.5105 -0.8599
vn -0.0000 -0.6470 -0.7625
vn -0.0000 -0.9319 -0.3628
vn -0.0000 -0.9726 -0.2324
vn -0.0000 -0.3937 -0.9192
vn -0.0000 -0.3184 -0.9479
vn -0.0000 -0.0027 1.0000
vn -0.0000 -0.1370 0.9906
vn -0.0000 -0.4705 -0.8824
vn 0.0020 0.7296 0.6839
vn -0.0000 -0.9274 0.3740
vn -0.0000 -0.8330 0.5532
vn -0.0000 -0.3336 -0.9427
vn -0.0000 -0.6532 -0.7572
vn -0.0000 -0.3831 -0.9237
vn -0.0041 -0.0065 1.0000
vn -0.0000 0.1343 0.9909
vn -0.0000 -0.7953 -0.6062
vn -0.0000 -0.6666 0.7454
vn -0.0000 -0.5511 -0.8344
vn -0.0000 -0.8734 -0.4870
vn -0.0000 0.3432 -0.9393
vn -0.0000 -0.9266 -0.3759
vn -0.0000 0.1376 -0.9905
vn -0.0000 -0.2203 -0.9754
vn -0.0000 -0.4506 0.8927
vn -0.0000 0.4146 -0.9100
vn -0.0000 -0.2217 0.9751
vn -0.0000 0.0536 -0.9986
vn -0.0000 -0.0763 -0.9971
vn -0.0000 0.8974 0.4411
vn -0.0000 -0.9666 -0.2562
vn -0.0000 0.5941 -0.8044
vn -0.0000 0.9519 0.3065
vn -0.0000 -0.9166 -0.3999
vn -0.0000 -0.0140 0.9999
vn -0.0000 -0.8001 -0.5998
vn -0.0000 0.9774 0.2114
vn -0.0000 -0.9734 -0.2289
vn -0.0000 -0.9996 0.0285
vn -0.0000 -0.6466 -0.7628
vn -0.0000 0.9993 -0.0375
vn -0.0000 -0.9979 -0.0648
vn -0.0000 -0.9770 0.2134
vn -0.0000 0.3787 0.9255
vn -0.0000 -0.9068 -0.4215
vn -0.0000 -0.8791 -0.4765
vn -0.0000 -0.4831 -0.8756
vn -0.0000 0.2496 0.9684
vn -0.0000 -0.9217 0.3878
vn -0.0000 -0.8185 -0.5745
vn -0.0000 -0.3318 -0.9433
vn -0.0000 0.0297 0.9996
vn -0.0000 -0.7398 0.6728
vn -0.0000 -0.5788 0.8155
vn -0.0000 -0.2027 -0.9792
vn -0.0000 0.0294 0.9996
vn -0.0000 -0.5491 0.8357
vn -0.0000 0.2745 0.9616
vn -0.0000 -0.2967 0.9550
vn -0.0000 0.4691 0.8832
vn -0.0000 -0.2646 0.9643
vn -0.0000 -0.0485 0.9988
vn -0.0000 0.1012 0.9949
vn -0.0000 0.3416 0.9399
vn -0.0000 0.6140 0.7893
vn -0.0000 0.7204 0.6936
vt 0.355649 0.000000
vt 0.359833 0.000000
vt 0.364017 0.000000
vt 0.372385 0.000000
vt 0.380753 0.000000
vt 0.389121 0.000000
vt 0.397490 0.000000
vt 0.410042 0.000000
vt 0.414226 0.000000
vt 0.422594 0.000000
vt 0.426778 0.000000
vt 0.430962 0.000000
vt 0.435146 0.000000
vt 0.439331 0.000000
vt 0.443515 0.000000
vt 0.447699 0.000000
vt 0.456067 0.000000
vt 0.460251 0.000000
vt 0.464435 0.000000
vt 0.468619 0.000000
vt 0.472803 0.000000
vt 0.476987 0.000000
vt 0.485356 0.000000
vt 0.502092 0.000000
vt 0.841004 0.000000
vt 0.845188 0.000000
vt 0.849372 0.000000
vt 0.853557 0.000000
vt 0.857741 0.000000
vt 0.861925 0.000000
vt 0.878661 0.000000
vt 0.924686 0.000000
vt 0.933054 0.000000
vt 0.937239 0.000000
vt 0.941423 0.000000
vt 0.945607 0.000000
vt 0.949791 0.000000
vt 0.953975 0.000000
vt 0.962343 0.000000
vt 0.979079 0.000000
vt 0.987448 0.000000
vt 0.995816 0.000000
vt 0.602510 0.000000
vt 0.606695 0.000000
vt 0.610879 0.000000
vt 0.615063 0.000000
vt 0.619247 0.000000
vt 0.623431 0.000000
vt 0.627615 0.000000
vt 0.631799 0.000000
vt 0.635983 0.000000
vt 0.640167 0.000000
vt 0.644351 0.000000
vt 0.673640 0.000000
vt 0.690377 0.000000
vt 0.694561 0.000000
vt 0.698745 0.000000
vt 0.702929 0.000000
vt 0.707113 0.000000
vt 0.711297 0.000000
vt 0.715481 0.000000
vt 0.719665 0.000000
vt 0.723849 0.000000
vt 0.728033 0.000000
vt 0.732218 0.000000
vt 0.736402 0.000000
vt 0.744770 0.000000
vt 0.757322 0.000000
vt 0.761506 0.000000
vt 0.769874 0.000000
vt 0.778243 0.000000
vt 0.786611 0.000000
vt 0.790795 0.000000
vt 0.794979 0.000000
vt 0.815900 0.000000
vt 0.506276 0.000000
vt 0.510460 0.000000
vt 0.514644 0.000000
vt 0.518828 0.000000
vt 0.523013 0.000000
vt 0.527197 0.000000
vt 0.531381 0.000000
vt 0.535565 0.000000
vt 0.539749 0.000000
vt 0.543933 0.000000
vt 0.548117 0.000000
vt 0.552301 0.000000
vt 0.560669 0.000000
vt 0.569038 0.000000
vt 0.577406 0.000000
vt 0.585774 0.000000
vt 0.594142 0.000000
vt 0.000000 0.000000
vt 0.008368 0.000000
vt 0.016736 0.000000
vt 0.020921 0.000000
vt 0.025105 0.000000
vt 0.029289 0.000000
vt 0.033473 0.000000
vt 0.037657 0.000000
vt 0.041841 0.000000
vt 0.046025 0.000000
vt 0.050209 0.000000
vt 0.058577 0.000000
vt 0.062762 0.000000
vt 0.066946 0.000000
vt 0.071130 0.000000
vt 0.075314 0.000000
vt 0.079498 0.000000
vt 0.083682 0.000000
vt 0.087866 0.000000
vt 0.092050 0.000000
vt 0.096234 0.000000
vt 0.104603 0.000000
vt 0.108787 0.000000
vt 0.112971 0.000000
vt 0.117155 0.000000
vt 0.121339 0.000000
vt 0.125523 0.000000
vt 0.129707 0.000000
vt 0.133891 0.000000
vt 0.167364 0.000000
vt 0.175732 0.000000
vt 0.184100 0.000000
vt 0.188285 0.000000
vt 0.192469 0.000000
vt 0.196653 0.000000
vt 0.200837 0.000000
vt 0.209205 0.000000
vt 0.213389 0.000000
vt 0.217573 0.000000
vt 0.221757 0.000000
vt 0.225941 0.000000
vt 0.230126 0.000000
vt 0.234310 0.000000
vt 0.238494 0.000000
vt 0.242678 0.000000
vt 0.259414 0.000000
vt 0.267782 0.000000
vt 0.271967 0.000000
vt 0.276151 0.000000
vt 0.280335 0.000000
vt 0.284519 0.000000
vt 0.288703 0.000000
vt 0.292887 0.000000
vt 0.297071 0.000000
vt 0.301255 0.000000
vt 0.305439 0.000000
vt 0.309623 0.000000
vt 0.313808 0.000000
vt 0.322176 0.000000
vt 0.330544 0.000000
vt 0.334728 0.000000
vt 0.338912 0.000000
vt 0.343096 0.000000
vt 0.347280 0.000000
vt 0.686192 0.000000
vt 0.907950 0.000000
vt 0.903766 0.000000
vt 0.142259 0.000000
vt 0.899582 0.000000
vt 0.824268 0.000000
s 1
f 1564/641/588 1563/642/588 1562/643/588 1561/644/588 1559/645/588 1558/646/588 1552/647/588 1548/648/588 1546/649/588 1543/650/588 1542/651/588 1541/652/588 1544/653/588 1545/654/588 1547/655/588 1549/656/588 1550/657/588 1553/658/588 1554/659/588 1556/660/588 1557/661/588 1555/662/588 1551/663/588 1533/664/588 1537/665/588 1538/666/588 1540/667/588 1539/668/588 1536/669/588 1534/670/588 1518/671/588 1478/672/588 1474/673/588 1470/674/588 1468/675/588 1465/676/588 1464/677/588 1463/678/588 1461/679/588 1457/680/588 1458/681/588 1462/682/588 1467/683/588 1469/684/588 1472/685/588 1475/686/588 1477/687/588 1481/688/588 1489/689/588 1496/690/588 1502/691/588 1503/692/588 1505/693/588 1508/694/588 1510/695/588 1511/696/588 1512/697/588 1513/698/588 1514/699/588 1515/700/588 1516/701/588 1517/702/588 1519/703/588 1520/704/588 1521/705/588 1522/706/588 1523/707/588 1524/708/588 1525/709/588 1526/710/588 1528/711/588 1529/712/588 1530/713/588 1531/714/588 1532/715/588 1527/716/588 1509/717/588 1507/718/588 1506/719/588 1504/720/588 1501/721/588 1483/722/588 1473/723/588 1459/724/588 1453/725/588 1450/726/588 1448/727/588 1446/728/588 1444/729/588 1443/730/588 1442/731/588 1445/732/588 1447/733/588 1449/734/588 1451/735/588 1452/736/588 1454/737/588 1455/738/588 1456/739/588 1460/740/588 1466/741/588 1471/742/588 1476/743/588 1479/744/588 1488/745/588 1491/746/588 1493/747/588 1497/748/588 1499/749/588 1500/750/588 1498/751/588 1495/752/588 1492/753/588 1486/754/588 1484/755/588 1480/756/588 1482/757/588 1485/758/588 1487/759/588 1490/760/588 1494/761/588 1560/762/588 1583/763/588 1585/764/588 1586/765/588 1588/766/588 1591/767/588 1593/768/588 1596/769/588 1598/770/588 1597/771/588 1595/772/588 1594/773/588 1592/774/588 1590/775/588 1589/776/588 1587/777/588 1584/778/588 1582/779/588 1581/780/588 1580/781/588 1579/782/588 1578/783/588 1577/784/588 1576/785/588 1575/786/588 1571/787/588 1574/788/588 1573/789/588 1572/790/588 1570/791/588 1569/792/588 1568/793/588 1567/794/588 1566/795/588 1565/796/588
f 1384/730/589 1383/729/589 1382/728/589 1381/727/589 1380/726/589 1379/725/589 1378/724/589 1377/723/589 1376/722/589 1375/721/589 1374/720/589 1373/719/589 1372/718/589 1399/797/589 1398/694/589 1397/693/589 1396/692/589 1395/691/589 1394/690/589 1393/689/589 1392/688/589 1391/687/589 1390/686/589 1389/685/589 1388/684/589 1387/683/589 1441/682/589 1440/681/589 1439/680/589 1438/679/589 1437/678/589 1436/677/589 1435/676/589 1434/675/589 1433/674/589 1432/673/589 1431/672/589 1430/798/589 1429/799/589 1310/800/589 1309/761/589 1308/760/589 1307/759/589 1306/758/589 1305/757/589 1304/756/589 1303/755/589 1302/754/589 1301/753/589 1300/752/589 1299/751/589 1298/750/589 1297/749/589 1296/748/589 1295/747/589 1294/746/589 1293/745/589 1292/744/589 1291/743/589 1290/742/589 1289/741/589 1288/740/589 1287/739/589 1286/738/589 1285/737/589 1284/736/589 1283/735/589 1282/734/589 1281/733/589 1386/732/589 1385/731/589
f 1313/764/589 1312/763/589 1311/762/589 1310/800/589 1429/799/589 1428/801/589 1427/671/589 1426/670/589 1425/669/589 1424/668/589 1423/667/589 1422/666/589 1421/665/589 1420/802/589 1419/714/589 1418/713/589 1417/712/589 1416/711/589 1415/710/589 1414/709/589 1413/708/589 1412/707/589 1411/706/589 1410/705/589 1409/704/589 1408/703/589 1407/702/589 1406/701/589 1405/700/589 1404/699/589 1403/698/589 1402/697/589 1401/696/589 1400/695/589 1399/797/589 1372/718/589 1371/717/589 1370/716/589 1369/664/589 1368/663/589 1367/662/589 1366/661/589 1365/660/589 1364/659/589 1363/658/589 1362/657/589 1361/656/589 1360/655/589 1359/654/589 1358/653/589 1357/652/589 1356/651/589 1355/650/589 1354/649/589 1353/648/589 1352/647/589 1351/646/589 1350/645/589 1349/644/589 1348/643/589 1347/642/589 1346/641/589 1345/796/589 1344/795/589 1343/794/589 1342/793/589 1341/792/589 1340/791/589 1339/790/589 1338/789/589 1337/788/589 1336/787/589 1335/786/589 1334/785/589 1333/784/589 1332/783/589 1331/782/589 1330/781/589 1329/780/589 1328/779/589 1327/778/589 1326/777/589 1325/776/589 1324/775/589 1323/774/589 1322/773/589 1321/772/589 1320/771/589 1319/770/589 1318/769/589 1317/768/589 1316/767/589 1315/766/589 1314/765/589
f 1537/665/588 1533/664/588 1527/716/588 1532/715/588 1535/802/588
f 1414/709/590 1415/710/591 1526/710/591 1525/709/590
f 1409/704/592 1410/705/593 1521/705/593 1520/704/592
f 1283/735/594 1284/736/595 1452/736/595 1451/735/594
f 1418/713/596 1419/714/597 1531/714/597 1530/713/596 1529/712/596 1528/711/598 1416/711/598 1417/712/596
f 1410/705/593 1411/706/599 1522/706/599 1521/705/593
f 1294/746/600 1295/747/601 1493/747/601 1491/746/600
f 1313/764/602 1314/765/603 1586/765/603 1585/764/602
f 1379/725/604 1380/726/605 1450/726/605 1453/725/604
f 1381/727/606 1382/728/607 1446/728/607 1448/727/606
f 1308/760/608 1309/761/609 1494/761/609 1490/760/608
f 1284/736/595 1285/737/610 1454/737/610 1452/736/595
f 1337/788/611 1338/789/611 1339/790/612 1572/790/612 1573/789/611 1574/788/611 1571/787/611 1575/786/613 1335/786/613 1336/787/611
f 1302/754/614 1486/754/614 1492/753/615 1301/753/615
f 1285/737/610 1286/738/616 1455/738/616 1454/737/610
f 1314/765/603 1315/766/617 1588/766/617 1586/765/603
f 1300/752/618 1301/753/615 1492/753/615 1495/752/618
f 1382/728/607 1383/729/619 1444/729/619 1446/728/607
f 1393/689/620 1394/690/621 1496/690/621 1489/689/620
f 1286/738/616 1287/739/622 1456/739/622 1455/738/616
f 1325/776/623 1326/777/624 1587/777/624 1589/776/623
f 1281/733/625 1282/734/626 1449/734/626 1447/733/625
f 1295/747/601 1296/748/627 1497/748/627 1493/747/601
f 1324/775/628 1325/776/623 1589/776/623 1590/775/628
f 1315/766/617 1316/767/629 1591/767/629 1588/766/617
f 1362/657/630 1363/658/631 1553/658/631 1550/657/630
f 1299/751/632 1300/752/618 1495/752/618 1498/751/632
f 1413/708/633 1414/709/590 1525/709/590 1524/708/633
f 1296/748/627 1297/749/634 1499/749/634 1497/748/627
f 1323/774/635 1324/775/628 1590/775/628 1592/774/635
f 1399/797/636 1400/695/637 1510/695/637 1508/694/638 1398/694/638
f 1385/731/639 1386/732/640 1445/732/640 1442/731/639
f 1316/767/629 1317/768/641 1593/768/641 1591/767/629
f 1363/658/642 1364/659/642 1554/659/642 1553/658/642
f 1297/749/634 1298/750/643 1500/750/643 1499/749/634
f 1298/750/643 1299/751/632 1498/751/632 1500/750/643
f 1378/724/644 1379/725/604 1453/725/604 1459/724/644
f 1322/773/645 1323/774/635 1592/774/635 1594/773/645
f 1412/707/646 1413/708/633 1524/708/633 1523/707/646
f 1439/680/647 1440/681/648 1458/681/648 1457/680/647
f 1287/739/622 1288/740/649 1460/740/649 1456/739/622
f 1438/679/650 1439/680/647 1457/680/647 1461/679/650
f 1375/721/651 1376/722/652 1483/722/652 1501/721/651
f 1282/734/626 1283/735/594 1451/735/594 1449/734/626
f 1364/659/653 1365/660/654 1556/660/654 1554/659/653
f 1321/772/655 1322/773/645 1594/773/645 1595/772/655
f 1394/690/621 1395/691/656 1502/691/656 1496/690/621
f 1365/660/654 1366/661/657 1557/661/657 1556/660/654
f 1370/716/658 1371/717/659 1509/717/659 1527/716/658
f 1415/710/591 1416/711/598 1528/711/598 1526/710/591
f 1366/661/657 1367/662/660 1555/662/660 1557/661/657
f 1320/771/661 1321/772/655 1595/772/655 1597/771/661
f 1440/681/648 1441/682/662 1462/682/662 1458/681/648
f 1349/644/663 1350/645/664 1559/645/664 1561/644/663
f 1318/769/665 1319/770/666 1598/770/666 1596/769/665
f 1319/770/666 1320/771/661 1597/771/661 1598/770/666
f 1312/763/667 1313/764/602 1585/764/602 1583/763/667
f 1395/691/656 1396/692/668 1503/692/668 1502/691/656
f 1431/672/669 1478/672/669 1518/671/670 1427/671/670 1428/801/671 1429/799/671 1430/798/671
f 1374/720/672 1375/721/651 1501/721/651 1504/720/672
f 1311/762/673 1312/763/667 1583/763/667 1560/762/673
f 1396/692/668 1397/693/674 1505/693/674 1503/692/668
f 1368/663/675 1369/664/676 1533/664/676 1551/663/675
f 1436/677/677 1437/678/678 1463/678/678 1464/677/677
f 1411/706/599 1412/707/646 1523/707/646 1522/706/599
f 1420/802/679 1421/665/680 1537/665/680 1535/802/679
f 1435/676/681 1436/677/677 1464/677/677 1465/676/681
f 1437/678/678 1438/679/650 1461/679/650 1463/678/678
f 1288/740/649 1289/741/682 1466/741/682 1460/740/649
f 1347/642/683 1348/643/684 1562/643/684 1563/642/683
f 1354/649/685 1355/650/686 1543/650/686 1546/649/685
f 1373/719/687 1374/720/672 1504/720/672 1506/719/687
f 1346/641/688 1347/642/683 1563/642/683 1564/641/688
f 1291/743/689 1292/744/690 1479/744/690 1476/743/689
f 1434/675/691 1435/676/681 1465/676/681 1468/675/691
f 1317/768/641 1318/769/665 1596/769/665 1593/768/641
f 1419/714/597 1420/802/679 1535/802/679 1532/715/692 1531/714/597
f 1387/683/693 1388/684/694 1469/684/694 1467/683/693
f 1369/664/676 1370/716/658 1527/716/658 1533/664/676
f 1433/674/695 1434/675/691 1468/675/691 1470/674/695
f 1344/795/696 1345/796/697 1565/796/697 1566/795/696
f 1310/800/698 1311/762/673 1560/762/673 1494/761/609 1309/761/609
f 1289/741/682 1290/742/699 1471/742/699 1466/741/682
f 1343/794/700 1344/795/696 1566/795/696 1567/794/700
f 1388/684/694 1389/685/701 1472/685/701 1469/684/694
f 1386/732/640 1281/733/625 1447/733/625 1445/732/640
f 1372/718/702 1373/719/687 1506/719/687 1507/718/702
f 1342/793/703 1343/794/700 1567/794/700 1568/793/703
f 1377/723/704 1378/724/644 1459/724/644 1473/723/704
f 1341/792/705 1342/793/703 1568/793/703 1569/792/705
f 1427/671/670 1518/671/670 1534/670/706 1426/670/706
f 1432/673/707 1433/674/695 1470/674/695 1474/673/707
f 1367/662/660 1368/663/675 1551/663/675 1555/662/660
f 1389/685/701 1390/686/708 1475/686/708 1472/685/701
f 1290/742/699 1291/743/689 1476/743/689 1471/742/699
f 1441/682/662 1387/683/693 1467/683/693 1462/682/662
f 1425/669/709 1426/670/706 1534/670/706 1536/669/709
f 1390/686/708 1391/687/710 1477/687/710 1475/686/708
f 1327/778/711 1328/779/712 1582/779/712 1584/778/711
f 1421/665/680 1422/666/713 1538/666/713 1537/665/680
f 1339/790/612 1340/791/714 1570/791/714 1572/790/612
f 1424/668/715 1425/669/709 1536/669/709 1539/668/715
f 1422/666/713 1423/667/716 1540/667/716 1538/666/713
f 1431/672/669 1432/673/707 1474/673/707 1478/672/669
f 1334/785/717 1335/786/613 1575/786/613 1576/785/717
f 1391/687/710 1392/688/718 1481/688/718 1477/687/710
f 1371/717/659 1372/718/702 1507/718/702 1509/717/659
f 1333/784/719 1334/785/717 1576/785/717 1577/784/719
f 1423/667/716 1424/668/720 1539/668/720 1540/667/716
f 1304/756/721 1305/757/722 1482/757/722 1480/756/721
f 1332/783/723 1333/784/719 1577/784/719 1578/783/723
f 1384/730/724 1385/731/639 1442/731/639 1443/730/724
f 1345/796/697 1346/641/688 1564/641/688 1565/796/697
f 1356/651/725 1357/652/726 1541/652/726 1542/651/725
f 1400/695/637 1401/696/727 1511/696/727 1510/695/637
f 1376/722/652 1377/723/704 1473/723/704 1483/722/652
f 1352/647/728 1353/648/728 1354/649/685 1546/649/685 1548/648/728 1552/647/728 1558/646/729 1351/646/729
f 1331/782/730 1332/783/723 1578/783/723 1579/782/730
f 1355/650/686 1356/651/725 1542/651/725 1543/650/686
f 1401/696/727 1402/697/731 1512/697/731 1511/696/727
f 1340/791/714 1341/792/705 1569/792/705 1570/791/714
f 1357/652/726 1358/653/732 1544/653/732 1541/652/726
f 1303/755/733 1304/756/721 1480/756/721 1484/755/733
f 1330/781/734 1331/782/730 1579/782/730 1580/781/734
f 1402/697/731 1403/698/735 1513/698/735 1512/697/731
f 1305/757/736 1306/758/737 1485/758/737 1482/757/736
f 1329/780/738 1330/781/734 1580/781/734 1581/780/738
f 1397/693/674 1398/694/638 1508/694/638 1505/693/674
f 1403/698/735 1404/699/739 1514/699/739 1513/698/735
f 1358/653/740 1359/654/740 1545/654/740 1544/653/740
f 1302/754/614 1303/755/733 1484/755/733 1486/754/614
f 1328/779/712 1329/780/738 1581/780/738 1582/779/712
f 1404/699/739 1405/700/741 1515/700/741 1514/699/739
f 1306/758/737 1307/759/742 1487/759/742 1485/758/737
f 1405/700/741 1406/701/743 1516/701/743 1515/700/741
f 1292/744/690 1293/745/744 1488/745/744 1479/744/690
f 1359/654/745 1360/655/746 1547/655/746 1545/654/745
f 1361/656/747 1362/657/630 1550/657/630 1549/656/747
f 1406/701/743 1407/702/748 1517/702/748 1516/701/743
f 1392/688/718 1393/689/620 1489/689/620 1481/688/718
f 1348/643/684 1349/644/663 1561/644/663 1562/643/684
f 1350/645/664 1351/646/729 1558/646/729 1559/645/664
f 1407/702/748 1408/703/749 1519/703/749 1517/702/748
f 1307/759/742 1308/760/608 1490/760/608 1487/759/742
f 1360/655/746 1361/656/747 1549/656/747 1547/655/746
f 1380/726/605 1381/727/606 1448/727/606 1450/726/605
f 1327/778/711 1584/778/711 1587/777/624 1326/777/624
f 1293/745/744 1294/746/600 1491/746/600 1488/745/744
f 1383/729/619 1384/730/724 1443/730/724 1444/729/619
f 1408/703/749 1409/704/592 1520/704/592 1519/703/749
o Curve.005
v 59.005112 26.781143 9.871611
v 59.005112 26.083946 9.864552
v 59.005112 25.779192 9.851203
v 59.005112 25.504021 9.831250
v 59.005112 25.043478 9.771356
v 59.005112 24.704433 9.684514
v 59.005112 24.581131 9.630878
v 59.005112 24.522137 9.591846
v 59.005112 24.477888 9.545813
v 59.005112 24.447815 9.494761
v 59.005112 24.431345 9.440670
v 59.005112 24.427904 9.385523
v 59.005112 24.436920 9.331300
v 59.005112 24.457823 9.279984
v 59.005112 24.490038 9.233554
v 59.005112 24.532995 9.193993
v 59.005112 24.586121 9.163282
v 59.005112 24.648842 9.143403
v 59.005112 24.808540 9.130986
v 59.005112 24.826237 9.126473
v 59.005112 24.838123 9.120376
v 59.005112 24.844198 9.112560
v 59.005112 24.844461 9.102896
v 59.005112 24.838915 9.091249
v 59.005112 24.827559 9.077490
v 59.005112 24.810390 9.061485
v 59.005112 24.758621 9.022211
v 59.005112 24.747566 9.009031
v 59.005112 24.764198 8.994971
v 59.005112 24.807156 8.980206
v 59.005112 24.966581 8.949268
v 59.005112 27.781597 8.693455
v 59.005112 28.615461 8.511935
v 59.005112 28.765432 8.493986
v 59.005112 28.905233 8.490566
v 59.005112 29.035351 8.501764
v 59.005112 29.156267 8.527668
v 59.005112 29.268469 8.568367
v 59.005112 29.372437 8.623947
v 59.005112 29.468658 8.694497
v 59.005112 29.557617 8.780106
v 59.005112 29.639795 8.880860
v 59.005112 29.880493 9.302769
v 59.005112 29.921299 9.418281
v 59.005112 29.926979 9.512527
v 59.005112 29.891981 9.588280
v 59.005112 29.810764 9.648314
v 59.005112 29.677778 9.695404
v 59.005112 29.487478 9.732323
v 59.005112 29.234316 9.761845
v 59.005112 28.912746 9.786744
v 59.677692 29.926979 9.512527
v 59.677692 29.891981 9.588280
v 59.677692 29.921299 9.418281
v 59.677692 29.880493 9.302769
v 59.677692 29.810764 9.648314
v 59.677692 29.677778 9.695404
v 59.677692 29.639795 8.880860
v 59.677692 29.487478 9.732323
v 59.677692 29.557617 8.780106
v 59.677692 29.468658 8.694497
v 59.677692 29.234316 9.761845
v 59.677692 29.372437 8.623947
v 59.677692 29.268469 8.568367
v 59.677692 29.156267 8.527668
v 59.677692 28.912746 9.786744
v 59.677692 29.035351 8.501764
v 59.677692 28.905233 8.490566
v 59.677692 28.765432 8.493986
v 59.677692 28.615461 8.511935
v 59.677692 27.781597 8.693455
v 59.677692 26.781143 9.871611
v 59.677692 26.083946 9.864552
v 59.677692 25.779192 9.851203
v 59.677692 25.504021 9.831250
v 59.677692 25.043478 9.771356
v 59.677692 24.966581 8.949268
v 59.677692 24.844461 9.102896
v 59.677692 24.807156 8.980206
v 59.677692 24.704433 9.684514
v 59.677692 24.844198 9.112560
v 59.677692 24.838915 9.091249
v 59.677692 24.838123 9.120376
v 59.677692 24.827559 9.077490
v 59.677692 24.826237 9.126473
v 59.677692 24.810390 9.061485
v 59.677692 24.808540 9.130986
v 59.677692 24.764198 8.994971
v 59.677692 24.758621 9.022211
v 59.677692 24.747566 9.009031
v 59.677692 24.648842 9.143403
v 59.677692 24.581131 9.630878
v 59.677692 24.586121 9.163282
v 59.677692 24.532995 9.193993
v 59.677692 24.522137 9.591846
v 59.677692 24.490038 9.233554
v 59.677692 24.477888 9.545813
v 59.677692 24.457823 9.279984
v 59.677692 24.447815 9.494761
v 59.677692 24.436920 9.331300
v 59.677692 24.431345 9.440670
v 59.677692 24.427904 9.385523
vn -1.0000 -0.0000 -0.0000
vn 1.0000 -0.0000 -0.0000
vn -0.0000 -0.7967 0.6044
vn -0.0000 -0.9155 0.4022
vn -0.0000 0.4073 -0.9133
vn -0.0000 0.5327 -0.8463
vn -0.0000 0.9827 0.1852
vn -0.0000 0.7754 0.6315
vn -0.0000 -0.1519 -0.9884
vn -0.0000 -0.1407 -0.9901
vn -0.0000 -0.4938 -0.8696
vn -0.0000 -0.2584 -0.9660
vn -0.0000 0.2759 -0.9612
vn -0.0000 0.9094 -0.4160
vn -0.0000 0.8246 -0.5657
vn -0.0000 0.9801 -0.1986
vn -0.0000 -0.9622 -0.2723
vn -0.0000 -0.8792 -0.4765
vn -0.0000 -0.9840 0.1780
vn -0.0000 -0.0522 0.9986
vn -0.0000 -0.1889 0.9820
vn -0.0000 0.4692 0.8831
vn -0.0000 -0.9987 -0.0512
vn -0.0000 0.1479 -0.9890
vn -0.0000 -0.6896 0.7242
vn -0.0000 -0.7661 0.6427
vn -0.0000 0.0248 0.9997
vn -0.0000 0.1080 0.9941
vn -0.0000 -0.6456 -0.7637
vn -0.0000 0.0307 -0.9995
vn -0.0000 0.2628 0.9648
vn -0.0000 -0.9996 -0.0273
vn -0.0000 -0.9783 0.2071
vn -0.0000 -0.8434 0.5373
vn -0.0000 -0.1629 -0.9866
vn -0.0000 -0.1911 -0.9816
vn -0.0000 -0.0717 -0.9974
vn -0.0000 -0.3245 0.9459
vn -0.0000 -0.4771 0.8788
vn -0.0000 -0.6381 -0.7699
vn -0.0000 -0.7895 -0.6137
vn -0.0000 -0.1660 -0.9861
vn -0.0000 -0.7281 0.6855
vn -0.0000 -0.4037 -0.9149
vn -0.0000 -0.5925 -0.8055
vn -0.0000 -0.3540 -0.9352
vn -0.0000 -0.6403 0.7682
vn -0.0000 0.7355 -0.6775
vn -0.0000 -0.6440 0.7650
vn -0.0000 0.6438 -0.7652
vn -0.0000 -0.7541 -0.6568
vt 0.746988 0.000000
vt 0.674699 0.000000
vt 0.493976 0.000000
vt 0.469880 0.000000
vt 0.457831 0.000000
vt 0.445783 0.000000
vt 0.433735 0.000000
vt 0.409639 0.000000
vt 0.397590 0.000000
vt 0.385542 0.000000
vt 0.373494 0.000000
vt 0.361446 0.000000
vt 0.349398 0.000000
vt 0.337349 0.000000
vt 0.325301 0.000000
vt 0.277108 0.000000
vt 0.265060 0.000000
vt 0.253012 0.000000
vt 0.240964 0.000000
vt 0.228916 0.000000
vt 0.216867 0.000000
vt 0.204819 0.000000
vt 0.192771 0.000000
vt 0.180723 0.000000
vt 0.168675 0.000000
vt 0.156627 0.000000
vt 0.144578 0.000000
vt 0.132530 0.000000
vt 0.108434 0.000000
vt 0.084337 0.000000
vt 0.072289 0.000000
vt 0.060241 0.000000
vt 0.036145 0.000000
vt 0.987952 0.000000
vt 0.975904 0.000000
vt 0.963855 0.000000
vt 0.951807 0.000000
vt 0.939759 0.000000
vt 0.927711 0.000000
vt 0.915663 0.000000
vt 0.903614 0.000000
vt 0.891566 0.000000
vt 0.855422 0.000000
vt 0.843373 0.000000
vt 0.831325 0.000000
vt 0.819277 0.000000
vt 0.807229 0.000000
vt 0.795181 0.000000
vt 0.783133 0.000000
vt 0.771084 0.000000
vt 0.759036 0.000000
s 1
f 1631/803/750 1630/804/750 1629/805/750 1628/806/750 1627/807/750 1626/808/750 1625/809/750 1624/810/750 1623/811/750 1622/812/750 1621/813/750 1620/814/750 1619/815/750 1618/816/750 1617/817/750 1616/818/750 1615/819/750 1614/820/750 1613/821/750 1612/822/750 1611/823/750 1610/824/750 1609/825/750 1608/826/750 1607/827/750 1606/828/750 1605/829/750 1604/830/750 1603/831/750 1602/832/750 1601/833/750 1600/834/750 1599/835/750 1649/836/750 1648/837/750 1647/838/750 1646/839/750 1645/840/750 1644/841/750 1643/842/750 1642/843/750 1641/844/750 1640/845/750 1639/846/750 1638/847/750 1637/848/750 1636/849/750 1635/850/750 1634/851/750 1633/852/750 1632/853/750
f 1663/850/751 1662/849/751 1661/848/751 1659/847/751 1658/846/751 1656/845/751 1653/844/751 1652/843/751 1650/842/751 1651/841/751 1654/840/751 1655/839/751 1657/838/751 1660/837/751 1664/836/751 1670/835/751 1671/834/751 1672/833/751 1673/832/751 1674/831/751 1678/830/751 1690/829/751 1693/828/751 1695/827/751 1697/826/751 1699/825/751 1700/824/751 1698/823/751 1696/822/751 1694/821/751 1692/820/751 1691/819/751 1689/818/751 1685/817/751 1683/816/751 1681/815/751 1679/814/751 1676/813/751 1680/812/751 1682/811/751 1684/810/751 1687/809/751 1688/808/751 1686/807/751 1677/806/751 1675/805/751 1669/804/751 1668/803/751 1667/853/751 1666/852/751 1665/851/751
f 1607/827/752 1608/826/753 1697/826/753 1695/827/752
f 1636/849/754 1637/848/755 1661/848/755 1662/849/754
f 1643/842/756 1644/841/757 1651/841/757 1650/842/756
f 1630/804/758 1669/804/758 1675/805/759 1629/805/759
f 1627/807/760 1628/806/761 1677/806/761 1686/807/760
f 1635/850/762 1636/849/754 1662/849/754 1663/850/762
f 1641/844/763 1653/844/763 1656/845/764 1640/845/764
f 1642/843/765 1643/842/756 1650/842/756 1652/843/765
f 1611/823/766 1612/822/767 1696/822/767 1698/823/766
f 1608/826/753 1609/825/768 1699/825/768 1697/826/753
f 1641/844/763 1642/843/765 1652/843/765 1653/844/763
f 1602/832/769 1603/831/770 1674/831/770 1673/832/769
f 1644/841/757 1645/840/771 1654/840/771 1651/841/757
f 1609/825/768 1610/824/772 1700/824/772 1699/825/768
f 1634/851/773 1635/850/762 1663/850/762 1665/851/773
f 1625/809/774 1626/808/775 1688/808/775 1687/809/774
f 1649/836/776 1599/835/776 1600/834/776 1601/833/776 1602/832/769 1673/832/769 1672/833/776 1671/834/776 1670/835/776 1664/836/776 1660/837/776 1657/838/777 1647/838/777 1648/837/776
f 1610/824/772 1611/823/766 1698/823/766 1700/824/772
f 1626/808/778 1627/807/760 1686/807/760 1688/808/778
f 1633/852/779 1634/851/773 1665/851/773 1666/852/779
f 1628/806/761 1629/805/759 1675/805/759 1677/806/761
f 1645/840/771 1646/839/780 1655/839/780 1654/840/771
f 1620/814/781 1621/813/782 1676/813/782 1679/814/781
f 1621/813/782 1622/812/783 1680/812/783 1676/813/782
f 1617/817/784 1685/817/784 1689/818/785 1616/818/785
f 1632/853/786 1633/852/779 1666/852/779 1667/853/786
f 1604/830/787 1605/829/788 1690/829/788 1678/830/787
f 1619/815/789 1620/814/790 1679/814/790 1681/815/789
f 1631/803/791 1632/853/786 1667/853/786 1668/803/791
f 1622/812/783 1623/811/792 1682/811/792 1680/812/783
f 1615/819/793 1616/818/785 1689/818/785 1691/819/793
f 1646/839/780 1647/838/777 1657/838/777 1655/839/780
f 1631/803/791 1668/803/791 1669/804/758 1630/804/758
f 1614/820/794 1615/819/793 1691/819/793 1692/820/794
f 1618/816/795 1619/815/789 1681/815/789 1683/816/795
f 1605/829/788 1606/828/796 1693/828/796 1690/829/788
f 1639/846/797 1640/845/764 1656/845/764 1658/846/797
f 1623/811/792 1624/810/798 1684/810/798 1682/811/792
f 1638/847/799 1639/846/797 1658/846/797 1659/847/799
f 1613/821/800 1614/820/794 1692/820/794 1694/821/800
f 1603/831/770 1604/830/787 1678/830/787 1674/831/770
f 1617/817/784 1618/816/795 1683/816/795 1685/817/784
f 1606/828/796 1607/827/752 1695/827/752 1693/828/796
f 1624/810/798 1625/809/774 1687/809/774 1684/810/798
f 1637/848/755 1638/847/799 1659/847/799 1661/848/755
f 1612/822/767 1613/821/800 1694/821/800 1696/822/767
o Curve.006
v 59.005112 29.766392 -12.027543
v 59.005112 27.630152 -11.786671
v 59.005112 27.585793 -11.773932
v 59.005112 27.579212 -11.761148
v 59.005112 27.564995 -11.699829
v 59.005112 27.471693 -10.328345
v 59.005112 28.308434 -10.366387
v 59.005112 28.482388 -10.374481
v 59.005112 28.631954 -10.379361
v 59.005112 28.759687 -10.380455
v 59.005112 28.959864 -10.368993
v 59.005112 29.037413 -10.355292
v 59.005112 29.103340 -10.335515
v 59.005112 29.160200 -10.309091
v 59.005112 29.210545 -10.275444
v 59.005112 29.256927 -10.234005
v 59.005112 29.348021 -10.125457
v 59.005112 29.514477 -9.855701
v 59.005112 29.557999 -9.748804
v 59.005112 29.572468 -9.658154
v 59.005112 29.555944 -9.581945
v 59.005112 29.506495 -9.518374
v 59.005112 29.422180 -9.465633
v 59.005112 29.301065 -9.421920
v 59.005112 29.141212 -9.385426
v 59.005112 28.940685 -9.354348
v 59.005112 28.697546 -9.326880
v 59.005112 27.814392 -9.248119
v 59.005112 27.674540 -9.230302
v 59.005112 27.560041 -9.211251
v 59.005112 27.468523 -9.190264
v 59.005112 27.397606 -9.166635
v 59.005112 27.344913 -9.139660
v 59.005112 27.308067 -9.108633
v 59.005112 27.284693 -9.072851
v 59.005112 27.272411 -9.031610
v 59.005112 27.263651 -8.896255
v 59.005112 27.248421 -8.822704
v 59.005112 27.223680 -8.763682
v 59.005112 27.189960 -8.719322
v 59.005112 27.147789 -8.689756
v 59.005112 27.097694 -8.675117
v 59.005112 27.040203 -8.675535
v 59.005112 26.975845 -8.691143
v 59.005112 26.905149 -8.722075
v 59.005112 26.828642 -8.768459
v 59.005112 26.534174 -9.007629
v 59.005112 26.395010 -9.091286
v 59.005112 26.240353 -9.160149
v 59.005112 26.067732 -9.215273
v 59.005112 24.986824 -9.412057
v 59.005112 24.864735 -9.454165
v 59.005112 24.760208 -9.500938
v 59.005112 24.672848 -9.552467
v 59.005112 24.602262 -9.608841
v 59.005112 24.548050 -9.670145
v 59.005112 24.509819 -9.736468
v 59.005112 24.487171 -9.807899
v 59.005112 24.479710 -9.884525
v 59.005112 24.481998 -9.934814
v 59.005112 24.489569 -9.978279
v 59.005112 24.503479 -10.015491
v 59.005112 24.524786 -10.047025
v 59.005112 24.554543 -10.073450
v 59.005112 24.593809 -10.095340
v 59.005112 24.643641 -10.113267
v 59.005112 24.705093 -10.127804
v 59.005112 24.779224 -10.139524
v 59.005112 24.867088 -10.148997
v 59.005112 24.969744 -10.156797
v 59.005112 25.088247 -10.163497
v 59.005112 25.415995 -10.176648
v 59.005112 25.493309 -10.180266
v 59.005112 25.566839 -10.184104
v 59.005112 25.635612 -10.188207
v 59.005112 25.698666 -10.192616
v 59.005112 25.755026 -10.197379
v 59.005112 25.803728 -10.202538
v 59.005112 25.843801 -10.208138
v 59.005112 25.874277 -10.214221
v 59.005112 25.901136 -10.217391
v 59.005112 25.930683 -10.220561
v 59.005112 25.962429 -10.223732
v 59.005112 25.995892 -10.226902
v 59.005112 26.172010 -10.242752
v 59.005112 26.205605 -10.245922
v 59.005112 26.237528 -10.249092
v 59.005112 26.267292 -10.252263
v 59.005112 26.303770 -10.258361
v 59.005112 26.337255 -10.270403
v 59.005112 26.367924 -10.288521
v 59.005112 26.395950 -10.312847
v 59.005112 26.421511 -10.343513
v 59.005112 26.444782 -10.380653
v 59.005112 26.485165 -10.474877
v 59.005112 26.730858 -11.620767
v 59.005112 26.735582 -11.663570
v 59.005112 26.730270 -11.698318
v 59.005112 26.713161 -11.725843
v 59.005112 26.682493 -11.746984
v 59.005112 26.636507 -11.762578
v 59.005112 26.573441 -11.773461
v 59.005112 25.118753 -11.844400
v 59.005112 24.720589 -11.921871
v 59.005112 24.635410 -11.952450
v 59.005112 24.577963 -11.984746
v 59.005112 24.550627 -12.018362
v 59.005112 24.555777 -12.052903
v 59.005112 24.562431 -12.068468
v 59.005112 24.563581 -12.083372
v 59.005112 24.559540 -12.097484
v 59.005112 24.550611 -12.110671
v 59.005112 24.537104 -12.122801
v 59.005112 24.519327 -12.133742
v 59.005112 24.497589 -12.143363
v 59.005112 24.472195 -12.151531
v 59.005112 24.411682 -12.162979
v 59.005112 24.183760 -12.170794
v 59.005112 24.155249 -12.175953
v 59.005112 24.138712 -12.184458
v 59.005112 24.134235 -12.197145
v 59.005112 24.141911 -12.214853
v 59.005112 24.161821 -12.238417
v 59.005112 24.194059 -12.268672
v 59.005112 24.238710 -12.306457
v 59.005112 24.295864 -12.352607
v 59.005112 24.365608 -12.407959
v 59.005112 24.488455 -12.483104
v 59.005112 24.634192 -12.544159
v 59.005112 24.810919 -12.591828
v 59.005112 25.026737 -12.626818
v 59.005112 25.151836 -12.639777
v 59.005112 25.289745 -12.649831
v 59.005112 25.441475 -12.657066
v 59.005112 25.608042 -12.661572
v 59.005112 25.862114 -12.670129
v 59.005112 26.086515 -12.683529
v 59.005112 26.282743 -12.702388
v 59.005112 26.596668 -12.758951
v 59.005112 26.717358 -12.797888
v 59.005112 26.815861 -12.844750
v 59.005112 26.893675 -12.900154
v 59.005112 26.952295 -12.964716
v 59.005112 26.993219 -13.039053
v 59.005112 27.017944 -13.123781
v 59.005112 27.027966 -13.219517
v 59.005112 27.027966 -13.498490
v 59.005112 27.189316 -13.130988
v 59.005112 27.228464 -13.069229
v 59.005112 27.249207 -13.044073
v 59.005112 27.270432 -13.022968
v 59.005112 27.291920 -13.006090
v 59.005112 27.313454 -12.993615
v 59.005112 27.334810 -12.985719
v 59.005112 27.355772 -12.982578
v 59.005112 27.376116 -12.984368
v 59.005112 27.395624 -12.991266
v 59.005112 27.411436 -12.999463
v 59.005112 27.427027 -13.005062
v 59.005112 27.442177 -13.008107
v 59.005112 27.456667 -13.008643
v 59.005112 27.470276 -13.006714
v 59.005112 27.482786 -13.002361
v 59.005112 27.493975 -12.995632
v 59.005112 27.503622 -12.986569
v 59.005112 27.511509 -12.975218
v 59.005112 27.517414 -12.961619
v 59.005112 27.521120 -12.945820
v 59.005112 27.524994 -12.909899
v 59.005112 27.532558 -12.894049
v 59.005112 27.544788 -12.880311
v 59.005112 27.561377 -12.868688
v 59.005112 27.582014 -12.859177
v 59.005112 27.606396 -12.851780
v 59.005112 27.634209 -12.846497
v 59.005112 27.698904 -12.842270
v 59.005112 27.735170 -12.843327
v 59.005112 27.773636 -12.846497
v 59.005112 28.357956 -12.938761
v 59.005112 29.096386 -12.992683
v 59.005112 29.509077 -12.978880
v 59.005112 29.596752 -12.962772
v 59.005112 29.652290 -12.940544
v 59.005112 29.703442 -12.896185
v 59.005112 29.748783 -12.829765
v 59.005112 29.787785 -12.746175
v 59.005112 29.819920 -12.650300
v 59.005112 29.844660 -12.547029
v 59.005112 29.869839 -12.337843
v 59.005112 29.869223 -12.241704
v 59.005112 29.859098 -12.157717
v 59.005112 29.838938 -12.090770
v 59.005112 29.808210 -12.045749
v 59.677692 29.869839 -12.337843
v 59.677692 29.869223 -12.241704
v 59.677692 29.859098 -12.157717
v 59.677692 29.844660 -12.547029
v 59.677692 29.838938 -12.090770
v 59.677692 29.819920 -12.650300
v 59.677692 29.808210 -12.045749
v 59.677692 29.787785 -12.746175
v 59.677692 29.766392 -12.027543
v 59.677692 29.748783 -12.829765
v 59.677692 29.703442 -12.896185
v 59.677692 29.652290 -12.940544
v 59.677692 29.596752 -12.962772
v 59.677692 29.509077 -12.978880
v 59.677692 29.572468 -9.658154
v 59.677692 29.555944 -9.581945
v 59.677692 29.557999 -9.748804
v 59.677692 29.514477 -9.855701
v 59.677692 29.506495 -9.518374
v 59.677692 29.422180 -9.465633
v 59.677692 29.348021 -10.125457
v 59.677692 29.301065 -9.421920
v 59.677692 29.256927 -10.234005
v 59.677692 29.141212 -9.385426
v 59.677692 29.210545 -10.275444
v 59.677692 29.096386 -12.992683
v 59.677692 29.160200 -10.309091
v 59.677692 29.103340 -10.335515
v 59.677692 28.940685 -9.354348
v 59.677692 29.037413 -10.355292
v 59.677692 28.959864 -10.368993
v 59.677692 28.697546 -9.326880
v 59.677692 28.759687 -10.380455
v 59.677692 28.631954 -10.379361
v 59.677692 28.482388 -10.374481
v 59.677692 28.357956 -12.938761
v 59.677692 28.308434 -10.366387
v 59.677692 27.471693 -10.328345
v 59.677692 27.814392 -9.248119
v 59.677692 27.674540 -9.230302
v 59.677692 27.773636 -12.846497
v 59.677692 27.735170 -12.843327
v 59.677692 27.698904 -12.842270
v 59.677692 27.630152 -11.786671
v 59.677692 27.560041 -9.211251
v 59.677692 27.634209 -12.846497
v 59.677692 27.606396 -12.851780
v 59.677692 27.585793 -11.773932
v 59.677692 27.582014 -12.859177
v 59.677692 27.579212 -11.761148
v 59.677692 27.561377 -12.868688
v 59.677692 27.564995 -11.699829
v 59.677692 27.544788 -12.880311
v 59.677692 27.468523 -9.190264
v 59.677692 27.532558 -12.894049
v 59.677692 27.524994 -12.909899
v 59.677692 27.521120 -12.945820
v 59.677692 27.517414 -12.961619
v 59.677692 27.511509 -12.975218
v 59.677692 27.503622 -12.986569
v 59.677692 27.493975 -12.995632
v 59.677692 27.482786 -13.002361
v 59.677692 27.470276 -13.006714
v 59.677692 27.456667 -13.008643
v 59.677692 27.397606 -9.166635
v 59.677692 27.442177 -13.008107
v 59.677692 27.427027 -13.005062
v 59.677692 27.411436 -12.999463
v 59.677692 27.395624 -12.991266
v 59.677692 27.344913 -9.139660
v 59.677692 27.376116 -12.984368
v 59.677692 27.355772 -12.982578
v 59.677692 27.334810 -12.985719
v 59.677692 27.308067 -9.108633
v 59.677692 27.313454 -12.993615
v 59.677692 27.291920 -13.006090
v 59.677692 27.284693 -9.072851
v 59.677692 27.270432 -13.022968
v 59.677692 27.272411 -9.031610
v 59.677692 27.249207 -13.044073
v 59.677692 27.263651 -8.896255
v 59.677692 27.248421 -8.822704
v 59.677692 27.228464 -13.069229
v 59.677692 27.223680 -8.763682
v 59.677692 27.189960 -8.719322
v 59.677692 27.189316 -13.130988
v 59.677692 27.147789 -8.689756
v 59.677692 27.027966 -13.498490
v 59.677692 27.097694 -8.675117
v 59.677692 27.040203 -8.675535
v 59.677692 26.975845 -8.691143
v 59.677692 27.027966 -13.219517
v 59.677692 27.017944 -13.123781
v 59.677692 26.993219 -13.039053
v 59.677692 26.952295 -12.964716
v 59.677692 26.905149 -8.722075
v 59.677692 26.893675 -12.900154
v 59.677692 26.828642 -8.768459
v 59.677692 26.815861 -12.844750
v 59.677692 26.735582 -11.663570
v 59.677692 26.717358 -12.797888
v 59.677692 26.730858 -11.620767
v 59.677692 26.730270 -11.698318
v 59.677692 26.713161 -11.725843
v 59.677692 26.596668 -12.758951
v 59.677692 26.682493 -11.746984
v 59.677692 26.636507 -11.762578
v 59.677692 26.573441 -11.773461
v 59.677692 26.534174 -9.007629
v 59.677692 26.485165 -10.474877
v 59.677692 26.395010 -9.091286
v 59.677692 26.444782 -10.380653
v 59.677692 26.282743 -12.702388
v 59.677692 26.421511 -10.343513
v 59.677692 26.395950 -10.312847
v 59.677692 26.367924 -10.288521
v 59.677692 26.337255 -10.270403
v 59.677692 26.303770 -10.258361
v 59.677692 26.240353 -9.160149
v 59.677692 26.267292 -10.252263
v 59.677692 26.086515 -12.683529
v 59.677692 26.237528 -10.249092
v 59.677692 26.205605 -10.245922
v 59.677692 26.172010 -10.242752
v 59.677692 26.067732 -9.215273
v 59.677692 25.862114 -12.670129
v 59.677692 25.995892 -10.226902
v 59.677692 25.962429 -10.223732
v 59.677692 25.930683 -10.220561
v 59.677692 25.901136 -10.217391
v 59.677692 25.874277 -10.214221
v 59.677692 25.843801 -10.208138
v 59.677692 25.608042 -12.661572
v 59.677692 25.803728 -10.202538
v 59.677692 25.755026 -10.197379
v 59.677692 25.698666 -10.192616
v 59.677692 25.635612 -10.188207
v 59.677692 25.566839 -10.184104
v 59.677692 25.441475 -12.657066
v 59.677692 25.493309 -10.180266
v 59.677692 25.415995 -10.176648
v 59.677692 25.289745 -12.649831
v 59.677692 25.118753 -11.844400
v 59.677692 25.151836 -12.639777
v 59.677692 25.088247 -10.163497
v 59.677692 25.026737 -12.626818
v 59.677692 24.986824 -9.412057
v 59.677692 24.969744 -10.156797
v 59.677692 24.864735 -9.454165
v 59.677692 24.867088 -10.148997
v 59.677692 24.810919 -12.591828
v 59.677692 24.779224 -10.139524
v 59.677692 24.760208 -9.500938
v 59.677692 24.720589 -11.921871
v 59.677692 24.705093 -10.127804
v 59.677692 24.672848 -9.552467
v 59.677692 24.635410 -11.952450
v 59.677692 24.634192 -12.544159
v 59.677692 24.643641 -10.113267
v 59.677692 24.602262 -9.608841
v 59.677692 24.593809 -10.095340
v 59.677692 24.577963 -11.984746
v 59.677692 24.548050 -9.670145
v 59.677692 24.554543 -10.073450
v 59.677692 24.550627 -12.018362
v 59.677692 24.562431 -12.068468
v 59.677692 24.563581 -12.083372
v 59.677692 24.559540 -12.097484
v 59.677692 24.555777 -12.052903
v 59.677692 24.550611 -12.110671
v 59.677692 24.488455 -12.483104
v 59.677692 24.524786 -10.047025
v 59.677692 24.537104 -12.122801
v 59.677692 24.509819 -9.736468
v 59.677692 24.519327 -12.133742
v 59.677692 24.503479 -10.015491
v 59.677692 24.497589 -12.143363
v 59.677692 24.487171 -9.807899
v 59.677692 24.489569 -9.978279
v 59.677692 24.472195 -12.151531
v 59.677692 24.481998 -9.934814
v 59.677692 24.479710 -9.884525
v 59.677692 24.411682 -12.162979
v 59.677692 24.365608 -12.407959
v 59.677692 24.295864 -12.352607
v 59.677692 24.238710 -12.306457
v 59.677692 24.194059 -12.268672
v 59.677692 24.183760 -12.170794
v 59.677692 24.161821 -12.238417
v 59.677692 24.155249 -12.175953
v 59.677692 24.141911 -12.214853
v 59.677692 24.138712 -12.184458
v 59.677692 24.134235 -12.197145
vn -1.0000 -0.0000 -0.0000
vn 1.0000 -0.0000 -0.0000
vn -0.0000 -0.7537 0.6572
vn -0.0000 -0.5986 0.8011
vn -0.0000 0.6648 -0.7470
vn -0.0000 0.4982 -0.8671
vn -0.0000 0.8097 -0.5869
vn -0.0000 0.7392 -0.6735
vn -0.0000 0.1668 0.9860
vn -0.0000 0.2701 0.9628
vn -0.0000 -0.8118 0.5839
vn -0.0000 -0.9151 0.4032
vn -0.0000 -0.3560 0.9345
vn -0.0000 -0.2422 0.9702
vn -0.0000 0.8107 -0.5855
vn -0.0000 0.8917 -0.4527
vn -0.0000 0.9552 0.2960
vn -0.0000 0.8661 0.4999
vn -0.0000 -0.1189 -0.9929
vn -0.0000 -0.2427 -0.9701
vn -0.0000 -0.4655 0.8851
vn -0.0000 -0.0369 -0.9993
vn -0.0000 0.1074 -0.9942
vn -0.0000 0.2816 0.9595
vn -0.0000 0.1663 0.9861
vn -0.0000 0.6934 0.7206
vn -0.0000 -0.8888 -0.4582
vn -0.0000 -0.7522 -0.6590
vn -0.0000 -0.3559 0.9345
vn -0.0000 -0.1102 -0.9939
vn -0.0000 -0.0601 -0.9982
vn -0.0000 0.8330 -0.5533
vn -0.0000 0.6124 -0.7905
vn -0.0000 0.7180 -0.6961
vn -0.0000 -0.9797 0.2007
vn -0.0000 0.4331 0.9014
vn -0.0000 -0.9651 -0.2620
vn -0.0000 -0.0814 -0.9967
vn -0.0000 -0.2117 -0.9773
vn -0.0000 -0.1562 -0.9877
vn -0.0000 -0.2465 0.9691
vn -0.0000 0.9621 -0.2728
vn -0.0000 0.4900 -0.8717
vn -0.0000 -0.9941 -0.1088
vn -0.0000 0.3553 -0.9348
vn -0.0000 0.8826 -0.4700
vn -0.0000 0.9891 0.1474
vn -0.0000 0.9977 0.0679
vn -0.0000 0.1381 0.9904
vn -0.0000 -0.4554 -0.8903
vn -0.0000 -0.3241 -0.9460
vn -0.0000 0.9843 -0.1765
vn -0.0000 0.9984 -0.0567
vn -0.0000 -0.9997 0.0258
vn -0.0000 -0.1223 0.9925
vn -0.0000 0.2310 -0.9729
vn -0.0000 -0.9871 -0.1599
vn -0.0000 -0.9529 -0.3032
vn -0.0000 0.9388 0.3444
vn -0.0000 -0.0404 -0.9992
vn -0.0000 0.0084 -1.0000
vn -0.0000 -0.3195 0.9476
vn -0.0000 0.9492 -0.3146
vn -0.0000 0.9858 -0.1681
vn -0.0000 0.1158 -0.9933
vn -0.0000 -0.9812 -0.1929
vn -0.0000 -0.9986 -0.0521
vn -0.0000 -0.5743 0.8187
vn -0.0000 -0.4618 0.8870
vn -0.0000 0.8735 -0.4868
vn -0.0000 -0.2105 -0.9776
vn -0.0000 0.7571 -0.6533
vn -0.0000 -0.8096 -0.5870
vn -0.0000 -0.8859 -0.4638
vn -0.0000 -0.7141 -0.7000
vn -0.0000 -0.5845 -0.8114
vn -0.0000 0.9156 -0.4020
vn -0.0000 0.6034 -0.7974
vn -0.0000 -0.1064 0.9943
vn -0.0000 -0.3212 0.9470
vn -0.0000 -0.4254 -0.9050
vn -0.0000 -1.0000 -0.0000
vn -0.0000 0.4242 -0.9055
vn -0.0000 -0.8498 -0.5272
vn -0.0000 -0.7044 -0.7098
vn -0.0000 -0.4574 0.8893
vn -0.0000 -0.2533 0.9674
vn -0.0000 -0.3676 0.9300
vn -0.0000 -0.9235 -0.3835
vn -0.0000 -0.9431 0.3326
vn -0.0000 -0.9175 -0.3976
vn -0.0000 -0.8137 -0.5812
vn -0.0000 0.9980 0.0631
vn -0.0000 -0.4606 0.8876
vn -0.0000 0.2356 -0.9719
vn -0.0000 0.9788 0.2048
vn -0.0000 0.9844 0.1761
vn -0.0000 0.9910 0.1340
vn -0.0000 -0.6640 -0.7477
vn -0.0000 -0.5758 0.8176
vn -0.0000 -0.4590 0.8884
vn -0.0000 0.9023 0.4311
vn -0.0000 -0.5067 -0.8621
vn -0.0000 0.9613 -0.2757
vn -0.0000 0.1095 0.9940
vn -0.0000 0.8260 0.5637
vn -0.0000 0.0519 -0.9987
vn -0.0000 0.3870 0.9221
vn -0.0000 -0.1070 -0.9943
vn -0.0000 -0.0210 -0.9998
vn -0.0000 -0.3691 -0.9294
vn -0.0000 -0.5675 0.8234
vn -0.0000 0.9287 -0.3709
vn -0.0000 0.3992 0.9169
vn -0.0000 0.2585 0.9660
vn -0.0000 -0.1174 -0.9931
vn -0.0000 -0.2652 0.9642
vn -0.0000 -0.4154 0.9096
vn -0.0000 -0.9998 0.0209
vn -0.0000 -0.2683 -0.9633
vn -0.0000 0.8689 -0.4949
vn -0.0000 -0.9380 0.3466
vn -0.0000 -0.4000 -0.9165
vn -0.0000 -0.2848 -0.9586
vn -0.0000 -0.3978 -0.9175
vn -0.0000 -0.6891 0.7246
vn -0.0000 0.7467 -0.6651
vn -0.0000 -0.7237 0.6901
vn -0.0000 0.5535 0.8329
vn -0.0000 -0.1202 0.9928
vn -0.0000 -0.1096 0.9940
vn -0.0000 0.5206 -0.8538
vn -0.0000 -0.4141 -0.9102
vn -0.0000 -0.2122 -0.9772
vn -0.0000 0.1261 -0.9920
vn -0.0000 -0.6443 0.7648
vn -0.0000 0.2775 -0.9607
vn -0.0000 0.0305 -0.9995
vn -0.0000 -0.4486 0.8937
vn -0.0000 -0.6396 -0.7687
vn -0.0000 -0.5822 -0.8130
vn -0.0000 -0.1104 0.9939
vn -0.0000 0.2488 -0.9686
vn -0.0000 0.7486 0.6630
vn -0.0000 0.9996 0.0276
vn -0.0000 0.9059 0.4235
vn -0.0000 -0.5789 -0.8154
vn -0.0000 0.9631 -0.2691
vn -0.0000 0.4256 -0.9049
vn -0.0000 -0.7759 0.6309
vn -0.0000 -0.2463 0.9692
vn -0.0000 0.2388 -0.9711
vn -0.0000 0.5609 -0.8279
vn -0.0000 0.1947 0.9809
vn -0.0000 0.2760 0.9611
vn -0.0000 0.6701 0.7423
vn -0.0000 0.9073 0.4206
vn -0.0000 -0.9712 -0.2383
vn -0.0000 -0.9949 0.1008
vn -0.0000 0.6625 -0.7490
vn -0.0000 0.8891 0.4577
vn -0.0000 -0.9060 0.4233
vn -0.0000 -0.9891 -0.1475
vn -0.0000 -0.9622 -0.2725
vn -0.0000 0.4374 0.8993
vt 0.345048 0.000000
vt 0.341853 0.000000
vt 0.338658 0.000000
vt 0.335463 0.000000
vt 0.332268 0.000000
vt 0.329073 0.000000
vt 0.325879 0.000000
vt 0.322684 0.000000
vt 0.297125 0.000000
vt 0.290735 0.000000
vt 0.284345 0.000000
vt 0.277955 0.000000
vt 0.265176 0.000000
vt 0.261981 0.000000
vt 0.258786 0.000000
vt 0.255591 0.000000
vt 0.252396 0.000000
vt 0.249201 0.000000
vt 0.246006 0.000000
vt 0.242812 0.000000
vt 0.239617 0.000000
vt 0.236422 0.000000
vt 0.230032 0.000000
vt 0.226837 0.000000
vt 0.223642 0.000000
vt 0.220447 0.000000
vt 0.217252 0.000000
vt 0.214058 0.000000
vt 0.210863 0.000000
vt 0.207668 0.000000
vt 0.204473 0.000000
vt 0.191693 0.000000
vt 0.188498 0.000000
vt 0.185304 0.000000
vt 0.182109 0.000000
vt 0.178914 0.000000
vt 0.175719 0.000000
vt 0.172524 0.000000
vt 0.169329 0.000000
vt 0.166134 0.000000
vt 0.162939 0.000000
vt 0.156550 0.000000
vt 0.150160 0.000000
vt 0.146965 0.000000
vt 0.143770 0.000000
vt 0.140575 0.000000
vt 0.137380 0.000000
vt 0.134185 0.000000
vt 0.127796 0.000000
vt 0.124601 0.000000
vt 0.121406 0.000000
vt 0.118211 0.000000
vt 0.115016 0.000000
vt 0.047923 0.000000
vt 0.041534 0.000000
vt 0.038339 0.000000
vt 0.035144 0.000000
vt 0.000000 0.000000
vt 1.000000 0.000000
vt 0.996805 0.000000
vt 0.993610 0.000000
vt 0.990415 0.000000
vt 0.987220 0.000000
vt 0.980831 0.000000
vt 0.977636 0.000000
vt 0.974441 0.000000
vt 0.971246 0.000000
vt 0.968051 0.000000
vt 0.964856 0.000000
vt 0.961661 0.000000
vt 0.958466 0.000000
vt 0.948882 0.000000
vt 0.936102 0.000000
vt 0.923323 0.000000
vt 0.920128 0.000000
vt 0.916933 0.000000
vt 0.910543 0.000000
vt 0.907348 0.000000
vt 0.904153 0.000000
vt 0.900958 0.000000
vt 0.897764 0.000000
vt 0.894569 0.000000
vt 0.891374 0.000000
vt 0.884984 0.000000
vt 0.881789 0.000000
vt 0.878594 0.000000
vt 0.875399 0.000000
vt 0.872204 0.000000
vt 0.869010 0.000000
vt 0.865815 0.000000
vt 0.862620 0.000000
vt 0.859425 0.000000
vt 0.856230 0.000000
vt 0.853035 0.000000
vt 0.849840 0.000000
vt 0.846645 0.000000
vt 0.843450 0.000000
vt 0.840256 0.000000
vt 0.837061 0.000000
vt 0.833866 0.000000
vt 0.830671 0.000000
vt 0.827476 0.000000
vt 0.824281 0.000000
vt 0.817891 0.000000
vt 0.808307 0.000000
vt 0.769968 0.000000
vt 0.766773 0.000000
vt 0.763578 0.000000
vt 0.760383 0.000000
vt 0.757188 0.000000
vt 0.753994 0.000000
vt 0.750799 0.000000
vt 0.747604 0.000000
vt 0.741214 0.000000
vt 0.738019 0.000000
vt 0.734824 0.000000
vt 0.731629 0.000000
vt 0.728435 0.000000
vt 0.725240 0.000000
vt 0.722045 0.000000
vt 0.718850 0.000000
vt 0.712460 0.000000
vt 0.706070 0.000000
vt 0.699681 0.000000
vt 0.693291 0.000000
vt 0.690096 0.000000
vt 0.686901 0.000000
vt 0.683706 0.000000
vt 0.680511 0.000000
vt 0.677316 0.000000
vt 0.674121 0.000000
vt 0.670927 0.000000
vt 0.667732 0.000000
vt 0.664537 0.000000
vt 0.648562 0.000000
vt 0.642173 0.000000
vt 0.638978 0.000000
vt 0.635783 0.000000
vt 0.632588 0.000000
vt 0.629393 0.000000
vt 0.626198 0.000000
vt 0.623003 0.000000
vt 0.619808 0.000000
vt 0.616613 0.000000
vt 0.613419 0.000000
vt 0.610224 0.000000
vt 0.607029 0.000000
vt 0.603834 0.000000
vt 0.594249 0.000000
vt 0.565495 0.000000
vt 0.562300 0.000000
vt 0.559105 0.000000
vt 0.555911 0.000000
vt 0.552716 0.000000
vt 0.549521 0.000000
vt 0.546326 0.000000
vt 0.488818 0.000000
vt 0.482428 0.000000
vt 0.479233 0.000000
vt 0.476038 0.000000
vt 0.472843 0.000000
vt 0.469649 0.000000
vt 0.466454 0.000000
vt 0.463259 0.000000
vt 0.460064 0.000000
vt 0.456869 0.000000
vt 0.453674 0.000000
vt 0.437700 0.000000
vt 0.434505 0.000000
vt 0.431310 0.000000
vt 0.428115 0.000000
vt 0.424920 0.000000
vt 0.421725 0.000000
vt 0.418530 0.000000
vt 0.415335 0.000000
vt 0.412141 0.000000
vt 0.408946 0.000000
vt 0.405751 0.000000
vt 0.402556 0.000000
vt 0.399361 0.000000
vt 0.386581 0.000000
vt 0.383387 0.000000
vt 0.380192 0.000000
vt 0.376997 0.000000
vt 0.373802 0.000000
vt 0.370607 0.000000
vt 0.367412 0.000000
vt 0.364217 0.000000
vt 0.361022 0.000000
vt 0.357827 0.000000
vt 0.354633 0.000000
vt 0.351438 0.000000
vt 0.348243 0.000000
s 1
f 1758/854/801 1757/855/801 1756/856/801 1755/857/801 1754/858/801 1753/859/801 1752/860/801 1751/861/801 1750/862/801 1749/863/801 1748/864/801 1747/865/801 1746/866/801 1745/867/801 1744/868/801 1743/869/801 1742/870/801 1741/871/801 1740/872/801 1739/873/801 1738/874/801 1737/875/801 1736/876/801 1735/877/801 1734/878/801 1733/879/801 1732/880/801 1731/881/801 1730/882/801 1729/883/801 1728/884/801 1727/885/801 1726/886/801 1725/887/801 1724/888/801 1723/889/801 1722/890/801 1721/891/801 1720/892/801 1719/893/801 1718/894/801 1717/895/801 1716/896/801 1715/897/801 1714/898/801 1713/899/801 1712/900/801 1711/901/801 1710/902/801 1709/903/801 1708/904/801 1707/905/801 1706/906/801 1705/907/801 1704/908/801 1703/909/801 1702/910/801 1701/911/801 1893/912/801 1892/913/801 1891/914/801 1890/915/801 1889/916/801 1888/917/801 1887/918/801 1886/919/801 1885/920/801 1884/921/801 1883/922/801 1882/923/801 1881/924/801 1880/925/801 1879/926/801 1878/927/801 1877/928/801 1876/929/801 1875/930/801 1874/931/801 1873/932/801 1872/933/801 1871/934/801 1870/935/801 1869/936/801 1868/937/801 1867/938/801 1866/939/801 1865/940/801 1864/941/801 1863/942/801 1862/943/801 1861/944/801 1860/945/801 1859/946/801 1858/947/801 1857/948/801 1856/949/801 1855/950/801 1854/951/801 1853/952/801 1852/953/801 1851/954/801 1850/955/801 1849/956/801 1848/957/801 1847/958/801 1846/959/801 1845/960/801 1844/961/801 1843/962/801 1842/963/801 1841/964/801 1840/965/801 1839/966/801 1838/967/801 1837/968/801 1836/969/801 1835/970/801 1834/971/801 1833/972/801 1832/973/801 1831/974/801 1830/975/801 1829/976/801 1828/977/801 1827/978/801 1826/979/801 1825/980/801 1824/981/801 1823/982/801 1822/983/801 1821/984/801 1820/985/801 1819/986/801 1818/987/801 1817/988/801 1816/989/801 1815/990/801 1814/991/801 1813/992/801 1812/993/801 1811/994/801 1810/995/801 1809/996/801 1808/997/801 1807/998/801 1806/999/801 1805/1000/801 1804/1001/801 1803/1002/801 1802/1003/801 1801/1004/801 1800/1005/801 1799/1006/801 1798/1007/801 1797/1008/801 1796/1009/801 1795/1010/801 1794/1011/801 1793/1012/801 1792/1013/801 1791/1014/801 1790/1015/801 1789/1016/801 1788/1017/801 1787/1018/801 1786/1019/801 1785/1020/801 1784/1021/801 1783/1022/801 1782/1023/801 1781/1024/801 1780/1025/801 1779/1026/801 1778/1027/801 1777/1028/801 1776/1029/801 1775/1030/801 1774/1031/801 1773/1032/801 1772/1033/801 1771/1034/801 1770/1035/801 1769/1036/801 1768/1037/801 1767/1038/801 1766/1039/801 1765/1040/801 1764/1041/801 1763/1042/801 1762/1043/801 1761/1044/801 1760/1045/801 1759/1046/801
f 1976/956/802 1973/955/802 1971/954/802 1969/953/802 1968/952/802 1966/951/802 1965/950/802 1964/949/802 1962/948/802 1961/947/802 1960/946/802 1959/945/802 1957/944/802 1956/943/802 1955/942/802 1954/941/802 1953/940/802 1952/939/802 1951/938/802 1950/937/802 1949/936/802 1948/935/802 1946/934/802 1944/933/802 1942/932/802 1940/931/802 1939/930/802 1936/929/802 1935/928/802 1934/927/802 1929/926/802 1919/925/802 1907/924/802 1906/923/802 1905/922/802 1904/921/802 1903/920/802 1901/919/802 1899/918/802 1897/917/802 1894/916/802 1895/915/802 1896/914/802 1898/913/802 1900/912/802 1902/911/802 1937/910/802 1941/909/802 1943/908/802 1945/907/802 1931/906/802 1930/905/802 1928/904/802 1927/903/802 1926/902/802 1924/901/802 1923/900/802 1921/899/802 1920/898/802 1918/897/802 1916/896/802 1914/895/802 1911/894/802 1910/893/802 1908/892/802 1909/891/802 1912/890/802 1913/889/802 1915/888/802 1917/887/802 1922/886/802 1925/885/802 1932/884/802 1933/883/802 1938/882/802 1947/881/802 1958/880/802 1963/879/802 1967/878/802 1970/877/802 1972/876/802 1974/875/802 1975/874/802 1977/873/802 1978/872/802 1980/871/802 1982/870/802 1983/869/802 1984/868/802 1989/867/802 1991/866/802 2002/865/802 2004/864/802 2012/863/802 2018/862/802 2040/861/802 2042/860/802 2046/859/802 2049/858/802 2053/857/802 2056/856/802 2067/855/802 2071/854/802 2075/1046/802 2074/1045/802 2072/1044/802 2069/1043/802 2065/1042/802 2057/1041/802 2054/1040/802 2052/1039/802 2048/1038/802 2045/1037/802 2043/1036/802 2041/1035/802 2038/1034/802 2034/1033/802 2033/1032/802 2031/1031/802 2030/1030/802 2029/1029/802 2028/1028/802 2027/1027/802 2025/1026/802 2024/1025/802 2023/1024/802 2022/1023/802 2021/1022/802 2020/1021/802 2017/1020/802 2016/1019/802 2015/1018/802 2013/1017/802 2011/1016/802 2010/1015/802 2009/1014/802 2008/1013/802 2007/1012/802 2005/1011/802 2003/1010/802 1995/1009/802 1993/1008/802 1996/1007/802 1997/1006/802 1999/1005/802 2000/1004/802 2001/1003/802 2036/1002/802 2047/1001/802 2050/1000/802 2055/999/802 2058/998/802 2062/997/802 2059/996/802 2060/995/802 2061/994/802 2063/993/802 2066/992/802 2068/991/802 2070/990/802 2073/989/802 2076/988/802 2081/987/802 2083/986/802 2085/985/802 2086/984/802 2084/983/802 2082/982/802 2080/981/802 2079/980/802 2078/979/802 2077/978/802 2064/977/802 2051/976/802 2044/975/802 2039/974/802 2037/973/802 2035/972/802 2032/971/802 2026/970/802 2019/969/802 2014/968/802 2006/967/802 1998/966/802 1994/965/802 1992/964/802 1990/963/802 1988/962/802 1987/961/802 1986/960/802 1985/959/802 1981/958/802 1979/957/802
f 1812/993/803 1813/992/804 2066/992/804 2063/993/803
f 1871/934/805 1872/933/806 1944/933/806 1946/934/805
f 1849/956/807 1850/955/808 1973/955/808 1976/956/807
f 1730/882/809 1731/881/810 1947/881/810 1938/882/809
f 1756/856/811 1757/855/812 2067/855/812 2056/856/811
f 1749/863/813 1750/862/814 2018/862/814 2012/863/813
f 1717/895/815 1718/894/816 1911/894/816 1914/895/815
f 1738/874/817 1739/873/818 1977/873/818 1975/874/817
f 1838/967/819 1839/966/820 1998/966/820 2006/967/819
f 1813/992/804 1814/991/821 2068/991/821 2066/992/804
f 1880/925/822 1881/924/823 1907/924/823 1919/925/822
f 1724/888/824 1725/887/825 1917/887/825 1915/888/824
f 1739/873/818 1740/872/826 1978/872/826 1977/873/818
f 1762/1043/827 1763/1042/828 2065/1042/828 2069/1043/827
f 1814/991/821 1815/990/829 2070/990/829 2068/991/821
f 1831/974/830 1832/973/831 1833/972/831 1834/971/831 1835/970/831 1836/969/831 1837/968/831 1838/967/819 2006/967/819 2014/968/831 2019/969/831 2026/970/831 2032/971/831 2035/972/831 2037/973/831 2039/974/830
f 1870/935/832 1871/934/805 1946/934/805 1948/935/832
f 1715/897/833 1716/896/834 1916/896/834 1918/897/833
f 1757/855/812 1758/854/835 2071/854/835 2067/855/812
f 1740/872/826 1741/871/836 1980/871/836 1978/872/826
f 1761/1044/837 1762/1043/827 2069/1043/827 2072/1044/837
f 1778/1027/838 1779/1026/838 1780/1025/838 1781/1024/838 1782/1023/838 1783/1022/838 1784/1021/838 1785/1020/838 1786/1019/838 1787/1018/838 1788/1017/838 1789/1016/839 2011/1016/839 2013/1017/838 2015/1018/838 2016/1019/838 2017/1020/838 2020/1021/838 2021/1022/838 2022/1023/838 2023/1024/838 2024/1025/838 2025/1026/838 2027/1027/838 2028/1028/838 2029/1029/838 2030/1030/838 2031/1031/838 2033/1032/838 2034/1033/838 2038/1034/838 2041/1035/838 2043/1036/838 2045/1037/838 2048/1038/840 1767/1038/840 1768/1037/838 1769/1036/838 1770/1035/838 1771/1034/838 1772/1033/838 1773/1032/838 1774/1031/838 1775/1030/838 1776/1029/838 1777/1028/838
f 1815/990/829 1816/989/841 2073/989/841 2070/990/829
f 1869/936/842 1870/935/832 1948/935/832 1949/936/842
f 1714/898/843 1715/897/833 1918/897/833 1920/898/843
f 1760/1045/844 1761/1044/837 2072/1044/837 2074/1045/844
f 1713/899/845 1714/898/843 1920/898/843 1921/899/845
f 1848/957/846 1849/956/807 1976/956/807 1979/957/846
f 1705/907/847 1706/906/848 1931/906/848 1945/907/847
f 1741/871/836 1742/870/849 1982/870/849 1980/871/836
f 1828/977/850 1829/976/851 2051/976/851 2064/977/850
f 1888/917/852 1889/916/853 1894/916/853 1897/917/852
f 1758/854/835 1759/1046/854 2075/1046/854 2071/854/835
f 1742/870/849 1743/869/855 1983/869/855 1982/870/849
f 1759/1046/854 1760/1045/844 2074/1045/844 2075/1046/854
f 1712/900/856 1713/899/845 1921/899/845 1923/900/856
f 1796/1009/857 1995/1009/857 2003/1010/858 1795/1010/858
f 1704/908/859 1705/907/847 1945/907/847 1943/908/859
f 1706/906/860 1707/905/860 1708/904/860 1709/903/860 1710/902/861 1926/902/861 1927/903/860 1928/904/860 1930/905/860 1931/906/860
f 1743/869/855 1744/868/862 1984/868/862 1983/869/855
f 1867/938/863 1868/937/864 1950/937/864 1951/938/863
f 1711/901/865 1712/900/856 1923/900/856 1924/901/865
f 1845/960/866 1846/959/867 1985/959/867 1986/960/866
f 1747/865/868 1748/864/869 2004/864/869 2002/865/868
f 1866/939/870 1867/938/863 1951/938/863 1952/939/870
f 1829/976/851 1830/975/871 2044/975/871 2051/976/851
f 1865/940/872 1866/939/870 1952/939/870 1953/940/872
f 1793/1012/873 1794/1011/874 2005/1011/874 2007/1012/873
f 1792/1013/875 1793/1012/873 2007/1012/873 2008/1013/875
f 1791/1014/876 1792/1013/875 2008/1013/875 2009/1014/876
f 1847/958/877 1848/957/846 1979/957/846 1981/958/877
f 1710/902/861 1711/901/865 1924/901/865 1926/902/861
f 1864/941/878 1865/940/872 1953/940/872 1954/941/878
f 1830/975/871 1831/974/830 2039/974/830 2044/975/871
f 1868/937/864 1869/936/842 1949/936/842 1950/937/864
f 1818/987/879 1819/986/880 2083/986/880 2081/987/879
f 1790/1015/881 1791/1014/876 2009/1014/876 2010/1015/881
f 1846/959/867 1847/958/882 1981/958/882 1985/959/867
f 1863/942/883 1864/941/878 1954/941/878 1955/942/883
f 1822/983/884 1823/982/885 2082/982/885 2084/983/884
f 1789/1016/839 1790/1015/881 2010/1015/881 2011/1016/839
f 1819/986/880 1820/985/886 2085/985/886 2083/986/880
f 1751/861/887 1752/860/888 2042/860/888 2040/861/887
f 1844/961/889 1845/960/866 1986/960/866 1987/961/889
f 1820/985/890 1821/984/890 2086/984/890 2085/985/890
f 1821/984/891 1822/983/884 2084/983/884 2086/984/891
f 1716/896/834 1717/895/815 1914/895/815 1916/896/834
f 1794/1011/874 1795/1010/858 2003/1010/858 2005/1011/874
f 1843/962/892 1844/961/889 1987/961/889 1988/962/892
f 1889/916/853 1890/915/893 1895/915/893 1894/916/853
f 1744/868/862 1745/867/894 1989/867/894 1984/868/862
f 1862/943/895 1863/942/883 1955/942/883 1956/943/895
f 1890/915/893 1891/914/896 1896/914/896 1895/915/893
f 1736/876/897 1737/875/898 1974/875/898 1972/876/897
f 1842/963/899 1843/962/892 1988/962/892 1990/963/899
f 1745/867/894 1746/866/900 1991/866/900 1989/867/894
f 1752/860/888 1753/859/901 2046/859/901 2042/860/888
f 1891/914/896 1892/913/902 1898/913/902 1896/914/896
f 1841/964/903 1842/963/899 1990/963/899 1992/964/903
f 1746/866/900 1747/865/868 2002/865/868 1991/866/900
f 1887/918/904 1888/917/852 1897/917/852 1899/918/904
f 1727/885/905 1728/884/905 1729/883/905 1730/882/809 1938/882/809 1933/883/905 1932/884/905 1925/885/905 1922/886/905 1917/887/825 1725/887/825 1726/886/905
f 1892/913/902 1893/912/906 1900/912/906 1898/913/902
f 1861/944/907 1862/943/895 1956/943/895 1957/944/907
f 1731/881/810 1732/880/908 1958/880/908 1947/881/810
f 1880/925/822 1919/925/822 1929/926/909 1934/927/909 1935/928/909 1936/929/910 1876/929/910 1877/928/909 1878/927/909 1879/926/909
f 1840/965/911 1841/964/903 1992/964/903 1994/965/911
f 1753/859/901 1754/858/912 2049/858/912 2046/859/901
f 1886/919/913 1887/918/904 1899/918/904 1901/919/913
f 1893/912/914 1701/911/915 1902/911/915 1900/912/914
f 1860/945/916 1861/944/907 1957/944/907 1959/945/916
f 1804/1001/917 1805/1000/918 2050/1000/918 2047/1001/917
f 1796/1009/857 1797/1008/919 1993/1008/919 1995/1009/857
f 1859/946/920 1860/945/916 1959/945/916 1960/946/920
f 1885/920/921 1886/919/913 1901/919/913 1903/920/921
f 1797/1008/919 1798/1007/922 1996/1007/922 1993/1008/919
f 1858/947/923 1859/946/920 1960/946/920 1961/947/923
f 1766/1039/924 1767/1038/840 2048/1038/840 2052/1039/924
f 1857/948/925 1858/947/923 1961/947/923 1962/948/925
f 1754/858/912 1755/857/926 2053/857/926 2049/858/912
f 1884/921/927 1885/920/921 1903/920/921 1904/921/927
f 1798/1007/922 1799/1006/928 1997/1006/928 1996/1007/922
f 1732/880/908 1733/879/929 1963/879/929 1958/880/908
f 1803/1002/930 1804/1001/917 2047/1001/917 2036/1002/930
f 1802/1003/931 1803/1002/930 2036/1002/930 2001/1003/931
f 1883/922/932 1884/921/927 1904/921/927 1905/922/932
f 1765/1040/933 1766/1039/924 2052/1039/924 2054/1040/933
f 1856/949/934 1857/948/925 1962/948/925 1964/949/934
f 1875/930/935 1876/929/910 1936/929/910 1939/930/935
f 1805/1000/918 1806/999/936 2055/999/936 2050/1000/918
f 1882/923/937 1883/922/932 1905/922/932 1906/923/937
f 1839/966/820 1840/965/911 1994/965/911 1998/966/820
f 1855/950/938 1856/949/934 1964/949/934 1965/950/938
f 1799/1006/928 1800/1005/939 1999/1005/939 1997/1006/928
f 1825/980/940 1826/979/940 1827/978/941 2077/978/941 2078/979/940 2079/980/940 2080/981/940 2082/982/885 1823/982/885 1824/981/940
f 1816/989/841 1817/988/942 2076/988/942 2073/989/841
f 1854/951/943 1855/950/938 1965/950/938 1966/951/943
f 1817/988/942 1818/987/879 2081/987/879 2076/988/942
f 1755/857/926 1756/856/811 2056/856/811 2053/857/926
f 1881/924/823 1882/923/937 1906/923/937 1907/924/823
f 1733/879/929 1734/878/944 1967/878/944 1963/879/929
f 1720/892/945 1721/891/946 1909/891/946 1908/892/945
f 1764/1041/947 1765/1040/933 2054/1040/933 2057/1041/947
f 1719/893/948 1720/892/945 1908/892/945 1910/893/948
f 1853/952/949 1854/951/943 1966/951/943 1968/952/949
f 1806/999/936 1807/998/950 2058/998/950 2055/999/936
f 1800/1005/939 1801/1004/951 2000/1004/951 1999/1005/939
f 1874/931/952 1875/930/935 1939/930/935 1940/931/952
f 1718/894/816 1719/893/948 1910/893/948 1911/894/816
f 1852/953/953 1853/952/949 1968/952/949 1969/953/953
f 1702/910/954 1703/909/955 1941/909/955 1937/910/954
f 1721/891/946 1722/890/956 1912/890/956 1909/891/946
f 1734/878/944 1735/877/957 1970/877/957 1967/878/944
f 1809/996/958 1810/995/959 2060/995/959 2059/996/958
f 1873/932/845 1874/931/952 1940/931/952 1942/932/845
f 1701/911/915 1702/910/954 1937/910/954 1902/911/915
f 1851/954/960 1852/953/953 1969/953/953 1971/954/960
f 1703/909/961 1704/908/859 1943/908/859 1941/909/961
f 1810/995/959 1811/994/962 2061/994/962 2060/995/959
f 1735/877/957 1736/876/897 1972/876/897 1970/877/957
f 1827/978/941 1828/977/850 2064/977/850 2077/978/941
f 1807/998/963 1808/997/964 2062/997/964 2058/998/963
f 1722/890/956 1723/889/965 1913/889/965 1912/890/956
f 1750/862/814 1751/861/887 2040/861/887 2018/862/814
f 1872/933/806 1873/932/845 1942/932/845 1944/933/806
f 1808/997/964 1809/996/958 2059/996/958 2062/997/964
f 1811/994/962 1812/993/803 2063/993/803 2061/994/962
f 1801/1004/951 1802/1003/931 2001/1003/931 2000/1004/951
f 1748/864/869 1749/863/813 2012/863/813 2004/864/869
f 1850/955/808 1851/954/960 1971/954/960 1973/955/808
f 1723/889/965 1724/888/824 1915/888/824 1913/889/965
f 1737/875/898 1738/874/817 1975/874/817 1974/875/898
f 1763/1042/828 1764/1041/947 2057/1041/947 2065/1042/828
o Curve.007
v 59.005112 29.474800 -15.134282
v 59.005112 28.348845 -14.348086
v 59.005112 27.774876 -14.043812
v 59.005112 27.522404 -13.951818
v 59.005112 27.284723 -13.897340
v 59.005112 27.055670 -13.878436
v 59.005112 26.829082 -13.893171
v 59.005112 26.598797 -13.939609
v 59.005112 26.102480 -14.119838
v 59.005112 25.728365 -14.312218
v 59.005112 25.404257 -14.534538
v 59.005112 25.129452 -14.787152
v 59.005112 24.903244 -15.070410
v 59.005112 24.808146 -15.223640
v 59.005112 24.653517 -15.553526
v 59.005112 24.537052 -15.925585
v 59.005112 24.507412 -16.092369
v 59.005112 24.503311 -16.170677
v 59.005112 24.506649 -16.248589
v 59.005112 24.536526 -16.412203
v 59.005112 24.598799 -16.601179
v 59.005112 24.642635 -16.710791
v 59.005112 24.695232 -16.833479
v 59.005112 24.730808 -16.914207
v 59.005112 24.767485 -16.991106
v 59.005112 24.804777 -17.063513
v 59.005112 24.950428 -17.295021
v 59.005112 25.014359 -17.366657
v 59.005112 25.042408 -17.389135
v 59.005112 25.067200 -17.401836
v 59.005112 25.088247 -17.404104
v 59.005112 25.109554 -17.401648
v 59.005112 25.135086 -17.406630
v 59.005112 25.164316 -17.418570
v 59.005112 25.196714 -17.436981
v 59.005112 25.268908 -17.491285
v 59.005112 25.347441 -17.565666
v 59.005112 25.666265 -17.945612
v 59.005112 25.745914 -18.012772
v 59.005112 25.783998 -18.038603
v 59.005112 25.820278 -18.058798
v 59.005112 25.854271 -18.073006
v 59.005112 25.885489 -18.080872
v 59.005112 25.913448 -18.082047
v 59.005112 25.987146 -18.063377
v 59.005112 26.010763 -18.061514
v 59.005112 26.033455 -18.062555
v 59.005112 26.055092 -18.066416
v 59.005112 26.075539 -18.073006
v 59.005112 26.094666 -18.082237
v 59.005112 26.112341 -18.094023
v 59.005112 26.128429 -18.108273
v 59.005112 26.142803 -18.124901
v 59.005112 26.155327 -18.143820
v 59.005112 26.178797 -18.189243
v 59.005112 26.204842 -18.211435
v 59.005112 26.243917 -18.231512
v 59.005112 26.295935 -18.249477
v 59.005112 26.360807 -18.265327
v 59.005112 26.528759 -18.290689
v 59.005112 27.526396 -18.311998
v 59.005112 27.807892 -18.293154
v 59.005112 28.035858 -18.255289
v 59.005112 28.234245 -18.193119
v 59.005112 28.329826 -18.151268
v 59.005112 28.426994 -18.101360
v 59.005112 28.638060 -17.974730
v 59.005112 28.784853 -17.865831
v 59.005112 28.857742 -17.806911
v 59.005112 28.929180 -17.746012
v 59.005112 28.998329 -17.683878
v 59.005112 29.064352 -17.621260
v 59.005112 29.126415 -17.558907
v 59.005112 29.235306 -17.437986
v 59.005112 29.318314 -17.327105
v 59.005112 29.348021 -17.277300
v 59.005112 29.402328 -17.139236
v 59.005112 29.450735 -16.965334
v 59.005112 29.527390 -16.544174
v 59.005112 29.554403 -16.314001
v 59.005112 29.573053 -16.082155
v 59.005112 29.582724 -15.857178
v 59.005112 29.582798 -15.647611
v 59.005112 29.551689 -15.308875
v 59.005112 29.519276 -15.196790
v 59.005112 28.790194 -16.795439
v 59.005112 28.745094 -16.886412
v 59.005112 28.680847 -16.974787
v 59.005112 28.599432 -17.059551
v 59.005112 28.502829 -17.139692
v 59.005112 28.393019 -17.214199
v 59.005112 28.271984 -17.282055
v 59.005112 28.141706 -17.342251
v 59.005112 27.861340 -17.435610
v 59.005112 27.567768 -17.486170
v 59.005112 27.420980 -17.492870
v 59.005112 27.261076 -17.480858
v 59.005112 27.088362 -17.446434
v 59.005112 26.906933 -17.392019
v 59.005112 26.534298 -17.232910
v 59.005112 26.175928 -17.022903
v 59.005112 25.864571 -16.781370
v 59.005112 25.736757 -16.654837
v 59.005112 25.632980 -16.527687
v 59.005112 25.557331 -16.402342
v 59.005112 25.446985 -16.132175
v 59.005112 25.414309 -16.015980
v 59.005112 25.397213 -15.910617
v 59.005112 25.396141 -15.814764
v 59.005112 25.411535 -15.727100
v 59.005112 25.443830 -15.646306
v 59.005112 25.493471 -15.571059
v 59.005112 25.560896 -15.500039
v 59.005112 25.646545 -15.431926
v 59.005112 25.874277 -15.299131
v 59.005112 26.069046 -15.217411
v 59.005112 26.277681 -15.162109
v 59.005112 26.497673 -15.132697
v 59.005112 26.726515 -15.128646
v 59.005112 26.961693 -15.149428
v 59.005112 27.200703 -15.194514
v 59.005112 27.441032 -15.263377
v 59.005112 27.680174 -15.355488
v 59.005112 28.144854 -15.607338
v 59.005112 28.365374 -15.766022
v 59.005112 28.793760 -16.169533
v 59.005112 28.839027 -16.228100
v 59.005112 28.871441 -16.283146
v 59.005112 28.891617 -16.337353
v 59.005112 28.900171 -16.393410
v 59.005112 28.897722 -16.454002
v 59.005112 28.884882 -16.521816
v 59.005112 28.830502 -16.689848
v 59.677692 29.582798 -15.647611
v 59.677692 29.582724 -15.857178
v 59.677692 29.573053 -16.082155
v 59.677692 29.554403 -16.314001
v 59.677692 29.551689 -15.308875
v 59.677692 29.527390 -16.544174
v 59.677692 29.519276 -15.196790
v 59.677692 29.474800 -15.134282
v 59.677692 29.450735 -16.965334
v 59.677692 29.402328 -17.139236
v 59.677692 29.348021 -17.277300
v 59.677692 29.318314 -17.327105
v 59.677692 29.235306 -17.437986
v 59.677692 29.126415 -17.558907
v 59.677692 29.064352 -17.621260
v 59.677692 28.998329 -17.683878
v 59.677692 28.900171 -16.393410
v 59.677692 28.929180 -17.746012
v 59.677692 28.857742 -17.806911
v 59.677692 28.891617 -16.337353
v 59.677692 28.897722 -16.454002
v 59.677692 28.884882 -16.521816
v 59.677692 28.871441 -16.283146
v 59.677692 28.839027 -16.228100
v 59.677692 28.793760 -16.169533
v 59.677692 28.790194 -16.795439
v 59.677692 28.745094 -16.886412
v 59.677692 28.680847 -16.974787
v 59.677692 28.638060 -17.974730
v 59.677692 28.348845 -14.348086
v 59.677692 28.599432 -17.059551
v 59.677692 28.502829 -17.139692
v 59.677692 28.365374 -15.766022
v 59.677692 28.426994 -18.101360
v 59.677692 28.393019 -17.214199
v 59.677692 28.329826 -18.151268
v 59.677692 28.144854 -15.607338
v 59.677692 28.234245 -18.193119
v 59.677692 28.141706 -17.342251
v 59.677692 28.035858 -18.255289
v 59.677692 27.774876 -14.043812
v 59.677692 27.861340 -17.435610
v 59.677692 27.807892 -18.293154
v 59.677692 27.680174 -15.355488
v 59.677692 27.522404 -13.951818
v 59.677692 27.567768 -17.486170
v 59.677692 27.441032 -15.263377
v 59.677692 27.526396 -18.311998
v 59.677692 27.420980 -17.492870
v 59.677692 27.284723 -13.897340
v 59.677692 27.200703 -15.194514
v 59.677692 27.261076 -17.480858
v 59.677692 27.055670 -13.878436
v 59.677692 27.088362 -17.446434
v 59.677692 26.961693 -15.149428
v 59.677692 26.906933 -17.392019
v 59.677692 26.829082 -13.893171
v 59.677692 26.726515 -15.128646
v 59.677692 26.598797 -13.939609
v 59.677692 26.497673 -15.132697
v 59.677692 26.534298 -17.232910
v 59.677692 26.528759 -18.290689
v 59.677692 26.277681 -15.162109
v 59.677692 26.360807 -18.265327
v 59.677692 26.295935 -18.249477
v 59.677692 26.102480 -14.119838
v 59.677692 26.175928 -17.022903
v 59.677692 26.243917 -18.231512
v 59.677692 26.069046 -15.217411
v 59.677692 26.204842 -18.211435
v 59.677692 26.178797 -18.189243
v 59.677692 26.155327 -18.143820
v 59.677692 26.142803 -18.124901
v 59.677692 26.128429 -18.108273
v 59.677692 26.112341 -18.094023
v 59.677692 26.094666 -18.082237
v 59.677692 26.075539 -18.073006
v 59.677692 26.055092 -18.066416
v 59.677692 25.874277 -15.299131
v 59.677692 26.033455 -18.062555
v 59.677692 26.010763 -18.061514
v 59.677692 25.864571 -16.781370
v 59.677692 25.987146 -18.063377
v 59.677692 25.913448 -18.082047
v 59.677692 25.885489 -18.080872
v 59.677692 25.728365 -14.312218
v 59.677692 25.854271 -18.073006
v 59.677692 25.736757 -16.654837
v 59.677692 25.820278 -18.058798
v 59.677692 25.783998 -18.038603
v 59.677692 25.745914 -18.012772
v 59.677692 25.646545 -15.431926
v 59.677692 25.632980 -16.527687
v 59.677692 25.666265 -17.945612
v 59.677692 25.560896 -15.500039
v 59.677692 25.557331 -16.402342
v 59.677692 25.493471 -15.571059
v 59.677692 25.404257 -14.534538
v 59.677692 25.446985 -16.132175
v 59.677692 25.443830 -15.646306
v 59.677692 25.414309 -16.015980
v 59.677692 25.411535 -15.727100
v 59.677692 25.397213 -15.910617
v 59.677692 25.396141 -15.814764
v 59.677692 25.347441 -17.565666
v 59.677692 25.268908 -17.491285
v 59.677692 25.129452 -14.787152
v 59.677692 25.196714 -17.436981
v 59.677692 25.164316 -17.418570
v 59.677692 25.135086 -17.406630
v 59.677692 25.109554 -17.401648
v 59.677692 25.088247 -17.404104
v 59.677692 25.067200 -17.401836
v 59.677692 25.042408 -17.389135
v 59.677692 25.014359 -17.366657
v 59.677692 24.903244 -15.070410
v 59.677692 24.950428 -17.295021
v 59.677692 24.808146 -15.223640
v 59.677692 24.804777 -17.063513
v 59.677692 24.767485 -16.991106
v 59.677692 24.730808 -16.914207
v 59.677692 24.695232 -16.833479
v 59.677692 24.653517 -15.553526
v 59.677692 24.642635 -16.710791
v 59.677692 24.598799 -16.601179
v 59.677692 24.536526 -16.412203
v 59.677692 24.537052 -15.925585
v 59.677692 24.507412 -16.092369
v 59.677692 24.506649 -16.248589
v 59.677692 24.503311 -16.170677
vn 1.0000 -0.0000 -0.0000
vn -1.0000 -0.0000 -0.0000
vn -0.0000 0.3223 -0.9466
vn -0.0000 0.1948 -0.9809
vn -0.0000 0.2320 -0.9727
vn -0.0000 0.3653 -0.9309
vn -0.0000 -0.4367 -0.8996
vn -0.0000 -0.3159 -0.9488
vn -0.0000 0.4727 -0.8812
vn 0.0010 0.5616 -0.8274
vn -0.0000 -0.7080 -0.7063
vn -0.0000 -0.6038 -0.7971
vn -0.0000 -0.2703 0.9628
vn -0.0000 -0.4001 0.9165
vn -0.0000 -0.5565 -0.8309
vn -0.0000 -0.3927 -0.9197
vn -0.0000 0.9963 0.0859
vn -0.0000 0.9967 -0.0812
vn -0.0000 0.1532 0.9882
vn -0.0000 0.0087 1.0000
vn -0.0000 -0.5243 -0.8515
vn -0.0000 -0.7832 -0.6218
vn -0.0000 -0.9679 -0.2512
vn -0.0000 -0.9985 -0.0555
vn -0.0000 0.1354 0.9908
vn -0.0000 0.2416 0.9704
vn -0.0000 -0.5314 -0.8471
vn -0.0000 -0.6363 -0.7715
vn -0.0000 -0.9935 0.1135
vn -0.0041 -0.4540 0.8910
vn -0.0021 -0.3860 0.9225
vn -0.0021 -0.5087 0.8609
vn -0.0000 -0.6228 0.7824
vn -0.0000 -0.7312 0.6821
vn -0.0000 0.7726 -0.6349
vn -0.0000 0.8308 -0.5565
vn -0.0000 0.9981 -0.0617
vn -0.0000 0.9999 0.0149
vn -0.0000 0.9927 -0.1206
vn -0.0000 -0.9714 0.2373
vn -0.0000 -0.9935 0.1139
vn -0.0013 -0.9664 0.2572
vn -0.0000 -0.1369 -0.9906
vn -0.0000 -0.2307 -0.9730
vn -0.0000 -0.7990 -0.6013
vn -0.0000 -0.6881 -0.7256
vn -0.0000 -0.5125 0.8587
vn -0.0000 0.7402 0.6724
vn -0.0000 0.8175 0.5760
vn 0.0019 0.6070 -0.7947
vn 0.0010 0.6434 -0.7656
vn -0.0000 -0.8624 -0.5063
vn -0.0000 -0.9029 -0.4298
vn -0.0000 0.3405 0.9402
vn -0.0000 -0.5487 -0.8360
vn -0.0000 -0.6454 -0.7638
vn -0.0000 0.4500 0.8930
vn -0.0000 -0.7968 -0.6042
vn -0.0000 -0.1316 0.9913
vn -0.0000 0.4463 -0.8949
vn -0.0000 0.5645 -0.8254
vn -0.0000 0.0227 -0.9997
vn -0.0000 0.1155 -0.9933
vn -0.0000 -0.7114 -0.7028
vn -0.0000 -0.8281 -0.5606
vn -0.0000 -0.9320 0.3624
vn -0.0000 -0.7407 -0.6718
vn -0.0000 0.5214 0.8533
vn -0.0000 0.4063 0.9137
vn -0.0000 -0.6103 -0.7921
vn -0.0000 -0.9690 -0.2469
vn -0.0000 -0.9328 -0.3604
vn -0.0000 -0.0352 -0.9994
vn -0.0000 -0.4959 -0.8684
vn -0.0000 -0.4370 -0.8995
vn -0.0000 -0.2435 0.9699
vn -0.0000 0.6755 -0.7374
vn -0.0000 0.9827 0.1855
vn -0.0000 0.9005 0.4349
vn -0.0000 -0.9134 -0.4070
vn -0.0000 -0.8822 -0.4709
vn -0.0000 0.8937 0.4488
vn -0.0000 -0.2862 -0.9582
vn -0.0000 0.7040 0.7102
vn -0.0000 -0.0855 -0.9963
vn -0.0000 -0.3716 -0.9284
vn -0.0000 -0.0389 -0.9992
vn -0.0000 0.5604 0.8282
vn -0.0000 -0.1079 0.9942
vn -0.0000 -0.2417 -0.9703
vn -0.0000 0.6783 -0.7348
vn -0.0000 0.7114 -0.7027
vn -0.0000 -0.4188 -0.9081
vn -0.0013 -0.9223 0.3864
vn -0.0000 -0.8554 0.5179
vn -0.0000 0.0038 -1.0000
vn -0.0000 0.7830 -0.6220
vn -0.0000 0.0752 -0.9972
vn -0.0000 -0.1110 -0.9938
vn -0.0000 -0.2863 -0.9581
vn -0.0000 -0.7668 0.6419
vn -0.0000 0.9482 -0.3175
vn -0.0000 0.9746 -0.2239
vn -0.0000 -1.0000 0.0048
vn -0.0000 -0.7280 -0.6855
vn -0.0000 0.0164 -0.9999
vn -0.0000 -0.5434 -0.8394
vn -0.0000 -0.9938 -0.1115
vn -0.0000 0.8977 -0.4406
vn -0.0000 -0.8170 0.5767
vn -0.0000 0.2834 0.9590
vn -0.0000 0.1627 -0.9867
vn -0.0000 -0.1935 -0.9811
vn -0.0000 0.4298 -0.9029
vn -0.0000 0.9457 0.3249
vn -0.0000 -0.8791 0.4767
vn -0.0000 -0.6809 0.7323
vn -0.0026 -0.9450 0.3270
vn -0.0000 0.8862 -0.4633
vn -0.0000 -0.3178 -0.9482
vn -0.0000 0.6594 0.7518
vn -0.0000 0.9764 0.2158
vn -0.0000 0.0147 0.9999
vn -0.0000 -0.1439 -0.9896
vn -0.0000 0.1029 -0.9947
vn -0.0000 -0.6007 0.7995
vn -0.0000 -0.2822 -0.9594
vn -0.0000 0.9619 -0.2735
vt 0.958115 0.000000
vt 0.963351 0.000000
vt 0.968586 0.000000
vt 0.973822 0.000000
vt 0.979058 0.000000
vt 0.984293 0.000000
vt 0.989529 0.000000
vt 0.691099 0.000000
vt 0.696335 0.000000
vt 0.701571 0.000000
vt 0.706806 0.000000
vt 0.712042 0.000000
vt 0.717277 0.000000
vt 0.549738 0.000000
vt 0.554974 0.000000
vt 0.565445 0.000000
vt 0.581152 0.000000
vt 0.586387 0.000000
vt 0.591623 0.000000
vt 0.596859 0.000000
vt 0.602094 0.000000
vt 0.612565 0.000000
vt 0.623037 0.000000
vt 0.628272 0.000000
vt 0.633508 0.000000
vt 0.638743 0.000000
vt 0.649215 0.000000
vt 0.654450 0.000000
vt 0.659686 0.000000
vt 0.664921 0.000000
vt 0.670157 0.000000
vt 0.680628 0.000000
vt 0.685864 0.000000
vt 0.000000 0.000000
vt 0.015707 0.000000
vt 0.937173 0.000000
vt 0.722513 0.000000
vt 1.000000 0.000000
vt 0.575916 0.000000
vt 0.727749 0.000000
vt 0.544503 0.000000
vt 0.534031 0.000000
vt 0.523560 0.000000
vt 0.513089 0.000000
vt 0.476440 0.000000
vt 0.465969 0.000000
vt 0.460733 0.000000
vt 0.455497 0.000000
vt 0.450262 0.000000
vt 0.445026 0.000000
vt 0.434555 0.000000
vt 0.429319 0.000000
vt 0.424084 0.000000
vt 0.418848 0.000000
vt 0.413613 0.000000
vt 0.408377 0.000000
vt 0.403141 0.000000
vt 0.397906 0.000000
vt 0.392670 0.000000
vt 0.387435 0.000000
vt 0.371728 0.000000
vt 0.366492 0.000000
vt 0.361257 0.000000
vt 0.356021 0.000000
vt 0.350785 0.000000
vt 0.345550 0.000000
vt 0.335079 0.000000
vt 0.293194 0.000000
vt 0.282723 0.000000
vt 0.272251 0.000000
vt 0.267016 0.000000
vt 0.261780 0.000000
vt 0.256545 0.000000
vt 0.251309 0.000000
vt 0.246073 0.000000
vt 0.240838 0.000000
vt 0.235602 0.000000
vt 0.225131 0.000000
vt 0.204188 0.000000
vt 0.198953 0.000000
vt 0.193717 0.000000
vt 0.188482 0.000000
vt 0.183246 0.000000
vt 0.178010 0.000000
vt 0.167539 0.000000
vt 0.157068 0.000000
vt 0.151832 0.000000
vt 0.146597 0.000000
vt 0.136126 0.000000
vt 0.120419 0.000000
vt 0.109948 0.000000
vt 0.104712 0.000000
vt 0.094241 0.000000
vt 0.083770 0.000000
vt 0.073298 0.000000
vt 0.062827 0.000000
vt 0.052356 0.000000
vt 0.047120 0.000000
vt 0.041885 0.000000
vt 0.036649 0.000000
vt 0.031414 0.000000
vt 0.026178 0.000000
vt 0.931937 0.000000
vt 0.921466 0.000000
vt 0.916230 0.000000
vt 0.910995 0.000000
vt 0.905759 0.000000
vt 0.900524 0.000000
vt 0.895288 0.000000
vt 0.890052 0.000000
vt 0.884817 0.000000
vt 0.879581 0.000000
vt 0.869110 0.000000
vt 0.863874 0.000000
vt 0.858639 0.000000
vt 0.853403 0.000000
vt 0.848168 0.000000
vt 0.842932 0.000000
vt 0.837696 0.000000
vt 0.832461 0.000000
vt 0.827225 0.000000
vt 0.816754 0.000000
vt 0.811518 0.000000
vt 0.806283 0.000000
vt 0.801047 0.000000
vt 0.790576 0.000000
vt 0.780105 0.000000
vt 0.769634 0.000000
vt 0.764398 0.000000
vt 0.759162 0.000000
vt 0.753927 0.000000
vt 0.748691 0.000000
vt 0.738220 0.000000
s 1
f 2244/1047/966 2243/1048/966 2242/1049/966 2239/1050/966 2236/1051/966 2240/1052/966 2241/1053/966 2245/1054/966 2246/1055/966 2247/1056/966 2250/1057/966 2251/1058/966 2254/1059/966 2255/1060/966 2253/1061/966 2248/1062/966 2238/1063/966 2237/1064/966 2235/1065/966 2234/1066/966 2233/1067/966 2232/1068/966 2231/1069/966 2230/1070/966 2229/1071/966 2228/1072/966 2225/1073/966 2223/1074/966 2222/1075/966 2221/1076/966 2220/1077/966 2224/1078/966 2226/1079/966 2227/1080/966 2249/1081/966 2252/1082/966
f 2178/1083/967 2177/1059/967 2176/1058/967 2175/1057/967 2174/1056/967 2173/1055/967 2172/1054/967 2219/1084/967 2154/1085/967 2153/1062/967 2152/1061/967 2151/1060/967
f 2179/1086/967 2178/1083/967 2151/1060/967 2150/1087/967 2149/1088/967 2148/1089/967 2147/1090/967 2146/1091/967 2145/1092/967 2144/1093/967 2143/1094/967 2142/1095/967 2141/1096/967 2140/1097/967 2139/1098/967 2138/1099/967 2137/1100/967 2136/1101/967 2135/1102/967 2134/1103/967 2133/1104/967 2132/1105/967 2131/1106/967 2130/1107/967 2129/1108/967 2128/1109/967 2127/1110/967 2126/1111/967 2125/1112/967 2124/1113/967 2123/1114/967 2122/1115/967 2121/1116/967 2120/1117/967 2119/1118/967 2118/1119/967 2117/1120/967 2116/1121/967 2115/1122/967 2114/1123/967 2113/1124/967 2112/1125/967 2111/1126/967 2110/1127/967 2109/1128/967 2108/1129/967 2107/1130/967 2106/1131/967 2105/1132/967 2104/1133/967 2103/1134/967 2102/1135/967 2101/1136/967 2100/1137/967 2099/1138/967 2098/1139/967 2097/1140/967 2096/1141/967 2095/1142/967 2094/1143/967 2093/1144/967 2092/1145/967 2091/1146/967 2090/1147/967 2089/1148/967 2088/1081/967 2087/1080/967 2171/1079/967 2170/1078/967 2169/1077/967 2168/1076/967 2167/1075/967 2166/1074/967 2165/1073/967 2164/1072/967 2163/1071/967 2162/1070/967 2161/1069/967 2160/1068/967 2159/1067/967 2158/1066/967 2157/1065/967 2156/1064/967 2155/1063/967 2154/1085/967 2219/1084/967 2218/1053/967 2217/1052/967 2216/1051/967 2215/1050/967 2214/1049/967 2213/1048/967 2212/1047/967 2211/1082/967 2210/1149/967 2209/1150/967 2208/1151/967 2207/1152/967 2206/1153/967 2205/1154/967 2204/1155/967 2203/1156/967 2202/1157/967 2201/1158/967 2200/1159/967 2199/1160/967 2198/1161/967 2197/1162/967 2196/1163/967 2195/1164/967 2194/1165/967 2193/1166/967 2192/1167/967 2191/1168/967 2190/1169/967 2189/1170/967 2188/1171/967 2187/1172/967 2186/1173/967 2185/1174/967 2184/1175/967 2183/1176/967 2182/1177/967 2181/1178/967 2180/1179/967
f 2256/1149/966 2252/1082/966 2249/1081/966 2260/1148/966 2264/1147/966 2269/1146/966 2272/1145/966 2276/1144/966 2278/1143/966 2285/1142/966 2305/1141/966 2317/1140/966 2326/1139/966 2335/1138/966 2337/1137/966 2342/1136/966 2346/1135/966 2347/1134/966 2349/1133/966 2348/1132/966 2345/1131/966 2344/1130/966 2343/1129/966 2341/1128/966 2340/1127/966 2339/1126/966 2338/1125/966 2336/1124/966 2334/1123/966 2333/1122/966 2332/1121/966 2331/1120/966 2330/1119/966 2329/1118/966 2328/1117/966 2327/1116/966 2325/1115/966 2324/1114/966 2313/1113/966 2310/1112/966 2309/1111/966 2308/1110/966 2306/1109/966 2304/1108/966 2303/1107/966 2302/1106/966 2300/1105/966 2299/1104/966 2297/1103/966 2296/1102/966 2295/1101/966 2294/1100/966 2293/1099/966 2292/1098/966 2291/1097/966 2290/1096/966 2289/1095/966 2287/1094/966 2284/1093/966 2283/1092/966 2281/1091/966 2267/1090/966 2262/1089/966 2259/1088/966 2257/1087/966 2255/1060/966 2254/1059/966 2258/1086/966 2261/1179/966 2265/1178/966 2268/1177/966 2271/1176/966 2273/1175/966 2275/1174/966 2280/1173/966 2286/1172/966 2301/1171/966 2307/1170/966 2312/1169/966 2315/1168/966 2318/1167/966 2320/1166/966 2322/1165/966 2323/1164/966 2321/1163/966 2319/1162/966 2316/1161/966 2314/1160/966 2311/1159/966 2298/1158/966 2288/1157/966 2282/1156/966 2279/1155/966 2277/1154/966 2274/1153/966 2270/1152/966 2266/1151/966 2263/1150/966
f 2202/1157/968 2203/1156/969 2282/1156/969 2288/1157/968
f 2149/1088/970 2150/1087/971 2257/1087/971 2259/1088/970
f 2127/1110/972 2128/1109/973 2306/1109/973 2308/1110/972
f 2152/1061/974 2153/1062/975 2248/1062/975 2253/1061/974
f 2124/1113/976 2125/1112/977 2310/1112/977 2313/1113/976
f 2094/1143/978 2095/1142/979 2285/1142/979 2278/1143/978
f 2142/1095/980 2143/1094/981 2287/1094/981 2289/1095/980
f 2194/1165/982 2195/1164/983 2323/1164/983 2322/1165/982
f 2091/1146/984 2092/1145/985 2272/1145/985 2269/1146/984
f 2126/1111/986 2127/1110/972 2308/1110/972 2309/1111/986
f 2141/1096/987 2142/1095/980 2289/1095/980 2290/1096/987
f 2215/1050/988 2216/1051/989 2236/1051/989 2239/1050/988
f 2183/1176/990 2184/1175/991 2273/1175/991 2271/1176/990
f 2125/1112/977 2126/1111/986 2309/1111/986 2310/1112/977
f 2210/1149/992 2211/1082/993 2252/1082/993 2256/1149/992
f 2216/1051/989 2217/1052/994 2240/1052/994 2236/1051/989
f 2178/1083/995 2179/1086/996 2258/1086/996 2254/1059/997 2177/1059/997
f 2097/1140/998 2098/1139/999 2326/1139/999 2317/1140/998
f 2160/1068/1000 2161/1069/1001 2231/1069/1001 2232/1068/1000
f 2167/1075/1002 2168/1076/1002 2169/1077/1003 2220/1077/1003 2221/1076/1002 2222/1075/1002 2223/1074/1002 2225/1073/1004 2165/1073/1004 2166/1074/1002
f 2102/1135/1005 2103/1134/1006 2347/1134/1006 2346/1135/1005
f 2217/1052/994 2218/1053/1007 2241/1053/1007 2240/1052/994
f 2206/1153/1008 2207/1152/1009 2270/1152/1009 2274/1153/1008
f 2113/1124/1010 2114/1123/1011 2334/1123/1011 2336/1124/1010
f 2096/1141/1012 2097/1140/998 2317/1140/998 2305/1141/1012
f 2189/1170/1013 2190/1169/1014 2312/1169/1014 2307/1170/1013
f 2154/1085/1015 2155/1063/1016 2238/1063/1016 2248/1062/975 2153/1062/975
f 2140/1097/1017 2141/1096/987 2290/1096/987 2291/1097/1017
f 2214/1049/1018 2215/1050/988 2239/1050/988 2242/1049/1018
f 2184/1175/991 2185/1174/1019 2275/1174/1019 2273/1175/991
f 2121/1116/1020 2122/1115/1021 2325/1115/1021 2327/1116/1020
f 2185/1174/1019 2186/1173/1022 2280/1173/1022 2275/1174/1019
f 2139/1098/1023 2140/1097/1017 2291/1097/1017 2292/1098/1023
f 2092/1145/985 2093/1144/1024 2276/1144/1024 2272/1145/985
f 2201/1158/1025 2298/1158/1025 2311/1159/1026 2200/1159/1026
f 2147/1090/1027 2148/1089/1028 2262/1089/1028 2267/1090/1027
f 2138/1099/1029 2139/1098/1023 2292/1098/1023 2293/1099/1029
f 2213/1048/1030 2214/1049/1018 2242/1049/1018 2243/1048/1030
f 2101/1136/1031 2102/1135/1005 2346/1135/1005 2342/1136/1031
f 2212/1047/1032 2244/1047/1032 2252/1082/993 2211/1082/993
f 2088/1081/1033 2089/1148/1034 2260/1148/1034 2249/1081/1033
f 2137/1100/1035 2138/1099/1029 2293/1099/1029 2294/1100/1035
f 2106/1131/1036 2107/1130/1037 2344/1130/1037 2345/1131/1036
f 2205/1154/1038 2206/1153/1008 2274/1153/1008 2277/1154/1038
f 2136/1101/1039 2137/1100/1035 2294/1100/1035 2295/1101/1039
f 2120/1117/1040 2121/1116/1020 2327/1116/1020 2328/1117/1040
f 2179/1086/996 2180/1179/1041 2261/1179/1041 2258/1086/996
f 2199/1160/1042 2200/1159/1026 2311/1159/1026 2314/1160/1042
f 2170/1078/1043 2171/1079/1044 2226/1079/1044 2224/1078/1043
f 2110/1127/1045 2111/1126/1045 2112/1125/1046 2338/1125/1046 2339/1126/1045 2340/1127/1045 2341/1128/1045 2343/1129/1045 2344/1130/1037 2107/1130/1037 2108/1129/1045 2109/1128/1045
f 2190/1169/1014 2191/1168/1047 2315/1168/1047 2312/1169/1014
f 2119/1118/1048 2120/1117/1040 2328/1117/1040 2329/1118/1048
f 2212/1047/1032 2213/1048/1030 2243/1048/1030 2244/1047/1032
f 2087/1080/1049 2088/1081/1033 2249/1081/1033 2227/1080/1049
f 2147/1090/1027 2267/1090/1027 2281/1091/1050 2146/1091/1050
f 2135/1102/1051 2136/1101/1039 2295/1101/1039 2296/1102/1051
f 2118/1119/1052 2119/1118/1048 2329/1118/1048 2330/1119/1052
f 2093/1144/1024 2094/1143/978 2278/1143/978 2276/1144/1024
f 2171/1079/1044 2087/1080/1049 2227/1080/1049 2226/1079/1044
f 2186/1173/1022 2187/1172/1053 2286/1172/1053 2280/1173/1022
f 2180/1179/1041 2181/1178/1054 2265/1178/1054 2261/1179/1041
f 2134/1103/1055 2135/1102/1051 2296/1102/1051 2297/1103/1055
f 2157/1065/1056 2158/1066/1056 2159/1067/1057 2233/1067/1057 2234/1066/1056 2235/1065/1056 2237/1064/1056 2238/1063/1016 2155/1063/1016 2156/1064/1056
f 2209/1150/1058 2210/1149/992 2256/1149/992 2263/1150/1058
f 2172/1054/1059 2173/1055/1060 2246/1055/1060 2245/1054/1059
f 2148/1089/1028 2149/1088/970 2259/1088/970 2262/1089/1028
f 2201/1158/1025 2202/1157/968 2288/1157/968 2298/1158/1025
f 2117/1120/1061 2118/1119/1052 2330/1119/1052 2331/1120/1061
f 2198/1161/1062 2199/1160/1042 2314/1160/1042 2316/1161/1062
f 2204/1155/1063 2205/1154/1038 2277/1154/1038 2279/1155/1063
f 2133/1104/1064 2134/1103/1055 2297/1103/1055 2299/1104/1064
f 2116/1121/1065 2117/1120/1061 2331/1120/1061 2332/1121/1065
f 2173/1055/1060 2174/1056/1066 2247/1056/1066 2246/1055/1060
f 2095/1142/979 2096/1141/1012 2305/1141/1012 2285/1142/979
f 2163/1071/1067 2164/1072/1068 2228/1072/1068 2229/1071/1067
f 2103/1134/1006 2104/1133/1069 2349/1133/1069 2347/1134/1006
f 2124/1113/976 2313/1113/976 2324/1114/1070 2123/1114/1070
f 2132/1105/1071 2133/1104/1064 2299/1104/1064 2300/1105/1071
f 2115/1122/1072 2116/1121/1065 2332/1121/1065 2333/1122/1072
f 2104/1133/1069 2105/1132/1073 2348/1132/1073 2349/1133/1069
f 2162/1070/1074 2163/1071/1067 2229/1071/1067 2230/1070/1074
f 2114/1123/1011 2115/1122/1072 2333/1122/1072 2334/1123/1011
f 2098/1139/999 2099/1138/1075 2335/1138/1075 2326/1139/999
f 2159/1067/1057 2160/1068/1000 2232/1068/1000 2233/1067/1057
f 2161/1069/1001 2162/1070/1074 2230/1070/1074 2231/1069/1001
f 2089/1148/1034 2090/1147/1076 2264/1147/1076 2260/1148/1034
f 2131/1106/1077 2132/1105/1071 2300/1105/1071 2302/1106/1077
f 2105/1132/1073 2106/1131/1036 2345/1131/1036 2348/1132/1073
f 2145/1092/1078 2146/1091/1050 2281/1091/1050 2283/1092/1078
f 2150/1087/971 2151/1060/1079 2152/1061/974 2253/1061/974 2255/1060/1079 2257/1087/971
f 2113/1124/1010 2336/1124/1010 2338/1125/1046 2112/1125/1046
f 2191/1168/1047 2192/1167/1080 2318/1167/1080 2315/1168/1047
f 2100/1137/1081 2101/1136/1031 2342/1136/1031 2337/1137/1081
f 2174/1056/1066 2175/1057/1082 2250/1057/1082 2247/1056/1066
f 2122/1115/1021 2123/1114/1070 2324/1114/1070 2325/1115/1021
f 2219/1084/1083 2172/1054/1059 2245/1054/1059 2241/1053/1007 2218/1053/1007
f 2197/1162/1084 2198/1161/1062 2316/1161/1062 2319/1162/1084
f 2208/1151/1085 2209/1150/1058 2263/1150/1058 2266/1151/1085
f 2203/1156/969 2204/1155/1063 2279/1155/1063 2282/1156/969
f 2187/1172/1053 2188/1171/1086 2301/1171/1086 2286/1172/1053
f 2164/1072/1068 2165/1073/1004 2225/1073/1004 2228/1072/1068
f 2169/1077/1003 2170/1078/1043 2224/1078/1043 2220/1077/1003
f 2192/1167/1080 2193/1166/1087 2320/1166/1087 2318/1167/1080
f 2181/1178/1054 2182/1177/1088 2268/1177/1088 2265/1178/1054
f 2129/1108/1089 2130/1107/1090 2303/1107/1090 2304/1108/1089
f 2099/1138/1075 2100/1137/1081 2337/1137/1081 2335/1138/1075
f 2175/1057/1082 2176/1058/1091 2251/1058/1091 2250/1057/1082
f 2144/1093/1092 2145/1092/1078 2283/1092/1078 2284/1093/1092
f 2196/1163/1093 2197/1162/1084 2319/1162/1084 2321/1163/1093
f 2090/1147/1076 2091/1146/984 2269/1146/984 2264/1147/1076
f 2128/1109/973 2129/1108/1089 2304/1108/1089 2306/1109/973
f 2130/1107/1090 2131/1106/1077 2302/1106/1077 2303/1107/1090
f 2193/1166/1087 2194/1165/982 2322/1165/982 2320/1166/1087
f 2207/1152/1009 2208/1151/1085 2266/1151/1085 2270/1152/1009
f 2188/1171/1086 2189/1170/1013 2307/1170/1013 2301/1171/1086
f 2176/1058/1091 2177/1059/997 2254/1059/997 2251/1058/1091
f 2143/1094/981 2144/1093/1092 2284/1093/1092 2287/1094/981
f 2182/1177/1088 2183/1176/990 2271/1176/990 2268/1177/1088
f 2195/1164/983 2196/1163/1093 2321/1163/1093 2323/1164/983
o home
v -15.765682 0.233744 15.765681
v -15.765682 54.052666 15.765683
v -15.765682 0.233744 -22.283680
v -15.765682 54.052666 -22.283680
v 43.293999 0.233744 15.765681
v 43.294003 54.052666 15.765683
v 43.293999 0.233744 -22.283680
v 43.294003 54.052666 -22.283680
v -15.765682 23.430222 15.765683
v -15.765682 23.430222 -22.283680
v 43.294003 23.430222 -22.283680
v 43.294003 23.430222 15.765683
v 43.294003 19.616068 -22.283680
v 43.294003 19.616068 15.765683
v 43.294003 30.667973 -22.283680
v 43.294003 30.667974 15.765683
v 43.294003 46.814919 15.765683
v 43.294003 46.814919 -22.283680
v -12.965912 30.261686 -22.283680
v -12.965912 47.221203 -22.283680
v 2.900999 47.221203 -22.283680
v 2.900999 30.261686 -22.283680
v -11.965057 23.430222 15.765683
v -1.228622 23.430222 15.765683
v -1.228622 54.052666 15.765683
v -11.965061 54.052666 15.765683
v -14.365795 54.052666 -22.283680
v 4.414633 54.052666 -22.283680
v -1.228619 42.375565 15.765683
v -11.965061 42.375565 15.765683
vn -1.0000 -0.0000 -0.0000
vn -0.0000 1.0000 -0.0000
vn -0.0000 -0.0000 -1.0000
vn -0.0000 -1.0000 -0.0000
vn 1.0000 -0.0000 -0.0000
vn -0.0000 -0.0000 1.0000
vt 0.725318 0.623257
vt 0.985654 0.832778
vt 0.725318 0.832778
vt 0.543747 0.636236
vt 0.521277 0.992401
vt 0.420777 0.992401
vt 0.506130 0.194823
vt 0.995706 0.194825
vt 0.995706 0.163207
vt 0.556840 0.636236
vt 0.004030 0.992403
vt 0.004029 0.636239
vt 0.576525 0.990809
vt 0.629105 0.466279
vt 0.629105 0.990809
vt 0.985654 0.991490
vt 0.725318 0.991490
vt 0.006434 0.488647
vt 0.540188 0.590176
vt 0.006434 0.590178
vt 0.540188 0.488645
vt 0.006434 0.488647
vt 0.140096 0.992402
vt 0.039597 0.992403
vt 0.004020 0.636238
vt 0.035655 0.353574
vt 0.004150 0.450372
vt 0.004149 0.196527
vt 0.124655 0.450371
vt 0.124655 0.353574
vt 0.506130 0.254820
vt 0.506130 0.388671
vt 0.840968 0.392040
vt 0.984101 0.448670
vt 0.828420 0.448669
vt 0.493725 0.256522
vt 0.493726 0.390373
vt 0.124654 0.196526
vt 0.035655 0.196526
vt 0.004149 0.004239
vt 0.985654 0.623257
vt 0.004019 0.992403
vt 0.004018 0.636238
vt 0.367952 0.636237
vt 0.556851 0.636236
vt 0.556853 0.992401
vt 0.995707 0.002537
vt 0.506131 0.002536
vt 0.556842 0.992401
vt 0.576525 0.466279
vt 0.556849 0.636236
vt 0.556850 0.992401
vt 0.004022 0.992403
vt 0.035655 0.450372
vt 0.972497 0.251454
vt 0.972497 0.392040
vt 0.995705 0.448670
vt 0.995706 0.194825
vt 0.506130 0.194823
vt 0.840968 0.251454
vt 0.506130 0.448668
vt 0.493725 0.196525
vt 0.493726 0.450370
vt 0.493724 0.004237
vt 0.493725 0.164907
s 0
f 2351/1180/1094 2359/1181/1094 2358/1182/1094
f 2376/1183/1095 2375/1184/1095 2374/1185/1095
f 2359/1186/1096 2360/1187/1096 2362/1188/1096
f 2356/1189/1097 2350/1190/1097 2352/1191/1097
f 2361/1192/1094 2362/1193/1094 2363/1194/1094
f 2358/1182/1094 2352/1195/1094 2350/1196/1094
f 2366/1197/1098 2357/1198/1098 2355/1199/1098
f 2365/1200/1098 2360/1199/1098 2364/1201/1098
f 2373/1202/1097 2372/1203/1097 2359/1204/1097
f 2379/1205/1099 2351/1206/1099 2358/1207/1099
f 2374/1208/1099 2379/1205/1099 2378/1209/1099
f 2364/1210/1099 2367/1211/1099 2370/1212/1099
f 2376/1213/1099 2370/1212/1099 2377/1214/1099
f 2378/1209/1099 2365/1215/1099 2366/1216/1099
f 2373/1217/1099 2372/1218/1099 2350/1219/1099
f 2351/1180/1094 2353/1220/1094 2359/1181/1094
f 2355/1221/1095 2357/1222/1095 2377/1223/1095
f 2376/1183/1095 2353/1224/1095 2351/1225/1095
f 2355/1221/1095 2377/1223/1095 2374/1185/1095
f 2377/1223/1095 2376/1183/1095 2374/1185/1095
f 2376/1183/1095 2351/1225/1095 2375/1184/1095
f 2356/1226/1096 2352/1227/1096 2362/1188/1096
f 2352/1227/1096 2359/1186/1096 2362/1188/1096
f 2356/1189/1097 2354/1228/1097 2350/1190/1097
f 2361/1192/1094 2360/1229/1094 2362/1193/1094
f 2358/1182/1094 2359/1181/1094 2352/1195/1094
f 2366/1197/1098 2367/1200/1098 2357/1198/1098
f 2365/1200/1098 2361/1198/1098 2360/1199/1098
f 2360/1230/1097 2361/1231/1097 2373/1202/1097
f 2372/1203/1097 2358/1232/1097 2359/1204/1097
f 2360/1230/1097 2373/1202/1097 2359/1204/1097
f 2358/1207/1099 2372/1218/1099 2379/1205/1099
f 2379/1205/1099 2375/1233/1099 2351/1206/1099
f 2374/1208/1099 2375/1233/1099 2379/1205/1099
f 2368/1234/1099 2369/1235/1099 2353/1236/1099
f 2369/1235/1099 2376/1213/1099 2353/1236/1099
f 2353/1236/1099 2359/1237/1099 2368/1234/1099
f 2359/1237/1099 2360/1238/1099 2371/1239/1099
f 2360/1238/1099 2364/1210/1099 2371/1239/1099
f 2367/1211/1099 2357/1240/1099 2377/1214/1099
f 2377/1214/1099 2370/1212/1099 2367/1211/1099
f 2370/1212/1099 2371/1239/1099 2364/1210/1099
f 2371/1239/1099 2368/1234/1099 2359/1237/1099
f 2376/1213/1099 2369/1235/1099 2370/1212/1099
f 2378/1209/1099 2373/1217/1099 2365/1215/1099
f 2373/1217/1099 2361/1241/1099 2365/1215/1099
f 2355/1242/1099 2374/1208/1099 2366/1216/1099
f 2374/1208/1099 2378/1209/1099 2366/1216/1099
f 2372/1218/1099 2358/1207/1099 2350/1219/1099
f 2350/1219/1099 2354/1243/1099 2373/1217/1099
f 2354/1243/1099 2363/1244/1099 2373/1217/1099
f 2363/1244/1099 2361/1241/1099 2373/1217/1099
o hehihn
v -12.965908 30.261686 -22.283682
v -12.965908 47.221203 -22.283682
v 2.901002 47.221203 -22.283682
v 2.901002 30.261686 -22.283682
v 2.901002 49.394852 -22.283682
v -12.965908 49.394852 -22.283682
v 2.901002 28.728987 -22.283682
v -12.965908 28.728987 -22.283682
v 4.414635 49.394848 -22.283682
v 4.414635 47.221207 -22.283682
v 4.414635 28.728985 -22.283682
v 4.414635 30.261690 -22.283682
v -14.365792 30.261684 -22.283682
v -14.365792 28.728985 -22.283682
v -14.365792 47.199791 -22.283682
v -14.365792 49.394852 -22.283682
v -12.965908 47.221203 -23.005726
v -12.965908 30.261686 -23.005726
v 2.901002 30.261686 -23.005726
v 2.901002 47.221203 -23.005726
v 2.901002 49.394852 -23.005726
v -12.965908 49.394852 -23.005726
v 2.901002 28.728987 -23.005726
v -12.965908 28.728987 -23.005726
v 4.414635 49.394848 -23.005726
v 4.414635 47.221207 -23.005726
v 4.414635 30.261690 -23.005726
v 4.414635 28.728985 -23.005726
v -14.365792 47.199791 -23.005726
v -14.365792 30.261684 -23.005726
v -14.365792 28.728985 -23.005726
v -14.365792 49.394852 -23.005726
v -12.965908 47.221203 -24.140930
v 2.901002 47.221203 -24.140930
v 2.901002 49.394852 -24.140930
v -12.965908 49.394852 -24.140930
v 4.414635 49.394848 -24.140930
v 4.414635 47.221207 -24.140930
v -14.365792 49.394852 -24.140930
v -14.365792 47.199791 -24.140930
v -12.965908 30.261686 -24.252367
v 2.901002 30.261686 -24.252367
v 2.901002 28.728987 -24.252367
v -12.965908 28.728987 -24.252367
v 4.414635 30.261690 -24.252367
v 4.414635 28.728985 -24.252367
v -14.365792 30.261684 -24.252367
v -14.365792 28.728985 -24.252367
v 2.901000 47.221199 -22.283680
v 2.901000 30.261684 -22.283680
v 2.901000 30.261684 -23.005724
v 2.901000 47.221199 -23.005724
v -1.228615 41.271858 15.765678
v -11.965059 41.271858 15.765678
v -1.228615 42.375565 15.765678
v -11.965059 42.375565 15.765678
v -1.228615 41.271858 16.644913
v -11.965059 41.271858 16.644913
v -1.228615 42.375565 16.644913
v -11.965059 42.375565 16.644913
v 43.293999 30.667973 -12.814384
v 43.293999 46.814911 -12.814384
v 43.293999 46.814915 6.296391
v 43.293999 30.667973 6.296389
v 43.293999 30.667973 -22.283680
v 43.293999 30.667973 15.765678
v 43.293999 46.814915 15.765678
v 43.293999 46.814915 -22.283680
v 44.674953 46.814911 -12.814384
v 44.674953 30.667973 -12.814384
v 44.674953 46.814915 6.296391
v 44.674953 30.667973 6.296389
v 44.674953 30.667973 -22.283680
v 44.674953 46.814915 -22.283680
v 44.674953 46.814915 15.765678
v 44.674953 30.667973 15.765678
vn -0.0000 1.0000 -0.0000
vn -0.0000 -1.0000 -0.0000
vn -1.0000 -0.0000 -0.0000
vn 1.0000 -0.0000 -0.0000
vn -0.0000 -0.0000 -1.0000
vn 0.0153 -0.9999 -0.0000
vn -0.0000 -0.0000 1.0000
vt 0.520743 0.434300
vt 0.556609 0.445273
vt 0.549924 0.456235
vt 0.917077 0.387146
vt 0.564515 0.386829
vt 0.570984 0.381210
vt 0.976736 0.411114
vt 0.955422 0.063955
vt 0.976736 0.060881
vt 0.920578 0.480395
vt 0.946934 0.456073
vt 0.960428 0.468354
vt 0.572995 0.089450
vt 0.924949 0.075942
vt 0.918700 0.086187
vt 0.923441 0.397458
vt 0.925152 0.004940
vt 0.559630 0.034711
vt 0.553149 0.023989
vt 0.520230 0.075695
vt 0.533588 0.393284
vt 0.516505 0.393751
vt 0.538294 0.051375
vt 0.550860 0.068239
vt 0.537486 0.076693
vt 0.938638 0.417690
vt 0.955760 0.408711
vt 0.546488 0.401748
vt 0.935182 0.039580
vt 0.948495 0.030539
vt 0.566799 0.083766
vt 0.918830 0.058452
vt 0.917119 0.466788
vt 0.933986 0.446482
vt 0.533545 0.429040
vt 0.962740 0.018365
vt 0.921272 0.018080
vt 0.525264 0.046053
vt 0.564051 0.430416
vt 0.567036 0.400800
vt 0.913293 0.448579
vt 0.916816 0.414451
vt 0.545713 0.424307
vt 0.917110 0.036682
vt 0.937707 0.055182
vt 0.566757 0.050291
vt 0.568921 0.068952
vt 0.550588 0.056025
vt 0.991960 0.285278
vt 0.976736 0.004940
vt 0.991960 0.004940
vt 0.975835 0.987936
vt 0.964105 0.569676
vt 0.978432 0.557895
vt 0.938833 0.980899
vt 0.938686 0.566974
vt 0.926780 0.551120
vt 0.926780 0.990340
vt 0.962520 0.977482
vt 0.976736 0.285278
vt 0.508719 0.994628
vt 0.459158 0.273485
vt 0.508719 0.227206
vt 0.508720 0.994628
vt 0.459158 0.273485
vt 0.456122 0.952790
vt 0.061565 0.268353
vt 0.456122 0.952790
vt 0.061565 0.268353
vt 0.008967 0.226516
vt 0.058529 0.947658
vt 0.008967 0.993937
vt 0.008967 0.993937
vt 0.008967 0.226516
vt 0.058529 0.947658
s 0
f 2388/1245/1100 2400/1246/1100 2384/1247/1100
f 2381/1248/1101 2399/1249/1101 2382/1250/1101
f 2394/1251/1102 2409/1252/1102 2392/1253/1102
f 2385/1254/1100 2411/1255/1100 2395/1256/1100
f 2383/1257/1100 2397/1258/1100 2380/1259/1100
f 2380/1259/1103 2396/1260/1103 2381/1248/1103
f 2387/1261/1101 2402/1262/1101 2386/1263/1101
f 2391/1264/1103 2405/1265/1103 2389/1266/1103
f 2407/1267/1103 2424/1268/1103 2406/1269/1103
f 2411/1255/1102 2419/1270/1102 2408/1271/1102
f 2399/1249/1101 2417/1272/1101 2405/1265/1101
f 2409/1252/1102 2427/1273/1102 2410/1274/1102
f 2406/1269/1104 2399/1249/1104 2405/1265/1104
f 2398/1275/1100 2420/1276/1100 2397/1258/1100
f 2408/1271/1104 2397/1258/1104 2409/1252/1104
f 2401/1277/1100 2418/1278/1100 2411/1255/1100
f 2389/1266/1103 2404/1279/1103 2388/1245/1103
f 2392/1253/1102 2410/1274/1102 2393/1280/1102
f 2393/1280/1101 2403/1281/1101 2387/1261/1101
f 2390/1282/1103 2406/1269/1103 2391/1264/1103
f 2395/1256/1102 2408/1271/1102 2394/1251/1102
f 2384/1247/1100 2401/1277/1100 2385/1254/1100
f 2386/1263/1101 2407/1267/1101 2390/1282/1101
f 2414/1283/1104 2417/1272/1104 2413/1284/1104
f 2415/1285/1104 2413/1284/1104 2412/1286/1104
f 2412/1286/1104 2418/1278/1104 2415/1285/1104
f 2404/1279/1100 2414/1283/1100 2400/1246/1100
f 2400/1246/1100 2415/1285/1100 2401/1277/1100
f 2396/1260/1101 2413/1284/1101 2399/1249/1101
f 2408/1271/1105 2412/1286/1105 2396/1260/1105
f 2405/1265/1103 2416/1287/1103 2404/1279/1103
f 2423/1288/1104 2426/1289/1104 2420/1276/1104
f 2422/1290/1104 2420/1276/1104 2421/1291/1104
f 2421/1291/1104 2425/1292/1104 2422/1290/1104
f 2410/1274/1101 2423/1288/1101 2403/1281/1101
f 2403/1281/1101 2422/1290/1101 2402/1262/1101
f 2397/1258/1100 2426/1289/1100 2409/1252/1100
f 2406/1269/1100 2421/1291/1100 2398/1275/1100
f 2402/1262/1101 2425/1292/1101 2407/1267/1101
f 2428/1293/1102 2430/1294/1102 2429/1295/1102
f 2435/1296/1100 2438/1297/1100 2434/1298/1100
f 2438/1297/1106 2437/1299/1106 2436/1300/1106
f 2432/1301/1101 2437/1299/1101 2433/1302/1101
f 2434/1298/1103 2436/1300/1103 2432/1301/1103
f 2433/1302/1102 2439/1303/1102 2435/1296/1102
f 2388/1245/1100 2404/1279/1100 2400/1246/1100
f 2381/1248/1101 2396/1260/1101 2399/1249/1101
f 2394/1251/1102 2408/1271/1102 2409/1252/1102
f 2385/1254/1100 2401/1277/1100 2411/1255/1100
f 2383/1257/1100 2398/1275/1100 2397/1258/1100
f 2380/1259/1103 2397/1258/1103 2396/1260/1103
f 2387/1261/1101 2403/1281/1101 2402/1262/1101
f 2391/1264/1103 2406/1269/1103 2405/1265/1103
f 2407/1267/1103 2425/1292/1103 2424/1268/1103
f 2411/1255/1102 2418/1278/1102 2419/1270/1102
f 2399/1249/1101 2413/1284/1101 2417/1272/1101
f 2409/1252/1102 2426/1289/1102 2427/1273/1102
f 2406/1269/1104 2398/1275/1104 2399/1249/1104
f 2398/1275/1100 2421/1291/1100 2420/1276/1100
f 2408/1271/1104 2396/1260/1104 2397/1258/1104
f 2401/1277/1100 2415/1285/1100 2418/1278/1100
f 2389/1266/1103 2405/1265/1103 2404/1279/1103
f 2392/1253/1102 2409/1252/1102 2410/1274/1102
f 2393/1280/1101 2410/1274/1101 2403/1281/1101
f 2390/1282/1103 2407/1267/1103 2406/1269/1103
f 2395/1256/1102 2411/1255/1102 2408/1271/1102
f 2384/1247/1100 2400/1246/1100 2401/1277/1100
f 2386/1263/1101 2402/1262/1101 2407/1267/1101
f 2414/1283/1104 2416/1287/1104 2417/1272/1104
f 2415/1285/1104 2414/1283/1104 2413/1284/1104
f 2412/1286/1104 2419/1270/1104 2418/1278/1104
f 2404/1279/1100 2416/1287/1100 2414/1283/1100
f 2400/1246/1100 2414/1283/1100 2415/1285/1100
f 2396/1260/1101 2412/1286/1101 2413/1284/1101
f 2408/1271/1105 2419/1270/1105 2412/1286/1105
f 2405/1265/1103 2417/1272/1103 2416/1287/1103
f 2423/1288/1104 2427/1273/1104 2426/1289/1104
f 2422/1290/1104 2423/1288/1104 2420/1276/1104
f 2421/1291/1104 2424/1268/1104 2425/1292/1104
f 2410/1274/1101 2427/1273/1101 2423/1288/1101
f 2403/1281/1101 2423/1288/1101 2422/1290/1101
f 2397/1258/1100 2420/1276/1100 2426/1289/1100
f 2406/1269/1100 2424/1268/1100 2421/1291/1100
f 2402/1262/1101 2422/1290/1101 2425/1292/1101
f 2428/1293/1102 2431/1304/1102 2430/1294/1102
f 2435/1296/1100 2439/1303/1100 2438/1297/1100
f 2438/1297/1106 2439/1303/1106 2437/1299/1106
f 2432/1301/1101 2436/1300/1101 2437/1299/1101
f 2434/1298/1103 2438/1297/1103 2436/1300/1103
f 2433/1302/1102 2437/1299/1102 2439/1303/1102
f 2445/1305/1106 2454/1306/1106 2446/1307/1106
f 2447/1308/1104 2452/1309/1104 2444/1307/1104
f 2453/1310/1103 2449/1311/1103 2452/1309/1103
f 2455/1312/1103 2450/1313/1103 2454/1306/1103
f 2442/1314/1104 2451/1315/1104 2443/1316/1104
f 2441/1317/1100 2453/1310/1100 2447/1308/1100
f 2446/1307/1100 2450/1313/1100 2442/1314/1100
f 2443/1316/1101 2455/1312/1101 2445/1305/1101
f 2444/1307/1101 2449/1311/1101 2440/1318/1101
f 2440/1318/1106 2448/1319/1106 2441/1317/1106
f 2445/1305/1106 2455/1312/1106 2454/1306/1106
f 2447/1308/1104 2453/1310/1104 2452/1309/1104
f 2453/1310/1103 2448/1319/1103 2449/1311/1103
f 2455/1312/1103 2451/1315/1103 2450/1313/1103
f 2442/1314/1104 2450/1313/1104 2451/1315/1104
f 2441/1317/1100 2448/1319/1100 2453/1310/1100
f 2446/1307/1100 2454/1306/1100 2450/1313/1100
f 2443/1316/1101 2451/1315/1101 2455/1312/1101
f 2444/1307/1101 2452/1309/1101 2449/1311/1101
f 2440/1318/1106 2449/1311/1106 2448/1319/1106
o GIGK
v 42.899200 30.838709 -6.081762
v 42.899200 46.818115 -6.081762
v 42.899200 30.838709 -12.814384
v 42.899200 46.818115 -12.814384
v 43.815163 30.838709 -6.081762
v 43.815163 46.818115 -6.081762
v 43.815163 30.838709 -12.814384
v 43.815163 46.818115 -12.814384
v 42.899200 30.838709 0.722544
v 42.899200 46.818115 0.722544
v 42.899200 30.838709 -6.010078
v 42.899200 46.818115 -6.010078
v 43.815163 30.838709 0.722544
v 43.815163 46.818115 0.722544
v 43.815163 30.838709 -6.010078
v 43.815163 46.818115 -6.010078
v 1.299263 30.600965 -27.432133
v 1.299263 34.486557 -27.432133
v 1.153900 30.600965 -27.432133
v 1.153900 34.486557 -27.432133
v 1.299263 30.600965 -27.694870
v 1.299263 34.486557 -27.694870
v 1.153900 30.600965 -27.694870
v 1.153900 34.486557 -27.694870
v -0.680706 30.600965 -27.476933
v -0.680706 34.486557 -27.476933
v -0.943439 30.600965 -27.476933
v -0.943439 34.486557 -27.476933
v -0.680706 30.600965 -27.739666
v -0.680706 34.486557 -27.739666
v -0.943439 30.600965 -27.739666
v -0.943439 34.486557 -27.739666
v -4.313759 30.600965 -27.521729
v -4.313759 34.486557 -27.521729
v -4.576496 30.600965 -27.521729
v -4.576496 34.486557 -27.521729
v -4.313759 30.600965 -27.784464
v -4.313759 34.486557 -27.784464
v -4.576496 30.600965 -27.784464
v -4.576496 34.486557 -27.784464
v -7.946815 30.600965 -27.566526
v -7.946815 34.486557 -27.566526
v -8.209549 30.600965 -27.566526
v -8.209549 34.486557 -27.566526
v -7.946815 30.600965 -27.829262
v -7.946815 34.486557 -27.829262
v -8.209549 30.600965 -27.829262
v -8.209549 34.486557 -27.829262
v -10.784466 30.600965 -27.611324
v -10.784466 34.486557 -27.611324
v -10.929829 30.600965 -27.611324
v -10.929829 34.486557 -27.611324
v -10.784466 30.600965 -27.874058
v -10.784466 34.486557 -27.874058
v -10.929829 30.600965 -27.874058
v -10.929829 34.486557 -27.874058
v 3.039318 34.485828 -27.414076
v 3.039318 34.788433 -27.414076
v -13.046337 34.485828 -27.414074
v -13.046337 34.788433 -27.414074
v 3.039318 34.485828 -27.716679
v 3.039318 34.788433 -27.716679
v -13.046337 34.485828 -27.716679
v -13.046337 34.788433 -27.716679
v 2.882153 34.485828 -27.414076
v -12.889172 34.485828 -27.414074
v -12.889172 34.788433 -27.414074
v 2.882153 34.788433 -27.414076
v -12.889172 34.485828 -27.716679
v 2.882153 34.485828 -27.716679
v 2.882153 34.788433 -27.716679
v -12.889172 34.788433 -27.716679
v 3.039318 34.485828 -22.218163
v 3.039318 34.788433 -22.218163
v -13.052498 34.788433 -22.218161
v -13.052498 34.485828 -22.218161
v -12.883015 34.788433 -22.218161
v -12.883015 34.485828 -22.218161
v 2.882153 34.485828 -22.218163
v 2.882153 34.788433 -22.218163
v 3.039318 34.788433 -22.484819
v 3.039318 34.485828 -22.484819
v 2.882153 34.485828 -22.484819
v 2.882153 34.788433 -22.484819
v -12.889172 34.485828 -22.484814
v -13.046337 34.485828 -22.461279
v -12.883015 34.788433 -22.484814
v -13.052498 34.788433 -22.484814
v 2.882153 30.370607 -22.218163
v 3.039318 30.370607 -22.218163
v -12.889172 30.370607 -22.218161
v -13.046337 30.370607 -22.218161
v -12.889172 30.370607 -22.484814
v 3.039318 30.370607 -22.484819
v 2.882153 30.370607 -22.484819
v -13.046337 30.370607 -22.484814
v 2.882153 30.601484 -22.484819
v 2.882153 30.601484 -22.218163
v 3.039318 30.601484 -22.218163
v 3.039318 30.601484 -22.484819
v -12.889172 30.601484 -22.484814
v -13.046337 30.601484 -22.484814
v -13.046337 30.601484 -22.218161
v -12.889172 30.601484 -22.218161
v -13.046337 30.355679 -27.716679
v -13.046337 30.355679 -27.414074
v 3.039318 30.355679 -27.414076
v 3.039318 30.355679 -27.716679
v 2.882153 30.355679 -27.716679
v 2.882153 30.355679 -27.414076
v -12.889172 30.355679 -27.414074
v -12.889172 30.355679 -27.716679
v 3.039318 30.600965 -27.414076
v 3.039318 30.600965 -27.716679
v 2.882153 30.600965 -27.716679
v 2.882153 30.600965 -27.414076
v -12.889172 30.600990 -27.716679
v -13.046337 30.600990 -27.716679
v -12.889172 30.600990 -27.414074
v -13.046337 30.600990 -27.414074
v 48.394745 30.917809 4.117102
v 48.394745 34.803402 4.117102
v 48.394745 30.917809 3.854366
v 48.394745 34.803402 3.854366
v 48.657482 30.917809 4.117102
v 48.657482 34.803402 4.117102
v 48.657482 30.917809 3.854366
v 48.657482 34.803402 3.854366
v 48.439545 30.917809 0.484047
v 48.439545 34.803402 0.484047
v 48.439545 30.917809 0.221312
v 48.439545 34.803402 0.221312
v 48.702278 30.917809 0.484047
v 48.702278 34.803402 0.484047
v 48.702278 30.917809 0.221312
v 48.702278 34.803402 0.221312
v 48.484341 30.917809 -3.149008
v 48.484341 34.803402 -3.149008
v 48.484341 30.917809 -3.411743
v 48.484341 34.803402 -3.411743
v 48.747074 30.917809 -3.149008
v 48.747074 34.803402 -3.149008
v 48.747074 30.917809 -3.411743
v 48.747074 34.803402 -3.411743
v 48.529140 30.917809 -6.782063
v 48.529140 34.803402 -6.782063
v 48.529140 30.917809 -7.044798
v 48.529140 34.803402 -7.044798
v 48.791874 30.917809 -6.782063
v 48.791874 34.803402 -6.782063
v 48.791874 30.917809 -7.044798
v 48.791874 34.803402 -7.044798
v 48.573936 30.917809 -10.415116
v 48.573936 34.803402 -10.415116
v 48.573936 30.917809 -10.677851
v 48.573936 34.803402 -10.677851
v 48.836674 30.917809 -10.415116
v 48.836674 34.803402 -10.415116
v 48.836674 30.917809 -10.677851
v 48.836674 34.803402 -10.677851
v 48.376690 34.802670 6.296387
v 48.376690 35.105274 6.296387
v 48.376690 34.802670 -12.814385
v 48.376690 35.105274 -12.814385
v 48.679291 34.802670 6.296387
v 48.679291 35.105274 6.296387
v 48.679295 34.802670 -12.814385
v 48.679295 35.105274 -12.814385
v 48.376690 34.802670 6.012314
v 48.376690 34.802670 -12.530311
v 48.376690 35.105274 -12.530311
v 48.376690 35.105274 6.012314
v 48.679295 34.802670 -12.530311
v 48.679291 34.802670 6.012314
v 48.679291 35.105274 6.012314
v 48.679295 35.105274 -12.530311
v 43.180771 34.802670 6.296387
v 43.180771 35.105274 6.296387
v 43.180775 35.105274 -12.814385
v 43.180775 34.802670 -12.814385
v 43.180775 35.105274 -12.530311
v 43.180775 34.802670 -12.530311
v 43.180771 34.802670 6.012314
v 43.180771 35.105274 6.012314
v 43.447433 35.105274 6.296387
v 43.447433 34.802670 6.296387
v 43.447433 34.802670 6.012314
v 43.447433 35.105274 6.012314
v 43.447430 34.802670 -12.530311
v 43.423893 34.802670 -12.814385
v 43.447430 35.105274 -12.530311
v 43.447430 35.105274 -12.814385
v 43.180771 30.687449 6.012314
v 43.180771 30.687449 6.296387
v 43.180775 30.687449 -12.530311
v 43.180775 30.687449 -12.814385
v 43.447430 30.687449 -12.530311
v 43.447433 30.687449 6.296387
v 43.447433 30.687449 6.012314
v 43.447430 30.687449 -12.814385
v 43.447433 30.918327 6.012314
v 43.180771 30.918327 6.012314
v 43.180771 30.918327 6.296387
v 43.447433 30.918327 6.296387
v 43.447430 30.918327 -12.530311
v 43.447430 30.918327 -12.814385
v 43.180775 30.918327 -12.814385
v 43.180775 30.918327 -12.530311
v 48.679295 30.672520 -12.814385
v 48.376690 30.672520 -12.814385
v 48.376690 30.672520 6.296387
v 48.679291 30.672520 6.296387
v 48.679291 30.672520 6.012314
v 48.376690 30.672520 6.012314
v 48.376690 30.672520 -12.530311
v 48.679295 30.672520 -12.530311
v 48.376690 30.917807 6.296387
v 48.679291 30.917807 6.296387
v 48.679291 30.917807 6.012314
v 48.376690 30.917807 6.012314
v 48.679295 30.917831 -12.530311
v 48.679295 30.917831 -12.814385
v 48.376690 30.917831 -12.530311
v 48.376690 30.917831 -12.814385
vn -1.0000 -0.0000 -0.0000
vn -0.0000 -0.0000 -1.0000
vn 1.0000 -0.0000 -0.0000
vn -0.0000 -0.0000 1.0000
vn -0.0000 -1.0000 -0.0000
vn -0.0000 1.0000 -0.0000
vn -0.0000 -1.0000 0.0030
vn 0.9995 -0.0203 -0.0231
vn -0.9998 -0.0204 -0.0000
vn -1.0000 -0.0000 -0.0013
vn -0.9997 -0.0016 -0.0254
vn -0.1481 0.0060 -0.9890
vn -0.0000 1.0000 -0.0001
vn -0.9997 -0.0000 -0.0253
vn 0.9998 -0.0203 -0.0013
vn 0.9997 -0.0016 -0.0231
vn -0.0030 -1.0000 -0.0000
vn 0.9966 0.0060 -0.0826
vn 0.0001 1.0000 -0.0000
vt 0.180903 0.993484
vt 0.842067 0.714913
vt 0.842068 0.993482
vt 0.932584 0.047046
vt 0.987033 0.996940
vt 0.932584 0.996940
vt 0.180903 0.993484
vt 0.842067 0.714913
vt 0.842068 0.993482
vt 0.932584 0.047046
vt 0.932584 0.996940
vt 0.854746 0.991107
vt 0.923577 0.485180
vt 0.923577 0.991107
vt 0.923577 0.485181
vt 0.180902 0.714915
vt 0.987033 0.047046
vt 0.180902 0.714915
vt 0.854746 0.485180
vt 0.854746 0.485181
vt 0.156798 0.630643
vt 0.309861 0.477577
vt 0.309862 0.630642
vt 0.156796 0.477578
vt 0.309860 0.324512
vt 0.156795 0.324513
vt 0.309859 0.171448
vt 0.156794 0.171449
vt 0.309858 0.018383
vt 0.462924 0.171447
vt 0.462925 0.324511
vt 0.003731 0.324514
vt 0.309862 0.630642
vt 0.309860 0.324512
vt 0.309858 0.018383
vt 0.156798 0.630643
vt 0.309861 0.477577
vt 0.309862 0.630642
vt 0.156796 0.477578
vt 0.309859 0.171447
vt 0.156794 0.171449
vt 0.462924 0.171446
vt 0.156794 0.173724
vt 0.003731 0.322239
vt 0.003729 0.173725
vt 0.462924 0.173721
vt 0.309860 0.322237
vt 0.309859 0.173723
vt 0.156795 0.322238
vt 0.309861 0.479852
vt 0.156798 0.628368
vt 0.156797 0.479853
vt 0.156793 0.018384
vt 0.309862 0.628366
vt 0.462925 0.322236
vt 0.003729 0.171450
vt 0.003729 0.171450
vt 0.672328 0.011193
vt 0.497392 0.186129
vt 0.497392 0.011193
vt 0.672328 0.186129
vt 0.497392 0.361065
vt 0.672328 0.361065
vt 0.497392 0.536000
vt 0.672328 0.536000
vt 0.497392 0.710936
vt 0.322456 0.536000
vt 0.322456 0.361065
vt 0.847263 0.361065
vt 0.672328 0.011193
vt 0.497392 0.186129
vt 0.497392 0.011193
vt 0.672328 0.186129
vt 0.497392 0.536000
vt 0.672328 0.536000
vt 0.322456 0.536000
vt 0.672328 0.533400
vt 0.847263 0.363665
vt 0.847263 0.533400
vt 0.322456 0.533400
vt 0.497392 0.363665
vt 0.497392 0.533400
vt 0.672328 0.363665
vt 0.497392 0.183529
vt 0.672328 0.013794
vt 0.672328 0.183529
vt 0.672328 0.710936
vt 0.497392 0.013794
vt 0.322456 0.363665
vt 0.497392 0.183529
vt 0.847263 0.536000
vt 0.847263 0.536000
s 0
f 2457/1320/1107 2458/1321/1107 2456/1322/1107
f 2459/1323/1108 2462/1324/1108 2458/1325/1108
f 2463/1326/1109 2460/1327/1109 2462/1328/1109
f 2461/1329/1110 2456/1324/1110 2460/1330/1110
f 2462/1331/1111 2456/1332/1111 2458/1333/1111
f 2459/1331/1112 2461/1332/1112 2463/1333/1112
f 2465/1320/1107 2466/1321/1107 2464/1322/1107
f 2467/1329/1108 2470/1324/1108 2466/1330/1108
f 2471/1320/1109 2468/1327/1109 2470/1322/1109
f 2469/1323/1110 2464/1324/1110 2468/1325/1110
f 2470/1331/1111 2464/1334/1111 2466/1333/1111
f 2467/1331/1112 2469/1334/1112 2471/1333/1112
f 2457/1320/1107 2459/1335/1107 2458/1321/1107
f 2459/1323/1108 2463/1336/1108 2462/1324/1108
f 2463/1326/1109 2461/1337/1109 2460/1327/1109
f 2461/1329/1110 2457/1336/1110 2456/1324/1110
f 2462/1331/1111 2460/1338/1111 2456/1332/1111
f 2459/1331/1112 2457/1338/1112 2461/1332/1112
f 2465/1320/1107 2467/1335/1107 2466/1321/1107
f 2467/1329/1108 2471/1336/1108 2470/1324/1108
f 2471/1320/1109 2469/1337/1109 2468/1327/1109
f 2469/1323/1110 2465/1336/1110 2464/1324/1110
f 2470/1331/1111 2468/1339/1111 2464/1334/1111
f 2467/1331/1112 2465/1339/1112 2469/1334/1112
f 2473/1340/1110 2474/1341/1110 2472/1342/1110
f 2475/1343/1107 2478/1344/1107 2474/1341/1107
f 2479/1345/1108 2476/1346/1108 2478/1344/1108
f 2477/1347/1109 2472/1348/1109 2476/1346/1109
f 2478/1344/1111 2472/1349/1111 2474/1350/1111
f 2475/1351/1112 2477/1347/1112 2479/1345/1112
f 2481/1340/1110 2482/1341/1110 2480/1352/1110
f 2483/1343/1107 2486/1353/1107 2482/1341/1107
f 2487/1345/1108 2484/1346/1108 2486/1353/1108
f 2485/1347/1109 2480/1354/1109 2484/1346/1109
f 2486/1353/1111 2480/1349/1111 2482/1350/1111
f 2483/1351/1112 2485/1347/1112 2487/1345/1112
f 2489/1340/1110 2490/1341/1110 2488/1352/1110
f 2491/1343/1107 2494/1353/1107 2490/1341/1107
f 2495/1345/1108 2492/1346/1108 2494/1353/1108
f 2493/1347/1109 2488/1354/1109 2492/1346/1109
f 2494/1353/1111 2488/1349/1111 2490/1350/1111
f 2491/1351/1112 2493/1347/1112 2495/1345/1112
f 2497/1355/1110 2498/1356/1110 2496/1357/1110
f 2499/1358/1107 2502/1344/1107 2498/1356/1107
f 2503/1345/1108 2500/1359/1108 2502/1344/1108
f 2501/1360/1109 2496/1348/1109 2500/1359/1109
f 2502/1344/1111 2496/1361/1111 2498/1350/1111
f 2499/1351/1112 2501/1360/1112 2503/1345/1112
f 2505/1340/1110 2506/1341/1110 2504/1342/1110
f 2507/1343/1107 2510/1344/1107 2506/1341/1107
f 2511/1345/1108 2508/1346/1108 2510/1344/1108
f 2509/1347/1109 2504/1348/1109 2508/1346/1109
f 2510/1344/1111 2504/1349/1111 2506/1350/1111
f 2507/1351/1112 2509/1347/1112 2511/1345/1112
f 2515/1343/1107 2518/1344/1107 2514/1341/1107
f 2517/1347/1109 2512/1348/1109 2516/1346/1109
f 2526/1362/1112 2522/1363/1112 2523/1364/1112
f 2520/1365/1111 2524/1366/1111 2525/1367/1111
f 2525/1367/1108 2527/1368/1108 2526/1362/1108
f 2521/1369/1110 2523/1370/1110 2522/1371/1110
f 2536/1372/1109 2528/1348/1109 2537/1348/1109
f 2568/1348/1109 2563/1346/1109 2569/1346/1109
f 2572/1366/1108 2560/1344/1108 2573/1344/1108
f 2552/1373/1112 2559/1369/1112 2553/1373/1112
f 2515/1351/1112 2527/1368/1112 2519/1345/1112
f 2523/1364/1112 2517/1347/1112 2526/1362/1112
f 2519/1345/1108 2524/1366/1108 2518/1344/1108
f 2526/1362/1108 2516/1346/1108 2525/1367/1108
f 2529/1340/1110 2534/1373/1110 2528/1342/1110
f 2532/1371/1110 2531/1341/1110 2533/1369/1110
f 2551/1350/1113 2566/1374/1113 2548/1374/1113
f 2542/1371/1114 2533/1369/1114 2540/1369/1114
f 2543/1351/1112 2532/1363/1112 2542/1363/1112
f 2541/1341/1115 2530/1343/1115 2543/1343/1115
f 2539/1364/1112 2529/1375/1112 2536/1375/1112
f 2538/1373/1107 2535/1370/1107 2539/1370/1107
f 2520/1373/1107 2539/1370/1107 2523/1370/1107
f 2523/1364/1112 2536/1375/1112 2513/1375/1112
f 2512/1349/1111 2538/1365/1111 2520/1365/1111
f 2513/1372/1109 2537/1348/1109 2512/1348/1109
f 2514/1341/1116 2543/1343/1116 2515/1343/1116
f 2515/1351/1112 2542/1363/1112 2522/1363/1112
f 2522/1371/1109 2540/1369/1109 2521/1369/1109
f 2514/1350/1111 2540/1374/1111 2541/1350/1111
f 2548/1374/1111 2547/1350/1111 2551/1350/1111
f 2549/1349/1111 2544/1365/1111 2550/1365/1111
f 2557/1341/1107 2547/1341/1107 2558/1341/1107
f 2553/1373/1110 2546/1369/1110 2544/1373/1110
f 2558/1341/1110 2546/1369/1110 2559/1369/1110
f 2554/1348/1109 2549/1348/1109 2555/1348/1109
f 2553/1373/1110 2545/1342/1110 2554/1342/1110
f 2537/1349/1108 2552/1365/1108 2538/1365/1108
f 2534/1373/1110 2554/1342/1110 2528/1342/1110
f 2528/1348/1109 2555/1348/1109 2537/1348/1109
f 2538/1373/1107 2553/1373/1107 2534/1373/1107
f 2531/1341/1110 2559/1369/1110 2533/1369/1110
f 2540/1369/1109 2559/1369/1109 2556/1369/1109
f 2541/1341/1117 2558/1341/1117 2531/1341/1117
f 2540/1374/1118 2557/1350/1118 2541/1350/1118
f 2550/1365/1108 2556/1374/1108 2552/1365/1108
f 2544/1365/1111 2548/1374/1111 2550/1365/1111
f 2560/1344/1111 2566/1374/1111 2561/1350/1111
f 2564/1367/1111 2562/1349/1111 2565/1365/1111
f 2574/1374/1112 2570/1367/1112 2572/1366/1112
f 2569/1346/1108 2564/1367/1108 2570/1367/1108
f 2573/1344/1107 2561/1341/1107 2575/1341/1107
f 2572/1366/1108 2564/1367/1108 2567/1366/1108
f 2548/1374/1109 2574/1374/1109 2556/1374/1109
f 2551/1341/1107 2575/1341/1107 2561/1341/1107
f 2574/1374/1119 2557/1350/1119 2556/1374/1119
f 2571/1365/1107 2550/1365/1107 2552/1365/1107
f 2549/1348/1109 2568/1348/1109 2555/1348/1109
f 2568/1349/1119 2552/1365/1119 2555/1349/1119
f 2520/1365/1110 2568/1349/1110 2512/1349/1110
f 2525/1367/1107 2571/1365/1107 2520/1365/1107
f 2516/1346/1108 2570/1367/1108 2525/1367/1108
f 2512/1348/1109 2569/1346/1109 2516/1346/1109
f 2514/1350/1110 2574/1374/1110 2521/1374/1110
f 2518/1344/1107 2575/1341/1107 2514/1341/1107
f 2521/1374/1109 2572/1366/1109 2524/1366/1109
f 2524/1366/1108 2573/1344/1108 2518/1344/1108
f 2565/1365/1113 2549/1349/1113 2550/1365/1113
f 2566/1374/1110 2571/1365/1110 2574/1374/1110
f 2567/1366/1111 2565/1365/1111 2566/1374/1111
f 2473/1340/1110 2475/1343/1110 2474/1341/1110
f 2475/1343/1107 2479/1345/1107 2478/1344/1107
f 2479/1345/1108 2477/1347/1108 2476/1346/1108
f 2477/1347/1109 2473/1372/1109 2472/1348/1109
f 2478/1344/1111 2476/1346/1111 2472/1349/1111
f 2475/1351/1112 2473/1375/1112 2477/1347/1112
f 2481/1340/1110 2483/1343/1110 2482/1341/1110
f 2483/1343/1107 2487/1345/1107 2486/1353/1107
f 2487/1345/1108 2485/1347/1108 2484/1346/1108
f 2485/1347/1109 2481/1372/1109 2480/1354/1109
f 2486/1353/1111 2484/1346/1111 2480/1349/1111
f 2483/1351/1112 2481/1375/1112 2485/1347/1112
f 2489/1340/1110 2491/1343/1110 2490/1341/1110
f 2491/1343/1107 2495/1345/1107 2494/1353/1107
f 2495/1345/1108 2493/1347/1108 2492/1346/1108
f 2493/1347/1109 2489/1372/1109 2488/1354/1109
f 2494/1353/1111 2492/1346/1111 2488/1349/1111
f 2491/1351/1112 2489/1375/1112 2493/1347/1112
f 2497/1355/1110 2499/1358/1110 2498/1356/1110
f 2499/1358/1107 2503/1345/1107 2502/1344/1107
f 2503/1345/1108 2501/1360/1108 2500/1359/1108
f 2501/1360/1109 2497/1372/1109 2496/1348/1109
f 2502/1344/1111 2500/1359/1111 2496/1361/1111
f 2499/1351/1112 2497/1376/1112 2501/1360/1112
f 2505/1340/1110 2507/1343/1110 2506/1341/1110
f 2507/1343/1107 2511/1345/1107 2510/1344/1107
f 2511/1345/1108 2509/1347/1108 2508/1346/1108
f 2509/1347/1109 2505/1372/1109 2504/1348/1109
f 2510/1344/1111 2508/1346/1111 2504/1349/1111
f 2507/1351/1112 2505/1375/1112 2509/1347/1112
f 2515/1343/1107 2519/1345/1107 2518/1344/1107
f 2517/1347/1109 2513/1372/1109 2512/1348/1109
f 2526/1362/1112 2527/1368/1112 2522/1363/1112
f 2520/1365/1111 2521/1374/1111 2524/1366/1111
f 2525/1367/1108 2524/1366/1108 2527/1368/1108
f 2521/1369/1110 2520/1373/1110 2523/1370/1110
f 2536/1372/1109 2529/1372/1109 2528/1348/1109
f 2568/1348/1109 2562/1348/1109 2563/1346/1109
f 2572/1366/1108 2567/1366/1108 2560/1344/1108
f 2552/1373/1112 2556/1369/1112 2559/1369/1112
f 2515/1351/1112 2522/1363/1112 2527/1368/1112
f 2523/1364/1112 2513/1375/1112 2517/1347/1112
f 2519/1345/1108 2527/1368/1108 2524/1366/1108
f 2526/1362/1108 2517/1347/1108 2516/1346/1108
f 2529/1340/1110 2535/1370/1110 2534/1373/1110
f 2532/1371/1110 2530/1343/1110 2531/1341/1110
f 2551/1350/1113 2561/1350/1113 2566/1374/1113
f 2542/1371/1109 2532/1371/1109 2533/1369/1109
f 2543/1351/1112 2530/1351/1112 2532/1363/1112
f 2541/1341/1120 2531/1341/1120 2530/1343/1120
f 2539/1364/1112 2535/1364/1112 2529/1375/1112
f 2538/1373/1107 2534/1373/1107 2535/1370/1107
f 2520/1373/1107 2538/1373/1107 2539/1370/1107
f 2523/1364/1112 2539/1364/1112 2536/1375/1112
f 2512/1349/1111 2537/1349/1111 2538/1365/1111
f 2513/1372/1109 2536/1372/1109 2537/1348/1109
f 2514/1341/1115 2541/1341/1115 2543/1343/1115
f 2515/1351/1112 2543/1351/1112 2542/1363/1112
f 2522/1371/1121 2542/1371/1121 2540/1369/1121
f 2514/1350/1111 2521/1374/1111 2540/1374/1111
f 2548/1374/1111 2546/1374/1111 2547/1350/1111
f 2549/1349/1111 2545/1349/1111 2544/1365/1111
f 2557/1341/1107 2551/1341/1107 2547/1341/1107
f 2553/1373/1110 2559/1369/1110 2546/1369/1110
f 2558/1341/1110 2547/1341/1110 2546/1369/1110
f 2554/1348/1109 2545/1348/1109 2549/1348/1109
f 2553/1373/1110 2544/1373/1110 2545/1342/1110
f 2537/1349/1108 2555/1349/1108 2552/1365/1108
f 2534/1373/1110 2553/1373/1110 2554/1342/1110
f 2528/1348/1109 2554/1348/1109 2555/1348/1109
f 2538/1373/1107 2552/1373/1107 2553/1373/1107
f 2531/1341/1110 2558/1341/1110 2559/1369/1110
f 2540/1369/1122 2533/1369/1122 2559/1369/1122
f 2541/1341/1107 2557/1341/1107 2558/1341/1107
f 2540/1374/1108 2556/1374/1108 2557/1350/1108
f 2550/1365/1108 2548/1374/1108 2556/1374/1108
f 2544/1365/1111 2546/1374/1111 2548/1374/1111
f 2560/1344/1111 2567/1366/1111 2566/1374/1111
f 2564/1367/1111 2563/1346/1111 2562/1349/1111
f 2574/1374/1112 2571/1365/1112 2570/1367/1112
f 2569/1346/1108 2563/1346/1108 2564/1367/1108
f 2573/1344/1107 2560/1344/1107 2561/1341/1107
f 2572/1366/1108 2570/1367/1108 2564/1367/1108
f 2548/1374/1109 2566/1374/1109 2574/1374/1109
f 2551/1341/1107 2557/1341/1107 2575/1341/1107
f 2574/1374/1119 2575/1350/1119 2557/1350/1119
f 2571/1365/1107 2565/1365/1107 2550/1365/1107
f 2549/1348/1109 2562/1348/1109 2568/1348/1109
f 2568/1349/1119 2571/1365/1119 2552/1365/1119
f 2520/1365/1110 2571/1365/1110 2568/1349/1110
f 2525/1367/1107 2570/1367/1107 2571/1365/1107
f 2516/1346/1108 2569/1346/1108 2570/1367/1108
f 2512/1348/1109 2568/1348/1109 2569/1346/1109
f 2514/1350/1110 2575/1350/1110 2574/1374/1110
f 2518/1344/1107 2573/1344/1107 2575/1341/1107
f 2521/1374/1109 2574/1374/1109 2572/1366/1109
f 2524/1366/1108 2572/1366/1108 2573/1344/1108
f 2565/1365/1113 2562/1349/1113 2549/1349/1113
f 2566/1374/1110 2565/1365/1110 2571/1365/1110
f 2567/1366/1111 2564/1367/1111 2565/1365/1111
f 2577/1377/1107 2578/1378/1107 2576/1379/1107
f 2579/1380/1108 2582/1381/1108 2578/1378/1108
f 2583/1382/1109 2580/1383/1109 2582/1381/1109
f 2581/1384/1110 2576/1385/1110 2580/1383/1110
f 2582/1381/1111 2576/1386/1111 2578/1387/1111
f 2579/1388/1112 2581/1384/1112 2583/1382/1112
f 2585/1377/1107 2586/1378/1107 2584/1379/1107
f 2587/1380/1108 2590/1381/1108 2586/1378/1108
f 2591/1382/1109 2588/1383/1109 2590/1381/1109
f 2589/1384/1110 2584/1385/1110 2588/1383/1110
f 2590/1381/1111 2584/1386/1111 2586/1387/1111
f 2587/1388/1112 2589/1384/1112 2591/1382/1112
f 2593/1389/1107 2594/1390/1107 2592/1391/1107
f 2595/1392/1108 2598/1381/1108 2594/1390/1108
f 2599/1382/1109 2596/1393/1109 2598/1381/1109
f 2597/1394/1110 2592/1385/1110 2596/1393/1110
f 2598/1381/1111 2592/1395/1111 2594/1387/1111
f 2595/1388/1112 2597/1394/1112 2599/1382/1112
f 2601/1389/1107 2602/1390/1107 2600/1391/1107
f 2603/1392/1108 2606/1381/1108 2602/1390/1108
f 2607/1382/1109 2604/1393/1109 2606/1381/1109
f 2605/1394/1110 2600/1385/1110 2604/1393/1110
f 2606/1381/1111 2600/1395/1111 2602/1387/1111
f 2603/1388/1112 2605/1394/1112 2607/1382/1112
f 2609/1377/1107 2610/1378/1107 2608/1379/1107
f 2611/1380/1108 2614/1381/1108 2610/1378/1108
f 2615/1382/1109 2612/1383/1109 2614/1381/1109
f 2613/1384/1110 2608/1385/1110 2612/1383/1110
f 2614/1381/1111 2608/1386/1111 2610/1387/1111
f 2611/1388/1112 2613/1384/1112 2615/1382/1112
f 2619/1392/1108 2622/1381/1108 2618/1390/1108
f 2621/1394/1110 2616/1385/1110 2620/1393/1110
f 2630/1396/1112 2626/1397/1112 2627/1398/1112
f 2624/1399/1111 2628/1400/1111 2629/1401/1111
f 2629/1401/1109 2631/1402/1109 2630/1396/1109
f 2625/1403/1107 2627/1404/1107 2626/1405/1107
f 2640/1406/1110 2632/1385/1110 2641/1385/1110
f 2672/1385/1110 2667/1393/1110 2673/1393/1110
f 2676/1400/1109 2664/1381/1109 2677/1381/1109
f 2656/1407/1112 2663/1403/1112 2657/1407/1112
f 2619/1388/1112 2631/1402/1112 2623/1382/1112
f 2627/1398/1112 2621/1394/1112 2630/1396/1112
f 2623/1382/1109 2628/1400/1109 2622/1381/1109
f 2630/1396/1109 2620/1393/1109 2629/1401/1109
f 2633/1389/1107 2638/1407/1107 2632/1391/1107
f 2636/1405/1107 2635/1390/1107 2637/1403/1107
f 2655/1387/1123 2670/1408/1123 2652/1408/1123
f 2646/1405/1110 2637/1403/1110 2644/1409/1110
f 2647/1388/1112 2636/1397/1112 2646/1397/1112
f 2645/1390/1108 2634/1392/1108 2647/1392/1108
f 2643/1398/1112 2633/1410/1112 2640/1410/1112
f 2642/1407/1108 2639/1404/1108 2643/1404/1108
f 2624/1407/1108 2643/1404/1108 2627/1404/1108
f 2627/1398/1112 2640/1410/1112 2617/1410/1112
f 2616/1395/1111 2642/1399/1111 2624/1399/1111
f 2617/1406/1110 2641/1385/1110 2616/1385/1110
f 2618/1390/1108 2647/1392/1108 2619/1392/1108
f 2619/1388/1112 2646/1397/1112 2626/1397/1112
f 2626/1405/1110 2644/1409/1110 2625/1403/1110
f 2618/1387/1111 2644/1408/1111 2645/1387/1111
f 2652/1408/1111 2651/1387/1111 2655/1387/1111
f 2653/1395/1111 2648/1399/1111 2654/1399/1111
f 2661/1390/1108 2651/1390/1108 2662/1390/1108
f 2657/1407/1107 2650/1403/1107 2648/1407/1107
f 2662/1390/1107 2650/1403/1107 2663/1403/1107
f 2658/1385/1110 2653/1385/1110 2659/1385/1110
f 2657/1407/1107 2649/1391/1107 2658/1391/1107
f 2641/1395/1109 2656/1399/1109 2642/1399/1109
f 2638/1407/1107 2658/1391/1107 2632/1391/1107
f 2632/1385/1110 2659/1385/1110 2641/1385/1110
f 2642/1407/1108 2657/1407/1108 2638/1407/1108
f 2635/1390/1107 2663/1403/1107 2637/1403/1107
f 2637/1403/1110 2660/1409/1110 2644/1409/1110
f 2645/1390/1108 2662/1390/1108 2635/1390/1108
f 2644/1408/1124 2661/1387/1124 2645/1387/1124
f 2654/1399/1109 2660/1408/1109 2656/1399/1109
f 2648/1399/1111 2652/1408/1111 2654/1399/1111
f 2664/1381/1111 2670/1408/1111 2665/1387/1111
f 2668/1401/1111 2666/1395/1111 2669/1399/1111
f 2678/1408/1112 2674/1401/1112 2676/1400/1112
f 2673/1393/1109 2668/1401/1109 2674/1401/1109
f 2677/1381/1108 2665/1390/1108 2679/1390/1108
f 2676/1400/1109 2668/1401/1109 2671/1400/1109
f 2652/1408/1110 2678/1408/1110 2660/1408/1110
f 2655/1390/1108 2679/1390/1108 2665/1390/1108
f 2678/1408/1125 2661/1387/1125 2660/1408/1125
f 2675/1399/1108 2654/1399/1108 2656/1399/1108
f 2653/1385/1110 2672/1385/1110 2659/1385/1110
f 2672/1395/1125 2656/1399/1125 2659/1395/1125
f 2624/1399/1107 2672/1395/1107 2616/1395/1107
f 2629/1401/1108 2675/1399/1108 2624/1399/1108
f 2620/1393/1109 2674/1401/1109 2629/1401/1109
f 2616/1385/1110 2673/1393/1110 2620/1393/1110
f 2618/1387/1107 2678/1408/1107 2625/1408/1107
f 2622/1381/1108 2679/1390/1108 2618/1390/1108
f 2625/1408/1110 2676/1400/1110 2628/1400/1110
f 2628/1400/1109 2677/1381/1109 2622/1381/1109
f 2669/1399/1123 2653/1395/1123 2654/1399/1123
f 2670/1408/1107 2675/1399/1107 2678/1408/1107
f 2671/1400/1111 2669/1399/1111 2670/1408/1111
f 2577/1377/1107 2579/1380/1107 2578/1378/1107
f 2579/1380/1108 2583/1382/1108 2582/1381/1108
f 2583/1382/1109 2581/1384/1109 2580/1383/1109
f 2581/1384/1110 2577/1406/1110 2576/1385/1110
f 2582/1381/1111 2580/1383/1111 2576/1386/1111
f 2579/1388/1112 2577/1411/1112 2581/1384/1112
f 2585/1377/1107 2587/1380/1107 2586/1378/1107
f 2587/1380/1108 2591/1382/1108 2590/1381/1108
f 2591/1382/1109 2589/1384/1109 2588/1383/1109
f 2589/1384/1110 2585/1406/1110 2584/1385/1110
f 2590/1381/1111 2588/1383/1111 2584/1386/1111
f 2587/1388/1112 2585/1411/1112 2589/1384/1112
f 2593/1389/1107 2595/1392/1107 2594/1390/1107
f 2595/1392/1108 2599/1382/1108 2598/1381/1108
f 2599/1382/1109 2597/1394/1109 2596/1393/1109
f 2597/1394/1110 2593/1406/1110 2592/1385/1110
f 2598/1381/1111 2596/1393/1111 2592/1395/1111
f 2595/1388/1112 2593/1410/1112 2597/1394/1112
f 2601/1389/1107 2603/1392/1107 2602/1390/1107
f 2603/1392/1108 2607/1382/1108 2606/1381/1108
f 2607/1382/1109 2605/1394/1109 2604/1393/1109
f 2605/1394/1110 2601/1406/1110 2600/1385/1110
f 2606/1381/1111 2604/1393/1111 2600/1395/1111
f 2603/1388/1112 2601/1410/1112 2605/1394/1112
f 2609/1377/1107 2611/1380/1107 2610/1378/1107
f 2611/1380/1108 2615/1382/1108 2614/1381/1108
f 2615/1382/1109 2613/1384/1109 2612/1383/1109
f 2613/1384/1110 2609/1406/1110 2608/1385/1110
f 2614/1381/1111 2612/1383/1111 2608/1386/1111
f 2611/1388/1112 2609/1411/1112 2613/1384/1112
f 2619/1392/1108 2623/1382/1108 2622/1381/1108
f 2621/1394/1110 2617/1406/1110 2616/1385/1110
f 2630/1396/1112 2631/1402/1112 2626/1397/1112
f 2624/1399/1111 2625/1408/1111 2628/1400/1111
f 2629/1401/1109 2628/1400/1109 2631/1402/1109
f 2625/1403/1107 2624/1407/1107 2627/1404/1107
f 2640/1406/1110 2633/1406/1110 2632/1385/1110
f 2672/1385/1110 2666/1385/1110 2667/1393/1110
f 2676/1400/1109 2671/1400/1109 2664/1381/1109
f 2656/1407/1112 2660/1409/1112 2663/1403/1112
f 2619/1388/1112 2626/1397/1112 2631/1402/1112
f 2627/1398/1112 2617/1410/1112 2621/1394/1112
f 2623/1382/1109 2631/1402/1109 2628/1400/1109
f 2630/1396/1109 2621/1394/1109 2620/1393/1109
f 2633/1389/1107 2639/1404/1107 2638/1407/1107
f 2636/1405/1107 2634/1392/1107 2635/1390/1107
f 2655/1387/1123 2665/1387/1123 2670/1408/1123
f 2646/1405/1110 2636/1405/1110 2637/1403/1110
f 2647/1388/1112 2634/1388/1112 2636/1397/1112
f 2645/1390/1108 2635/1390/1108 2634/1392/1108
f 2643/1398/1112 2639/1398/1112 2633/1410/1112
f 2642/1407/1108 2638/1407/1108 2639/1404/1108
f 2624/1407/1108 2642/1407/1108 2643/1404/1108
f 2627/1398/1112 2643/1398/1112 2640/1410/1112
f 2616/1395/1111 2641/1395/1111 2642/1399/1111
f 2617/1406/1110 2640/1406/1110 2641/1385/1110
f 2618/1390/1108 2645/1390/1108 2647/1392/1108
f 2619/1388/1112 2647/1388/1112 2646/1397/1112
f 2626/1405/1110 2646/1405/1110 2644/1409/1110
f 2618/1387/1111 2625/1408/1111 2644/1408/1111
f 2652/1408/1111 2650/1408/1111 2651/1387/1111
f 2653/1395/1111 2649/1395/1111 2648/1399/1111
f 2661/1390/1108 2655/1390/1108 2651/1390/1108
f 2657/1407/1107 2663/1403/1107 2650/1403/1107
f 2662/1390/1107 2651/1390/1107 2650/1403/1107
f 2658/1385/1110 2649/1385/1110 2653/1385/1110
f 2657/1407/1107 2648/1407/1107 2649/1391/1107
f 2641/1395/1109 2659/1395/1109 2656/1399/1109
f 2638/1407/1107 2657/1407/1107 2658/1391/1107
f 2632/1385/1110 2658/1385/1110 2659/1385/1110
f 2642/1407/1108 2656/1407/1108 2657/1407/1108
f 2635/1390/1107 2662/1390/1107 2663/1403/1107
f 2637/1403/1110 2663/1403/1110 2660/1409/1110
f 2645/1390/1108 2661/1390/1108 2662/1390/1108
f 2644/1408/1109 2660/1408/1109 2661/1387/1109
f 2654/1399/1109 2652/1408/1109 2660/1408/1109
f 2648/1399/1111 2650/1408/1111 2652/1408/1111
f 2664/1381/1111 2671/1400/1111 2670/1408/1111
f 2668/1401/1111 2667/1393/1111 2666/1395/1111
f 2678/1408/1112 2675/1399/1112 2674/1401/1112
f 2673/1393/1109 2667/1393/1109 2668/1401/1109
f 2677/1381/1108 2664/1381/1108 2665/1390/1108
f 2676/1400/1109 2674/1401/1109 2668/1401/1109
f 2652/1408/1110 2670/1408/1110 2678/1408/1110
f 2655/1390/1108 2661/1390/1108 2679/1390/1108
f 2678/1408/1125 2679/1387/1125 2661/1387/1125
f 2675/1399/1108 2669/1399/1108 2654/1399/1108
f 2653/1385/1110 2666/1385/1110 2672/1385/1110
f 2672/1395/1125 2675/1399/1125 2656/1399/1125
f 2624/1399/1107 2675/1399/1107 2672/1395/1107
f 2629/1401/1108 2674/1401/1108 2675/1399/1108
f 2620/1393/1109 2673/1393/1109 2674/1401/1109
f 2616/1385/1110 2672/1385/1110 2673/1393/1110
f 2618/1387/1107 2679/1387/1107 2678/1408/1107
f 2622/1381/1108 2677/1381/1108 2679/1390/1108
f 2625/1408/1110 2678/1408/1110 2676/1400/1110
f 2628/1400/1109 2676/1400/1109 2677/1381/1109
f 2669/1399/1123 2666/1395/1123 2653/1395/1123
f 2670/1408/1107 2669/1399/1107 2675/1399/1107
f 2671/1400/1111 2668/1401/1111 2669/1399/1111
o UIO
v 43.293999 28.287064 15.675406
v 62.359787 23.512913 15.675406
v 43.293999 28.287064 -22.193399
v 62.359787 23.512913 -22.193399
v 43.293999 23.430220 -22.283680
v 43.293999 23.430220 15.765681
v 43.293999 19.616066 -22.283680
v 43.293999 19.616066 15.765681
v 60.653595 19.616066 -22.283680
v 60.653595 19.616066 15.765681
v 60.653595 21.523144 -22.283680
v 60.653595 21.523144 15.765681
v 62.367760 23.430220 -22.283680
v 62.367760 23.430220 15.765681
v 62.367760 21.523144 -22.283680
v 62.367760 21.523144 15.765681
v 43.293999 23.430222 6.296389
v 43.293999 23.430222 -12.814384
vn 0.2429 0.9701 -0.0000
vn -0.0000 -1.0000 -0.0000
vn -0.0000 -0.0000 -1.0000
vn -0.0000 1.0000 -0.0000
vn -0.0000 -0.0000 1.0000
vn 1.0000 -0.0000 -0.0000
vt 0.252680 0.608610
vt 0.992865 0.992766
vt 0.252684 0.992774
vt 0.992861 0.608602
vt 0.444547 0.252464
vt 0.994741 0.001442
vt 0.994741 0.252462
vt 0.439611 0.088930
vt 0.439611 0.045809
vt 0.400851 0.045808
vt 0.486212 0.263966
vt 0.822213 0.263965
vt 0.988701 0.599314
vt 0.008327 0.002687
vt 0.400851 0.002685
vt 0.400851 0.045807
vt 0.019258 0.991383
vt 0.063601 0.106655
vt 0.063601 0.991383
vt 0.063601 0.106655
vt 0.063601 0.991383
vt 0.061359 0.991383
vt 0.021501 0.106655
vt 0.061359 0.106655
vt 0.444546 0.001444
vt 0.400851 0.002687
vt 0.008327 0.002685
vt 0.008327 0.088929
vt 0.988700 0.263964
vt 0.319727 0.599317
vt 0.319726 0.263967
vt 0.439610 0.045807
vt 0.439611 0.088929
vt 0.008327 0.088930
vt 0.019258 0.106655
vt 0.021501 0.991383
s 0
f 2681/1412/1126 2682/1413/1126 2680/1414/1126
f 2681/1412/1126 2683/1415/1126 2682/1413/1126
f 2686/1416/1127 2689/1417/1127 2687/1418/1127
f 2692/1419/1128 2694/1420/1128 2690/1421/1128
f 2697/1422/1129 2696/1423/1129 2693/1424/1129
f 2687/1425/1130 2689/1426/1130 2691/1427/1130
f 2690/1428/1131 2689/1429/1131 2688/1430/1131
f 2692/1428/1131 2695/1431/1131 2694/1432/1131
f 2690/1433/1127 2695/1434/1127 2691/1435/1127
f 2686/1416/1127 2688/1436/1127 2689/1417/1127
f 2688/1437/1128 2686/1438/1128 2690/1421/1128
f 2686/1438/1128 2684/1439/1128 2690/1421/1128
f 2684/1439/1128 2692/1419/1128 2690/1421/1128
f 2696/1423/1129 2685/1440/1129 2693/1424/1129
f 2693/1424/1129 2692/1441/1129 2697/1422/1129
f 2692/1441/1129 2684/1442/1129 2697/1422/1129
f 2691/1427/1130 2695/1443/1130 2693/1444/1130
f 2693/1444/1130 2685/1445/1130 2691/1427/1130
f 2685/1445/1130 2687/1425/1130 2691/1427/1130
f 2690/1428/1131 2691/1446/1131 2689/1429/1131
f 2692/1428/1131 2693/1446/1131 2695/1431/1131
f 2690/1433/1127 2694/1447/1127 2695/1434/1127
o joi
v -15.417357 -0.000002 28.263935
v -15.417357 22.656559 28.263935
v -15.417357 -0.000002 15.945330
v -15.417357 22.656559 15.945330
v 4.358054 -0.000002 28.263935
v -5.529652 22.656559 28.263935
v -5.529652 -0.000002 28.263935
v 14.245760 -0.000002 28.263935
v -10.473504 22.656559 28.263935
v -10.473504 -0.000002 28.263935
v -0.585799 -0.000002 28.263935
v -0.585799 22.656559 28.263935
v 9.301908 -0.000002 28.263935
v 19.189613 -0.000002 28.263935
v 16.717686 -0.000002 28.263935
v 11.773833 -0.000002 28.263935
v 6.829981 -0.000002 28.263935
v 1.886128 -0.000002 28.263935
v 1.886128 22.656559 28.263935
v -3.057725 22.656559 28.263935
v -3.057725 -0.000002 28.263935
v -8.001578 -0.000002 28.263935
v -8.001578 22.656559 28.263935
v -12.945431 22.656559 28.263935
v -12.945431 -0.000002 28.263935
v -15.417357 11.328278 28.263935
v -15.417357 11.328278 15.945330
v 9.301908 11.328278 28.263935
v 11.773833 11.328278 28.263935
v -15.417357 16.992418 28.263935
v -15.417357 16.992418 15.945330
v 4.358054 16.992418 28.263935
v 6.829981 16.992418 28.263935
v -15.417357 19.824488 28.263935
v -15.417357 19.824488 15.945330
v 4.358054 19.824488 28.263935
v 1.886128 19.824488 28.263935
v -15.417357 14.160348 15.945330
v 9.301908 14.160348 28.263935
v 6.829981 14.160348 28.263935
v -15.417357 14.160348 28.263935
v -15.417357 5.664138 15.945330
v 14.245760 5.664138 28.263935
v 16.717686 5.664138 28.263935
v -15.417357 5.664137 28.263935
v -15.417357 8.496208 28.263935
v -15.417357 8.496208 15.945330
v 14.245760 8.496208 28.263935
v 11.773833 8.496208 28.263935
v -15.417357 2.832068 15.945330
v 19.189613 2.832068 28.263935
v 16.717686 2.832068 28.263935
v -15.417357 2.832067 28.263935
v -15.417357 22.656559 28.263935
v -15.417357 22.656559 15.945330
v -5.529652 22.656559 28.263935
v -5.529652 22.656559 15.945330
v -10.473504 22.656559 28.263935
v -10.473504 22.656559 15.945330
v -0.585799 22.656559 15.945330
v -0.585799 22.656559 28.263935
v 19.189613 -0.000002 28.263935
v 19.189613 -0.000002 15.945330
v 1.886128 22.656559 15.945330
v 1.886128 22.656559 28.263935
v -3.057725 22.656559 28.263935
v -3.057725 22.656559 15.945330
v -8.001578 22.656559 15.945330
v -8.001578 22.656559 28.263935
v -12.945431 22.656559 28.263935
v -12.945431 22.656559 15.945330
v 9.301908 11.328278 15.945330
v 9.301908 11.328278 28.263935
v 11.773833 11.328278 28.263935
v 11.773833 11.328278 15.945330
v 4.358054 16.992418 28.263935
v 4.358054 16.992418 15.945330
v 6.829981 16.992418 15.945330
v 6.829981 16.992418 28.263935
v 4.358054 19.824488 28.263935
v 4.358054 19.824488 15.945330
v 1.886128 19.824488 28.263935
v 1.886128 19.824488 15.945330
v 9.301908 14.160348 15.945330
v 9.301908 14.160348 28.263935
v 6.829981 14.160348 15.945330
v 6.829981 14.160348 28.263935
v 14.245760 5.664138 28.263935
v 14.245760 5.664138 15.945330
v 16.717686 5.664138 15.945330
v 16.717686 5.664138 28.263935
v 14.245760 8.496208 28.263935
v 14.245760 8.496208 15.945330
v 11.773833 8.496208 28.263935
v 11.773833 8.496208 15.945330
v 19.189613 2.832068 28.263935
v 19.189613 2.832068 15.945330
v 16.717686 2.832068 15.945330
v 16.717686 2.832068 28.263935
vn -1.0000 -0.0000 -0.0000
vn -0.0000 -0.0000 1.0000
vn -0.0000 1.0000 -0.0000
vn 1.0000 -0.0000 -0.0000
vt 0.010233 0.637525
vt 0.010234 0.578330
vt 0.267714 0.578334
vt 0.577721 0.519145
vt 0.629388 0.519145
vt 0.732718 0.815123
vt 0.267708 0.933505
vt 0.267707 0.992701
vt 0.010226 0.992696
vt 0.010228 0.933501
vt 0.267709 0.874310
vt 0.010229 0.874306
vt 0.267710 0.815115
vt 0.010230 0.815110
vt 0.267711 0.755920
vt 0.010231 0.755915
vt 0.267712 0.696725
vt 0.010232 0.696720
vt 0.267713 0.637529
vt 0.010235 0.519134
vt 0.267715 0.519139
vt 0.319374 0.992702
vt 0.371042 0.992702
vt 0.422709 0.992703
vt 0.474377 0.992704
vt 0.629381 0.933512
vt 0.474386 0.519143
vt 0.681049 0.874318
vt 0.526044 0.992705
vt 0.422718 0.519142
vt 0.629380 0.992707
vt 0.577712 0.992706
vt 0.319383 0.519140
vt 0.371051 0.519141
vt 0.681048 0.933513
vt 0.732717 0.874319
vt 0.784387 0.755929
vt 0.784386 0.815124
vt 0.836055 0.696735
vt 0.836054 0.755930
vt 0.887724 0.637541
vt 0.887723 0.696736
vt 0.939393 0.578346
vt 0.939392 0.637542
vt 0.991061 0.519152
vt 0.991060 0.578347
vt 0.939394 0.519151
vt 0.784391 0.519148
vt 0.732724 0.519147
vt 0.836059 0.519149
vt 0.887726 0.519150
vt 0.681056 0.519146
vt 0.526053 0.519144
vt 0.010136 0.508277
vt 0.603984 0.326778
vt 0.603984 0.508275
vt 0.603984 0.326779
vt 0.010136 0.508276
vt 0.010135 0.326780
vt 0.010136 0.508277
vt 0.603984 0.326779
vt 0.603984 0.326779
vt 0.981466 0.363908
vt 0.981466 0.432967
vt 0.637316 0.432970
vt 0.637313 0.087673
vt 0.637313 0.018614
vt 0.981463 0.018611
vt 0.981464 0.087671
vt 0.637314 0.156732
vt 0.981464 0.156730
vt 0.637314 0.225792
vt 0.981465 0.225789
vt 0.637315 0.294851
vt 0.981465 0.294849
vt 0.637315 0.363910
vt 0.981467 0.502027
vt 0.637316 0.502029
s 0
f 2739/1448/1132 2747/1449/1132 2750/1450/1132
f 2708/1451/1133 2715/1452/1133 2737/1453/1133
f 2731/1454/1132 2699/1455/1132 2701/1456/1132
f 2731/1454/1132 2701/1456/1132 2732/1457/1132
f 2727/1458/1132 2731/1454/1132 2732/1457/1132
f 2727/1458/1132 2732/1457/1132 2728/1459/1132
f 2738/1460/1132 2727/1458/1132 2728/1459/1132
f 2738/1460/1132 2728/1459/1132 2735/1461/1132
f 2723/1462/1132 2738/1460/1132 2735/1461/1132
f 2723/1462/1132 2735/1461/1132 2724/1463/1132
f 2743/1464/1132 2723/1462/1132 2724/1463/1132
f 2743/1464/1132 2724/1463/1132 2744/1465/1132
f 2742/1466/1132 2743/1464/1132 2739/1448/1132
f 2743/1464/1132 2744/1465/1132 2739/1448/1132
f 2700/1467/1132 2698/1468/1132 2750/1450/1132
f 2750/1450/1132 2742/1466/1132 2739/1448/1132
f 2747/1449/1132 2700/1467/1132 2750/1450/1132
f 2721/1469/1133 2699/1455/1133 2731/1454/1133
f 2721/1469/1133 2731/1454/1133 2706/1470/1133
f 2731/1454/1133 2727/1458/1133 2706/1470/1133
f 2706/1470/1133 2727/1458/1133 2720/1471/1133
f 2727/1458/1133 2738/1460/1133 2720/1471/1133
f 2720/1471/1133 2738/1460/1133 2703/1472/1133
f 2738/1460/1133 2723/1462/1133 2703/1472/1133
f 2703/1472/1133 2723/1462/1133 2734/1473/1133
f 2723/1462/1133 2743/1464/1133 2704/1474/1133
f 2734/1473/1133 2723/1462/1133 2729/1475/1133
f 2717/1476/1133 2703/1472/1133 2734/1473/1133
f 2743/1464/1133 2742/1466/1133 2719/1477/1133
f 2734/1473/1133 2716/1478/1133 2709/1479/1133
f 2709/1479/1133 2717/1476/1133 2734/1473/1133
f 2729/1475/1133 2723/1462/1133 2704/1474/1133
f 2750/1450/1133 2698/1468/1133 2722/1480/1133
f 2742/1466/1133 2750/1450/1133 2707/1481/1133
f 2729/1475/1133 2733/1482/1133 2734/1473/1133
f 2750/1450/1133 2722/1480/1133 2707/1481/1133
f 2707/1481/1133 2719/1477/1133 2742/1466/1133
f 2704/1474/1133 2743/1464/1133 2719/1477/1133
f 2737/1453/1133 2730/1483/1133 2729/1475/1133
f 2725/1484/1133 2736/1485/1133 2737/1453/1133
f 2746/1486/1133 2726/1487/1133 2725/1484/1133
f 2740/1488/1133 2745/1489/1133 2746/1486/1133
f 2749/1490/1133 2741/1491/1133 2740/1488/1133
f 2711/1492/1133 2748/1493/1133 2749/1490/1133
f 2712/1494/1133 2711/1492/1133 2749/1490/1133
f 2740/1488/1133 2746/1486/1133 2710/1495/1133
f 2746/1486/1133 2725/1484/1133 2714/1496/1133
f 2740/1488/1133 2710/1495/1133 2713/1497/1133
f 2712/1494/1133 2749/1490/1133 2705/1498/1133
f 2749/1490/1133 2740/1488/1133 2705/1498/1133
f 2705/1498/1133 2740/1488/1133 2713/1497/1133
f 2710/1495/1133 2746/1486/1133 2714/1496/1133
f 2737/1453/1133 2729/1475/1133 2708/1451/1133
f 2725/1484/1133 2737/1453/1133 2715/1452/1133
f 2714/1496/1133 2725/1484/1133 2702/1499/1133
f 2729/1475/1133 2704/1474/1133 2718/1500/1133
f 2702/1499/1133 2725/1484/1133 2715/1452/1133
f 2729/1475/1133 2718/1500/1133 2708/1451/1133
f 2773/1501/1134 2775/1502/1134 2774/1503/1134
f 2774/1504/1135 2777/1505/1135 2773/1506/1135
f 2778/1502/1134 2779/1501/1134 2777/1506/1134
f 2762/1507/1135 2780/1504/1135 2761/1503/1135
f 2783/1502/1135 2776/1507/1135 2784/1506/1135
f 2782/1506/1134 2783/1503/1134 2784/1501/1134
f 2781/1503/1135 2770/1506/1135 2769/1508/1135
f 2770/1501/1134 2772/1502/1134 2769/1503/1134
f 2792/1509/1135 2771/1507/1135 2791/1506/1135
f 2791/1501/1134 2790/1502/1134 2792/1503/1134
f 2786/1509/1135 2789/1507/1135 2785/1506/1135
f 2787/1502/1134 2785/1501/1134 2788/1506/1134
f 2787/1503/1135 2796/1506/1135 2795/1504/1135
f 2794/1502/1134 2796/1501/1134 2793/1506/1134
f 2760/1504/1135 2793/1507/1135 2759/1506/1135
f 2763/1510/1134 2758/1511/1134 2757/1512/1134
f 2773/1501/1134 2776/1506/1134 2775/1502/1134
f 2774/1504/1135 2778/1503/1135 2777/1505/1135
f 2778/1502/1134 2780/1503/1134 2779/1501/1134
f 2762/1507/1135 2779/1506/1135 2780/1504/1135
f 2783/1502/1135 2775/1503/1135 2776/1507/1135
f 2782/1506/1134 2781/1502/1134 2783/1503/1134
f 2781/1503/1135 2782/1507/1135 2770/1506/1135
f 2770/1501/1134 2771/1506/1134 2772/1502/1134
f 2792/1509/1135 2772/1503/1135 2771/1507/1135
f 2791/1501/1134 2789/1506/1134 2790/1502/1134
f 2786/1509/1135 2790/1503/1135 2789/1507/1135
f 2787/1502/1134 2786/1503/1134 2785/1501/1134
f 2787/1503/1135 2788/1507/1135 2796/1506/1135
f 2794/1502/1134 2795/1503/1134 2796/1501/1134
f 2760/1504/1135 2794/1503/1135 2793/1507/1135
f 2768/1513/1134 2752/1514/1134 2751/1515/1134
f 2768/1513/1134 2751/1515/1134 2767/1516/1134
f 2756/1517/1134 2768/1513/1134 2767/1516/1134
f 2756/1517/1134 2767/1516/1134 2755/1518/1134
f 2765/1519/1134 2756/1517/1134 2755/1518/1134
f 2765/1519/1134 2755/1518/1134 2766/1520/1134
f 2754/1521/1134 2765/1519/1134 2766/1520/1134
f 2754/1521/1134 2766/1520/1134 2753/1522/1134
f 2764/1523/1134 2754/1521/1134 2753/1522/1134
f 2764/1523/1134 2753/1522/1134 2763/1510/1134
f 2762/1524/1134 2761/1525/1134 2757/1512/1134
f 2757/1512/1134 2764/1523/1134 2763/1510/1134
f 2758/1511/1134 2762/1524/1134 2757/1512/1134
o jy
v 13.764158 0.000006 -22.283680
v 13.764158 0.000006 15.765683
v 13.764154 21.523146 15.765683
v 13.764162 21.523146 -22.283680
v 13.764160 21.523146 -12.000462
v 13.764158 0.000006 -12.000456
v 13.764162 21.523146 -19.445953
v 13.764158 0.000006 -19.445953
v 13.764160 15.797746 -12.000462
v 13.764162 15.797746 -19.445953
v 19.299603 0.000000 28.098942
v 19.299603 8.492582 28.098942
v 19.299603 0.000000 27.239338
v 19.299603 8.492582 27.239338
v 20.159203 0.000000 28.098942
v 20.159203 8.492582 28.098942
v 20.159203 0.000000 27.239338
v 20.159203 8.492582 27.239338
v -15.275784 22.656559 28.098942
v -15.275784 31.149143 28.098942
v -15.275784 22.656559 27.239338
v -15.275784 31.149143 27.239338
v -14.416183 22.656559 28.098942
v -14.416183 31.149143 28.098942
v -14.416183 22.656559 27.239338
v -14.416183 31.149143 27.239338
v -15.275784 22.656559 17.274200
v -15.275784 31.149143 17.274200
v -15.275784 22.656559 16.414597
v -15.275784 31.149143 16.414597
v -14.416183 22.656559 17.274200
v -14.416183 31.149143 17.274200
v -14.416183 22.656559 16.414597
v -14.416183 31.149143 16.414597
v 0.472710 22.656559 28.098942
v 0.472710 31.149143 28.098942
v 0.472710 22.656559 27.239338
v 0.472710 31.149143 27.239338
v 1.332310 22.656559 28.098942
v 1.332310 31.149143 28.098942
v 1.332310 22.656559 27.239338
v 1.332310 31.149143 27.239338
v 5.720957 16.992420 28.098942
v 5.720957 25.485003 28.098942
v 5.720957 16.992420 27.239338
v 5.720957 25.485003 27.239338
v 6.580561 16.992420 28.098942
v 6.580561 25.485003 28.098942
v 6.580561 16.992420 27.239338
v 6.580561 25.485003 27.239338
v 10.751913 11.328276 28.098942
v 10.751913 19.820860 28.098942
v 10.751913 11.328276 27.239338
v 10.751913 19.820860 27.239338
v 11.611517 11.328276 28.098942
v 11.611517 19.820860 28.098942
v 11.611517 11.328276 27.239338
v 11.611517 19.820860 27.239338
v 15.699991 5.664139 28.098942
v 15.699991 14.156722 28.098942
v 15.699991 5.664139 27.239338
v 15.699991 14.156722 27.239338
v 16.559593 5.664139 28.098942
v 16.559593 14.156722 28.098942
v 16.559593 5.664139 27.239338
v 16.559593 14.156722 27.239338
v -15.275784 30.245867 17.274200
v -15.275784 30.245867 16.414597
v -14.416183 30.245867 16.414597
v -14.416183 30.245867 17.274200
v -15.275784 30.245867 28.098942
v -15.275784 30.245867 27.239338
v -14.416183 30.245867 27.239338
v -14.416183 30.245867 28.098942
v 0.472710 30.245867 28.098942
v 0.472710 30.245867 27.239338
v 1.332310 30.245867 27.239338
v 1.332310 30.245867 28.098942
v 5.720957 24.581726 28.098942
v 5.720957 24.581726 27.239338
v 6.580561 24.581726 27.239338
v 6.580561 24.581726 28.098942
v 10.751913 18.917583 28.098942
v 10.751913 18.917583 27.239338
v 11.611517 18.917583 27.239338
v 11.611517 18.917583 28.098942
v 15.699991 13.253446 28.098942
v 15.699991 13.253446 27.239338
v 16.559593 13.253446 27.239338
v 16.559593 13.253446 28.098942
v 19.299603 7.589306 28.098942
v 19.299603 7.589306 27.239338
v 20.159203 7.589306 27.239338
v 20.159203 7.589306 28.098942
vn -1.0000 -0.0000 -0.0000
vn -0.0000 -0.0000 -1.0000
vn 1.0000 -0.0000 -0.0000
vn -0.0000 -0.0000 1.0000
vn -0.0000 -1.0000 -0.0000
vn -0.0000 1.0000 -0.0000
vn -0.7905 -0.6125 -0.0000
vn 0.7905 0.6125 -0.0000
vn -0.8052 -0.5930 -0.0000
vn 0.8052 0.5930 -0.0000
vn -0.8108 -0.5853 -0.0000
vn 0.8108 0.5853 -0.0000
vn -0.9002 -0.4355 -0.0000
vn 0.9002 0.4355 -0.0000
vt 0.667921 0.851534
vt 0.013136 0.478987
vt 0.013135 0.986549
vt 0.843502 0.851535
vt 0.667921 0.986552
vt 0.843502 0.986552
vt 0.910424 0.478990
vt 0.843504 0.478990
vt 0.667923 0.478989
vt 0.910422 0.986553
vt 0.523036 0.163388
vt 0.677176 0.240457
vt 0.523036 0.240458
vt 0.677176 0.163387
vt 0.831316 0.240457
vt 0.831316 0.163387
vt 0.985456 0.240456
vt 0.677177 0.317527
vt 0.831317 0.471667
vt 0.677177 0.471667
vt 0.677176 0.009247
vt 0.368896 0.163388
vt 0.368896 0.240458
vt 0.985457 0.317526
vt 0.831317 0.317527
vt 0.523037 0.317528
vt 0.368897 0.317528
vt 0.831316 0.009247
vt 0.985456 0.163386
s 0
f 2805/1526/1136 2798/1527/1136 2799/1528/1136
f 2806/1529/1136 2801/1530/1136 2803/1531/1136
f 2797/1532/1136 2804/1533/1136 2806/1529/1136
f 2799/1528/1136 2801/1530/1136 2805/1526/1136
f 2805/1526/1136 2802/1534/1136 2798/1527/1136
f 2806/1529/1136 2805/1526/1136 2801/1530/1136
f 2803/1531/1136 2800/1535/1136 2806/1529/1136
f 2800/1535/1136 2797/1532/1136 2806/1529/1136
f 2810/1536/1137 2889/1537/1137 2888/1538/1137
f 2814/1539/1138 2890/1540/1138 2889/1537/1138
f 2812/1541/1139 2887/1542/1139 2890/1540/1139
f 2813/1543/1140 2807/1544/1140 2809/1545/1140
f 2810/1546/1141 2812/1541/1141 2814/1539/1141
f 2816/1547/1136 2868/1538/1136 2867/1548/1136
f 2820/1541/1139 2867/1542/1139 2870/1540/1139
f 2821/1543/1140 2815/1544/1140 2817/1545/1140
f 2818/1546/1141 2820/1541/1141 2822/1539/1141
f 2824/1547/1136 2864/1538/1136 2863/1548/1136
f 2826/1536/1137 2865/1537/1137 2864/1538/1137
f 2830/1539/1138 2866/1540/1138 2865/1537/1138
f 2829/1543/1140 2823/1544/1140 2825/1545/1140
f 2826/1546/1141 2828/1541/1141 2830/1539/1141
f 2834/1536/1137 2873/1537/1137 2872/1538/1137
f 2836/1541/1139 2871/1542/1139 2874/1540/1139
f 2837/1543/1140 2831/1544/1140 2833/1545/1140
f 2834/1546/1141 2836/1541/1141 2838/1539/1141
f 2842/1536/1137 2877/1537/1137 2876/1538/1137
f 2844/1541/1139 2875/1542/1139 2878/1540/1139
f 2845/1543/1140 2839/1544/1140 2841/1545/1140
f 2842/1546/1141 2844/1541/1141 2846/1539/1141
f 2850/1536/1137 2881/1537/1137 2880/1538/1137
f 2852/1541/1139 2879/1542/1139 2882/1540/1139
f 2853/1543/1140 2847/1544/1140 2849/1545/1140
f 2850/1546/1141 2852/1541/1141 2854/1539/1141
f 2858/1536/1137 2885/1537/1137 2884/1538/1137
f 2860/1541/1139 2883/1542/1139 2886/1540/1139
f 2861/1543/1140 2855/1544/1140 2857/1545/1140
f 2858/1546/1141 2860/1541/1141 2862/1539/1141
f 2866/1540/1139 2823/1549/1139 2827/1550/1139
f 2865/1537/1138 2827/1550/1138 2829/1543/1138
f 2864/1538/1137 2829/1543/1137 2825/1551/1137
f 2863/1548/1136 2825/1551/1136 2823/1552/1136
f 2870/1540/1139 2815/1549/1139 2819/1550/1139
f 2869/1537/1138 2819/1550/1138 2821/1543/1138
f 2868/1538/1137 2821/1543/1137 2817/1551/1137
f 2867/1548/1136 2817/1551/1136 2815/1552/1136
f 2874/1540/1139 2831/1549/1139 2835/1550/1139
f 2873/1537/1138 2835/1550/1138 2837/1543/1138
f 2872/1538/1137 2837/1543/1137 2833/1551/1137
f 2871/1548/1136 2833/1551/1136 2831/1552/1136
f 2878/1540/1139 2839/1549/1139 2843/1550/1139
f 2877/1537/1138 2843/1550/1138 2845/1543/1138
f 2876/1538/1137 2845/1543/1137 2841/1551/1137
f 2875/1548/1136 2841/1551/1136 2839/1552/1136
f 2882/1540/1139 2847/1549/1139 2851/1550/1139
f 2881/1537/1138 2851/1550/1138 2853/1543/1138
f 2880/1538/1137 2853/1543/1137 2849/1551/1137
f 2879/1548/1136 2849/1551/1136 2847/1552/1136
f 2886/1540/1139 2855/1549/1139 2859/1550/1139
f 2885/1537/1138 2859/1550/1138 2861/1543/1138
f 2884/1538/1137 2861/1543/1137 2857/1551/1137
f 2883/1548/1136 2857/1551/1136 2855/1552/1136
f 2890/1540/1139 2807/1549/1139 2811/1550/1139
f 2889/1537/1138 2811/1550/1138 2813/1543/1138
f 2888/1538/1137 2813/1543/1137 2809/1551/1137
f 2887/1548/1136 2809/1551/1136 2807/1552/1136
f 2863/1548/1136 2818/1536/1136 2824/1547/1136
f 2866/1540/1140 2868/1538/1140 2863/1542/1140
f 2828/1541/1138 2869/1537/1138 2866/1540/1138
f 2824/1553/1141 2822/1539/1141 2828/1541/1141
f 2872/1538/1137 2822/1539/1137 2834/1536/1137
f 2871/1548/1140 2869/1537/1140 2872/1538/1140
f 2832/1554/1139 2870/1540/1139 2871/1542/1139
f 2834/1546/1141 2820/1541/1141 2832/1553/1141
f 2842/1536/1137 2873/1537/1137 2838/1539/1137
f 2875/1548/1142 2873/1537/1142 2876/1538/1142
f 2840/1554/1139 2874/1540/1139 2875/1542/1139
f 2842/1546/1143 2836/1541/1143 2840/1553/1143
f 2850/1536/1137 2877/1537/1137 2846/1539/1137
f 2879/1548/1144 2877/1537/1144 2880/1538/1144
f 2848/1554/1139 2878/1540/1139 2879/1542/1139
f 2850/1546/1145 2844/1541/1145 2848/1553/1145
f 2858/1536/1137 2881/1537/1137 2854/1539/1137
f 2883/1548/1146 2881/1537/1146 2884/1538/1146
f 2856/1554/1139 2882/1540/1139 2883/1542/1139
f 2858/1546/1147 2852/1541/1147 2856/1553/1147
f 2885/1537/1148 2887/1548/1148 2886/1540/1148
f 2885/1537/1137 2810/1536/1137 2888/1538/1137
f 2860/1541/1149 2810/1546/1149 2862/1539/1149
f 2886/1540/1139 2808/1554/1139 2860/1541/1139
f 2810/1536/1137 2814/1539/1137 2889/1537/1137
f 2814/1539/1138 2812/1541/1138 2890/1540/1138
f 2812/1541/1139 2808/1554/1139 2887/1542/1139
f 2813/1543/1140 2811/1550/1140 2807/1544/1140
f 2810/1546/1141 2808/1553/1141 2812/1541/1141
f 2816/1547/1136 2818/1536/1136 2868/1538/1136
f 2820/1541/1139 2816/1554/1139 2867/1542/1139
f 2821/1543/1140 2819/1550/1140 2815/1544/1140
f 2818/1546/1141 2816/1553/1141 2820/1541/1141
f 2824/1547/1136 2826/1536/1136 2864/1538/1136
f 2826/1536/1137 2830/1539/1137 2865/1537/1137
f 2830/1539/1138 2828/1541/1138 2866/1540/1138
f 2829/1543/1140 2827/1550/1140 2823/1544/1140
f 2826/1546/1141 2824/1553/1141 2828/1541/1141
f 2834/1536/1137 2838/1539/1137 2873/1537/1137
f 2836/1541/1139 2832/1554/1139 2871/1542/1139
f 2837/1543/1140 2835/1550/1140 2831/1544/1140
f 2834/1546/1141 2832/1553/1141 2836/1541/1141
f 2842/1536/1137 2846/1539/1137 2877/1537/1137
f 2844/1541/1139 2840/1554/1139 2875/1542/1139
f 2845/1543/1140 2843/1550/1140 2839/1544/1140
f 2842/1546/1141 2840/1553/1141 2844/1541/1141
f 2850/1536/1137 2854/1539/1137 2881/1537/1137
f 2852/1541/1139 2848/1554/1139 2879/1542/1139
f 2853/1543/1140 2851/1550/1140 2847/1544/1140
f 2850/1546/1141 2848/1553/1141 2852/1541/1141
f 2858/1536/1137 2862/1539/1137 2885/1537/1137
f 2860/1541/1139 2856/1554/1139 2883/1542/1139
f 2861/1543/1140 2859/1550/1140 2855/1544/1140
f 2858/1546/1141 2856/1553/1141 2860/1541/1141
f 2866/1540/1139 2863/1542/1139 2823/1549/1139
f 2865/1537/1138 2866/1540/1138 2827/1550/1138
f 2864/1538/1137 2865/1537/1137 2829/1543/1137
f 2863/1548/1136 2864/1538/1136 2825/1551/1136
f 2870/1540/1139 2867/1542/1139 2815/1549/1139
f 2869/1537/1138 2870/1540/1138 2819/1550/1138
f 2868/1538/1137 2869/1537/1137 2821/1543/1137
f 2867/1548/1136 2868/1538/1136 2817/1551/1136
f 2874/1540/1139 2871/1542/1139 2831/1549/1139
f 2873/1537/1138 2874/1540/1138 2835/1550/1138
f 2872/1538/1137 2873/1537/1137 2837/1543/1137
f 2871/1548/1136 2872/1538/1136 2833/1551/1136
f 2878/1540/1139 2875/1542/1139 2839/1549/1139
f 2877/1537/1138 2878/1540/1138 2843/1550/1138
f 2876/1538/1137 2877/1537/1137 2845/1543/1137
f 2875/1548/1136 2876/1538/1136 2841/1551/1136
f 2882/1540/1139 2879/1542/1139 2847/1549/1139
f 2881/1537/1138 2882/1540/1138 2851/1550/1138
f 2880/1538/1137 2881/1537/1137 2853/1543/1137
f 2879/1548/1136 2880/1538/1136 2849/1551/1136
f 2886/1540/1139 2883/1542/1139 2855/1549/1139
f 2885/1537/1138 2886/1540/1138 2859/1550/1138
f 2884/1538/1137 2885/1537/1137 2861/1543/1137
f 2883/1548/1136 2884/1538/1136 2857/1551/1136
f 2890/1540/1139 2887/1542/1139 2807/1549/1139
f 2889/1537/1138 2890/1540/1138 2811/1550/1138
f 2888/1538/1137 2889/1537/1137 2813/1543/1137
f 2887/1548/1136 2888/1538/1136 2809/1551/1136
f 2863/1548/1136 2868/1538/1136 2818/1536/1136
f 2866/1540/1140 2869/1537/1140 2868/1538/1140
f 2828/1541/1138 2822/1539/1138 2869/1537/1138
f 2824/1553/1141 2818/1546/1141 2822/1539/1141
f 2872/1538/1137 2869/1537/1137 2822/1539/1137
f 2871/1548/1140 2870/1540/1140 2869/1537/1140
f 2832/1554/1139 2820/1541/1139 2870/1540/1139
f 2834/1546/1141 2822/1539/1141 2820/1541/1141
f 2842/1536/1137 2876/1538/1137 2873/1537/1137
f 2875/1548/1142 2874/1540/1142 2873/1537/1142
f 2840/1554/1139 2836/1541/1139 2874/1540/1139
f 2842/1546/1143 2838/1539/1143 2836/1541/1143
f 2850/1536/1137 2880/1538/1137 2877/1537/1137
f 2879/1548/1144 2878/1540/1144 2877/1537/1144
f 2848/1554/1139 2844/1541/1139 2878/1540/1139
f 2850/1546/1145 2846/1539/1145 2844/1541/1145
f 2858/1536/1137 2884/1538/1137 2881/1537/1137
f 2883/1548/1146 2882/1540/1146 2881/1537/1146
f 2856/1554/1139 2852/1541/1139 2882/1540/1139
f 2858/1546/1147 2854/1539/1147 2852/1541/1147
f 2885/1537/1148 2888/1538/1148 2887/1548/1148
f 2885/1537/1137 2862/1539/1137 2810/1536/1137
f 2860/1541/1149 2808/1553/1149 2810/1546/1149
f 2886/1540/1139 2887/1542/1139 2808/1554/1139
o gty
v -17.422424 54.105770 -24.040529
v 44.892040 54.105770 -24.040529
v -17.422424 63.992367 -3.129143
v 44.892040 63.992367 -3.129143
v 44.892040 63.092823 -3.731938
v -17.422424 63.442291 -3.497755
v -17.422424 54.105770 17.782244
v 44.892040 54.105770 17.782244
v 44.892040 63.092823 -2.526348
v -17.422424 63.442291 -2.760530
v -17.422424 61.774075 -2.222274
v -17.422424 61.601501 -2.239270
v -17.422424 61.435562 -2.289608
v -17.422424 61.282631 -2.371351
v -17.422424 61.148586 -2.481359
v -17.422424 61.038578 -2.615405
v -17.422424 60.956833 -2.768336
v -17.422424 60.906494 -2.934276
v -17.422424 60.889500 -3.106848
v -17.422424 60.906494 -3.279420
v -17.422424 60.956833 -3.445360
v -17.422424 61.038578 -3.598292
v -17.422424 61.148586 -3.732337
v -17.422424 61.282631 -3.842345
v -17.422424 61.435562 -3.924089
v -17.422424 61.601501 -3.974426
v -17.422424 61.774075 -3.991423
v -17.422424 61.946648 -3.974426
v -17.422424 62.112587 -3.924089
v -17.422424 62.265518 -3.842345
v -17.422424 62.399563 -3.732337
v -17.422424 62.509571 -3.598292
v -17.422424 62.591312 -3.445360
v -17.422424 62.641651 -3.279420
v -17.422424 62.658649 -3.106848
v -17.422424 62.641651 -2.934276
v -17.422424 62.591312 -2.768336
v -17.422424 62.509571 -2.615405
v -17.422424 62.399563 -2.481359
v -17.422424 62.265518 -2.371351
v -17.422424 62.112587 -2.289608
v -17.422424 61.946648 -2.239270
v -17.422428 59.990784 3.102121
v -17.422428 59.818214 3.085124
v -17.422428 59.652275 3.034787
v -17.422428 59.499344 2.953043
v -17.422428 59.365295 2.843035
v -17.422428 59.255287 2.708990
v -17.422428 59.173546 2.556058
v -17.422428 59.123207 2.390119
v -17.422428 59.106209 2.217546
v -17.422428 59.123207 2.044974
v -17.422428 59.173546 1.879035
v -17.422428 59.255287 1.726103
v -17.422428 59.365295 1.592058
v -17.422428 59.499344 1.482049
v -17.422428 59.652275 1.400306
v -17.422428 59.818214 1.349968
v -17.422428 59.990784 1.332972
v -17.422428 60.163357 1.349968
v -17.422428 60.329300 1.400306
v -17.422428 60.482231 1.482049
v -17.422428 60.616276 1.592058
v -17.422428 60.726284 1.726103
v -17.422428 60.808025 1.879035
v -17.422428 60.858364 2.044974
v -17.422428 60.875359 2.217546
v -17.422428 60.858364 2.390119
v -17.422428 60.808025 2.556058
v -17.422428 60.726284 2.708990
v -17.422428 60.616276 2.843035
v -17.422428 60.482231 2.953043
v -17.422428 60.329300 3.034787
v -17.422428 60.163357 3.085124
v -17.422428 57.243820 9.494089
v -17.422428 57.071247 9.477092
v -17.422428 56.905308 9.426754
v -17.422428 56.752377 9.345012
v -17.422428 56.618332 9.235003
v -17.422428 56.508324 9.100959
v -17.422428 56.426579 8.948027
v -17.422428 56.376244 8.782085
v -17.422428 56.359245 8.609512
v -17.422428 56.376244 8.436942
v -17.422428 56.426579 8.271001
v -17.422428 56.508324 8.118069
v -17.422428 56.618332 7.984024
v -17.422428 56.752377 7.874016
v -17.422428 56.905308 7.792273
v -17.422428 57.071247 7.741935
v -17.422428 57.243820 7.724938
v -17.422428 57.416389 7.741935
v -17.422428 57.582333 7.792273
v -17.422428 57.735264 7.874016
v -17.422428 57.869308 7.984024
v -17.422428 57.979317 8.118069
v -17.422428 58.061062 8.271001
v -17.422428 58.111397 8.436942
v -17.422428 58.128395 8.609512
v -17.422428 58.111397 8.782085
v -17.422428 58.061062 8.948027
v -17.422428 57.979317 9.100959
v -17.422428 57.869308 9.235003
v -17.422428 57.735264 9.345012
v -17.422428 57.582333 9.426754
v -17.422428 57.416389 9.477092
v -19.191574 61.774075 -2.703071
v -18.713095 61.774075 -2.222274
v -19.155149 61.774075 -2.519078
v -19.051430 61.774075 -2.363096
v -18.896200 61.774075 -2.258873
v -19.191574 61.695301 -2.710829
v -18.713095 61.601501 -2.239271
v -19.155149 61.659405 -2.530372
v -19.051430 61.628975 -2.377387
v -18.896200 61.608643 -2.275166
v -19.191574 61.619553 -2.733806
v -18.713095 61.435562 -2.289608
v -19.155149 61.549145 -2.563819
v -19.051430 61.489452 -2.419711
v -18.896200 61.449566 -2.323421
v -19.191574 61.549747 -2.771120
v -18.713095 61.282631 -2.371352
v -19.155149 61.447525 -2.618135
v -19.051430 61.360867 -2.488441
v -18.896200 61.302963 -2.401783
v -19.191574 61.488560 -2.821335
v -18.713095 61.148586 -2.481360
v -19.155149 61.358456 -2.691232
v -19.051430 61.248161 -2.580936
v -18.896200 61.174465 -2.507239
v -19.191574 61.438343 -2.882522
v -18.713095 61.038578 -2.615405
v -19.155149 61.285358 -2.780301
v -19.051430 61.155666 -2.693642
v -18.896200 61.069008 -2.635738
v -19.191574 61.401031 -2.952330
v -18.713095 60.956833 -2.768337
v -19.155149 61.231045 -2.881919
v -19.051430 61.086937 -2.822227
v -18.896200 60.990646 -2.782342
v -19.191574 61.378052 -3.028076
v -18.713095 60.906494 -2.934277
v -19.155149 61.197598 -2.992180
v -19.051430 61.044613 -2.961750
v -18.896200 60.942390 -2.941417
v -19.191574 61.370296 -3.106849
v -18.713095 60.889500 -3.106849
v -19.155149 61.186302 -3.106849
v -19.051430 61.030319 -3.106849
v -18.896200 60.926098 -3.106849
v -19.191574 61.378052 -3.185622
v -18.713095 60.906494 -3.279421
v -19.155149 61.197598 -3.221517
v -19.051430 61.044613 -3.251948
v -18.896200 60.942390 -3.272281
v -19.191574 61.401031 -3.261368
v -18.713095 60.956833 -3.445361
v -19.155149 61.231045 -3.331779
v -19.051430 61.086937 -3.391471
v -18.896200 60.990646 -3.431355
v -19.191574 61.438343 -3.331176
v -18.713095 61.038578 -3.598292
v -19.155149 61.285358 -3.433397
v -19.051430 61.155666 -3.520056
v -18.896200 61.069008 -3.577959
v -19.191574 61.488560 -3.392363
v -18.713095 61.148586 -3.732337
v -19.155149 61.358456 -3.522466
v -19.051430 61.248161 -3.632761
v -18.896200 61.174465 -3.706459
v -19.191574 61.549747 -3.442578
v -18.713095 61.282631 -3.842346
v -19.155149 61.447525 -3.595563
v -19.051430 61.360867 -3.725257
v -18.896200 61.302963 -3.811915
v -19.191574 61.619553 -3.479891
v -18.713095 61.435562 -3.924089
v -19.155149 61.549145 -3.649879
v -19.051430 61.489452 -3.793987
v -18.896200 61.449566 -3.890277
v -19.191574 61.695301 -3.502869
v -18.713095 61.601501 -3.974427
v -19.155149 61.659405 -3.683326
v -19.051430 61.628975 -3.836311
v -18.896200 61.608643 -3.938531
v -19.191574 61.774075 -3.510627
v -18.713095 61.774075 -3.991424
v -19.155149 61.774075 -3.694620
v -19.051430 61.774075 -3.850602
v -18.896200 61.774075 -3.954825
v -19.191574 61.852848 -3.502869
v -18.713095 61.946648 -3.974427
v -19.155149 61.888741 -3.683326
v -19.051430 61.919174 -3.836311
v -18.896200 61.939507 -3.938531
v -19.191574 61.928593 -3.479891
v -18.713095 62.112587 -3.924089
v -19.155149 61.999004 -3.649879
v -19.051430 62.058697 -3.793987
v -18.896200 62.098579 -3.890277
v -19.191574 61.998402 -3.442578
v -18.713095 62.265518 -3.842346
v -19.155149 62.100620 -3.595563
v -19.051430 62.187279 -3.725257
v -18.896200 62.245182 -3.811915
v -19.191574 62.059586 -3.392363
v -18.713095 62.399563 -3.732337
v -19.155149 62.189690 -3.522466
v -19.051430 62.299988 -3.632761
v -18.896200 62.373684 -3.706459
v -19.191574 62.109802 -3.331176
v -18.713095 62.509571 -3.598292
v -19.155149 62.262787 -3.433397
v -19.051430 62.392479 -3.520056
v -18.896200 62.479141 -3.577959
v -19.191574 62.147118 -3.261368
v -18.713095 62.591312 -3.445361
v -19.155149 62.317104 -3.331779
v -19.051430 62.461212 -3.391471
v -18.896200 62.557503 -3.431355
v -19.191574 62.170094 -3.185622
v -18.713095 62.641651 -3.279421
v -19.155149 62.350552 -3.221517
v -19.051430 62.503536 -3.251948
v -18.896200 62.605755 -3.272281
v -19.191574 62.177853 -3.106849
v -18.713095 62.658649 -3.106849
v -19.155149 62.361843 -3.106849
v -19.051430 62.517826 -3.106849
v -18.896200 62.622051 -3.106849
v -19.191574 62.170094 -3.028076
v -18.713095 62.641651 -2.934277
v -19.155149 62.350552 -2.992180
v -19.051430 62.503536 -2.961750
v -18.896200 62.605755 -2.941417
v -19.191574 62.147118 -2.952330
v -18.713095 62.591312 -2.768337
v -19.155149 62.317104 -2.881919
v -19.051430 62.461212 -2.822227
v -18.896200 62.557503 -2.782342
v -19.191574 62.109802 -2.882522
v -18.713095 62.509571 -2.615405
v -19.155149 62.262787 -2.780301
v -19.051430 62.392479 -2.693642
v -18.896200 62.479141 -2.635738
v -19.191574 62.059586 -2.821335
v -18.713095 62.399563 -2.481360
v -19.155149 62.189690 -2.691232
v -19.051430 62.299988 -2.580936
v -18.896200 62.373684 -2.507239
v -19.191574 61.998402 -2.771120
v -18.713095 62.265518 -2.371352
v -19.155149 62.100620 -2.618135
v -19.051430 62.187279 -2.488441
v -18.896200 62.245182 -2.401783
v -19.191574 61.928593 -2.733807
v -18.713095 62.112587 -2.289608
v -19.155149 61.999004 -2.563819
v -19.051430 62.058697 -2.419711
v -18.896200 62.098579 -2.323421
v -19.191574 61.852848 -2.710829
v -18.713095 61.946648 -2.239271
v -19.155149 61.888741 -2.530372
v -19.051430 61.919174 -2.377387
v -18.896200 61.939507 -2.275166
v -19.191578 59.990784 2.621324
v -18.713097 59.990784 3.102121
v -19.155153 59.990784 2.805318
v -19.051432 59.990784 2.961299
v -18.896204 59.990784 3.065523
v -19.191578 59.912014 2.613566
v -18.713097 59.818214 3.085124
v -19.155153 59.876118 2.794023
v -19.051432 59.845688 2.947008
v -18.896204 59.825356 3.049228
v -19.191578 59.836266 2.590588
v -18.713097 59.652275 3.034786
v -19.155153 59.765854 2.760576
v -19.051432 59.706165 2.904684
v -18.896204 59.666279 3.000974
v -19.191578 59.766457 2.553275
v -18.713097 59.499344 2.953043
v -19.155153 59.664238 2.706260
v -19.051432 59.577579 2.835954
v -18.896204 59.519676 2.922612
v -19.191578 59.705273 2.503060
v -18.713097 59.365295 2.843034
v -19.155153 59.575169 2.633162
v -19.051432 59.464874 2.743458
v -18.896204 59.391174 2.817156
v -19.191578 59.655056 2.441873
v -18.713097 59.255287 2.708989
v -19.155153 59.502071 2.544095
v -19.051432 59.372375 2.630753
v -18.896204 59.285721 2.688656
v -19.191578 59.617744 2.372065
v -18.713097 59.173546 2.556058
v -19.155153 59.447754 2.442475
v -19.051432 59.303646 2.502167
v -18.896204 59.207359 2.542052
v -19.191578 59.594765 2.296319
v -18.713097 59.123207 2.390118
v -19.155153 59.414307 2.332214
v -19.051432 59.261322 2.362645
v -18.896204 59.159103 2.382978
v -19.191578 59.587006 2.217546
v -18.713097 59.106209 2.217546
v -19.155153 59.403015 2.217546
v -19.051432 59.247032 2.217546
v -18.896204 59.142811 2.217546
v -19.191578 59.594765 2.138772
v -18.713097 59.123207 2.044974
v -19.155153 59.414307 2.102877
v -19.051432 59.261322 2.072447
v -18.896204 59.159103 2.052114
v -19.191578 59.617744 2.063027
v -18.713097 59.173546 1.879034
v -19.155153 59.447754 1.992616
v -19.051432 59.303646 1.932925
v -18.896204 59.207359 1.893040
v -19.191578 59.655056 1.993218
v -18.713097 59.255287 1.726103
v -19.155153 59.502071 1.890997
v -19.051432 59.372375 1.804339
v -18.896204 59.285721 1.746436
v -19.191578 59.705273 1.932031
v -18.713097 59.365295 1.592058
v -19.155153 59.575169 1.801929
v -19.051432 59.464874 1.691633
v -18.896204 59.391174 1.617937
v -19.191578 59.766457 1.881817
v -18.713097 59.499344 1.482049
v -19.155153 59.664238 1.728833
v -19.051432 59.577579 1.599139
v -18.896204 59.519676 1.512480
v -19.191578 59.836266 1.844503
v -18.713097 59.652275 1.400305
v -19.155153 59.765854 1.674516
v -19.051432 59.706165 1.530408
v -18.896204 59.666279 1.434118
v -19.191578 59.912014 1.821526
v -18.713097 59.818214 1.349968
v -19.155153 59.876118 1.641068
v -19.051432 59.845688 1.488084
v -18.896204 59.825356 1.385863
v -19.191578 59.990784 1.813767
v -18.713097 59.990784 1.332972
v -19.155153 59.990784 1.629774
v -19.051432 59.990784 1.473793
v -18.896204 59.990784 1.369569
v -19.191578 60.069557 1.821526
v -18.713097 60.163357 1.349968
v -19.155153 60.105453 1.641068
v -19.051432 60.135883 1.488084
v -18.896204 60.156216 1.385863
v -19.191578 60.145306 1.844503
v -18.713097 60.329296 1.400305
v -19.155153 60.215714 1.674516
v -19.051432 60.275406 1.530408
v -18.896204 60.315292 1.434118
v -19.191578 60.215111 1.881817
v -18.713097 60.482231 1.482049
v -19.155153 60.317333 1.728833
v -19.051432 60.403992 1.599139
v -18.896204 60.461895 1.512480
v -19.191578 60.276299 1.932031
v -18.713097 60.616272 1.592058
v -19.155153 60.406403 1.801929
v -19.051432 60.516697 1.691634
v -18.896204 60.590397 1.617937
v -19.191578 60.326515 1.993219
v -18.713097 60.726284 1.726103
v -19.155153 60.479500 1.890998
v -19.051432 60.609192 1.804339
v -18.896204 60.695850 1.746436
v -19.191578 60.363827 2.063026
v -18.713097 60.808025 1.879034
v -19.155153 60.533813 1.992616
v -19.051432 60.677925 1.932924
v -18.896204 60.774212 1.893040
v -19.191578 60.386806 2.138773
v -18.713097 60.858364 2.044974
v -19.155153 60.567261 2.102877
v -19.051432 60.720245 2.072447
v -18.896204 60.822468 2.052114
v -19.191578 60.394562 2.217546
v -18.713097 60.875359 2.217546
v -19.155153 60.578556 2.217546
v -19.051432 60.734539 2.217546
v -18.896204 60.838760 2.217546
v -19.191578 60.386806 2.296319
v -18.713097 60.858364 2.390118
v -19.155153 60.567261 2.332214
v -19.051432 60.720245 2.362645
v -18.896204 60.822468 2.382978
v -19.191578 60.363827 2.372065
v -18.713097 60.808025 2.556058
v -19.155153 60.533813 2.442476
v -19.051432 60.677925 2.502168
v -18.896204 60.774212 2.542052
v -19.191578 60.326515 2.441873
v -18.713097 60.726284 2.708989
v -19.155153 60.479500 2.544094
v -19.051432 60.609192 2.630753
v -18.896204 60.695850 2.688656
v -19.191578 60.276299 2.503060
v -18.713097 60.616272 2.843034
v -19.155153 60.406403 2.633162
v -19.051432 60.516697 2.743458
v -18.896204 60.590397 2.817156
v -19.191578 60.215111 2.553275
v -18.713097 60.482231 2.953043
v -19.155153 60.317333 2.706259
v -19.051432 60.403992 2.835954
v -18.896204 60.461895 2.922612
v -19.191578 60.145306 2.590588
v -18.713097 60.329296 3.034786
v -19.155153 60.215714 2.760576
v -19.051432 60.275406 2.904684
v -18.896204 60.315292 3.000974
v -19.191578 60.069557 2.613566
v -18.713097 60.163357 3.085124
v -19.155153 60.105453 2.794023
v -19.051432 60.135883 2.947008
v -18.896204 60.156216 3.049228
v -19.191578 57.243820 9.013290
v -18.713097 57.243820 9.494086
v -19.155153 57.243820 9.197285
v -19.051432 57.243820 9.353265
v -18.896204 57.243820 9.457488
v -19.191578 57.165047 9.005534
v -18.713097 57.071247 9.477092
v -19.155153 57.129150 9.185991
v -19.051432 57.098721 9.338974
v -18.896204 57.078388 9.441196
v -19.191578 57.089302 8.982556
v -18.713097 56.905308 9.426754
v -19.155153 57.018890 9.152542
v -19.051432 56.959198 9.296651
v -18.896204 56.919312 9.392939
v -19.191578 57.019493 8.945241
v -18.713097 56.752377 9.345009
v -19.155153 56.917271 9.098225
v -19.051432 56.830612 9.227921
v -18.896204 56.772709 9.314579
v -19.191578 56.958305 8.895029
v -18.713097 56.618332 9.235001
v -19.155153 56.828205 9.025129
v -19.051432 56.717907 9.135426
v -18.896204 56.644211 9.209121
v -19.191578 56.908089 8.833838
v -18.713097 56.508324 9.100956
v -19.155153 56.755104 8.936060
v -19.051432 56.625412 9.022718
v -18.896204 56.538754 9.080622
v -19.191578 56.870777 8.764032
v -18.713097 56.426579 8.948024
v -19.155153 56.700790 8.834443
v -19.051432 56.556683 8.894135
v -18.896204 56.460392 8.934018
v -19.191578 56.847801 8.688285
v -18.713097 56.376244 8.782083
v -19.155153 56.667343 8.724179
v -19.051432 56.514359 8.754612
v -18.896204 56.412136 8.774943
v -19.191578 56.840042 8.609512
v -18.713097 56.359245 8.609512
v -19.155153 56.656048 8.609512
v -19.051432 56.500069 8.609512
v -18.896204 56.395844 8.609512
v -19.191578 56.847801 8.530741
v -18.713097 56.376244 8.436939
v -19.155153 56.667343 8.494845
v -19.051432 56.514359 8.464413
v -18.896204 56.412136 8.444082
v -19.191578 56.870777 8.454992
v -18.713097 56.426579 8.271000
v -19.155153 56.700790 8.384582
v -19.051432 56.556683 8.324889
v -18.896204 56.460392 8.285007
v -19.191578 56.908089 8.385184
v -18.713097 56.508324 8.118069
v -19.155153 56.755104 8.282965
v -19.051432 56.625412 8.196305
v -18.896204 56.538754 8.138401
v -19.191578 56.958305 8.323997
v -18.713097 56.618332 7.984023
v -19.155153 56.828205 8.193895
v -19.051432 56.717907 8.083600
v -18.896204 56.644211 8.009903
v -19.191578 57.019493 8.273784
v -18.713097 56.752377 7.874015
v -19.155153 56.917271 8.120799
v -19.051432 56.830612 7.991105
v -18.896204 56.772709 7.904447
v -19.191578 57.089302 8.236469
v -18.713097 56.905308 7.792272
v -19.155153 57.018890 8.066483
v -19.051432 56.959198 7.922374
v -18.896204 56.919312 7.826085
v -19.191578 57.165047 8.213491
v -18.713097 57.071247 7.741934
v -19.155153 57.129150 8.033033
v -19.051432 57.098721 7.880050
v -18.896204 57.078388 7.777828
v -19.191578 57.243820 8.205734
v -18.713097 57.243820 7.724937
v -19.155153 57.243820 8.021741
v -19.051432 57.243820 7.865759
v -18.896204 57.243820 7.761536
v -19.191578 57.322594 8.213491
v -18.713097 57.416389 7.741934
v -19.155153 57.358490 8.033033
v -19.051432 57.388920 7.880050
v -18.896204 57.409252 7.777828
v -19.191578 57.398338 8.236469
v -18.713097 57.582333 7.792272
v -19.155153 57.468750 8.066483
v -19.051432 57.528442 7.922374
v -18.896204 57.568325 7.826085
v -19.191578 57.468147 8.273784
v -18.713097 57.735264 7.874015
v -19.155153 57.570366 8.120799
v -19.051432 57.657028 7.991105
v -18.896204 57.714931 7.904447
v -19.191578 57.529335 8.323997
v -18.713097 57.869308 7.984023
v -19.155153 57.659435 8.193895
v -19.051432 57.769730 8.083600
v -18.896204 57.843430 8.009903
v -19.191578 57.579552 8.385184
v -18.713097 57.979317 8.118069
v -19.155153 57.732533 8.282965
v -19.051432 57.862228 8.196305
v -18.896204 57.948887 8.138401
v -19.191578 57.616863 8.454992
v -18.713097 58.061062 8.271000
v -19.155153 57.786850 8.384582
v -19.051432 57.930958 8.324889
v -18.896204 58.027248 8.285007
v -19.191578 57.639839 8.530741
v -18.713097 58.111397 8.436939
v -19.155153 57.820297 8.494845
v -19.051432 57.973282 8.464413
v -18.896204 58.075500 8.444082
v -19.191578 57.647598 8.609512
v -18.713097 58.128395 8.609512
v -19.155153 57.831593 8.609512
v -19.051432 57.987572 8.609512
v -18.896204 58.091797 8.609512
v -19.191578 57.639839 8.688285
v -18.713097 58.111397 8.782083
v -19.155153 57.820297 8.724179
v -19.051432 57.973282 8.754612
v -18.896204 58.075500 8.774943
v -19.191578 57.616863 8.764032
v -18.713097 58.061062 8.948024
v -19.155153 57.786850 8.834443
v -19.051432 57.930958 8.894133
v -18.896204 58.027248 8.934018
v -19.191578 57.579552 8.833838
v -18.713097 57.979317 9.100956
v -19.155153 57.732533 8.936060
v -19.051432 57.862228 9.022718
v -18.896204 57.948887 9.080622
v -19.191578 57.529335 8.895029
v -18.713097 57.869308 9.235001
v -19.155153 57.659435 9.025129
v -19.051432 57.769730 9.135426
v -18.896204 57.843430 9.209121
v -19.191578 57.468147 8.945241
v -18.713097 57.735264 9.345009
v -19.155153 57.570366 9.098225
v -19.051432 57.657028 9.227921
v -18.896204 57.714931 9.314579
v -19.191578 57.398338 8.982556
v -18.713097 57.582333 9.426754
v -19.155153 57.468750 9.152542
v -19.051432 57.528442 9.296651
v -18.896204 57.568325 9.392939
v -19.191578 57.322594 9.005534
v -18.713097 57.416389 9.477092
v -19.155153 57.358490 9.185991
v -19.051432 57.388920 9.338974
v -18.896204 57.409252 9.441196
v -17.422424 61.774075 -3.991423
v -17.422424 61.601501 -3.974426
v -17.422424 61.435562 -3.924089
v -17.422424 61.282631 -3.842345
v -17.422424 61.148586 -3.732337
v -17.422424 61.038578 -3.598292
v -17.422424 60.956833 -3.445360
v -17.422424 60.906494 -3.279420
v -17.422424 60.906494 -2.934276
v -17.422424 60.956833 -2.768336
v -17.422424 61.038578 -2.615405
v -17.422424 61.148586 -2.481359
v -17.422424 61.282631 -2.371351
v -17.422424 61.435562 -2.289608
v -17.422424 61.601501 -2.239270
v -17.422424 61.774075 -2.222274
v -17.422424 61.946648 -2.239270
v -17.422424 62.112587 -2.289608
v -17.422424 62.265518 -2.371351
v -17.422424 62.399563 -2.481359
v -17.422424 62.509571 -2.615405
v -17.422424 62.591312 -2.768336
v -17.422424 62.641651 -2.934276
v -17.422424 62.641651 -3.279420
v -17.422424 62.591312 -3.445360
v -17.422424 62.509571 -3.598292
v -17.422424 62.399563 -3.732337
v -17.422424 62.265518 -3.842345
v -17.422424 62.112587 -3.924089
v -17.422424 61.946648 -3.974426
v -17.422422 59.990784 -9.315819
v -17.422422 59.818214 -9.298821
v -17.422422 59.652275 -9.248484
v -17.422422 59.499344 -9.166740
v -17.422422 59.365295 -9.056732
v -17.422422 59.255287 -8.922687
v -17.422422 59.173546 -8.769755
v -17.422422 59.123207 -8.603815
v -17.422422 59.106209 -8.431244
v -17.422422 59.123207 -8.258671
v -17.422422 59.173546 -8.092731
v -17.422422 59.255287 -7.939800
v -17.422422 59.365295 -7.805755
v -17.422422 59.499344 -7.695746
v -17.422422 59.652275 -7.614003
v -17.422422 59.818214 -7.563665
v -17.422422 59.990784 -7.546669
v -17.422422 60.163357 -7.563665
v -17.422422 60.329300 -7.614003
v -17.422422 60.482231 -7.695746
v -17.422422 60.616276 -7.805755
v -17.422422 60.726284 -7.939800
v -17.422422 60.808025 -8.092731
v -17.422422 60.858364 -8.258671
v -17.422422 60.875359 -8.431244
v -17.422422 60.858364 -8.603815
v -17.422422 60.808025 -8.769755
v -17.422422 60.726284 -8.922687
v -17.422422 60.616276 -9.056732
v -17.422422 60.482231 -9.166740
v -17.422422 60.329300 -9.248484
v -17.422422 60.163357 -9.298821
v -17.422419 57.243820 -15.707784
v -17.422419 57.071247 -15.690786
v -17.422419 56.905308 -15.640450
v -17.422419 56.752377 -15.558704
v -17.422419 56.618332 -15.448696
v -17.422419 56.508324 -15.314651
v -17.422419 56.426579 -15.161722
v -17.422419 56.376244 -14.995781
v -17.422422 56.359245 -14.823208
v -17.422422 56.376244 -14.650637
v -17.422422 56.426579 -14.484696
v -17.422422 56.508324 -14.331765
v -17.422422 56.618332 -14.197720
v -17.422422 56.752377 -14.087712
v -17.422422 56.905308 -14.005968
v -17.422422 57.071247 -13.955630
v -17.422422 57.243820 -13.938634
v -17.422422 57.416389 -13.955630
v -17.422422 57.582333 -14.005968
v -17.422422 57.735264 -14.087712
v -17.422422 57.869308 -14.197720
v -17.422422 57.979317 -14.331765
v -17.422422 58.061062 -14.484696
v -17.422422 58.111397 -14.650637
v -17.422422 58.128395 -14.823208
v -17.422422 58.111397 -14.995781
v -17.422422 58.061062 -15.161722
v -17.422419 57.979317 -15.314651
v -17.422419 57.869308 -15.448696
v -17.422419 57.735264 -15.558704
v -17.422419 57.582333 -15.640450
v -17.422419 57.416389 -15.690786
v -19.191574 61.774075 -3.510627
v -18.713095 61.774075 -3.991424
v -19.155149 61.774075 -3.694620
v -19.051430 61.774075 -3.850602
v -18.896200 61.774075 -3.954825
v -19.191574 61.695301 -3.502869
v -18.713095 61.601501 -3.974427
v -19.155149 61.659405 -3.683326
v -19.051430 61.628975 -3.836311
v -18.896200 61.608643 -3.938531
v -19.191574 61.619553 -3.479891
v -18.713095 61.435562 -3.924089
v -19.155149 61.549145 -3.649879
v -19.051430 61.489452 -3.793987
v -18.896200 61.449566 -3.890277
v -19.191574 61.549747 -3.442578
v -18.713095 61.282631 -3.842346
v -19.155149 61.447525 -3.595563
v -19.051430 61.360867 -3.725257
v -18.896200 61.302963 -3.811915
v -19.191574 61.488560 -3.392363
v -18.713095 61.148586 -3.732337
v -19.155149 61.358456 -3.522466
v -19.051430 61.248161 -3.632761
v -18.896200 61.174465 -3.706459
v -19.191574 61.438343 -3.331176
v -18.713095 61.038578 -3.598292
v -19.155149 61.285358 -3.433397
v -19.051430 61.155666 -3.520056
v -18.896200 61.069008 -3.577959
v -19.191574 61.401031 -3.261368
v -18.713095 60.956833 -3.445361
v -19.155149 61.231045 -3.331779
v -19.051430 61.086937 -3.391471
v -18.896200 60.990646 -3.431355
v -19.191574 61.378052 -3.185622
v -18.713095 60.906494 -3.279421
v -19.155149 61.197598 -3.221517
v -19.051430 61.044613 -3.251948
v -18.896200 60.942390 -3.272281
v -19.191574 61.378052 -3.028076
v -18.713095 60.906494 -2.934277
v -19.155149 61.197598 -2.992180
v -19.051430 61.044613 -2.961750
v -18.896200 60.942390 -2.941417
v -19.191574 61.401031 -2.952330
v -18.713095 60.956833 -2.768337
v -19.155149 61.231045 -2.881919
v -19.051430 61.086937 -2.822227
v -18.896200 60.990646 -2.782342
v -19.191574 61.438343 -2.882522
v -18.713095 61.038578 -2.615405
v -19.155149 61.285358 -2.780301
v -19.051430 61.155666 -2.693642
v -18.896200 61.069008 -2.635738
v -19.191574 61.488560 -2.821335
v -18.713095 61.148586 -2.481360
v -19.155149 61.358456 -2.691232
v -19.051430 61.248161 -2.580936
v -18.896200 61.174465 -2.507239
v -19.191574 61.549747 -2.771120
v -18.713095 61.282631 -2.371352
v -19.155149 61.447525 -2.618135
v -19.051430 61.360867 -2.488441
v -18.896200 61.302963 -2.401783
v -19.191574 61.619553 -2.733806
v -18.713095 61.435562 -2.289608
v -19.155149 61.549145 -2.563819
v -19.051430 61.489452 -2.419711
v -18.896200 61.449566 -2.323421
v -19.191574 61.695301 -2.710829
v -18.713095 61.601501 -2.239271
v -19.155149 61.659405 -2.530372
v -19.051430 61.628975 -2.377387
v -18.896200 61.608643 -2.275166
v -19.191574 61.774075 -2.703071
v -18.713095 61.774075 -2.222274
v -19.155149 61.774075 -2.519078
v -19.051430 61.774075 -2.363096
v -18.896200 61.774075 -2.258873
v -19.191574 61.852848 -2.710829
v -18.713095 61.946648 -2.239271
v -19.155149 61.888741 -2.530372
v -19.051430 61.919174 -2.377387
v -18.896200 61.939507 -2.275166
v -19.191574 61.928593 -2.733807
v -18.713095 62.112587 -2.289608
v -19.155149 61.999004 -2.563819
v -19.051430 62.058697 -2.419711
v -18.896200 62.098579 -2.323421
v -19.191574 61.998402 -2.771120
v -18.713095 62.265518 -2.371352
v -19.155149 62.100620 -2.618135
v -19.051430 62.187279 -2.488441
v -18.896200 62.245182 -2.401783
v -19.191574 62.059586 -2.821335
v -18.713095 62.399563 -2.481360
v -19.155149 62.189690 -2.691232
v -19.051430 62.299988 -2.580936
v -18.896200 62.373684 -2.507239
v -19.191574 62.109802 -2.882522
v -18.713095 62.509571 -2.615405
v -19.155149 62.262787 -2.780301
v -19.051430 62.392479 -2.693642
v -18.896200 62.479141 -2.635738
v -19.191574 62.147118 -2.952330
v -18.713095 62.591312 -2.768337
v -19.155149 62.317104 -2.881919
v -19.051430 62.461212 -2.822227
v -18.896200 62.557503 -2.782342
v -19.191574 62.170094 -3.028076
v -18.713095 62.641651 -2.934277
v -19.155149 62.350552 -2.992180
v -19.051430 62.503536 -2.961750
v -18.896200 62.605755 -2.941417
v -19.191574 62.170094 -3.185622
v -18.713095 62.641651 -3.279421
v -19.155149 62.350552 -3.221517
v -19.051430 62.503536 -3.251948
v -18.896200 62.605755 -3.272281
v -19.191574 62.147118 -3.261368
v -18.713095 62.591312 -3.445361
v -19.155149 62.317104 -3.331779
v -19.051430 62.461212 -3.391471
v -18.896200 62.557503 -3.431355
v -19.191574 62.109802 -3.331176
v -18.713095 62.509571 -3.598292
v -19.155149 62.262787 -3.433397
v -19.051430 62.392479 -3.520056
v -18.896200 62.479141 -3.577959
v -19.191574 62.059586 -3.392363
v -18.713095 62.399563 -3.732337
v -19.155149 62.189690 -3.522466
v -19.051430 62.299988 -3.632761
v -18.896200 62.373684 -3.706459
v -19.191574 61.998402 -3.442578
v -18.713095 62.265518 -3.842346
v -19.155149 62.100620 -3.595563
v -19.051430 62.187279 -3.725257
v -18.896200 62.245182 -3.811915
v -19.191574 61.928593 -3.479891
v -18.713095 62.112587 -3.924089
v -19.155149 61.999004 -3.649879
v -19.051430 62.058697 -3.793987
v -18.896200 62.098579 -3.890277
v -19.191574 61.852848 -3.502869
v -18.713095 61.946648 -3.974427
v -19.155149 61.888741 -3.683326
v -19.051430 61.919174 -3.836311
v -18.896200 61.939507 -3.938531
v -19.191572 59.990784 -8.835023
v -18.713091 59.990784 -9.315819
v -19.155148 59.990784 -9.019016
v -19.051426 59.990784 -9.174997
v -18.896198 59.990784 -9.279221
v -19.191572 59.912014 -8.827265
v -18.713091 59.818214 -9.298822
v -19.155148 59.876118 -9.007721
v -19.051426 59.845688 -9.160706
v -18.896198 59.825356 -9.262926
v -19.191572 59.836266 -8.804287
v -18.713091 59.652275 -9.248485
v -19.155148 59.765854 -8.974274
v -19.051426 59.706165 -9.118382
v -18.896198 59.666279 -9.214673
v -19.191572 59.766457 -8.766973
v -18.713091 59.499344 -9.166741
v -19.155148 59.664238 -8.919958
v -19.051426 59.577579 -9.049652
v -18.896198 59.519676 -9.136311
v -19.191572 59.705273 -8.716759
v -18.713091 59.365295 -9.056733
v -19.155148 59.575169 -8.846861
v -19.051426 59.464874 -8.957156
v -18.896198 59.391174 -9.030853
v -19.191572 59.655056 -8.655571
v -18.713091 59.255287 -8.922688
v -19.155148 59.502071 -8.757792
v -19.051426 59.372375 -8.844452
v -18.896198 59.285721 -8.902355
v -19.191572 59.617744 -8.585762
v -18.713091 59.173546 -8.769756
v -19.155148 59.447754 -8.656174
v -19.051426 59.303646 -8.715865
v -18.896198 59.207359 -8.755750
v -19.191572 59.594765 -8.510017
v -18.713091 59.123207 -8.603815
v -19.155148 59.414307 -8.545913
v -19.051426 59.261322 -8.576343
v -18.896198 59.159103 -8.596676
v -19.191572 59.587006 -8.431244
v -18.713091 59.106209 -8.431244
v -19.155148 59.403015 -8.431244
v -19.051426 59.247032 -8.431244
v -18.896198 59.142811 -8.431244
v -19.191572 59.594765 -8.352470
v -18.713091 59.123207 -8.258672
v -19.155148 59.414307 -8.316576
v -19.051426 59.261322 -8.286144
v -18.896198 59.159103 -8.265812
v -19.191572 59.617744 -8.276726
v -18.713091 59.173546 -8.092731
v -19.155148 59.447754 -8.206314
v -19.051426 59.303646 -8.146623
v -18.896198 59.207359 -8.106737
v -19.191572 59.655056 -8.206917
v -18.713091 59.255287 -7.939800
v -19.155148 59.502071 -8.104695
v -19.051426 59.372375 -8.018037
v -18.896198 59.285721 -7.960133
v -19.191572 59.705273 -8.145729
v -18.713091 59.365295 -7.805755
v -19.155148 59.575169 -8.015627
v -19.051426 59.464874 -7.905331
v -18.896198 59.391174 -7.831634
v -19.191572 59.766457 -8.095515
v -18.713091 59.499344 -7.695747
v -19.155148 59.664238 -7.942531
v -19.051426 59.577579 -7.812836
v -18.896198 59.519676 -7.726178
v -19.191572 59.836266 -8.058202
v -18.713091 59.652275 -7.614003
v -19.155148 59.765854 -7.888214
v -19.051426 59.706165 -7.744106
v -18.896198 59.666279 -7.647815
v -19.191572 59.912014 -8.035224
v -18.713091 59.818214 -7.563665
v -19.155148 59.876118 -7.854766
v -19.051426 59.845688 -7.701782
v -18.896198 59.825356 -7.599561
v -19.191572 59.990784 -8.027466
v -18.713091 59.990784 -7.546669
v -19.155148 59.990784 -7.843472
v -19.051426 59.990784 -7.687490
v -18.896198 59.990784 -7.583267
v -19.191572 60.069557 -8.035224
v -18.713091 60.163357 -7.563665
v -19.155148 60.105453 -7.854766
v -19.051426 60.135883 -7.701782
v -18.896198 60.156216 -7.599561
v -19.191572 60.145306 -8.058202
v -18.713091 60.329296 -7.614003
v -19.155148 60.215714 -7.888214
v -19.051426 60.275406 -7.744106
v -18.896198 60.315292 -7.647816
v -19.191572 60.215111 -8.095515
v -18.713091 60.482231 -7.695747
v -19.155148 60.317333 -7.942531
v -19.051426 60.403992 -7.812836
v -18.896198 60.461895 -7.726178
v -19.191572 60.276299 -8.145729
v -18.713091 60.616272 -7.805755
v -19.155148 60.406403 -8.015627
v -19.051426 60.516697 -7.905331
v -18.896198 60.590397 -7.831634
v -19.191572 60.326515 -8.206917
v -18.713091 60.726284 -7.939800
v -19.155148 60.479500 -8.104696
v -19.051426 60.609192 -8.018038
v -18.896198 60.695850 -7.960134
v -19.191572 60.363827 -8.276725
v -18.713091 60.808025 -8.092731
v -19.155148 60.533813 -8.206314
v -19.051426 60.677925 -8.146622
v -18.896198 60.774212 -8.106737
v -19.191572 60.386806 -8.352471
v -18.713091 60.858364 -8.258672
v -19.155148 60.567261 -8.316576
v -19.051426 60.720245 -8.286144
v -18.896198 60.822468 -8.265812
v -19.191572 60.394562 -8.431244
v -18.713091 60.875359 -8.431244
v -19.155148 60.578556 -8.431244
v -19.051426 60.734539 -8.431244
v -18.896198 60.838760 -8.431244
v -19.191572 60.386806 -8.510017
v -18.713091 60.858364 -8.603815
v -19.155148 60.567261 -8.545913
v -19.051426 60.720245 -8.576343
v -18.896198 60.822468 -8.596676
v -19.191572 60.363827 -8.585764
v -18.713091 60.808025 -8.769756
v -19.155148 60.533813 -8.656174
v -19.051426 60.677925 -8.715865
v -18.896198 60.774212 -8.755750
v -19.191572 60.326515 -8.655571
v -18.713091 60.726284 -8.922688
v -19.155148 60.479500 -8.757792
v -19.051426 60.609192 -8.844450
v -18.896198 60.695850 -8.902354
v -19.191572 60.276299 -8.716759
v -18.713091 60.616272 -9.056733
v -19.155148 60.406403 -8.846861
v -19.051426 60.516697 -8.957156
v -18.896198 60.590397 -9.030853
v -19.191572 60.215111 -8.766973
v -18.713091 60.482231 -9.166741
v -19.155148 60.317333 -8.919956
v -19.051426 60.403992 -9.049652
v -18.896198 60.461895 -9.136311
v -19.191572 60.145306 -8.804287
v -18.713091 60.329296 -9.248485
v -19.155148 60.215714 -8.974274
v -19.051426 60.275406 -9.118382
v -18.896198 60.315292 -9.214672
v -19.191572 60.069557 -8.827265
v -18.713091 60.163357 -9.298822
v -19.155148 60.105453 -9.007721
v -19.051426 60.135883 -9.160706
v -18.896198 60.156216 -9.262926
v -19.191568 57.243820 -15.226988
v -18.713089 57.243820 -15.707784
v -19.155146 57.243820 -15.410982
v -19.051424 57.243820 -15.566963
v -18.896196 57.243820 -15.671185
v -19.191568 57.165047 -15.219229
v -18.713089 57.071247 -15.690786
v -19.155146 57.129150 -15.399689
v -19.051424 57.098721 -15.552672
v -18.896196 57.078388 -15.654895
v -19.191568 57.089302 -15.196254
v -18.713089 56.905308 -15.640450
v -19.155146 57.018890 -15.366240
v -19.051424 56.959198 -15.510348
v -18.896196 56.919312 -15.606637
v -19.191568 57.019493 -15.158939
v -18.713089 56.752377 -15.558707
v -19.155146 56.917271 -15.311923
v -19.051424 56.830612 -15.441616
v -18.896196 56.772709 -15.528275
v -19.191568 56.958305 -15.108724
v -18.713089 56.618332 -15.448699
v -19.155146 56.828205 -15.238827
v -19.051424 56.717907 -15.349120
v -18.896196 56.644211 -15.422819
v -19.191568 56.908089 -15.047536
v -18.713089 56.508324 -15.314653
v -19.155146 56.755104 -15.149757
v -19.051424 56.625412 -15.236417
v -18.896196 56.538754 -15.294320
v -19.191568 56.870777 -14.977731
v -18.713089 56.426579 -15.161722
v -19.155146 56.700790 -15.048141
v -19.051424 56.556683 -15.107834
v -18.896196 56.460392 -15.147717
v -19.191572 56.847801 -14.901982
v -18.713089 56.376244 -14.995781
v -19.155146 56.667343 -14.937878
v -19.051424 56.514359 -14.968307
v -18.896196 56.412136 -14.988641
v -19.191572 56.840042 -14.823211
v -18.713091 56.359245 -14.823211
v -19.155148 56.656048 -14.823211
v -19.051426 56.500069 -14.823211
v -18.896198 56.395844 -14.823211
v -19.191572 56.847801 -14.744438
v -18.713091 56.376244 -14.650637
v -19.155148 56.667343 -14.708544
v -19.051426 56.514359 -14.678111
v -18.896198 56.412136 -14.657777
v -19.191572 56.870777 -14.668691
v -18.713091 56.426579 -14.484697
v -19.155148 56.700790 -14.598280
v -19.051426 56.556683 -14.538588
v -18.896198 56.460392 -14.498702
v -19.191572 56.908089 -14.598883
v -18.713091 56.508324 -14.331766
v -19.155148 56.755104 -14.496662
v -19.051426 56.625412 -14.410003
v -18.896198 56.538754 -14.352099
v -19.191572 56.958305 -14.537694
v -18.713091 56.618332 -14.197721
v -19.155148 56.828205 -14.407592
v -19.051426 56.717907 -14.297297
v -18.896198 56.644211 -14.223600
v -19.191572 57.019493 -14.487481
v -18.713091 56.752377 -14.087713
v -19.155148 56.917271 -14.334496
v -19.051426 56.830612 -14.204803
v -18.896198 56.772709 -14.118144
v -19.191572 57.089302 -14.450166
v -18.713091 56.905308 -14.005969
v -19.155148 57.018890 -14.280180
v -19.051426 56.959198 -14.136072
v -18.896198 56.919312 -14.039783
v -19.191572 57.165047 -14.427190
v -18.713091 57.071247 -13.955631
v -19.155148 57.129150 -14.246731
v -19.051426 57.098721 -14.093746
v -18.896198 57.078388 -13.991526
v -19.191572 57.243820 -14.419432
v -18.713091 57.243820 -13.938635
v -19.155148 57.243820 -14.235438
v -19.051426 57.243820 -14.079456
v -18.896198 57.243820 -13.975233
v -19.191572 57.322594 -14.427190
v -18.713091 57.416389 -13.955631
v -19.155148 57.358490 -14.246731
v -19.051426 57.388920 -14.093746
v -18.896198 57.409252 -13.991526
v -19.191572 57.398338 -14.450166
v -18.713091 57.582333 -14.005969
v -19.155148 57.468750 -14.280180
v -19.051426 57.528442 -14.136072
v -18.896198 57.568325 -14.039783
v -19.191572 57.468147 -14.487481
v -18.713091 57.735264 -14.087713
v -19.155148 57.570366 -14.334496
v -19.051426 57.657028 -14.204803
v -18.896198 57.714931 -14.118144
v -19.191572 57.529335 -14.537694
v -18.713091 57.869308 -14.197721
v -19.155148 57.659435 -14.407592
v -19.051426 57.769730 -14.297297
v -18.896198 57.843430 -14.223600
v -19.191572 57.579552 -14.598883
v -18.713091 57.979317 -14.331766
v -19.155148 57.732533 -14.496662
v -19.051426 57.862228 -14.410003
v -18.896198 57.948887 -14.352099
v -19.191572 57.616863 -14.668691
v -18.713091 58.061062 -14.484697
v -19.155148 57.786850 -14.598280
v -19.051426 57.930958 -14.538588
v -18.896198 58.027248 -14.498702
v -19.191572 57.639839 -14.744438
v -18.713091 58.111397 -14.650637
v -19.155148 57.820297 -14.708544
v -19.051426 57.973282 -14.678111
v -18.896198 58.075500 -14.657777
v -19.191572 57.647598 -14.823211
v -18.713091 58.128395 -14.823211
v -19.155148 57.831593 -14.823211
v -19.051426 57.987572 -14.823211
v -18.896198 58.091797 -14.823211
v -19.191572 57.639839 -14.901982
v -18.713091 58.111397 -14.995781
v -19.155148 57.820297 -14.937878
v -19.051426 57.973282 -14.968307
v -18.896198 58.075500 -14.988641
v -19.191572 57.616863 -14.977731
v -18.713091 58.061062 -15.161722
v -19.155148 57.786850 -15.048141
v -19.051426 57.930958 -15.107831
v -18.896198 58.027248 -15.147717
v -19.191572 57.579552 -15.047536
v -18.713089 57.979317 -15.314653
v -19.155148 57.732533 -15.149757
v -19.051424 57.862228 -15.236417
v -18.896196 57.948887 -15.294320
v -19.191572 57.529335 -15.108724
v -18.713089 57.869308 -15.448699
v -19.155146 57.659435 -15.238827
v -19.051424 57.769730 -15.349120
v -18.896196 57.843430 -15.422819
v -19.191568 57.468147 -15.158939
v -18.713089 57.735264 -15.558707
v -19.155146 57.570366 -15.311923
v -19.051424 57.657028 -15.441616
v -18.896196 57.714931 -15.528275
v -19.191568 57.398338 -15.196254
v -18.713089 57.582333 -15.640450
v -19.155146 57.468750 -15.366240
v -19.051424 57.528442 -15.510348
v -18.896196 57.568325 -15.606637
v -19.191568 57.322594 -15.219229
v -18.713089 57.416389 -15.690786
v -19.155146 57.358490 -15.399689
v -19.051424 57.388920 -15.552672
v -18.896196 57.409252 -15.654895
v 44.892040 61.774075 -3.991423
v 44.892040 61.601501 -3.974427
v 44.892040 61.435562 -3.924089
v 44.892040 61.282631 -3.842346
v 44.892040 61.148582 -3.732337
v 44.892040 61.038578 -3.598292
v 44.892040 60.956833 -3.445361
v 44.892040 60.906494 -3.279421
v 44.892040 60.889500 -3.106849
v 44.892040 60.906494 -2.934277
v 44.892040 60.956833 -2.768337
v 44.892040 61.038578 -2.615405
v 44.892040 61.148582 -2.481360
v 44.892040 61.282631 -2.371351
v 44.892040 61.435562 -2.289608
v 44.892040 61.601501 -2.239271
v 44.892040 61.774075 -2.222274
v 44.892040 61.946644 -2.239271
v 44.892040 62.112587 -2.289608
v 44.892040 62.265518 -2.371351
v 44.892040 62.399563 -2.481360
v 44.892040 62.509571 -2.615405
v 44.892040 62.591316 -2.768337
v 44.892040 62.641651 -2.934277
v 44.892040 62.658649 -3.106849
v 44.892040 62.641651 -3.279421
v 44.892040 62.591316 -3.445361
v 44.892040 62.509571 -3.598292
v 44.892040 62.399563 -3.732337
v 44.892040 62.265518 -3.842346
v 44.892040 62.112587 -3.924089
v 44.892040 61.946644 -3.974427
v 44.892044 59.990784 -9.315819
v 44.892044 59.818214 -9.298821
v 44.892044 59.652275 -9.248484
v 44.892044 59.499344 -9.166740
v 44.892044 59.365295 -9.056732
v 44.892044 59.255287 -8.922688
v 44.892044 59.173546 -8.769756
v 44.892044 59.123207 -8.603815
v 44.892044 59.106209 -8.431244
v 44.892044 59.123207 -8.258671
v 44.892044 59.173546 -8.092731
v 44.892044 59.255287 -7.939800
v 44.892044 59.365295 -7.805755
v 44.892044 59.499344 -7.695746
v 44.892044 59.652275 -7.614003
v 44.892044 59.818214 -7.563665
v 44.892044 59.990784 -7.546669
v 44.892044 60.163357 -7.563665
v 44.892044 60.329296 -7.614003
v 44.892044 60.482231 -7.695746
v 44.892044 60.616272 -7.805755
v 44.892044 60.726284 -7.939800
v 44.892044 60.808025 -8.092731
v 44.892044 60.858364 -8.258671
v 44.892044 60.875359 -8.431244
v 44.892044 60.858364 -8.603815
v 44.892044 60.808025 -8.769756
v 44.892044 60.726284 -8.922688
v 44.892044 60.616272 -9.056732
v 44.892044 60.482231 -9.166740
v 44.892044 60.329296 -9.248484
v 44.892044 60.163357 -9.298821
v 44.892040 57.243820 -15.707784
v 44.892040 57.071247 -15.690789
v 44.892040 56.905308 -15.640451
v 44.892040 56.752377 -15.558707
v 44.892040 56.618332 -15.448699
v 44.892040 56.508324 -15.314653
v 44.892040 56.426579 -15.161722
v 44.892040 56.376244 -14.995784
v 44.892036 56.359245 -14.823211
v 44.892036 56.376244 -14.650637
v 44.892036 56.426579 -14.484697
v 44.892036 56.508324 -14.331766
v 44.892036 56.618332 -14.197721
v 44.892036 56.752377 -14.087713
v 44.892036 56.905308 -14.005969
v 44.892036 57.071247 -13.955631
v 44.892036 57.243820 -13.938635
v 44.892036 57.416389 -13.955631
v 44.892036 57.582333 -14.005969
v 44.892036 57.735264 -14.087713
v 44.892036 57.869308 -14.197721
v 44.892036 57.979317 -14.331766
v 44.892036 58.061062 -14.484697
v 44.892036 58.111397 -14.650637
v 44.892036 58.128395 -14.823211
v 44.892036 58.111397 -14.995784
v 44.892036 58.061062 -15.161722
v 44.892040 57.979317 -15.314653
v 44.892040 57.869308 -15.448699
v 44.892040 57.735264 -15.558707
v 44.892040 57.582333 -15.640451
v 44.892040 57.416389 -15.690789
v 46.661190 61.774075 -3.510627
v 46.182709 61.774075 -3.991423
v 46.624763 61.774075 -3.694620
v 46.521049 61.774075 -3.850601
v 46.365818 61.774075 -3.954825
v 46.661190 61.695301 -3.502868
v 46.182709 61.601501 -3.974427
v 46.624763 61.659405 -3.683326
v 46.521049 61.628975 -3.836310
v 46.365818 61.608643 -3.938531
v 46.661190 61.619556 -3.479891
v 46.182709 61.435562 -3.924089
v 46.624763 61.549145 -3.649878
v 46.521049 61.489452 -3.793987
v 46.365818 61.449566 -3.890277
v 46.661190 61.549747 -3.442578
v 46.182709 61.282631 -3.842346
v 46.624763 61.447525 -3.595562
v 46.521049 61.360867 -3.725256
v 46.365818 61.302963 -3.811915
v 46.661190 61.488560 -3.392363
v 46.182709 61.148582 -3.732337
v 46.624763 61.358456 -3.522465
v 46.521049 61.248161 -3.632761
v 46.365818 61.174465 -3.706459
v 46.661190 61.438343 -3.331176
v 46.182709 61.038578 -3.598292
v 46.624763 61.285358 -3.433397
v 46.521049 61.155666 -3.520056
v 46.365818 61.069008 -3.577959
v 46.661190 61.401031 -3.261368
v 46.182709 60.956833 -3.445361
v 46.624763 61.231045 -3.331779
v 46.521049 61.086937 -3.391470
v 46.365818 60.990646 -3.431355
v 46.661190 61.378056 -3.185622
v 46.182709 60.906494 -3.279421
v 46.624763 61.197598 -3.221517
v 46.521049 61.044613 -3.251948
v 46.365818 60.942390 -3.272281
v 46.661190 61.370296 -3.106849
v 46.182709 60.889500 -3.106849
v 46.624763 61.186302 -3.106849
v 46.521049 61.030319 -3.106849
v 46.365818 60.926098 -3.106849
v 46.661190 61.378056 -3.028075
v 46.182709 60.906494 -2.934277
v 46.624763 61.197598 -2.992180
v 46.521049 61.044613 -2.961750
v 46.365818 60.942390 -2.941417
v 46.661190 61.401031 -2.952329
v 46.182709 60.956833 -2.768337
v 46.624763 61.231045 -2.881918
v 46.521049 61.086937 -2.822227
v 46.365818 60.990646 -2.782342
v 46.661190 61.438343 -2.882521
v 46.182709 61.038578 -2.615405
v 46.624763 61.285358 -2.780300
v 46.521049 61.155666 -2.693642
v 46.365818 61.069008 -2.635738
v 46.661190 61.488560 -2.821334
v 46.182709 61.148582 -2.481360
v 46.624763 61.358456 -2.691232
v 46.521049 61.248161 -2.580936
v 46.365818 61.174465 -2.507239
v 46.661190 61.549747 -2.771120
v 46.182709 61.282631 -2.371351
v 46.624763 61.447525 -2.618135
v 46.521049 61.360867 -2.488441
v 46.365818 61.302963 -2.401782
v 46.661190 61.619556 -2.733806
v 46.182709 61.435562 -2.289608
v 46.624763 61.549145 -2.563819
v 46.521049 61.489452 -2.419711
v 46.365818 61.449566 -2.323421
v 46.661190 61.695301 -2.710829
v 46.182709 61.601501 -2.239271
v 46.624763 61.659405 -2.530371
v 46.521049 61.628975 -2.377387
v 46.365818 61.608643 -2.275166
v 46.661190 61.774075 -2.703070
v 46.182709 61.774075 -2.222274
v 46.624763 61.774075 -2.519078
v 46.521049 61.774075 -2.363096
v 46.365818 61.774075 -2.258873
v 46.661190 61.852848 -2.710829
v 46.182709 61.946644 -2.239271
v 46.624763 61.888741 -2.530371
v 46.521049 61.919174 -2.377387
v 46.365818 61.939507 -2.275166
v 46.661190 61.928593 -2.733806
v 46.182709 62.112587 -2.289608
v 46.624763 61.999004 -2.563819
v 46.521049 62.058697 -2.419711
v 46.365818 62.098579 -2.323421
v 46.661190 61.998402 -2.771119
v 46.182709 62.265518 -2.371351
v 46.624763 62.100620 -2.618135
v 46.521049 62.187279 -2.488441
v 46.365818 62.245186 -2.401782
v 46.661190 62.059589 -2.821334
v 46.182709 62.399563 -2.481360
v 46.624763 62.189690 -2.691232
v 46.521049 62.299988 -2.580936
v 46.365818 62.373684 -2.507239
v 46.661190 62.109802 -2.882521
v 46.182709 62.509571 -2.615405
v 46.624763 62.262787 -2.780300
v 46.521049 62.392483 -2.693642
v 46.365818 62.479141 -2.635738
v 46.661190 62.147118 -2.952330
v 46.182709 62.591316 -2.768337
v 46.624763 62.317104 -2.881918
v 46.521049 62.461212 -2.822227
v 46.365818 62.557503 -2.782342
v 46.661190 62.170094 -3.028075
v 46.182709 62.641651 -2.934277
v 46.624763 62.350552 -2.992180
v 46.521049 62.503536 -2.961750
v 46.365818 62.605755 -2.941417
v 46.661190 62.177853 -3.106849
v 46.182709 62.658649 -3.106849
v 46.624763 62.361843 -3.106849
v 46.521049 62.517826 -3.106849
v 46.365818 62.622051 -3.106849
v 46.661190 62.170094 -3.185622
v 46.182709 62.641651 -3.279421
v 46.624763 62.350552 -3.221517
v 46.521049 62.503536 -3.251948
v 46.365818 62.605755 -3.272281
v 46.661190 62.147118 -3.261368
v 46.182709 62.591316 -3.445361
v 46.624763 62.317104 -3.331779
v 46.521049 62.461212 -3.391470
v 46.365818 62.557503 -3.431355
v 46.661190 62.109802 -3.331176
v 46.182709 62.509571 -3.598292
v 46.624763 62.262787 -3.433397
v 46.521049 62.392483 -3.520056
v 46.365818 62.479141 -3.577959
v 46.661190 62.059589 -3.392363
v 46.182709 62.399563 -3.732337
v 46.624763 62.189690 -3.522465
v 46.521049 62.299988 -3.632761
v 46.365818 62.373684 -3.706459
v 46.661190 61.998402 -3.442578
v 46.182709 62.265518 -3.842346
v 46.624763 62.100620 -3.595562
v 46.521049 62.187279 -3.725256
v 46.365818 62.245186 -3.811915
v 46.661190 61.928593 -3.479891
v 46.182709 62.112587 -3.924089
v 46.624763 61.999004 -3.649878
v 46.521049 62.058697 -3.793987
v 46.365818 62.098579 -3.890277
v 46.661190 61.852848 -3.502868
v 46.182709 61.946644 -3.974427
v 46.624763 61.888741 -3.683326
v 46.521049 61.919174 -3.836310
v 46.365818 61.939507 -3.938531
v 46.661198 59.990784 -8.835022
v 46.182709 59.990784 -9.315819
v 46.624771 59.990784 -9.019016
v 46.521049 59.990784 -9.174997
v 46.365818 59.990784 -9.279221
v 46.661198 59.912014 -8.827264
v 46.182709 59.818214 -9.298821
v 46.624771 59.876118 -9.007721
v 46.521049 59.845688 -9.160706
v 46.365818 59.825356 -9.262925
v 46.661198 59.836266 -8.804286
v 46.182709 59.652275 -9.248484
v 46.624771 59.765854 -8.974273
v 46.521049 59.706165 -9.118382
v 46.365818 59.666279 -9.214672
v 46.661198 59.766457 -8.766972
v 46.182709 59.499344 -9.166740
v 46.624771 59.664238 -8.919958
v 46.521049 59.577579 -9.049650
v 46.365818 59.519676 -9.136309
v 46.661198 59.705273 -8.716759
v 46.182709 59.365295 -9.056732
v 46.624771 59.575169 -8.846861
v 46.521049 59.464874 -8.957155
v 46.365818 59.391174 -9.030853
v 46.661198 59.655056 -8.655571
v 46.182709 59.255287 -8.922687
v 46.624771 59.502071 -8.757792
v 46.521049 59.372375 -8.844450
v 46.365818 59.285721 -8.902354
v 46.661198 59.617744 -8.585762
v 46.182709 59.173546 -8.769755
v 46.624771 59.447758 -8.656174
v 46.521049 59.303646 -8.715866
v 46.365818 59.207359 -8.755750
v 46.661198 59.594765 -8.510017
v 46.182709 59.123207 -8.603815
v 46.624771 59.414307 -8.545912
v 46.521049 59.261322 -8.576344
v 46.365818 59.159103 -8.596676
v 46.661198 59.587006 -8.431244
v 46.182709 59.106209 -8.431244
v 46.624771 59.403015 -8.431244
v 46.521049 59.247032 -8.431244
v 46.365818 59.142811 -8.431244
v 46.661198 59.594765 -8.352470
v 46.182709 59.123207 -8.258672
v 46.624771 59.414307 -8.316575
v 46.521049 59.261322 -8.286145
v 46.365818 59.159103 -8.265812
v 46.661198 59.617744 -8.276726
v 46.182709 59.173546 -8.092731
v 46.624771 59.447754 -8.206314
v 46.521049 59.303646 -8.146623
v 46.365818 59.207359 -8.106737
v 46.661198 59.655056 -8.206917
v 46.182709 59.255287 -7.939800
v 46.624771 59.502071 -8.104694
v 46.521049 59.372375 -8.018037
v 46.365818 59.285721 -7.960133
v 46.661198 59.705273 -8.145729
v 46.182709 59.365295 -7.805755
v 46.624771 59.575169 -8.015627
v 46.521049 59.464874 -7.905331
v 46.365818 59.391174 -7.831634
v 46.661198 59.766457 -8.095515
v 46.182709 59.499344 -7.695747
v 46.624771 59.664238 -7.942530
v 46.521049 59.577579 -7.812836
v 46.365818 59.519676 -7.726177
v 46.661198 59.836266 -8.058201
v 46.182709 59.652275 -7.614003
v 46.624771 59.765854 -7.888214
v 46.521049 59.706165 -7.744106
v 46.365818 59.666279 -7.647815
v 46.661198 59.912014 -8.035223
v 46.182709 59.818214 -7.563665
v 46.624771 59.876118 -7.854766
v 46.521049 59.845688 -7.701782
v 46.365818 59.825356 -7.599561
v 46.661198 59.990784 -8.027466
v 46.182709 59.990784 -7.546669
v 46.624771 59.990784 -7.843472
v 46.521049 59.990784 -7.687490
v 46.365818 59.990784 -7.583267
v 46.661198 60.069557 -8.035223
v 46.182709 60.163357 -7.563665
v 46.624771 60.105453 -7.854766
v 46.521049 60.135883 -7.701782
v 46.365818 60.156216 -7.599561
v 46.661198 60.145306 -8.058201
v 46.182709 60.329296 -7.614003
v 46.624771 60.215714 -7.888214
v 46.521049 60.275406 -7.744106
v 46.365818 60.315292 -7.647815
v 46.661198 60.215111 -8.095515
v 46.182709 60.482231 -7.695747
v 46.624771 60.317333 -7.942530
v 46.521049 60.403992 -7.812836
v 46.365818 60.461895 -7.726178
v 46.661198 60.276299 -8.145729
v 46.182709 60.616272 -7.805755
v 46.624771 60.406403 -8.015627
v 46.521049 60.516697 -7.905331
v 46.365818 60.590397 -7.831634
v 46.661198 60.326515 -8.206917
v 46.182709 60.726284 -7.939800
v 46.624771 60.479500 -8.104696
v 46.521049 60.609192 -8.018038
v 46.365818 60.695850 -7.960133
v 46.661198 60.363827 -8.276724
v 46.182709 60.808025 -8.092731
v 46.624771 60.533813 -8.206314
v 46.521049 60.677925 -8.146622
v 46.365818 60.774212 -8.106737
v 46.661198 60.386806 -8.352470
v 46.182709 60.858364 -8.258672
v 46.624771 60.567261 -8.316575
v 46.521049 60.720245 -8.286145
v 46.365818 60.822468 -8.265812
v 46.661198 60.394562 -8.431244
v 46.182709 60.875359 -8.431244
v 46.624771 60.578556 -8.431244
v 46.521049 60.734539 -8.431244
v 46.365818 60.838760 -8.431244
v 46.661198 60.386806 -8.510017
v 46.182709 60.858364 -8.603815
v 46.624771 60.567261 -8.545912
v 46.521049 60.720245 -8.576344
v 46.365818 60.822468 -8.596676
v 46.661198 60.363827 -8.585763
v 46.182709 60.808025 -8.769755
v 46.624771 60.533813 -8.656174
v 46.521049 60.677925 -8.715866
v 46.365818 60.774212 -8.755750
v 46.661198 60.326515 -8.655570
v 46.182709 60.726284 -8.922687
v 46.624771 60.479500 -8.757792
v 46.521049 60.609192 -8.844450
v 46.365818 60.695850 -8.902353
v 46.661198 60.276299 -8.716758
v 46.182709 60.616272 -9.056732
v 46.624771 60.406403 -8.846861
v 46.521049 60.516697 -8.957155
v 46.365818 60.590397 -9.030853
v 46.661198 60.215111 -8.766973
v 46.182709 60.482231 -9.166740
v 46.624771 60.317333 -8.919956
v 46.521049 60.403992 -9.049650
v 46.365818 60.461895 -9.136309
v 46.661198 60.145306 -8.804286
v 46.182709 60.329296 -9.248484
v 46.624771 60.215714 -8.974273
v 46.521049 60.275406 -9.118382
v 46.365818 60.315292 -9.214670
v 46.661198 60.069557 -8.827264
v 46.182709 60.163357 -9.298821
v 46.624771 60.105453 -9.007721
v 46.521049 60.135883 -9.160706
v 46.365818 60.156216 -9.262925
v 46.661186 57.243820 -15.226988
v 46.182709 57.243820 -15.707784
v 46.624775 57.243820 -15.410979
v 46.521049 57.243820 -15.566963
v 46.365818 57.243820 -15.671185
v 46.661186 57.165047 -15.219229
v 46.182709 57.071247 -15.690786
v 46.624775 57.129150 -15.399689
v 46.521049 57.098721 -15.552672
v 46.365818 57.078388 -15.654892
v 46.661186 57.089302 -15.196251
v 46.182709 56.905308 -15.640450
v 46.624775 57.018890 -15.366240
v 46.521049 56.959198 -15.510346
v 46.365818 56.919312 -15.606637
v 46.661186 57.019493 -15.158937
v 46.182709 56.752377 -15.558707
v 46.624775 56.917271 -15.311923
v 46.521049 56.830612 -15.441616
v 46.365818 56.772709 -15.528275
v 46.661186 56.958305 -15.108724
v 46.182709 56.618332 -15.448699
v 46.624775 56.828205 -15.238827
v 46.521049 56.717907 -15.349120
v 46.365818 56.644211 -15.422819
v 46.661186 56.908089 -15.047536
v 46.182709 56.508324 -15.314653
v 46.624775 56.755104 -15.149757
v 46.521049 56.625412 -15.236417
v 46.365818 56.538754 -15.294320
v 46.661186 56.870777 -14.977728
v 46.182709 56.426579 -15.161722
v 46.624775 56.700790 -15.048141
v 46.521049 56.556683 -15.107831
v 46.365818 56.460392 -15.147717
v 46.661186 56.847801 -14.901979
v 46.182709 56.376244 -14.995781
v 46.624775 56.667343 -14.937878
v 46.521049 56.514359 -14.968307
v 46.365818 56.412136 -14.988641
v 46.661186 56.840042 -14.823208
v 46.182705 56.359245 -14.823208
v 46.624771 56.656048 -14.823208
v 46.521049 56.500069 -14.823208
v 46.365810 56.395844 -14.823208
v 46.661186 56.847801 -14.744438
v 46.182705 56.376244 -14.650637
v 46.624771 56.667343 -14.708541
v 46.521049 56.514359 -14.678111
v 46.365810 56.412136 -14.657777
v 46.661186 56.870777 -14.668691
v 46.182705 56.426579 -14.484696
v 46.624771 56.700790 -14.598277
v 46.521049 56.556683 -14.538588
v 46.365810 56.460392 -14.498702
v 46.661186 56.908089 -14.598883
v 46.182705 56.508324 -14.331765
v 46.624771 56.755104 -14.496661
v 46.521049 56.625412 -14.410003
v 46.365810 56.538754 -14.352098
v 46.661186 56.958305 -14.537694
v 46.182705 56.618332 -14.197721
v 46.624771 56.828205 -14.407592
v 46.521049 56.717907 -14.297297
v 46.365810 56.644211 -14.223599
v 46.661186 57.019493 -14.487480
v 46.182705 56.752377 -14.087712
v 46.624771 56.917271 -14.334496
v 46.521049 56.830612 -14.204802
v 46.365810 56.772709 -14.118143
v 46.661186 57.089302 -14.450166
v 46.182705 56.905308 -14.005968
v 46.624771 57.018890 -14.280179
v 46.521049 56.959198 -14.136071
v 46.365810 56.919312 -14.039782
v 46.661186 57.165047 -14.427189
v 46.182705 57.071247 -13.955630
v 46.624771 57.129150 -14.246730
v 46.521049 57.098721 -14.093746
v 46.365810 57.078388 -13.991525
v 46.661186 57.243820 -14.419431
v 46.182705 57.243820 -13.938634
v 46.624771 57.243820 -14.235437
v 46.521049 57.243820 -14.079456
v 46.365810 57.243820 -13.975232
v 46.661186 57.322594 -14.427189
v 46.182705 57.416389 -13.955630
v 46.624771 57.358490 -14.246730
v 46.521049 57.388920 -14.093746
v 46.365810 57.409252 -13.991525
v 46.661186 57.398338 -14.450166
v 46.182705 57.582333 -14.005968
v 46.624771 57.468750 -14.280179
v 46.521049 57.528442 -14.136071
v 46.365810 57.568329 -14.039782
v 46.661186 57.468147 -14.487480
v 46.182705 57.735264 -14.087712
v 46.624771 57.570370 -14.334496
v 46.521049 57.657028 -14.204802
v 46.365810 57.714931 -14.118143
v 46.661186 57.529335 -14.537694
v 46.182705 57.869308 -14.197721
v 46.624771 57.659435 -14.407592
v 46.521049 57.769733 -14.297297
v 46.365810 57.843430 -14.223599
v 46.661186 57.579552 -14.598883
v 46.182705 57.979317 -14.331765
v 46.624771 57.732536 -14.496661
v 46.521049 57.862228 -14.410003
v 46.365810 57.948887 -14.352098
v 46.661186 57.616863 -14.668691
v 46.182705 58.061062 -14.484696
v 46.624771 57.786850 -14.598277
v 46.521049 57.930958 -14.538588
v 46.365810 58.027248 -14.498702
v 46.661186 57.639839 -14.744438
v 46.182705 58.111397 -14.650637
v 46.624771 57.820297 -14.708541
v 46.521049 57.973282 -14.678111
v 46.365810 58.075504 -14.657777
v 46.661186 57.647598 -14.823208
v 46.182705 58.128395 -14.823208
v 46.624771 57.831593 -14.823208
v 46.521049 57.987572 -14.823208
v 46.365810 58.091797 -14.823208
v 46.661186 57.639839 -14.901979
v 46.182705 58.111397 -14.995781
v 46.624771 57.820297 -14.937878
v 46.521049 57.973282 -14.968307
v 46.365810 58.075504 -14.988641
v 46.661186 57.616863 -14.977728
v 46.182705 58.061062 -15.161722
v 46.624771 57.786850 -15.048141
v 46.521049 57.930958 -15.107831
v 46.365810 58.027248 -15.147717
v 46.661186 57.579552 -15.047536
v 46.182709 57.979317 -15.314653
v 46.624771 57.732536 -15.149757
v 46.521049 57.862228 -15.236417
v 46.365818 57.948887 -15.294320
v 46.661186 57.529335 -15.108724
v 46.182709 57.869308 -15.448699
v 46.624775 57.659435 -15.238827
v 46.521049 57.769733 -15.349120
v 46.365818 57.843430 -15.422819
v 46.661186 57.468147 -15.158937
v 46.182709 57.735264 -15.558707
v 46.624775 57.570370 -15.311923
v 46.521049 57.657028 -15.441616
v 46.365818 57.714931 -15.528275
v 46.661186 57.398338 -15.196251
v 46.182709 57.582333 -15.640450
v 46.624775 57.468750 -15.366240
v 46.521049 57.528442 -15.510346
v 46.365818 57.568329 -15.606637
v 46.661186 57.322594 -15.219229
v 46.182709 57.416389 -15.690786
v 46.624775 57.358490 -15.399689
v 46.521049 57.388920 -15.552672
v 46.365818 57.409252 -15.654892
v 44.892040 61.774075 -2.222274
v 44.892040 61.601501 -2.239271
v 44.892040 61.435562 -2.289608
v 44.892040 61.282631 -2.371351
v 44.892040 61.148582 -2.481360
v 44.892040 61.038578 -2.615405
v 44.892040 60.956833 -2.768337
v 44.892040 60.906494 -2.934277
v 44.892040 60.906494 -3.279421
v 44.892040 60.956833 -3.445361
v 44.892040 61.038578 -3.598292
v 44.892040 61.148582 -3.732337
v 44.892040 61.282631 -3.842346
v 44.892040 61.435562 -3.924089
v 44.892040 61.601501 -3.974427
v 44.892040 61.774075 -3.991423
v 44.892040 61.946644 -3.974427
v 44.892040 62.112587 -3.924089
v 44.892040 62.265518 -3.842346
v 44.892040 62.399563 -3.732337
v 44.892040 62.509571 -3.598292
v 44.892040 62.591316 -3.445361
v 44.892040 62.641651 -3.279421
v 44.892040 62.641651 -2.934277
v 44.892040 62.591316 -2.768337
v 44.892040 62.509571 -2.615405
v 44.892040 62.399563 -2.481360
v 44.892040 62.265518 -2.371351
v 44.892040 62.112587 -2.289608
v 44.892040 61.946644 -2.239271
v 44.892040 59.990784 3.102121
v 44.892040 59.818214 3.085124
v 44.892040 59.652275 3.034788
v 44.892040 59.499344 2.953043
v 44.892040 59.365295 2.843035
v 44.892040 59.255287 2.708989
v 44.892040 59.173546 2.556058
v 44.892040 59.123207 2.390119
v 44.892040 59.106209 2.217546
v 44.892040 59.123207 2.044975
v 44.892040 59.173546 1.879034
v 44.892040 59.255287 1.726103
v 44.892040 59.365295 1.592058
v 44.892040 59.499344 1.482049
v 44.892040 59.652275 1.400306
v 44.892040 59.818214 1.349969
v 44.892040 59.990784 1.332972
v 44.892040 60.163357 1.349969
v 44.892040 60.329296 1.400306
v 44.892040 60.482231 1.482049
v 44.892040 60.616272 1.592058
v 44.892040 60.726284 1.726103
v 44.892040 60.808025 1.879034
v 44.892040 60.858364 2.044975
v 44.892040 60.875359 2.217546
v 44.892040 60.858364 2.390119
v 44.892040 60.808025 2.556058
v 44.892040 60.726284 2.708989
v 44.892040 60.616272 2.843035
v 44.892040 60.482231 2.953043
v 44.892040 60.329296 3.034788
v 44.892040 60.163357 3.085124
v 44.892044 57.243820 9.494086
v 44.892044 57.071247 9.477089
v 44.892044 56.905308 9.426751
v 44.892044 56.752377 9.345009
v 44.892044 56.618332 9.235001
v 44.892044 56.508324 9.100956
v 44.892044 56.426579 8.948024
v 44.892044 56.376244 8.782083
v 44.892044 56.359245 8.609512
v 44.892044 56.376244 8.436939
v 44.892044 56.426579 8.271000
v 44.892044 56.508324 8.118069
v 44.892044 56.618332 7.984023
v 44.892044 56.752377 7.874015
v 44.892044 56.905308 7.792272
v 44.892044 57.071247 7.741934
v 44.892044 57.243820 7.724937
v 44.892044 57.416389 7.741934
v 44.892044 57.582333 7.792272
v 44.892044 57.735264 7.874015
v 44.892044 57.869308 7.984023
v 44.892044 57.979317 8.118069
v 44.892044 58.061062 8.271000
v 44.892044 58.111397 8.436939
v 44.892044 58.128395 8.609512
v 44.892044 58.111397 8.782083
v 44.892044 58.061062 8.948024
v 44.892044 57.979317 9.100956
v 44.892044 57.869308 9.235001
v 44.892044 57.735264 9.345009
v 44.892044 57.582333 9.426751
v 44.892044 57.416389 9.477089
v 46.661190 61.774075 -2.703070
v 46.182709 61.774075 -2.222274
v 46.624763 61.774075 -2.519078
v 46.521049 61.774075 -2.363096
v 46.365818 61.774075 -2.258873
v 46.661190 61.695301 -2.710829
v 46.182709 61.601501 -2.239271
v 46.624763 61.659405 -2.530371
v 46.521049 61.628975 -2.377387
v 46.365818 61.608643 -2.275166
v 46.661190 61.619556 -2.733806
v 46.182709 61.435562 -2.289608
v 46.624763 61.549145 -2.563819
v 46.521049 61.489452 -2.419711
v 46.365818 61.449566 -2.323421
v 46.661190 61.549747 -2.771120
v 46.182709 61.282631 -2.371351
v 46.624763 61.447525 -2.618135
v 46.521049 61.360867 -2.488441
v 46.365818 61.302963 -2.401782
v 46.661190 61.488560 -2.821334
v 46.182709 61.148582 -2.481360
v 46.624763 61.358456 -2.691232
v 46.521049 61.248161 -2.580936
v 46.365818 61.174465 -2.507239
v 46.661190 61.438343 -2.882521
v 46.182709 61.038578 -2.615405
v 46.624763 61.285358 -2.780300
v 46.521049 61.155666 -2.693642
v 46.365818 61.069008 -2.635738
v 46.661190 61.401031 -2.952330
v 46.182709 60.956833 -2.768337
v 46.624763 61.231045 -2.881918
v 46.521049 61.086937 -2.822227
v 46.365818 60.990646 -2.782342
v 46.661190 61.378056 -3.028075
v 46.182709 60.906494 -2.934277
v 46.624763 61.197598 -2.992180
v 46.521049 61.044613 -2.961750
v 46.365818 60.942390 -2.941417
v 46.661190 61.378056 -3.185622
v 46.182709 60.906494 -3.279421
v 46.624763 61.197598 -3.221517
v 46.521049 61.044613 -3.251948
v 46.365818 60.942390 -3.272281
v 46.661190 61.401031 -3.261368
v 46.182709 60.956833 -3.445361
v 46.624763 61.231045 -3.331779
v 46.521049 61.086937 -3.391470
v 46.365818 60.990646 -3.431355
v 46.661190 61.438343 -3.331176
v 46.182709 61.038578 -3.598292
v 46.624763 61.285358 -3.433397
v 46.521049 61.155666 -3.520056
v 46.365818 61.069008 -3.577959
v 46.661190 61.488560 -3.392363
v 46.182709 61.148582 -3.732337
v 46.624763 61.358456 -3.522465
v 46.521049 61.248161 -3.632761
v 46.365818 61.174465 -3.706459
v 46.661190 61.549747 -3.442578
v 46.182709 61.282631 -3.842346
v 46.624763 61.447525 -3.595562
v 46.521049 61.360867 -3.725256
v 46.365818 61.302963 -3.811915
v 46.661190 61.619556 -3.479891
v 46.182709 61.435562 -3.924089
v 46.624763 61.549145 -3.649879
v 46.521049 61.489452 -3.793987
v 46.365818 61.449566 -3.890277
v 46.661190 61.695301 -3.502868
v 46.182709 61.601501 -3.974427
v 46.624763 61.659405 -3.683326
v 46.521049 61.628975 -3.836310
v 46.365818 61.608643 -3.938531
v 46.661190 61.774075 -3.510627
v 46.182709 61.774075 -3.991423
v 46.624763 61.774075 -3.694620
v 46.521049 61.774075 -3.850601
v 46.365818 61.774075 -3.954825
v 46.661190 61.852848 -3.502868
v 46.182709 61.946644 -3.974427
v 46.624763 61.888741 -3.683326
v 46.521049 61.919174 -3.836310
v 46.365818 61.939507 -3.938531
v 46.661190 61.928593 -3.479891
v 46.182709 62.112587 -3.924089
v 46.624763 61.999004 -3.649878
v 46.521049 62.058697 -3.793987
v 46.365818 62.098579 -3.890277
v 46.661190 61.998402 -3.442578
v 46.182709 62.265518 -3.842346
v 46.624763 62.100620 -3.595562
v 46.521049 62.187279 -3.725256
v 46.365818 62.245186 -3.811915
v 46.661190 62.059589 -3.392363
v 46.182709 62.399563 -3.732337
v 46.624763 62.189690 -3.522465
v 46.521049 62.299988 -3.632761
v 46.365818 62.373684 -3.706459
v 46.661190 62.109802 -3.331176
v 46.182709 62.509571 -3.598292
v 46.624763 62.262787 -3.433397
v 46.521049 62.392483 -3.520056
v 46.365818 62.479141 -3.577959
v 46.661190 62.147118 -3.261368
v 46.182709 62.591316 -3.445361
v 46.624763 62.317104 -3.331779
v 46.521049 62.461212 -3.391470
v 46.365818 62.557503 -3.431355
v 46.661190 62.170094 -3.185622
v 46.182709 62.641651 -3.279421
v 46.624763 62.350552 -3.221517
v 46.521049 62.503536 -3.251948
v 46.365818 62.605755 -3.272281
v 46.661190 62.170094 -3.028075
v 46.182709 62.641651 -2.934277
v 46.624763 62.350552 -2.992180
v 46.521049 62.503536 -2.961750
v 46.365818 62.605755 -2.941417
v 46.661190 62.147118 -2.952329
v 46.182709 62.591316 -2.768337
v 46.624763 62.317104 -2.881918
v 46.521049 62.461212 -2.822227
v 46.365818 62.557503 -2.782342
v 46.661190 62.109802 -2.882521
v 46.182709 62.509571 -2.615405
v 46.624763 62.262787 -2.780300
v 46.521049 62.392483 -2.693642
v 46.365818 62.479141 -2.635738
v 46.661190 62.059589 -2.821334
v 46.182709 62.399563 -2.481360
v 46.624763 62.189690 -2.691232
v 46.521049 62.299988 -2.580936
v 46.365818 62.373684 -2.507239
v 46.661190 61.998402 -2.771119
v 46.182709 62.265518 -2.371351
v 46.624763 62.100620 -2.618135
v 46.521049 62.187279 -2.488441
v 46.365818 62.245186 -2.401782
v 46.661190 61.928593 -2.733806
v 46.182709 62.112587 -2.289608
v 46.624763 61.999004 -2.563819
v 46.521049 62.058697 -2.419711
v 46.365818 62.098579 -2.323421
v 46.661190 61.852848 -2.710829
v 46.182709 61.946644 -2.239271
v 46.624763 61.888741 -2.530371
v 46.521049 61.919174 -2.377387
v 46.365818 61.939507 -2.275166
v 46.661186 59.990784 2.621324
v 46.182705 59.990784 3.102121
v 46.624763 59.990784 2.805318
v 46.521042 59.990784 2.961300
v 46.365818 59.990784 3.065524
v 46.661186 59.912014 2.613567
v 46.182705 59.818214 3.085124
v 46.624763 59.876118 2.794024
v 46.521042 59.845688 2.947009
v 46.365818 59.825356 3.049230
v 46.661186 59.836266 2.590589
v 46.182705 59.652275 3.034787
v 46.624763 59.765854 2.760576
v 46.521042 59.706165 2.904684
v 46.365818 59.666279 3.000975
v 46.661186 59.766457 2.553275
v 46.182705 59.499344 2.953043
v 46.624763 59.664238 2.706260
v 46.521042 59.577579 2.835954
v 46.365818 59.519676 2.922614
v 46.661186 59.705273 2.503061
v 46.182705 59.365295 2.843035
v 46.624763 59.575169 2.633163
v 46.521042 59.464874 2.743459
v 46.365818 59.391174 2.817156
v 46.661186 59.655056 2.441874
v 46.182705 59.255287 2.708990
v 46.624763 59.502071 2.544095
v 46.521042 59.372375 2.630754
v 46.365818 59.285721 2.688657
v 46.661186 59.617744 2.372065
v 46.182705 59.173546 2.556058
v 46.624763 59.447758 2.442476
v 46.521042 59.303646 2.502167
v 46.365818 59.207359 2.542052
v 46.661186 59.594765 2.296320
v 46.182705 59.123207 2.390118
v 46.624763 59.414307 2.332215
v 46.521042 59.261322 2.362645
v 46.365818 59.159103 2.382978
v 46.661186 59.587006 2.217546
v 46.182705 59.106209 2.217546
v 46.624763 59.403015 2.217546
v 46.521042 59.247032 2.217546
v 46.365818 59.142811 2.217546
v 46.661186 59.594765 2.138773
v 46.182705 59.123207 2.044974
v 46.624763 59.414307 2.102878
v 46.521042 59.261322 2.072447
v 46.365818 59.159103 2.052114
v 46.661186 59.617744 2.063027
v 46.182705 59.173546 1.879035
v 46.624763 59.447754 1.992617
v 46.521042 59.303646 1.932924
v 46.365818 59.207359 1.893040
v 46.661186 59.655056 1.993219
v 46.182705 59.255287 1.726103
v 46.624763 59.502071 1.890998
v 46.521042 59.372375 1.804339
v 46.365818 59.285721 1.746436
v 46.661186 59.705273 1.932031
v 46.182705 59.365295 1.592057
v 46.624763 59.575169 1.801929
v 46.521042 59.464874 1.691633
v 46.365818 59.391174 1.617936
v 46.661186 59.766457 1.881818
v 46.182705 59.499344 1.482049
v 46.624763 59.664238 1.728833
v 46.521042 59.577579 1.599138
v 46.365818 59.519676 1.512480
v 46.661186 59.836266 1.844504
v 46.182705 59.652275 1.400305
v 46.624763 59.765854 1.674517
v 46.521042 59.706165 1.530408
v 46.365818 59.666279 1.434118
v 46.661186 59.912014 1.821526
v 46.182705 59.818214 1.349968
v 46.624763 59.876118 1.641069
v 46.521042 59.845688 1.488084
v 46.365818 59.825356 1.385864
v 46.661186 59.990784 1.813767
v 46.182705 59.990784 1.332972
v 46.624763 59.990784 1.629774
v 46.521042 59.990784 1.473793
v 46.365818 59.990784 1.369569
v 46.661186 60.069557 1.821526
v 46.182705 60.163357 1.349968
v 46.624763 60.105453 1.641069
v 46.521042 60.135883 1.488084
v 46.365818 60.156216 1.385864
v 46.661186 60.145306 1.844504
v 46.182705 60.329296 1.400305
v 46.624763 60.215714 1.674517
v 46.521042 60.275406 1.530408
v 46.365818 60.315292 1.434118
v 46.661186 60.215111 1.881817
v 46.182705 60.482231 1.482049
v 46.624763 60.317333 1.728833
v 46.521042 60.403992 1.599138
v 46.365818 60.461895 1.512480
v 46.661186 60.276299 1.932032
v 46.182705 60.616272 1.592057
v 46.624763 60.406403 1.801929
v 46.521042 60.516697 1.691634
v 46.365818 60.590397 1.617936
v 46.661186 60.326515 1.993220
v 46.182705 60.726284 1.726103
v 46.624763 60.479500 1.890999
v 46.521042 60.609192 1.804339
v 46.365818 60.695850 1.746437
v 46.661186 60.363827 2.063027
v 46.182705 60.808025 1.879035
v 46.624763 60.533813 1.992616
v 46.521042 60.677925 1.932924
v 46.365818 60.774212 1.893040
v 46.661186 60.386806 2.138773
v 46.182705 60.858364 2.044974
v 46.624763 60.567261 2.102878
v 46.521042 60.720245 2.072447
v 46.365818 60.822468 2.052114
v 46.661186 60.394562 2.217546
v 46.182705 60.875359 2.217546
v 46.624763 60.578556 2.217546
v 46.521042 60.734539 2.217546
v 46.365818 60.838760 2.217546
v 46.661186 60.386806 2.296319
v 46.182705 60.858364 2.390118
v 46.624763 60.567261 2.332215
v 46.521042 60.720245 2.362645
v 46.365818 60.822468 2.382978
v 46.661186 60.363827 2.372066
v 46.182705 60.808025 2.556058
v 46.624763 60.533813 2.442476
v 46.521042 60.677925 2.502168
v 46.365818 60.774212 2.542052
v 46.661186 60.326515 2.441873
v 46.182705 60.726284 2.708990
v 46.624763 60.479500 2.544094
v 46.521042 60.609192 2.630753
v 46.365818 60.695850 2.688657
v 46.661186 60.276299 2.503061
v 46.182705 60.616272 2.843035
v 46.624763 60.406403 2.633162
v 46.521042 60.516697 2.743459
v 46.365818 60.590397 2.817156
v 46.661186 60.215111 2.553275
v 46.182705 60.482231 2.953043
v 46.624763 60.317333 2.706260
v 46.521042 60.403992 2.835954
v 46.365818 60.461895 2.922613
v 46.661186 60.145306 2.590589
v 46.182705 60.329296 3.034787
v 46.624763 60.215714 2.760576
v 46.521042 60.275406 2.904684
v 46.365818 60.315292 3.000975
v 46.661186 60.069557 2.613567
v 46.182705 60.163357 3.085124
v 46.624763 60.105453 2.794024
v 46.521042 60.135883 2.947009
v 46.365818 60.156216 3.049230
v 46.661198 57.243820 9.013290
v 46.182709 57.243820 9.494089
v 46.624771 57.243820 9.197285
v 46.521049 57.243820 9.353265
v 46.365818 57.243820 9.457491
v 46.661198 57.165047 9.005534
v 46.182709 57.071247 9.477092
v 46.624771 57.129150 9.185991
v 46.521049 57.098721 9.338977
v 46.365818 57.078388 9.441196
v 46.661198 57.089302 8.982556
v 46.182709 56.905308 9.426754
v 46.624771 57.018890 9.152542
v 46.521049 56.959198 9.296651
v 46.365818 56.919312 9.392941
v 46.661198 57.019493 8.945241
v 46.182709 56.752377 9.345009
v 46.624771 56.917271 9.098225
v 46.521049 56.830612 9.227921
v 46.365818 56.772709 9.314579
v 46.661198 56.958305 8.895029
v 46.182709 56.618332 9.235001
v 46.624771 56.828205 9.025129
v 46.521049 56.717907 9.135426
v 46.365818 56.644211 9.209124
v 46.661198 56.908089 8.833840
v 46.182709 56.508324 9.100956
v 46.624771 56.755104 8.936060
v 46.521049 56.625412 9.022721
v 46.365818 56.538754 9.080625
v 46.661198 56.870777 8.764032
v 46.182709 56.426579 8.948024
v 46.624771 56.700790 8.834443
v 46.521049 56.556683 8.894135
v 46.365818 56.460392 8.934021
v 46.661198 56.847801 8.688285
v 46.182709 56.376244 8.782085
v 46.624771 56.667343 8.724179
v 46.521049 56.514359 8.754612
v 46.365818 56.412136 8.774946
v 46.661198 56.840042 8.609512
v 46.182709 56.359245 8.609512
v 46.624771 56.656048 8.609512
v 46.521049 56.500069 8.609512
v 46.365818 56.395844 8.609512
v 46.661198 56.847801 8.530741
v 46.182709 56.376244 8.436942
v 46.624771 56.667343 8.494845
v 46.521049 56.514359 8.464416
v 46.365818 56.412136 8.444082
v 46.661198 56.870777 8.454992
v 46.182705 56.426579 8.271001
v 46.624771 56.700790 8.384582
v 46.521049 56.556683 8.324892
v 46.365818 56.460392 8.285007
v 46.661198 56.908089 8.385187
v 46.182705 56.508324 8.118069
v 46.624771 56.755104 8.282965
v 46.521049 56.625412 8.196305
v 46.365818 56.538754 8.138402
v 46.661198 56.958305 8.323998
v 46.182705 56.618332 7.984024
v 46.624771 56.828205 8.193895
v 46.521049 56.717907 8.083601
v 46.365818 56.644211 8.009903
v 46.661198 57.019493 8.273784
v 46.182705 56.752377 7.874016
v 46.624771 56.917271 8.120799
v 46.521049 56.830612 7.991106
v 46.365818 56.772709 7.904447
v 46.661198 57.089302 8.236469
v 46.182705 56.905308 7.792273
v 46.624771 57.018890 8.066483
v 46.521049 56.959198 7.922375
v 46.365818 56.919312 7.826085
v 46.661198 57.165047 8.213492
v 46.182705 57.071247 7.741935
v 46.624771 57.129150 8.033034
v 46.521049 57.098721 7.880050
v 46.365818 57.078388 7.777829
v 46.661198 57.243820 8.205735
v 46.182705 57.243820 7.724938
v 46.624771 57.243820 8.021741
v 46.521049 57.243820 7.865759
v 46.365818 57.243820 7.761536
v 46.661198 57.322594 8.213492
v 46.182705 57.416389 7.741935
v 46.624771 57.358490 8.033034
v 46.521049 57.388920 7.880050
v 46.365818 57.409252 7.777829
v 46.661198 57.398338 8.236469
v 46.182705 57.582333 7.792273
v 46.624771 57.468750 8.066483
v 46.521049 57.528442 7.922375
v 46.365818 57.568329 7.826085
v 46.661198 57.468147 8.273784
v 46.182705 57.735264 7.874016
v 46.624771 57.570370 8.120799
v 46.521049 57.657028 7.991106
v 46.365818 57.714931 7.904447
v 46.661198 57.529335 8.323998
v 46.182705 57.869308 7.984024
v 46.624771 57.659435 8.193895
v 46.521049 57.769733 8.083601
v 46.365818 57.843430 8.009903
v 46.661198 57.579552 8.385187
v 46.182705 57.979317 8.118069
v 46.624771 57.732536 8.282965
v 46.521049 57.862228 8.196305
v 46.365818 57.948887 8.138402
v 46.661198 57.616863 8.454992
v 46.182705 58.061062 8.271001
v 46.624771 57.786850 8.384582
v 46.521049 57.930958 8.324889
v 46.365818 58.027248 8.285007
v 46.661198 57.639839 8.530741
v 46.182709 58.111397 8.436942
v 46.624771 57.820297 8.494845
v 46.521049 57.973282 8.464416
v 46.365818 58.075504 8.444082
v 46.661198 57.647598 8.609512
v 46.182709 58.128395 8.609512
v 46.624771 57.831593 8.609512
v 46.521049 57.987572 8.609512
v 46.365818 58.091797 8.609512
v 46.661198 57.639839 8.688285
v 46.182709 58.111397 8.782085
v 46.624771 57.820297 8.724179
v 46.521049 57.973282 8.754612
v 46.365818 58.075504 8.774946
v 46.661198 57.616863 8.764032
v 46.182709 58.061062 8.948024
v 46.624771 57.786850 8.834443
v 46.521049 57.930958 8.894135
v 46.365818 58.027248 8.934021
v 46.661198 57.579552 8.833840
v 46.182709 57.979317 9.100956
v 46.624771 57.732536 8.936060
v 46.521049 57.862228 9.022721
v 46.365818 57.948887 9.080625
v 46.661198 57.529335 8.895029
v 46.182709 57.869308 9.235001
v 46.624771 57.659435 9.025129
v 46.521049 57.769733 9.135426
v 46.365818 57.843430 9.209124
v 46.661198 57.468147 8.945241
v 46.182709 57.735264 9.345009
v 46.624771 57.570370 9.098225
v 46.521049 57.657028 9.227921
v 46.365818 57.714931 9.314579
v 46.661198 57.398338 8.982556
v 46.182709 57.582333 9.426754
v 46.624771 57.468750 9.152542
v 46.521049 57.528442 9.296651
v 46.365818 57.568329 9.392941
v 46.661198 57.322594 9.005534
v 46.182709 57.416389 9.477092
v 46.624771 57.358490 9.185991
v 46.521049 57.388920 9.338977
v 46.365818 57.409252 9.441196
v 47.219822 55.316944 -24.232828
v 47.219822 63.992367 -3.129143
v -18.644571 63.992367 -3.129143
v -18.644571 55.316944 -24.232828
v 47.219822 55.316944 17.974543
v -18.644571 55.316944 17.974543
v -17.422424 54.105770 -24.040529
v 44.892040 54.105770 -24.040529
v 44.892040 63.092823 -3.731938
v 47.219822 55.316944 -24.232828
v 47.219822 63.992367 -3.129143
v 47.219822 54.105770 -24.040529
v 47.219822 63.092823 -3.731938
v -17.422424 63.442291 -3.497755
v -18.644571 63.992367 -3.129143
v -18.644571 55.316944 -24.232828
v -18.644571 54.105770 -24.040529
v -18.644571 63.442291 -3.497755
v -17.422424 54.105770 17.782244
v 44.892040 54.105770 17.782244
v 44.892040 63.092823 -2.526348
v 47.219822 55.316944 17.974543
v 47.219822 54.105770 17.782244
v 47.219822 63.092823 -2.526348
v -17.422424 63.442291 -2.760530
v -18.644571 55.316944 17.974543
v -18.644571 54.105770 17.782244
v -18.644571 63.442291 -2.760530
vn 1.0000 -0.0000 -0.0000
vn -1.0000 -0.0000 -0.0000
vn -0.0000 -1.0000 -0.0000
vn 0.6857 -0.7139 0.1420
vn 0.6857 -0.1420 -0.7139
vn 0.6857 0.7139 -0.1420
vn 0.6857 0.6052 0.4044
vn 0.6857 0.1420 0.7139
vn -0.0979 -0.0000 0.9952
vn -0.3799 -0.1805 0.9073
vn -0.0979 -0.1942 0.9761
vn -0.3799 -0.0000 0.9250
vn -0.7026 -0.1388 0.6979
vn -0.7026 -0.0000 0.7115
vn -0.9202 -0.0764 0.3840
vn -0.9202 -0.0000 0.3915
vn -0.9946 -0.0202 0.1017
vn -0.3799 -0.3540 0.8546
vn -0.0979 -0.3808 0.9194
vn -0.7026 -0.2723 0.6574
vn -0.9202 -0.1498 0.3617
vn -0.9946 -0.0396 0.0957
vn -0.3799 -0.5139 0.7691
vn -0.0979 -0.5529 0.8275
vn -0.7026 -0.3953 0.5916
vn -0.9202 -0.2175 0.3255
vn -0.9946 -0.0576 0.0862
vn -0.3799 -0.6541 0.6541
vn -0.0979 -0.7037 0.7037
vn -0.7026 -0.5031 0.5031
vn -0.9202 -0.2768 0.2768
vn -0.9946 -0.0733 0.0733
vn -0.0979 -0.8275 0.5529
vn -0.3799 -0.7691 0.5139
vn -0.7026 -0.5916 0.3953
vn -0.9202 -0.3255 0.2175
vn -0.9946 -0.0861 0.0575
vn -0.3799 -0.8546 0.3540
vn -0.0979 -0.9194 0.3808
vn -0.7026 -0.6574 0.2723
vn -0.9202 -0.3617 0.1498
vn -0.9946 -0.0957 0.0396
vn -0.3799 -0.9073 0.1805
vn -0.0979 -0.9761 0.1942
vn -0.7026 -0.6979 0.1388
vn -0.9202 -0.3840 0.0764
vn -0.9946 -0.1016 0.0202
vn -0.0974 -0.9905 0.0976
vn -0.3783 -0.9212 0.0907
vn -0.7009 -0.7098 0.0699
vn -0.9195 -0.3912 0.0385
vn -0.9946 -0.1036 -0.0000
vn -0.0974 -0.9905 -0.0976
vn -0.3799 -0.9073 -0.1805
vn -0.0979 -0.9761 -0.1942
vn -0.3783 -0.9212 -0.0907
vn -0.7026 -0.6979 -0.1388
vn -0.7009 -0.7098 -0.0699
vn -0.9202 -0.3840 -0.0764
vn -0.9195 -0.3912 -0.0385
vn -0.9946 -0.1016 -0.0202
vn -0.3799 -0.8546 -0.3540
vn -0.0979 -0.9194 -0.3808
vn -0.7026 -0.6574 -0.2723
vn -0.9202 -0.3617 -0.1498
vn -0.9946 -0.0957 -0.0396
vn -0.3799 -0.7691 -0.5139
vn -0.0979 -0.8275 -0.5529
vn -0.7026 -0.5916 -0.3953
vn -0.9202 -0.3255 -0.2175
vn -0.9946 -0.0861 -0.0575
vn -0.3799 -0.6541 -0.6541
vn -0.0979 -0.7037 -0.7037
vn -0.7026 -0.5031 -0.5031
vn -0.9202 -0.2768 -0.2768
vn -0.9946 -0.0733 -0.0733
vn -0.3799 -0.5139 -0.7691
vn -0.0979 -0.5529 -0.8275
vn -0.7026 -0.3953 -0.5916
vn -0.9202 -0.2175 -0.3255
vn -0.9946 -0.0576 -0.0862
vn -0.0979 -0.3808 -0.9194
vn -0.3799 -0.3540 -0.8546
vn -0.7026 -0.2723 -0.6574
vn -0.9202 -0.1498 -0.3617
vn -0.9946 -0.0396 -0.0957
vn -0.0979 -0.1942 -0.9761
vn -0.3799 -0.1805 -0.9073
vn -0.7026 -0.1388 -0.6979
vn -0.9202 -0.0764 -0.3840
vn -0.9946 -0.0202 -0.1017
vn -0.3799 -0.0000 -0.9250
vn -0.0979 -0.0000 -0.9952
vn -0.7026 -0.0000 -0.7115
vn -0.9202 -0.0000 -0.3915
vn -0.9946 -0.0000 -0.1035
vn -0.3799 0.1805 -0.9073
vn -0.0979 0.1942 -0.9761
vn -0.7026 0.1388 -0.6979
vn -0.9202 0.0764 -0.3840
vn -0.9946 0.0202 -0.1016
vn -0.0979 0.3808 -0.9194
vn -0.3799 0.3540 -0.8546
vn -0.7026 0.2723 -0.6574
vn -0.9202 0.1498 -0.3617
vn -0.9946 0.0396 -0.0957
vn -0.3799 0.5139 -0.7691
vn -0.0979 0.5529 -0.8275
vn -0.7026 0.3953 -0.5916
vn -0.9202 0.2175 -0.3255
vn -0.9946 0.0576 -0.0862
vn -0.3799 0.6541 -0.6541
vn -0.0979 0.7037 -0.7037
vn -0.7026 0.5031 -0.5031
vn -0.9202 0.2768 -0.2768
vn -0.9946 0.0733 -0.0733
vn -0.0979 0.8275 -0.5529
vn -0.3799 0.7691 -0.5139
vn -0.7026 0.5916 -0.3953
vn -0.9202 0.3255 -0.2175
vn -0.9946 0.0861 -0.0576
vn -0.3799 0.8546 -0.3540
vn -0.0979 0.9194 -0.3808
vn -0.7026 0.6574 -0.2723
vn -0.9202 0.3617 -0.1498
vn -0.9946 0.0957 -0.0396
vn -0.0979 0.9761 -0.1942
vn -0.3799 0.9073 -0.1805
vn -0.7026 0.6979 -0.1388
vn -0.9202 0.3840 -0.0764
vn -0.9946 0.1016 -0.0202
vn -0.0974 0.9905 -0.0976
vn -0.3783 0.9212 -0.0907
vn -0.7009 0.7098 -0.0699
vn -0.9195 0.3912 -0.0385
vn -0.9946 0.1036 -0.0000
vn -0.0974 0.9905 0.0976
vn -0.3799 0.9073 0.1805
vn -0.0979 0.9761 0.1942
vn -0.3783 0.9212 0.0907
vn -0.7026 0.6979 0.1388
vn -0.7009 0.7098 0.0699
vn -0.9202 0.3840 0.0764
vn -0.9946 0.1016 0.0202
vn -0.3799 0.8546 0.3540
vn -0.0979 0.9194 0.3808
vn -0.7026 0.6574 0.2723
vn -0.9202 0.3617 0.1498
vn -0.9946 0.0957 0.0396
vn -0.3799 0.7691 0.5139
vn -0.0979 0.8275 0.5529
vn -0.7026 0.5916 0.3953
vn -0.9202 0.3255 0.2175
vn -0.9946 0.0861 0.0575
vn -0.3799 0.6541 0.6541
vn -0.0979 0.7037 0.7037
vn -0.7026 0.5031 0.5031
vn -0.9202 0.2768 0.2768
vn -0.9946 0.0733 0.0733
vn -0.0979 0.5529 0.8275
vn -0.3799 0.5139 0.7691
vn -0.7026 0.3953 0.5916
vn -0.9202 0.2175 0.3255
vn -0.9946 0.0576 0.0862
vn -0.3799 0.3540 0.8546
vn -0.0979 0.3808 0.9194
vn -0.7026 0.2723 0.6574
vn -0.9202 0.1498 0.3617
vn -0.9946 0.0396 0.0957
vn -0.0979 0.1942 0.9761
vn -0.3799 0.1805 0.9073
vn -0.7026 0.1388 0.6979
vn -0.9202 0.0764 0.3840
vn -0.9946 0.0202 0.1016
vn -0.9946 -0.0000 0.1036
vn -0.9946 -0.0202 0.1015
vn -0.9946 -0.0576 0.0860
vn -0.9202 -0.2768 0.2769
vn -0.9946 -0.0861 0.0576
vn -0.0979 -0.9952 -0.0000
vn -0.3799 -0.9250 -0.0000
vn -0.7026 -0.7115 -0.0000
vn -0.9202 -0.3915 -0.0000
vn -0.9946 -0.0861 -0.0576
vn -0.9946 -0.0576 -0.0860
vn -0.9946 -0.0202 -0.1015
vn -0.9946 -0.0000 -0.1036
vn -0.9946 0.0202 -0.1015
vn -0.9946 0.0576 -0.0861
vn -0.9946 0.0733 -0.0732
vn -0.9946 0.0861 -0.0575
vn -0.3799 0.9250 -0.0000
vn -0.0979 0.9952 -0.0000
vn -0.7026 0.7115 -0.0000
vn -0.9202 0.3915 -0.0000
vn -0.9946 0.0576 0.0861
vn -0.9946 0.0202 0.1015
vn -0.0979 -0.1941 0.9761
vn -0.9946 -0.0576 0.0861
vn -0.9946 -0.0733 0.0732
vn -0.9946 -0.0733 -0.0732
vn -0.9946 -0.0576 -0.0861
vn -0.9946 0.0957 0.0397
vn -0.9946 0.0861 0.0576
vn -0.9946 0.0733 0.0732
vn -0.0979 0.1941 0.9761
vn 0.6857 -0.1420 0.7139
vn 0.6857 -0.0000 0.7279
vn 0.6857 -0.2785 0.6725
vn 0.6857 -0.4044 0.6052
vn 0.6857 -0.5147 0.5147
vn 0.6857 -0.6052 0.4044
vn 0.6857 -0.6725 0.2785
vn 0.6857 -0.7279 -0.0000
vn 0.6857 -0.7139 -0.1420
vn 0.6857 -0.6725 -0.2786
vn 0.6857 -0.6052 -0.4044
vn 0.6857 -0.5147 -0.5147
vn 0.6857 -0.4044 -0.6052
vn 0.6857 -0.2785 -0.6725
vn 0.6857 -0.0000 -0.7279
vn 0.6857 0.1420 -0.7139
vn 0.6857 0.2785 -0.6725
vn 0.6857 0.4044 -0.6052
vn 0.6857 0.5147 -0.5146
vn 0.6857 0.6052 -0.4044
vn 0.6857 0.6725 -0.2785
vn 0.6857 0.7279 -0.0000
vn 0.6857 0.7139 0.1420
vn 0.6857 0.6725 0.2786
vn 0.6857 0.5147 0.5146
vn 0.6857 0.4044 0.6052
vn 0.6857 0.2786 0.6725
vn 0.6857 -0.6725 0.2786
vn 0.6857 0.5147 -0.5147
vn 0.6857 0.6725 -0.2786
vn 0.6857 0.5147 0.5147
vn 0.6857 -0.2786 -0.6725
vn 0.6857 0.2785 0.6725
vn -0.9946 0.0202 0.1017
vn -0.9195 0.3912 0.0385
vn -0.9946 0.0202 -0.1017
vn -0.0979 -0.3809 -0.9194
vn -0.9202 0.2768 0.2769
vn -0.9202 0.2768 -0.2769
vn -0.7027 0.3953 -0.5916
vn -0.9946 0.0576 -0.0860
vn -0.9946 -0.0202 -0.1016
vn -0.9946 -0.0957 -0.0397
vn -0.9946 -0.1015 -0.0202
vn -0.9946 -0.0202 0.1016
vn -0.0979 0.1941 -0.9761
vn 0.6857 -0.2786 -0.6724
vn 0.6857 -0.2786 0.6724
vn 0.6857 0.2786 0.6724
vn 0.6857 0.2786 -0.6724
vn 0.6857 0.2786 -0.6725
vn -0.6857 -0.7139 -0.1420
vn -0.6857 -0.1420 0.7139
vn -0.6857 0.7139 0.1420
vn -0.6857 0.1420 -0.7139
vn 0.0979 -0.0000 -0.9952
vn 0.3799 -0.1805 -0.9073
vn 0.0979 -0.1942 -0.9761
vn 0.3799 -0.0000 -0.9250
vn 0.7026 -0.1388 -0.6979
vn 0.7026 -0.0000 -0.7115
vn 0.9202 -0.0764 -0.3840
vn 0.9202 -0.0000 -0.3915
vn 0.9946 -0.0202 -0.1014
vn 0.0979 -0.3808 -0.9194
vn 0.3799 -0.3540 -0.8546
vn 0.7027 -0.2723 -0.6574
vn 0.9202 -0.1498 -0.3617
vn 0.9946 -0.0396 -0.0957
vn 0.3799 -0.5139 -0.7691
vn 0.0979 -0.5529 -0.8275
vn 0.7026 -0.3953 -0.5916
vn 0.9202 -0.2175 -0.3255
vn 0.9946 -0.0576 -0.0860
vn 0.3799 -0.6541 -0.6541
vn 0.0979 -0.7037 -0.7037
vn 0.7026 -0.5031 -0.5031
vn 0.9202 -0.2768 -0.2768
vn 0.9946 -0.0733 -0.0734
vn 0.3799 -0.7691 -0.5139
vn 0.0979 -0.8275 -0.5529
vn 0.7026 -0.5916 -0.3953
vn 0.9202 -0.3255 -0.2175
vn 0.9946 -0.0861 -0.0574
vn 0.0979 -0.9194 -0.3808
vn 0.3799 -0.8546 -0.3540
vn 0.7026 -0.6574 -0.2723
vn 0.9202 -0.3617 -0.1498
vn 0.9946 -0.0957 -0.0396
vn 0.3799 -0.9073 -0.1805
vn 0.0979 -0.9761 -0.1942
vn 0.7026 -0.6979 -0.1388
vn 0.9202 -0.3840 -0.0764
vn 0.9946 -0.1016 -0.0202
vn 0.3783 -0.9212 -0.0907
vn 0.0974 -0.9905 -0.0976
vn 0.7009 -0.7098 -0.0699
vn 0.9195 -0.3912 -0.0385
vn 0.9946 -0.1036 -0.0000
vn 0.0974 -0.9905 0.0976
vn 0.3799 -0.9073 0.1805
vn 0.0979 -0.9761 0.1942
vn 0.3783 -0.9212 0.0907
vn 0.7026 -0.6979 0.1388
vn 0.7009 -0.7098 0.0699
vn 0.9202 -0.3840 0.0764
vn 0.9195 -0.3912 0.0385
vn 0.9946 -0.1016 0.0202
vn 0.3799 -0.8546 0.3540
vn 0.0979 -0.9194 0.3808
vn 0.7027 -0.6574 0.2723
vn 0.9202 -0.3617 0.1498
vn 0.9946 -0.0957 0.0397
vn 0.3799 -0.7691 0.5139
vn 0.0979 -0.8275 0.5529
vn 0.7026 -0.5916 0.3953
vn 0.9202 -0.3255 0.2175
vn 0.9946 -0.0861 0.0577
vn 0.3799 -0.6541 0.6541
vn 0.0979 -0.7037 0.7037
vn 0.7026 -0.5031 0.5031
vn 0.9202 -0.2768 0.2768
vn 0.9946 -0.0733 0.0733
vn 0.3799 -0.5139 0.7691
vn 0.0979 -0.5529 0.8275
vn 0.7026 -0.3953 0.5916
vn 0.9202 -0.2175 0.3255
vn 0.9946 -0.0576 0.0860
vn 0.3799 -0.3540 0.8546
vn 0.0979 -0.3808 0.9194
vn 0.7027 -0.2723 0.6574
vn 0.9202 -0.1498 0.3617
vn 0.9946 -0.0396 0.0957
vn 0.3799 -0.1805 0.9073
vn 0.0979 -0.1942 0.9761
vn 0.7026 -0.1388 0.6979
vn 0.9202 -0.0764 0.3840
vn 0.9946 -0.0202 0.1014
vn 0.3799 -0.0000 0.9250
vn 0.0979 -0.0000 0.9952
vn 0.7026 -0.0000 0.7115
vn 0.9202 -0.0000 0.3915
vn 0.9946 -0.0000 0.1036
vn 0.3799 0.1805 0.9073
vn 0.0979 0.1942 0.9761
vn 0.7026 0.1388 0.6979
vn 0.9202 0.0764 0.3840
vn 0.9946 0.0202 0.1016
vn 0.3799 0.3540 0.8546
vn 0.0979 0.3808 0.9194
vn 0.7027 0.2723 0.6574
vn 0.9202 0.1498 0.3617
vn 0.9946 0.0396 0.0957
vn 0.3799 0.5139 0.7691
vn 0.0979 0.5529 0.8275
vn 0.7027 0.3953 0.5916
vn 0.9202 0.2175 0.3255
vn 0.9946 0.0576 0.0863
vn 0.0979 0.7037 0.7037
vn 0.3799 0.6541 0.6541
vn 0.7027 0.5031 0.5031
vn 0.9202 0.2768 0.2768
vn 0.9946 0.0733 0.0734
vn 0.0979 0.8275 0.5529
vn 0.3799 0.7691 0.5139
vn 0.7026 0.5916 0.3953
vn 0.9202 0.3255 0.2175
vn 0.9946 0.0861 0.0574
vn 0.3799 0.8546 0.3540
vn 0.0979 0.9194 0.3808
vn 0.7027 0.6574 0.2723
vn 0.9202 0.3617 0.1498
vn 0.9946 0.0957 0.0396
vn 0.0979 0.9761 0.1942
vn 0.3799 0.9073 0.1805
vn 0.7026 0.6979 0.1388
vn 0.9202 0.3840 0.0764
vn 0.9946 0.1016 0.0202
vn 0.0974 0.9905 0.0976
vn 0.3783 0.9212 0.0907
vn 0.7009 0.7098 0.0699
vn 0.9195 0.3912 0.0385
vn 0.9946 0.1036 -0.0000
vn 0.0979 0.9761 -0.1942
vn 0.3783 0.9212 -0.0907
vn 0.3799 0.9073 -0.1805
vn 0.7026 0.6979 -0.1388
vn 0.7009 0.7098 -0.0699
vn 0.9202 0.3840 -0.0764
vn 0.9195 0.3912 -0.0385
vn 0.9946 0.1016 -0.0202
vn 0.0979 0.9194 -0.3808
vn 0.3799 0.8546 -0.3540
vn 0.7027 0.6574 -0.2723
vn 0.9202 0.3617 -0.1498
vn 0.9946 0.0957 -0.0396
vn 0.3799 0.7691 -0.5139
vn 0.0979 0.8275 -0.5529
vn 0.7026 0.5916 -0.3953
vn 0.9202 0.3255 -0.2175
vn 0.9946 0.0861 -0.0574
vn 0.0979 0.7037 -0.7037
vn 0.3799 0.6541 -0.6541
vn 0.7027 0.5031 -0.5031
vn 0.9202 0.2768 -0.2768
vn 0.9946 0.0733 -0.0733
vn 0.0979 0.5529 -0.8275
vn 0.3799 0.5139 -0.7691
vn 0.7026 0.3953 -0.5916
vn 0.9202 0.2175 -0.3255
vn 0.9946 0.0576 -0.0863
vn 0.3799 0.3540 -0.8546
vn 0.0979 0.3808 -0.9194
vn 0.7027 0.2723 -0.6574
vn 0.9202 0.1498 -0.3617
vn 0.9946 0.0396 -0.0957
vn 0.3799 0.1805 -0.9073
vn 0.0979 0.1942 -0.9761
vn 0.7026 0.1388 -0.6979
vn 0.9202 0.0764 -0.3840
vn 0.9946 0.0202 -0.1016
vn 0.9946 -0.0000 -0.1036
vn 0.7026 -0.0000 -0.7116
vn 0.9946 -0.0202 -0.1016
vn 0.7026 -0.2723 -0.6574
vn 0.9202 -0.2175 -0.3256
vn 0.9946 -0.0576 -0.0863
vn 0.9202 -0.2769 -0.2769
vn 0.9946 -0.0733 -0.0732
vn 0.0979 -0.9952 -0.0000
vn 0.3799 -0.9250 -0.0000
vn 0.7026 -0.7115 -0.0000
vn 0.9202 -0.3915 -0.0000
vn 0.7026 -0.6574 0.2723
vn 0.9946 -0.0861 0.0574
vn 0.9202 -0.2769 0.2768
vn 0.9946 -0.0733 0.0732
vn 0.9202 -0.2175 0.3256
vn 0.9946 -0.0576 0.0861
vn 0.7026 -0.2723 0.6574
vn 0.9946 -0.0202 0.1016
vn 0.9946 0.0202 0.1014
vn 0.7026 0.2723 0.6574
vn 0.7026 0.3953 0.5916
vn 0.9946 0.0576 0.0861
vn 0.7026 0.5031 0.5031
vn 0.9202 0.2769 0.2768
vn 0.9946 0.0733 0.0731
vn 0.9946 0.0861 0.0576
vn 0.7026 0.6574 0.2723
vn 0.3799 0.9250 -0.0000
vn 0.0979 0.9952 -0.0000
vn 0.7026 0.7115 -0.0000
vn 0.9202 0.3915 -0.0000
vn 0.7026 0.6574 -0.2723
vn 0.9946 0.0861 -0.0577
vn 0.7026 0.5031 -0.5032
vn 0.9202 0.2769 -0.2768
vn 0.7026 0.2723 -0.6574
vn 0.9946 -0.0575 -0.0861
vn 0.9946 -0.0732 -0.0732
vn 0.9946 -0.0861 -0.0575
vn 0.0979 -0.9761 -0.1941
vn 0.9946 -0.1016 -0.0201
vn 0.7026 -0.7116 -0.0000
vn 0.9946 -0.0957 0.0396
vn 0.9946 -0.0861 0.0576
vn 0.9946 -0.0732 0.0732
vn 0.9946 -0.0575 0.0861
vn 0.7026 -0.0000 0.7116
vn 0.9946 0.0575 0.0861
vn 0.7026 0.5031 0.5032
vn 0.9946 0.0732 0.0732
vn 0.9946 0.0861 0.0575
vn 0.9946 0.1016 0.0201
vn 0.7026 0.7116 -0.0000
vn 0.9946 0.0861 -0.0575
vn 0.7026 0.5031 -0.5031
vn 0.9946 0.0732 -0.0732
vn 0.9946 0.0575 -0.0861
vn -0.6857 -0.1420 -0.7139
vn -0.6857 -0.0000 -0.7279
vn -0.6857 -0.2786 -0.6725
vn -0.6857 -0.4044 -0.6052
vn -0.6857 -0.5147 -0.5147
vn -0.6857 -0.6052 -0.4044
vn -0.6857 -0.6725 -0.2785
vn -0.6857 -0.7279 -0.0000
vn -0.6857 -0.7139 0.1420
vn -0.6857 -0.6725 0.2785
vn -0.6857 -0.6052 0.4044
vn -0.6857 -0.5147 0.5147
vn -0.6857 -0.4044 0.6052
vn -0.6857 -0.2786 0.6725
vn -0.6857 -0.0000 0.7279
vn -0.6857 0.1420 0.7139
vn -0.6856 0.2785 0.6725
vn -0.6857 0.4044 0.6052
vn -0.6857 0.5147 0.5146
vn -0.6857 0.6052 0.4044
vn -0.6857 0.6725 0.2785
vn -0.6857 0.7279 -0.0000
vn 0.0974 0.9905 -0.0976
vn -0.6857 0.7139 -0.1420
vn -0.6857 0.6725 -0.2785
vn -0.6857 0.6052 -0.4044
vn -0.6857 0.5147 -0.5146
vn -0.6857 0.4044 -0.6052
vn -0.6856 0.2785 -0.6725
vn -0.6858 -0.2786 -0.6724
vn -0.6858 -0.2786 0.6724
vn -0.6857 0.5147 0.5148
vn -0.6857 0.5147 -0.5148
vn -0.6856 -0.2785 -0.6725
vn -0.6857 -0.6725 -0.2786
vn -0.6858 0.2786 0.6724
vn -0.6857 0.5147 0.5147
vn -0.6857 0.6724 -0.2786
vn -0.6857 0.5147 -0.5147
vn 0.7027 -0.1388 0.6979
vn 0.7027 -0.0000 0.7115
vn 0.7027 -0.3953 0.5916
vn 0.7027 -0.5916 0.3953
vn 0.9946 -0.0861 -0.0578
vn 0.9946 -0.0396 -0.0958
vn 0.9946 0.0202 -0.1014
vn 0.7027 0.3953 -0.5916
vn 0.9946 0.0576 -0.0860
vn 0.9946 0.0957 -0.0397
vn 0.9946 0.0576 0.0860
vn 0.7027 0.1388 0.6979
vn 0.9202 -0.2768 0.2769
vn 0.7027 -0.5031 0.5031
vn 0.9946 -0.0575 0.0863
vn 0.9946 -0.0861 0.0575
vn 0.0979 -0.9194 -0.3809
vn 0.7027 -0.6574 -0.2723
vn 0.7027 -0.5031 -0.5031
vn 0.9946 -0.0861 -0.0576
vn 0.9946 -0.0732 -0.0733
vn 0.7027 -0.0000 -0.7115
vn 0.9946 0.0202 -0.1018
vn 0.9202 0.2768 -0.2769
vn 0.9946 0.0576 -0.0861
vn 0.9946 0.0732 -0.0733
vn 0.9946 0.1016 -0.0203
vn 0.9946 0.0861 0.0577
vn 0.9946 0.0202 0.1018
vn 0.9946 -0.0202 0.1018
vn 0.9202 -0.2769 0.2769
vn 0.9946 -0.0957 -0.0397
vn 0.9946 -0.0576 -0.0861
vn 0.0979 -0.1941 -0.9761
vn 0.9946 -0.0202 -0.1018
vn 0.9202 0.2175 -0.3256
vn 0.9946 0.0733 -0.0732
vn 0.9202 0.2769 -0.2769
vn 0.9946 0.0861 -0.0576
vn 0.9202 0.2769 0.2769
vn 0.0979 0.3809 0.9194
vn -0.6857 -0.5147 0.5146
vn -0.6857 -0.6725 0.2786
vn -0.6857 -0.2785 -0.6725
vn -0.6857 0.6725 -0.2786
vn -0.6857 0.4044 0.6053
vn 0.9946 0.0733 0.0733
vn -0.6857 -0.2785 0.6725
vn -0.6857 -0.4044 0.6053
vn -0.6857 0.2785 -0.6725
vn -0.6857 0.2785 0.6725
vn -0.9946 0.0576 0.0860
vn -0.9946 0.0957 -0.0397
vn -0.9946 -0.0396 0.0958
vn 0.9946 -0.0733 -0.0733
vn 0.9946 0.0732 0.0733
vn -0.0000 0.9249 0.3802
vn -0.0000 0.9249 -0.3802
vn -0.0000 -0.9145 0.4047
vn -0.0000 -0.9104 0.4138
vn -0.0000 -0.1568 0.9876
vn -0.0000 -0.1568 -0.9876
vn -0.0000 -0.9145 -0.4047
vn -0.0000 -0.9104 -0.4138
vn -0.0000 1.0000 -0.0000
vt 0.790862 0.771622
vt 0.692781 0.536828
vt 0.790862 0.758465
vt 0.651663 0.743515
vt 0.651663 0.752121
vt 0.542671 0.991932
vt 0.810028 0.989916
vt 0.991840 0.719023
vt 0.991840 0.989916
vt 0.800679 0.765044
vt 0.692782 0.993260
vt 0.542671 0.503705
vt 0.658084 0.747818
vt 0.810028 0.719023
vt 0.634121 0.127731
vt 0.706949 0.067964
vt 0.766716 0.140791
vt 0.766716 0.140791
vt 0.742681 0.185758
vt 0.658157 0.082765
vt 0.731823 0.075509
vt 0.759171 0.165665
vt 0.669015 0.193013
vt 0.580253 0.456113
vt 0.567463 0.469903
vt 0.567193 0.456113
vt 0.579983 0.469903
vt 0.568233 0.481593
vt 0.473528 0.104690
vt 0.472212 0.089474
vt 0.481293 0.096926
vt 0.466076 0.095610
vt 0.461501 0.080683
vt 0.555185 0.469903
vt 0.554385 0.456113
vt 0.557463 0.481593
vt 0.487393 0.087796
vt 0.477033 0.082258
vt 0.464812 0.075726
vt 0.543619 0.469903
vt 0.542319 0.456113
vt 0.547319 0.481593
vt 0.491595 0.077651
vt 0.480354 0.074241
vt 0.467094 0.070219
vt 0.533209 0.469903
vt 0.531461 0.456113
vt 0.538189 0.481593
vt 0.493737 0.066882
vt 0.482047 0.065731
vt 0.468257 0.064372
vt 0.522226 0.456113
vt 0.524357 0.469903
vt 0.530424 0.481593
vt 0.482047 0.057053
vt 0.493737 0.055902
vt 0.468257 0.058411
vt 0.984429 0.427605
vt 0.972271 0.441395
vt 0.973570 0.427605
vt 0.982680 0.441395
vt 0.968571 0.453085
vt 0.480354 0.048542
vt 0.491595 0.045132
vt 0.467094 0.052565
vt 0.960705 0.441395
vt 0.961505 0.427605
vt 0.958427 0.453085
vt 0.477033 0.040525
vt 0.487393 0.034988
vt 0.464812 0.047057
vt 0.948696 0.427605
vt 0.948426 0.441395
vt 0.947657 0.453086
vt 0.481293 0.025858
vt 0.472212 0.033310
vt 0.461501 0.042100
vt 0.935907 0.441395
vt 0.935637 0.427605
vt 0.936677 0.453086
vt 0.466076 0.027174
vt 0.473528 0.018093
vt 0.457285 0.037885
vt 0.923629 0.441395
vt 0.922828 0.427605
vt 0.925907 0.453086
vt 0.464398 0.011993
vt 0.458861 0.022353
vt 0.452329 0.034573
vt 0.912062 0.441395
vt 0.910763 0.427605
vt 0.915763 0.453086
vt 0.450844 0.019032
vt 0.454254 0.007791
vt 0.446821 0.032292
vt 0.901653 0.441395
vt 0.899904 0.427605
vt 0.906633 0.453086
vt 0.442333 0.017339
vt 0.443484 0.005649
vt 0.440975 0.031129
vt 0.892801 0.441395
vt 0.890670 0.427606
vt 0.898868 0.453086
vt 0.433655 0.017339
vt 0.432504 0.005649
vt 0.435014 0.031129
vt 0.918445 0.218701
vt 0.909335 0.204911
vt 0.919744 0.204911
vt 0.923444 0.193220
vt 0.421734 0.007791
vt 0.425144 0.019032
vt 0.429167 0.032292
vt 0.930510 0.218701
vt 0.931310 0.204911
vt 0.933589 0.193220
vt 0.417127 0.022353
vt 0.411590 0.011993
vt 0.423659 0.034573
vt 0.943589 0.204911
vt 0.943318 0.218701
vt 0.944358 0.193220
vt 0.409912 0.027174
vt 0.402460 0.018093
vt 0.418703 0.037885
vt 0.956108 0.204911
vt 0.956378 0.218701
vt 0.955338 0.193220
vt 0.403776 0.033310
vt 0.394696 0.025858
vt 0.414488 0.042101
vt 0.969187 0.218701
vt 0.968386 0.204911
vt 0.966108 0.193220
vt 0.388595 0.034988
vt 0.398955 0.040525
vt 0.411176 0.047057
vt 0.979953 0.204911
vt 0.981252 0.218701
vt 0.976252 0.193220
vt 0.395635 0.048542
vt 0.384393 0.045132
vt 0.408895 0.052565
vt 0.990362 0.204911
vt 0.992110 0.218701
vt 0.985382 0.193220
vt 0.382251 0.055902
vt 0.393942 0.057053
vt 0.407732 0.058411
vt 0.653704 0.458528
vt 0.646601 0.472318
vt 0.655453 0.472318
vt 0.993147 0.193220
vt 0.999214 0.204911
vt 0.393942 0.065731
vt 0.382251 0.066882
vt 0.407732 0.064372
vt 0.665862 0.472318
vt 0.664563 0.458528
vt 0.669562 0.484008
vt 0.395635 0.074241
vt 0.384393 0.077651
vt 0.408895 0.070219
vt 0.676628 0.458528
vt 0.677428 0.472318
vt 0.679707 0.484008
vt 0.388595 0.087796
vt 0.398955 0.082258
vt 0.411176 0.075726
vt 0.689437 0.458528
vt 0.689707 0.472318
vt 0.690476 0.484008
vt 0.394696 0.096926
vt 0.403776 0.089474
vt 0.414488 0.080683
vt 0.702226 0.472318
vt 0.702496 0.458528
vt 0.701457 0.484008
vt 0.409912 0.095610
vt 0.402460 0.104690
vt 0.418703 0.084898
vt 0.714505 0.472318
vt 0.715305 0.458528
vt 0.712226 0.484008
vt 0.411590 0.110791
vt 0.417127 0.100431
vt 0.423659 0.088210
vt 0.726071 0.472318
vt 0.727370 0.458528
vt 0.722371 0.484008
vt 0.425145 0.103751
vt 0.421735 0.114993
vt 0.429167 0.090491
vt 0.736480 0.472318
vt 0.738229 0.458528
vt 0.731501 0.484008
vt 0.432504 0.117135
vt 0.433655 0.105444
vt 0.435014 0.091654
vt 0.615985 0.456113
vt 0.623089 0.469903
vt 0.614237 0.469903
vt 0.745333 0.472318
vt 0.739265 0.484008
vt 0.442333 0.105444
vt 0.443484 0.117135
vt 0.440975 0.091654
vt 0.603827 0.469903
vt 0.605127 0.456113
vt 0.600127 0.481593
vt 0.454254 0.114993
vt 0.450844 0.103751
vt 0.446821 0.090491
vt 0.593061 0.456113
vt 0.592261 0.469903
vt 0.589983 0.481593
vt 0.458861 0.100431
vt 0.464398 0.110791
vt 0.452329 0.088210
vt 0.579213 0.481593
vt 0.457285 0.084898
vt 0.844212 0.687919
vt 0.831422 0.701709
vt 0.831152 0.687919
vt 0.843172 0.713399
vt 0.832192 0.713399
vt 0.493737 0.066882
vt 0.480354 0.074241
vt 0.482047 0.065731
vt 0.468257 0.064372
vt 0.819144 0.701709
vt 0.818344 0.687919
vt 0.821422 0.713399
vt 0.482047 0.057053
vt 0.806278 0.687919
vt 0.807578 0.701709
vt 0.811278 0.713399
vt 0.491595 0.045132
vt 0.480354 0.048542
vt 0.467094 0.052564
vt 0.797168 0.701709
vt 0.795420 0.687919
vt 0.802148 0.713399
vt 0.477033 0.040525
vt 0.464812 0.047057
vt 0.786185 0.687919
vt 0.788316 0.701708
vt 0.794383 0.713399
vt 0.472212 0.033310
vt 0.481293 0.025858
vt 0.461501 0.042101
vt 0.901150 0.686870
vt 0.913308 0.700660
vt 0.912009 0.686870
vt 0.907878 0.712350
vt 0.917008 0.712350
vt 0.473528 0.018093
vt 0.466076 0.027174
vt 0.457285 0.037885
vt 0.924074 0.686870
vt 0.924874 0.700660
vt 0.927153 0.712350
vt 0.464398 0.011993
vt 0.458861 0.022353
vt 0.936883 0.686870
vt 0.937153 0.700660
vt 0.937922 0.712350
vt 0.450844 0.019032
vt 0.446821 0.032292
vt 0.949672 0.700660
vt 0.949942 0.686870
vt 0.948903 0.712350
vt 0.442333 0.017339
vt 0.440975 0.031129
vt 0.961950 0.700659
vt 0.962751 0.686869
vt 0.959672 0.712350
vt 0.433655 0.017339
vt 0.432504 0.005649
vt 0.435014 0.031129
vt 0.974816 0.686869
vt 0.973517 0.700659
vt 0.969817 0.712350
vt 0.425144 0.019032
vt 0.421734 0.007791
vt 0.429167 0.032292
vt 0.985675 0.686869
vt 0.983926 0.700659
vt 0.978947 0.712350
vt 0.411590 0.011993
vt 0.417127 0.022353
vt 0.423659 0.034573
vt 0.994909 0.686869
vt 0.992778 0.700659
vt 0.986711 0.712350
vt 0.402460 0.018093
vt 0.409912 0.027174
vt 0.418703 0.037885
vt 0.791997 0.160128
vt 0.804155 0.173918
vt 0.802855 0.160128
vt 0.793745 0.173919
vt 0.807855 0.185609
vt 0.394696 0.025858
vt 0.414488 0.042101
vt 0.814921 0.160128
vt 0.815721 0.173918
vt 0.817999 0.185609
vt 0.388595 0.034988
vt 0.398955 0.040525
vt 0.411176 0.047057
vt 0.827729 0.160128
vt 0.827999 0.173918
vt 0.828769 0.185609
vt 0.395635 0.048542
vt 0.384393 0.045132
vt 0.408895 0.052564
vt 0.840519 0.173918
vt 0.840789 0.160128
vt 0.839749 0.185609
vt 0.382251 0.055901
vt 0.393942 0.057053
vt 0.407732 0.058411
vt 0.852797 0.173918
vt 0.853597 0.160128
vt 0.850519 0.185608
vt 0.393942 0.065731
vt 0.382251 0.066882
vt 0.407732 0.064372
vt 0.864363 0.173918
vt 0.865663 0.160128
vt 0.860663 0.185608
vt 0.384393 0.077651
vt 0.395635 0.074241
vt 0.408895 0.070219
vt 0.874773 0.173918
vt 0.876521 0.160128
vt 0.869793 0.185608
vt 0.398955 0.082258
vt 0.388595 0.087796
vt 0.411176 0.075726
vt 0.985674 0.686870
vt 0.992778 0.700660
vt 0.983926 0.700660
vt 0.978946 0.712350
vt 0.403776 0.089474
vt 0.394696 0.096926
vt 0.414488 0.080683
vt 0.973516 0.700660
vt 0.974816 0.686870
vt 0.969816 0.712350
vt 0.409912 0.095610
vt 0.402460 0.104690
vt 0.418703 0.084898
vt 0.962750 0.686870
vt 0.961950 0.700660
vt 0.959672 0.712350
vt 0.417127 0.100431
vt 0.411590 0.110791
vt 0.423659 0.088210
vt 0.949672 0.700660
vt 0.949942 0.686870
vt 0.948902 0.712350
vt 0.421734 0.114993
vt 0.425145 0.103751
vt 0.429167 0.090491
vt 0.937152 0.700660
vt 0.936882 0.686869
vt 0.937922 0.712350
vt 0.433655 0.105444
vt 0.432504 0.117135
vt 0.435014 0.091654
vt 0.924874 0.700660
vt 0.924074 0.686869
vt 0.927152 0.712350
vt 0.442333 0.105444
vt 0.443484 0.117135
vt 0.440975 0.091654
vt 0.913308 0.700659
vt 0.912008 0.686869
vt 0.917008 0.712350
vt 0.450844 0.103751
vt 0.454254 0.114993
vt 0.446821 0.090491
vt 0.902898 0.700659
vt 0.901150 0.686869
vt 0.907878 0.712350
vt 0.464398 0.110791
vt 0.458861 0.100431
vt 0.452329 0.088210
vt 0.889179 0.687919
vt 0.878196 0.701709
vt 0.879944 0.687919
vt 0.880980 0.713399
vt 0.873216 0.713399
vt 0.466076 0.095610
vt 0.473528 0.104690
vt 0.457285 0.084898
vt 0.867786 0.701709
vt 0.869086 0.687919
vt 0.864086 0.713399
vt 0.472212 0.089474
vt 0.481293 0.096926
vt 0.461501 0.080683
vt 0.857020 0.687919
vt 0.856220 0.701709
vt 0.853941 0.713399
vt 0.477033 0.082258
vt 0.487393 0.087796
vt 0.464813 0.075726
vt 0.843941 0.701709
vt 0.491595 0.077651
vt 0.467094 0.070219
vt 0.931290 0.149525
vt 0.944079 0.163315
vt 0.944349 0.149526
vt 0.931560 0.163315
vt 0.943310 0.175006
vt 0.481292 0.096926
vt 0.477033 0.082259
vt 0.487393 0.087796
vt 0.472212 0.089474
vt 0.464812 0.075727
vt 0.957158 0.149526
vt 0.956358 0.163316
vt 0.954079 0.175006
vt 0.491595 0.077652
vt 0.480354 0.074242
vt 0.467094 0.070219
vt 0.969223 0.149526
vt 0.967924 0.163316
vt 0.964224 0.175006
vt 0.482047 0.065731
vt 0.493737 0.066882
vt 0.468257 0.064372
vt 0.978333 0.163316
vt 0.980082 0.149526
vt 0.973353 0.175006
vt 0.493737 0.055902
vt 0.482047 0.057053
vt 0.468257 0.058411
vt 0.987185 0.163316
vt 0.989316 0.149526
vt 0.981118 0.175006
vt 0.480354 0.048542
vt 0.491595 0.045132
vt 0.467094 0.052565
vt 0.895557 0.149525
vt 0.907715 0.163315
vt 0.906416 0.149525
vt 0.897306 0.163315
vt 0.911415 0.175006
vt 0.487393 0.034988
vt 0.477033 0.040525
vt 0.464813 0.047057
vt 0.919281 0.163315
vt 0.918481 0.149525
vt 0.921560 0.175006
vt 0.481293 0.025858
vt 0.472212 0.033310
vt 0.461501 0.042101
vt 0.932329 0.175006
vt 0.466076 0.027174
vt 0.473529 0.018093
vt 0.457286 0.037885
vt 0.944349 0.149526
vt 0.943310 0.175006
vt 0.458861 0.022353
vt 0.464399 0.011993
vt 0.452329 0.034574
vt 0.956358 0.163316
vt 0.454254 0.007791
vt 0.450844 0.019032
vt 0.446822 0.032292
vt 0.969223 0.149526
vt 0.967924 0.163316
vt 0.964224 0.175006
vt 0.442333 0.017339
vt 0.443485 0.005649
vt 0.440975 0.031129
vt 0.978333 0.163316
vt 0.973354 0.175006
vt 0.432504 0.005649
vt 0.433656 0.017339
vt 0.435014 0.031129
vt 0.981118 0.175006
vt 0.425145 0.019032
vt 0.421735 0.007791
vt 0.429167 0.032292
vt 0.907715 0.163315
vt 0.897306 0.163315
vt 0.911415 0.175006
vt 0.417128 0.022353
vt 0.411590 0.011993
vt 0.423660 0.034573
vt 0.919281 0.163315
vt 0.918481 0.149525
vt 0.921560 0.175006
vt 0.409912 0.027173
vt 0.402460 0.018093
vt 0.418703 0.037885
vt 0.931560 0.163315
vt 0.931290 0.149525
vt 0.394696 0.025857
vt 0.403777 0.033310
vt 0.414488 0.042100
vt 0.944079 0.163315
vt 0.944349 0.149525
vt 0.398955 0.040525
vt 0.388595 0.034987
vt 0.411176 0.047057
vt 0.956358 0.163316
vt 0.384393 0.045132
vt 0.395635 0.048542
vt 0.408895 0.052564
vt 0.967924 0.163316
vt 0.393942 0.057053
vt 0.382251 0.055901
vt 0.407732 0.058411
vt 0.980082 0.149526
vt 0.382251 0.066881
vt 0.393942 0.065730
vt 0.407732 0.064372
vt 0.987186 0.163316
vt 0.989316 0.149526
vt 0.395634 0.074241
vt 0.384393 0.077651
vt 0.408895 0.070219
vt 0.906416 0.149525
vt 0.897306 0.163315
vt 0.911415 0.175006
vt 0.388595 0.087795
vt 0.398955 0.082258
vt 0.411176 0.075726
vt 0.919281 0.163315
vt 0.394695 0.096925
vt 0.403776 0.089473
vt 0.414488 0.080683
vt 0.931560 0.163315
vt 0.931290 0.149525
vt 0.932329 0.175006
vt 0.409912 0.095609
vt 0.402460 0.104690
vt 0.418703 0.084898
vt 0.417127 0.100430
vt 0.411589 0.110790
vt 0.423659 0.088210
vt 0.954079 0.175006
vt 0.421734 0.114992
vt 0.425144 0.103751
vt 0.429167 0.090491
vt 0.969223 0.149526
vt 0.432503 0.117135
vt 0.433655 0.105444
vt 0.435013 0.091654
vt 0.980082 0.149526
vt 0.443484 0.117135
vt 0.442333 0.105444
vt 0.440975 0.091654
vt 0.987185 0.163316
vt 0.981118 0.175006
vt 0.450843 0.103751
vt 0.454253 0.114993
vt 0.446821 0.090491
vt 0.902285 0.175006
vt 0.464398 0.110791
vt 0.458861 0.100431
vt 0.452329 0.088210
vt 0.919281 0.163315
vt 0.466076 0.095610
vt 0.473528 0.104691
vt 0.457285 0.084898
vt 0.461500 0.080683
vt 0.567194 0.358911
vt 0.580253 0.358911
vt 0.593061 0.358911
vt 0.554385 0.358911
vt 0.542320 0.358911
vt 0.531461 0.358911
vt 0.993663 0.427605
vt 0.984428 0.330403
vt 0.993663 0.330403
vt 0.973570 0.330403
vt 0.961504 0.330403
vt 0.948696 0.330403
vt 0.935636 0.330404
vt 0.922828 0.330404
vt 0.910762 0.330404
vt 0.899904 0.330404
vt 0.890669 0.330404
vt 0.907586 0.218701
vt 0.918445 0.315902
vt 0.907586 0.315902
vt 0.930510 0.315902
vt 0.943318 0.315902
vt 0.956378 0.315902
vt 0.969187 0.315902
vt 0.981252 0.315902
vt 0.992110 0.315902
vt 0.644470 0.458528
vt 0.653704 0.361326
vt 0.644470 0.361326
vt 0.664563 0.361326
vt 0.676628 0.361326
vt 0.689437 0.361326
vt 0.702496 0.361326
vt 0.715305 0.361326
vt 0.727370 0.361326
vt 0.738228 0.361326
vt 0.747463 0.361326
vt 0.605127 0.358911
vt 0.615985 0.358911
vt 0.831152 0.590717
vt 0.844212 0.590717
vt 0.857020 0.590717
vt 0.818344 0.590717
vt 0.806279 0.590717
vt 0.795420 0.590717
vt 0.891916 0.686870
vt 0.901150 0.589668
vt 0.891915 0.589668
vt 0.912008 0.589668
vt 0.924074 0.589668
vt 0.936882 0.589668
vt 0.949942 0.589668
vt 0.962750 0.589668
vt 0.974816 0.589668
vt 0.985674 0.589668
vt 0.994909 0.589668
vt 0.802855 0.062927
vt 0.791996 0.062927
vt 0.814920 0.062927
vt 0.827729 0.062927
vt 0.840788 0.062927
vt 0.853596 0.062926
vt 0.865662 0.062926
vt 0.876520 0.062926
vt 0.994909 0.686870
vt 0.985674 0.589668
vt 0.994909 0.589668
vt 0.974816 0.589668
vt 0.962750 0.589668
vt 0.949942 0.589668
vt 0.936882 0.589668
vt 0.924074 0.589668
vt 0.912009 0.589668
vt 0.901150 0.589668
vt 0.891916 0.589668
vt 0.869086 0.590717
vt 0.879944 0.590717
vt 0.944350 0.052324
vt 0.931291 0.052324
vt 0.918482 0.052324
vt 0.957159 0.052324
vt 0.969224 0.052324
vt 0.980082 0.052324
vt 0.989317 0.052324
vt 0.906417 0.052324
vt 0.895558 0.052323
vt 0.944350 0.052324
vt 0.957159 0.052324
vt 0.969224 0.052324
vt 0.906417 0.052323
vt 0.895558 0.052323
vt 0.969224 0.052324
vt 0.980083 0.052324
vt 0.989317 0.052324
vt 0.931291 0.052324
vt 0.693889 0.200559
vt 0.634121 0.127731
vt 0.634121 0.140791
vt 0.648922 0.091999
vt 0.751916 0.176523
vt 0.766716 0.127731
vt 0.706949 0.200559
vt 0.634121 0.140791
vt 0.931310 0.204911
vt 0.943319 0.218701
vt 0.930510 0.218701
vt 0.943589 0.204911
vt 0.919744 0.204911
vt 0.914314 0.193220
vt 0.442333 0.017339
vt 0.482047 0.065730
vt 0.477033 0.082258
vt 0.567463 0.469903
vt 0.589983 0.481593
vt 0.625220 0.456113
vt 0.411590 0.110791
vt 0.660433 0.484008
vt 0.990362 0.204911
vt 0.993147 0.193220
vt 0.999214 0.204911
vt 0.407732 0.058411
vt 0.992110 0.218701
vt 0.981252 0.218701
vt 0.985382 0.193220
vt 0.966108 0.193220
vt 0.433655 0.017339
vt 0.421734 0.007791
vt 0.432504 0.005649
vt 0.429167 0.032292
vt 0.425144 0.019032
vt 0.443484 0.005649
vt 0.440975 0.031129
vt 0.793745 0.173919
vt 0.454254 0.007791
vt 0.450844 0.019032
vt 0.983926 0.700660
vt 0.994909 0.686870
vt 0.985674 0.686870
vt 0.978946 0.712350
vt 0.992778 0.700660
vt 0.464398 0.011993
vt 0.458861 0.022353
vt 0.446821 0.032292
vt 0.973516 0.700660
vt 0.974816 0.686870
vt 0.969816 0.712350
vt 0.466076 0.027174
vt 0.457285 0.037885
vt 0.962750 0.686870
vt 0.961950 0.700660
vt 0.949942 0.686870
vt 0.948902 0.712350
vt 0.949672 0.700660
vt 0.487393 0.034988
vt 0.461501 0.042101
vt 0.937152 0.700660
vt 0.936882 0.686869
vt 0.937922 0.712350
vt 0.924874 0.700660
vt 0.924074 0.686869
vt 0.927152 0.712350
vt 0.468257 0.058411
vt 0.913308 0.700659
vt 0.912009 0.686869
vt 0.482047 0.065730
vt 0.468257 0.064372
vt 0.480354 0.074241
vt 0.491595 0.077651
vt 0.795420 0.687919
vt 0.788316 0.701709
vt 0.786185 0.687919
vt 0.797168 0.701709
vt 0.794383 0.713399
vt 0.467094 0.070219
vt 0.806278 0.687919
vt 0.811278 0.713399
vt 0.807578 0.701709
vt 0.481293 0.096926
vt 0.461501 0.080683
vt 0.472212 0.089474
vt 0.819144 0.701709
vt 0.466076 0.095610
vt 0.473528 0.104690
vt 0.831422 0.701709
vt 0.464398 0.110791
vt 0.458861 0.100431
vt 0.457285 0.084898
vt 0.450844 0.103751
vt 0.454254 0.114993
vt 0.446821 0.090491
vt 0.857020 0.687919
vt 0.443484 0.117135
vt 0.440975 0.091654
vt 0.442333 0.105444
vt 0.433655 0.105444
vt 0.878196 0.701709
vt 0.879944 0.687919
vt 0.887048 0.701709
vt 0.889179 0.687919
vt 0.880980 0.713399
vt 0.417127 0.100431
vt 0.907878 0.712350
vt 0.402460 0.104690
vt 0.924874 0.700659
vt 0.394696 0.096926
vt 0.414488 0.080683
vt 0.398955 0.082258
vt 0.388595 0.087796
vt 0.949942 0.686870
vt 0.948902 0.712350
vt 0.384393 0.077651
vt 0.382251 0.066882
vt 0.407732 0.064372
vt 0.393942 0.065731
vt 0.393942 0.057053
vt 0.983926 0.700660
vt 0.384393 0.045132
vt 0.408895 0.052565
vt 0.395635 0.048542
vt 0.992778 0.700660
vt 0.986710 0.712350
vt 0.398955 0.040525
vt 0.388595 0.034988
vt 0.403776 0.033310
vt 0.394696 0.025858
vt 0.414488 0.042101
vt 0.409912 0.027174
vt 0.402460 0.018093
vt 0.423660 0.034573
vt 0.417127 0.022353
vt 0.477033 0.040525
vt 0.481292 0.025857
vt 0.487393 0.034987
vt 0.464812 0.047057
vt 0.472212 0.033310
vt 0.480354 0.048542
vt 0.491595 0.045132
vt 0.482047 0.057053
vt 0.493737 0.055901
vt 0.468257 0.058411
vt 0.978333 0.163316
vt 0.989316 0.149526
vt 0.980082 0.149526
vt 0.987185 0.163316
vt 0.493737 0.066881
vt 0.468257 0.064372
vt 0.482047 0.065730
vt 0.969223 0.149526
vt 0.964224 0.175006
vt 0.480354 0.074241
vt 0.491595 0.077651
vt 0.467094 0.070219
vt 0.956358 0.163315
vt 0.487393 0.087795
vt 0.464813 0.075726
vt 0.477033 0.082258
vt 0.943310 0.175006
vt 0.481293 0.096925
vt 0.472212 0.089473
vt 0.932329 0.175006
vt 0.466076 0.095609
vt 0.473529 0.104690
vt 0.461501 0.080683
vt 0.919281 0.163315
vt 0.918481 0.149525
vt 0.921560 0.175006
vt 0.458861 0.100430
vt 0.464399 0.110790
vt 0.452329 0.088210
vt 0.911415 0.175006
vt 0.454254 0.114992
vt 0.446822 0.090491
vt 0.450844 0.103751
vt 0.902285 0.175005
vt 0.442333 0.105444
vt 0.443485 0.117135
vt 0.432504 0.117135
vt 0.433656 0.105444
vt 0.440975 0.091654
vt 0.421735 0.114993
vt 0.425145 0.103751
vt 0.435014 0.091654
vt 0.956358 0.163315
vt 0.954079 0.175006
vt 0.417128 0.100431
vt 0.411590 0.110791
vt 0.429167 0.090491
vt 0.409913 0.095610
vt 0.402460 0.104691
vt 0.418703 0.084898
vt 0.394696 0.096926
vt 0.403777 0.089474
vt 0.398955 0.082259
vt 0.388595 0.087796
vt 0.411176 0.075727
vt 0.384393 0.077652
vt 0.395635 0.074242
vt 0.897306 0.163315
vt 0.393942 0.065731
vt 0.382251 0.066882
vt 0.408895 0.070219
vt 0.978333 0.163316
vt 0.382251 0.055902
vt 0.407732 0.058411
vt 0.393942 0.057053
vt 0.395634 0.048542
vt 0.384393 0.045133
vt 0.954079 0.175006
vt 0.388595 0.034988
vt 0.411176 0.047057
vt 0.398955 0.040525
vt 0.403776 0.033310
vt 0.394695 0.025858
vt 0.409912 0.027174
vt 0.402460 0.018094
vt 0.418703 0.037885
vt 0.411589 0.011993
vt 0.423659 0.034574
vt 0.417127 0.022353
vt 0.911415 0.175006
vt 0.421734 0.007791
vt 0.425144 0.019032
vt 0.433655 0.017339
vt 0.432503 0.005649
vt 0.435013 0.031129
vt 0.981118 0.175006
vt 0.443484 0.005649
vt 0.442333 0.017339
vt 0.964224 0.175006
vt 0.454253 0.007791
vt 0.446821 0.032292
vt 0.450843 0.019032
vt 0.464398 0.011993
vt 0.452329 0.034573
vt 0.458861 0.022353
vt 0.466076 0.027174
vt 0.473528 0.018093
vt 0.457285 0.037885
vt 0.930510 0.315902
vt 0.943319 0.315902
vt 0.747463 0.458528
vt 0.981252 0.315902
vt 0.992110 0.315902
vt 0.985675 0.589668
vt 0.994909 0.589668
vt 0.974816 0.589668
vt 0.962751 0.589668
vt 0.949942 0.589668
vt 0.936883 0.589668
vt 0.924074 0.589668
vt 0.912009 0.589668
vt 0.901150 0.589668
vt 0.891916 0.589668
vt 0.806279 0.590717
vt 0.795420 0.590717
vt 0.844212 0.590717
vt 0.857020 0.590717
vt 0.891915 0.686869
vt 0.949942 0.589668
vt 0.440975 0.031129
vt 0.461500 0.042100
vt 0.980083 0.052324
vt 0.969224 0.052324
vt 0.918482 0.052324
vt 0.969224 0.052324
vt 0.693889 0.200559
vt 0.759171 0.165665
vt 0.669015 0.193013
vt 0.641667 0.102857
vt 0.658157 0.185758
vt 0.648922 0.091999
vt 0.742681 0.082764
vt 0.675910 0.255969
vt 0.663902 0.242179
vt 0.663101 0.255969
vt 0.676180 0.242179
vt 0.666180 0.230489
vt 0.411590 0.011993
vt 0.409912 0.027174
vt 0.402460 0.018093
vt 0.417127 0.022353
vt 0.418703 0.037885
vt 0.651036 0.255969
vt 0.652335 0.242179
vt 0.656036 0.230488
vt 0.403776 0.033310
vt 0.394696 0.025858
vt 0.641926 0.242179
vt 0.640177 0.255969
vt 0.646906 0.230488
vt 0.398955 0.040525
vt 0.388595 0.034988
vt 0.411176 0.047057
vt 0.890669 0.427605
vt 0.901652 0.441395
vt 0.899903 0.427605
vt 0.892799 0.441395
vt 0.906631 0.453085
vt 0.384393 0.045132
vt 0.395635 0.048542
vt 0.408895 0.052565
vt 0.912061 0.441395
vt 0.910762 0.427605
vt 0.915761 0.453085
vt 0.393942 0.057053
vt 0.382251 0.055902
vt 0.407732 0.058411
vt 0.922827 0.427605
vt 0.923627 0.441395
vt 0.925906 0.453085
vt 0.382251 0.066882
vt 0.407732 0.064372
vt 0.935906 0.441395
vt 0.935636 0.427605
vt 0.936675 0.453086
vt 0.395635 0.074241
vt 0.384393 0.077651
vt 0.948425 0.441395
vt 0.948695 0.427605
vt 0.947655 0.453086
vt 0.388595 0.087796
vt 0.411176 0.075726
vt 0.960704 0.441396
vt 0.961504 0.427606
vt 0.958425 0.453086
vt 0.403776 0.089474
vt 0.394696 0.096926
vt 0.972270 0.441396
vt 0.973569 0.427606
vt 0.968570 0.453086
vt 0.409912 0.095610
vt 0.418703 0.084898
vt 0.982679 0.441396
vt 0.984428 0.427606
vt 0.977699 0.453086
vt 0.996363 0.557987
vt 0.985380 0.571777
vt 0.987129 0.557987
vt 0.988165 0.583467
vt 0.980401 0.583467
vt 0.421734 0.114993
vt 0.425144 0.103751
vt 0.429167 0.090491
vt 0.974971 0.571777
vt 0.976270 0.557987
vt 0.971271 0.583467
vt 0.433655 0.105444
vt 0.432504 0.117135
vt 0.963405 0.571777
vt 0.964205 0.557987
vt 0.961126 0.583467
vt 0.442333 0.105444
vt 0.951126 0.571777
vt 0.951396 0.557987
vt 0.950357 0.583467
vt 0.454254 0.114993
vt 0.450844 0.103751
vt 0.938607 0.571777
vt 0.938337 0.557987
vt 0.939376 0.583467
vt 0.458861 0.100431
vt 0.452329 0.088210
vt 0.926328 0.571777
vt 0.925528 0.557987
vt 0.928607 0.583467
vt 0.473528 0.104690
vt 0.457285 0.084898
vt 0.914762 0.571777
vt 0.913463 0.557987
vt 0.918462 0.583467
vt 0.481293 0.096926
vt 0.472212 0.089474
vt 0.461501 0.080683
vt 0.904353 0.571777
vt 0.902605 0.557987
vt 0.909333 0.583467
vt 0.477033 0.082258
vt 0.893370 0.557987
vt 0.895501 0.571777
vt 0.901568 0.583467
vt 0.480354 0.074241
vt 0.467094 0.070219
vt 0.598595 0.328687
vt 0.607706 0.342477
vt 0.597296 0.342477
vt 0.602726 0.354167
vt 0.593596 0.354167
vt 0.482047 0.065731
vt 0.468257 0.064372
vt 0.585730 0.342477
vt 0.586530 0.328687
vt 0.583452 0.354167
vt 0.493737 0.055901
vt 0.468257 0.058411
vt 0.573722 0.328687
vt 0.573451 0.342477
vt 0.572682 0.354167
vt 0.480354 0.048542
vt 0.467094 0.052564
vt 0.560662 0.328687
vt 0.560932 0.342477
vt 0.561702 0.354167
vt 0.487393 0.034987
vt 0.477033 0.040525
vt 0.464812 0.047057
vt 0.547854 0.328687
vt 0.548654 0.342477
vt 0.550932 0.354167
vt 0.472212 0.033310
vt 0.481293 0.025858
vt 0.461501 0.042101
vt 0.535788 0.328687
vt 0.537088 0.342477
vt 0.540788 0.354167
vt 0.473528 0.018093
vt 0.466076 0.027174
vt 0.457285 0.037885
vt 0.526678 0.342477
vt 0.524930 0.328687
vt 0.531658 0.354167
vt 0.464398 0.011993
vt 0.458861 0.022353
vt 0.452329 0.034573
vt 0.724702 0.255969
vt 0.731806 0.242180
vt 0.722953 0.242179
vt 0.725738 0.230489
vt 0.717974 0.230489
vt 0.454254 0.007791
vt 0.450844 0.019032
vt 0.446821 0.032292
vt 0.713843 0.255969
vt 0.712544 0.242179
vt 0.708844 0.230489
vt 0.442333 0.017339
vt 0.443484 0.005649
vt 0.440975 0.031129
vt 0.700978 0.242179
vt 0.701778 0.255969
vt 0.698699 0.230489
vt 0.433655 0.017339
vt 0.432504 0.005649
vt 0.435014 0.031129
vt 0.688699 0.242179
vt 0.688969 0.255969
vt 0.687930 0.230489
vt 0.421734 0.007791
vt 0.429167 0.032292
vt 0.676950 0.230489
vt 0.837354 0.291394
vt 0.825345 0.305184
vt 0.824545 0.291394
vt 0.838393 0.316874
vt 0.827624 0.316874
vt 0.388595 0.034987
vt 0.403776 0.033310
vt 0.398955 0.040525
vt 0.414488 0.042100
vt 0.411176 0.047057
vt 0.813779 0.305184
vt 0.812480 0.291394
vt 0.817479 0.316874
vt 0.395635 0.048542
vt 0.384393 0.045132
vt 0.408895 0.052564
vt 0.801621 0.291394
vt 0.803370 0.305184
vt 0.808349 0.316874
vt 0.393942 0.057053
vt 0.407732 0.058411
vt 0.792387 0.291394
vt 0.794518 0.305184
vt 0.870250 0.438295
vt 0.856419 0.449985
vt 0.861398 0.438295
vt 0.382251 0.066882
vt 0.393942 0.065730
vt 0.407732 0.064372
vt 0.863147 0.424505
vt 0.850989 0.438295
vt 0.852288 0.424505
vt 0.847289 0.449985
vt 0.395634 0.074241
vt 0.384393 0.077651
vt 0.408895 0.070219
vt 0.839423 0.438295
vt 0.840223 0.424505
vt 0.837144 0.449985
vt 0.388595 0.087796
vt 0.398955 0.082258
vt 0.411176 0.075726
vt 0.827144 0.438295
vt 0.827414 0.424505
vt 0.826375 0.449985
vt 0.394696 0.096926
vt 0.403776 0.089474
vt 0.414488 0.080683
vt 0.814355 0.424505
vt 0.814625 0.438295
vt 0.815394 0.449985
vt 0.402460 0.104690
vt 0.409912 0.095610
vt 0.418703 0.084898
vt 0.802346 0.438295
vt 0.801546 0.424505
vt 0.804625 0.449985
vt 0.417127 0.100431
vt 0.411590 0.110791
vt 0.423659 0.088210
vt 0.790780 0.438295
vt 0.789481 0.424505
vt 0.794480 0.449985
vt 0.421734 0.114993
vt 0.425144 0.103751
vt 0.429167 0.090491
vt 0.780371 0.438295
vt 0.778622 0.424505
vt 0.785350 0.449985
vt 0.433655 0.105444
vt 0.432504 0.117135
vt 0.435013 0.091654
vt 0.879944 0.687919
vt 0.887048 0.701709
vt 0.880980 0.713399
vt 0.873216 0.713399
vt 0.443484 0.117135
vt 0.442333 0.105444
vt 0.440975 0.091654
vt 0.869086 0.687919
vt 0.867786 0.701709
vt 0.864086 0.713399
vt 0.450844 0.103751
vt 0.454254 0.114993
vt 0.446821 0.090491
vt 0.857020 0.687919
vt 0.856220 0.701709
vt 0.853942 0.713399
vt 0.464398 0.110791
vt 0.844212 0.687919
vt 0.843942 0.701709
vt 0.843172 0.713399
vt 0.473528 0.104690
vt 0.457285 0.084898
vt 0.831422 0.701709
vt 0.481293 0.096926
vt 0.472212 0.089474
vt 0.461501 0.080683
vt 0.819144 0.701709
vt 0.818344 0.687919
vt 0.821422 0.713399
vt 0.487393 0.087796
vt 0.477033 0.082259
vt 0.464812 0.075727
vt 0.807578 0.701709
vt 0.806278 0.687919
vt 0.811278 0.713399
vt 0.480354 0.074241
vt 0.491595 0.077651
vt 0.467094 0.070219
vt 0.795420 0.687919
vt 0.797168 0.701709
vt 0.802148 0.713399
vt 0.493737 0.066882
vt 0.482047 0.065731
vt 0.468257 0.064372
vt 0.788316 0.701709
vt 0.786185 0.687919
vt 0.794384 0.713399
vt 0.493737 0.055902
vt 0.482047 0.057053
vt 0.468257 0.058411
vt 0.984429 0.427605
vt 0.972271 0.441395
vt 0.973570 0.427605
vt 0.977701 0.453086
vt 0.968571 0.453086
vt 0.480354 0.048542
vt 0.491595 0.045132
vt 0.467094 0.052564
vt 0.961505 0.427605
vt 0.960705 0.441395
vt 0.958426 0.453086
vt 0.477033 0.040525
vt 0.487393 0.034988
vt 0.464812 0.047057
vt 0.948696 0.427605
vt 0.948426 0.441395
vt 0.947657 0.453086
vt 0.481293 0.025858
vt 0.472212 0.033310
vt 0.461501 0.042100
vt 0.935907 0.441395
vt 0.935637 0.427605
vt 0.936676 0.453086
vt 0.466076 0.027174
vt 0.473528 0.018093
vt 0.457285 0.037885
vt 0.923628 0.441395
vt 0.922828 0.427605
vt 0.925907 0.453086
vt 0.458861 0.022353
vt 0.464398 0.011993
vt 0.910763 0.427605
vt 0.912062 0.441395
vt 0.915762 0.453086
vt 0.450844 0.019032
vt 0.454254 0.007791
vt 0.446821 0.032292
vt 0.899904 0.427605
vt 0.901653 0.441395
vt 0.906632 0.453086
vt 0.442333 0.017339
vt 0.892800 0.441395
vt 0.890670 0.427605
vt 0.898868 0.453086
vt 0.433655 0.017339
vt 0.886146 0.291394
vt 0.873988 0.305184
vt 0.875287 0.291394
vt 0.879418 0.316874
vt 0.870288 0.316874
vt 0.425145 0.019032
vt 0.429167 0.032292
vt 0.862422 0.305184
vt 0.863222 0.291394
vt 0.860143 0.316874
vt 0.417127 0.022353
vt 0.411590 0.011993
vt 0.423659 0.034573
vt 0.850143 0.305184
vt 0.850413 0.291394
vt 0.849374 0.316874
vt 0.409912 0.027174
vt 0.418703 0.037885
vt 0.837624 0.305184
vt 0.394696 0.025858
vt 0.931290 0.149525
vt 0.919282 0.163315
vt 0.918482 0.149525
vt 0.931560 0.163315
vt 0.921560 0.175006
vt 0.472212 0.033310
vt 0.906416 0.149525
vt 0.907716 0.163315
vt 0.911416 0.175006
vt 0.464398 0.011993
vt 0.458860 0.022353
vt 0.895558 0.149525
vt 0.897306 0.163315
vt 0.902286 0.175006
vt 0.450843 0.019032
vt 0.446821 0.032292
vt 0.989317 0.149525
vt 0.978334 0.163315
vt 0.980082 0.149525
vt 0.987186 0.163315
vt 0.973354 0.175006
vt 0.442333 0.017339
vt 0.967924 0.163315
vt 0.969224 0.149525
vt 0.964224 0.175006
vt 0.432503 0.005649
vt 0.435013 0.031129
vt 0.957158 0.149525
vt 0.956358 0.163315
vt 0.954080 0.175006
vt 0.421734 0.007791
vt 0.425144 0.019032
vt 0.429167 0.032292
vt 0.944080 0.163315
vt 0.944350 0.149525
vt 0.943310 0.175006
vt 0.417127 0.022353
vt 0.423659 0.034574
vt 0.932330 0.175006
vt 0.402460 0.018094
vt 0.418703 0.037885
vt 0.921560 0.175006
vt 0.403776 0.033310
vt 0.394695 0.025858
vt 0.414488 0.042101
vt 0.906416 0.149525
vt 0.907716 0.163315
vt 0.388595 0.034988
vt 0.398955 0.040525
vt 0.411176 0.047057
vt 0.395634 0.048542
vt 0.408895 0.052565
vt 0.980083 0.149525
vt 0.987187 0.163314
vt 0.978334 0.163315
vt 0.981120 0.175006
vt 0.973355 0.175006
vt 0.382251 0.055902
vt 0.407732 0.058411
vt 0.967925 0.163315
vt 0.969224 0.149525
vt 0.964225 0.175006
vt 0.393942 0.065731
vt 0.382251 0.066882
vt 0.407732 0.064372
vt 0.956359 0.163315
vt 0.957159 0.149525
vt 0.954081 0.175006
vt 0.395635 0.074242
vt 0.384393 0.077652
vt 0.408895 0.070219
vt 0.944080 0.163315
vt 0.944350 0.149525
vt 0.943311 0.175006
vt 0.388595 0.087796
vt 0.411176 0.075727
vt 0.931291 0.149525
vt 0.931561 0.163315
vt 0.932331 0.175006
vt 0.394696 0.096926
vt 0.414488 0.080683
vt 0.919283 0.163316
vt 0.918482 0.149526
vt 0.921561 0.175006
vt 0.409912 0.095610
vt 0.402460 0.104691
vt 0.418703 0.084898
vt 0.907717 0.163316
vt 0.906417 0.149526
vt 0.911417 0.175007
vt 0.423660 0.088210
vt 0.895558 0.149526
vt 0.897307 0.163316
vt 0.902287 0.175007
vt 0.421735 0.114993
vt 0.989317 0.149525
vt 0.978334 0.163315
vt 0.981119 0.175006
vt 0.973354 0.175006
vt 0.432504 0.117135
vt 0.435014 0.091654
vt 0.967924 0.163315
vt 0.957158 0.149525
vt 0.454254 0.114992
vt 0.446822 0.090491
vt 0.464399 0.110790
vt 0.466076 0.095609
vt 0.457286 0.084898
vt 0.472212 0.089473
vt 0.461501 0.080683
vt 0.477033 0.082258
vt 0.487393 0.087795
vt 0.480354 0.074241
vt 0.491595 0.077651
vt 0.493737 0.066881
vt 0.482047 0.065730
vt 0.468257 0.064372
vt 0.482047 0.057053
vt 0.493737 0.055901
vt 0.468257 0.058411
vt 0.956358 0.163315
vt 0.954080 0.175006
vt 0.491595 0.045132
vt 0.467094 0.052564
vt 0.943310 0.175006
vt 0.477033 0.040525
vt 0.487393 0.034987
vt 0.461500 0.042100
vt 0.663101 0.353171
vt 0.675909 0.353171
vt 0.688969 0.353171
vt 0.651035 0.353171
vt 0.640177 0.353171
vt 0.899905 0.330403
vt 0.890670 0.330403
vt 0.910763 0.330403
vt 0.922829 0.330403
vt 0.935637 0.330403
vt 0.948697 0.330404
vt 0.961505 0.330404
vt 0.973571 0.330404
vt 0.984429 0.330404
vt 0.993662 0.427606
vt 0.993664 0.330404
vt 0.987129 0.460785
vt 0.976270 0.460785
vt 0.964205 0.460785
vt 0.951396 0.460785
vt 0.938337 0.460785
vt 0.925528 0.460785
vt 0.913463 0.460785
vt 0.902604 0.460785
vt 0.893370 0.460785
vt 0.609454 0.328687
vt 0.598595 0.231485
vt 0.609454 0.231485
vt 0.586530 0.231485
vt 0.573722 0.231485
vt 0.560662 0.231485
vt 0.547854 0.231485
vt 0.535788 0.231485
vt 0.524930 0.231485
vt 0.515695 0.231485
vt 0.713843 0.353171
vt 0.724701 0.353171
vt 0.701777 0.353171
vt 0.824545 0.194192
vt 0.837354 0.194192
vt 0.850413 0.194192
vt 0.812480 0.194192
vt 0.801621 0.194192
vt 0.872381 0.424505
vt 0.863147 0.327303
vt 0.872381 0.327303
vt 0.852288 0.327303
vt 0.840223 0.327303
vt 0.827414 0.327303
vt 0.814355 0.327303
vt 0.801546 0.327303
vt 0.789481 0.327303
vt 0.778622 0.327303
vt 0.769388 0.327303
vt 0.869086 0.590717
vt 0.879944 0.590717
vt 0.857020 0.590717
vt 0.844212 0.590717
vt 0.831152 0.590717
vt 0.818344 0.590717
vt 0.806278 0.590717
vt 0.795420 0.590717
vt 0.993663 0.427605
vt 0.984429 0.330403
vt 0.993663 0.330403
vt 0.973570 0.330403
vt 0.961505 0.330403
vt 0.948696 0.330403
vt 0.935637 0.330403
vt 0.922828 0.330403
vt 0.910763 0.330403
vt 0.899904 0.330403
vt 0.890670 0.330403
vt 0.875287 0.194192
vt 0.886146 0.194192
vt 0.863222 0.194192
vt 0.918482 0.052323
vt 0.931290 0.052323
vt 0.944350 0.052323
vt 0.906416 0.052323
vt 0.895558 0.052323
vt 0.980082 0.052323
vt 0.989317 0.052323
vt 0.969224 0.052323
vt 0.957158 0.052323
vt 0.906416 0.052323
vt 0.989317 0.149525
vt 0.980081 0.052323
vt 0.989316 0.052323
vt 0.969223 0.052323
vt 0.957157 0.052323
vt 0.944349 0.052323
vt 0.931289 0.052324
vt 0.918481 0.052324
vt 0.906416 0.052324
vt 0.895557 0.052324
vt 0.989317 0.052323
vt 0.957158 0.052323
vt 0.658157 0.185758
vt 0.742681 0.082765
vt 0.648922 0.091999
vt 0.742681 0.082764
vt 0.751916 0.176523
vt 0.994233 0.571777
vt 0.402460 0.104690
vt 0.652335 0.242179
vt 0.640177 0.255969
vt 0.651036 0.255969
vt 0.641926 0.242179
vt 0.663902 0.242179
vt 0.666180 0.230488
vt 0.675910 0.255969
vt 0.688699 0.242179
vt 0.700978 0.242179
vt 0.713843 0.255969
vt 0.708844 0.230489
vt 0.722953 0.242179
vt 0.724702 0.255969
vt 0.717974 0.230489
vt 0.731806 0.242179
vt 0.733936 0.255969
vt 0.843941 0.701709
vt 0.831152 0.687919
vt 0.844212 0.687919
vt 0.832192 0.713399
vt 0.831422 0.701709
vt 0.425144 0.103751
vt 0.421734 0.114993
vt 0.417128 0.100431
vt 0.856220 0.701709
vt 0.857020 0.687919
vt 0.853942 0.713399
vt 0.409912 0.095610
vt 0.418703 0.084898
vt 0.867786 0.701709
vt 0.869086 0.687919
vt 0.394696 0.096926
vt 0.878196 0.701709
vt 0.879944 0.687919
vt 0.864086 0.713399
vt 0.398955 0.082258
vt 0.414488 0.080683
vt 0.880980 0.713399
vt 0.395634 0.074241
vt 0.384393 0.077651
vt 0.408895 0.070219
vt 0.799184 0.557536
vt 0.790074 0.571326
vt 0.788326 0.557536
vt 0.800484 0.571326
vt 0.795054 0.583017
vt 0.382251 0.066882
vt 0.393942 0.065730
vt 0.811250 0.557536
vt 0.812050 0.571326
vt 0.804184 0.583017
vt 0.393942 0.057053
vt 0.382251 0.055902
vt 0.407732 0.064372
vt 0.824328 0.571326
vt 0.824058 0.557537
vt 0.825098 0.583017
vt 0.395635 0.048542
vt 0.384393 0.045132
vt 0.836848 0.571327
vt 0.837118 0.557537
vt 0.398955 0.040525
vt 0.849126 0.571327
vt 0.849926 0.557537
vt 0.836078 0.583017
vt 0.403776 0.033310
vt 0.394696 0.025858
vt 0.411176 0.047057
vt 0.861992 0.557537
vt 0.856992 0.583017
vt 0.860692 0.571327
vt 0.402460 0.018093
vt 0.414488 0.042101
vt 0.872850 0.557537
vt 0.871102 0.571327
vt 0.418703 0.037885
vt 0.603495 0.208598
vt 0.614478 0.194808
vt 0.605244 0.194808
vt 0.606280 0.220288
vt 0.612347 0.208598
vt 0.425144 0.019032
vt 0.421734 0.007791
vt 0.423659 0.034573
vt 0.593086 0.208598
vt 0.594385 0.194808
vt 0.589386 0.220288
vt 0.433655 0.017339
vt 0.582320 0.194808
vt 0.581520 0.208598
vt 0.440975 0.031129
vt 0.442333 0.017339
vt 0.569241 0.208598
vt 0.569511 0.194808
vt 0.568472 0.220288
vt 0.450844 0.019032
vt 0.454254 0.007791
vt 0.556452 0.194808
vt 0.556722 0.208598
vt 0.464398 0.011993
vt 0.458861 0.022353
vt 0.544443 0.208598
vt 0.543643 0.194808
vt 0.546722 0.220288
vt 0.466076 0.027174
vt 0.473528 0.018093
vt 0.452329 0.034573
vt 0.531578 0.194808
vt 0.532877 0.208598
vt 0.481293 0.025858
vt 0.472212 0.033310
vt 0.457285 0.037885
vt 0.520719 0.194808
vt 0.527447 0.220288
vt 0.522468 0.208598
vt 0.461501 0.042101
vt 0.906632 0.453086
vt 0.491595 0.045132
vt 0.480354 0.048542
vt 0.464812 0.047057
vt 0.915762 0.453086
vt 0.493737 0.055902
vt 0.467094 0.052565
vt 0.922828 0.427605
vt 0.925907 0.453086
vt 0.493737 0.066882
vt 0.468257 0.064372
vt 0.935637 0.427605
vt 0.936676 0.453086
vt 0.935907 0.441395
vt 0.491595 0.077651
vt 0.467094 0.070219
vt 0.948426 0.441395
vt 0.947657 0.453086
vt 0.487393 0.087796
vt 0.464812 0.075726
vt 0.477033 0.082258
vt 0.960704 0.441395
vt 0.961505 0.427605
vt 0.472212 0.089474
vt 0.481293 0.096926
vt 0.972271 0.441395
vt 0.973570 0.427605
vt 0.958426 0.453086
vt 0.466076 0.095610
vt 0.457285 0.084898
vt 0.982680 0.441395
vt 0.984428 0.427605
vt 0.977700 0.453086
vt 0.458861 0.100431
vt 0.797168 0.701709
vt 0.786185 0.687919
vt 0.795420 0.687919
vt 0.802148 0.713399
vt 0.788316 0.701709
vt 0.450844 0.103751
vt 0.446821 0.090491
vt 0.806278 0.687919
vt 0.811278 0.713399
vt 0.443484 0.117135
vt 0.440975 0.091654
vt 0.818344 0.687919
vt 0.819144 0.701709
vt 0.435013 0.091654
vt 0.433655 0.105444
vt 0.944080 0.163315
vt 0.931290 0.149525
vt 0.944350 0.149525
vt 0.943310 0.175006
vt 0.931560 0.163315
vt 0.403776 0.089473
vt 0.402460 0.104690
vt 0.394695 0.096926
vt 0.414487 0.080683
vt 0.409912 0.095609
vt 0.956358 0.163315
vt 0.957158 0.149525
vt 0.388595 0.087796
vt 0.398955 0.082258
vt 0.969223 0.149525
vt 0.964224 0.175006
vt 0.967924 0.163315
vt 0.384393 0.077651
vt 0.395634 0.074241
vt 0.411176 0.075726
vt 0.978333 0.163315
vt 0.980082 0.149525
vt 0.973354 0.175006
vt 0.382251 0.066881
vt 0.393942 0.065730
vt 0.408894 0.070219
vt 0.987186 0.163315
vt 0.989317 0.149525
vt 0.981119 0.175006
vt 0.393942 0.057053
vt 0.382251 0.055901
vt 0.407732 0.058411
vt 0.906416 0.149526
vt 0.897306 0.163315
vt 0.895558 0.149526
vt 0.911416 0.175006
vt 0.907716 0.163315
vt 0.395635 0.048542
vt 0.384393 0.045132
vt 0.408895 0.052564
vt 0.919282 0.163315
vt 0.918482 0.149526
vt 0.921560 0.175006
vt 0.398955 0.040525
vt 0.388595 0.034987
vt 0.411176 0.047057
vt 0.931290 0.149526
vt 0.932330 0.175006
vt 0.931560 0.163315
vt 0.403776 0.033310
vt 0.394696 0.025857
vt 0.944080 0.163315
vt 0.944350 0.149526
vt 0.409912 0.027174
vt 0.402460 0.018093
vt 0.414488 0.042100
vt 0.956358 0.163315
vt 0.957158 0.149525
vt 0.411590 0.011993
vt 0.417128 0.022353
vt 0.418703 0.037885
vt 0.967924 0.163315
vt 0.969224 0.149525
vt 0.421735 0.007791
vt 0.425145 0.019032
vt 0.423660 0.034573
vt 0.980082 0.149525
vt 0.978334 0.163315
vt 0.432504 0.005649
vt 0.433656 0.017339
vt 0.429167 0.032292
vt 0.987186 0.163315
vt 0.989317 0.149525
vt 0.981118 0.175006
vt 0.442333 0.017339
vt 0.443485 0.005649
vt 0.440975 0.031129
vt 0.907716 0.163315
vt 0.895558 0.149525
vt 0.906416 0.149525
vt 0.902286 0.175006
vt 0.897306 0.163315
vt 0.450844 0.019032
vt 0.454254 0.007791
vt 0.919282 0.163315
vt 0.918482 0.149525
vt 0.921560 0.175006
vt 0.458861 0.022353
vt 0.464399 0.011993
vt 0.452329 0.034574
vt 0.931290 0.149525
vt 0.473529 0.018094
vt 0.466076 0.027174
vt 0.944350 0.149525
vt 0.472212 0.033310
vt 0.481293 0.025858
vt 0.461501 0.042101
vt 0.487393 0.034988
vt 0.477033 0.040525
vt 0.969223 0.149525
vt 0.491595 0.045133
vt 0.480354 0.048543
vt 0.464812 0.047057
vt 0.978334 0.163315
vt 0.980082 0.149525
vt 0.493737 0.055902
vt 0.468257 0.058411
vt 0.482047 0.057053
vt 0.989317 0.149525
vt 0.493737 0.066882
vt 0.468257 0.064373
vt 0.482047 0.065731
vt 0.491595 0.077652
vt 0.467094 0.070219
vt 0.480354 0.074242
vt 0.919282 0.163315
vt 0.487393 0.087796
vt 0.477033 0.082259
vt 0.481292 0.096926
vt 0.472212 0.089474
vt 0.464812 0.075727
vt 0.944079 0.163315
vt 0.944350 0.149526
vt 0.466076 0.095610
vt 0.473528 0.104691
vt 0.457285 0.084898
vt 0.957158 0.149526
vt 0.954080 0.175006
vt 0.458860 0.100431
vt 0.464398 0.110791
vt 0.452329 0.088210
vt 0.967924 0.163315
vt 0.969223 0.149526
vt 0.450843 0.103751
vt 0.454253 0.114993
vt 0.980082 0.149526
vt 0.978334 0.163315
vt 0.443484 0.117135
vt 0.442332 0.105444
vt 0.446821 0.090491
vt 0.989317 0.149526
vt 0.973354 0.175006
vt 0.432503 0.117135
vt 0.435013 0.091654
vt 0.433655 0.105444
vt 0.895558 0.149525
vt 0.906416 0.149525
vt 0.425144 0.103751
vt 0.421734 0.114992
vt 0.429166 0.090491
vt 0.918482 0.149525
vt 0.417127 0.100431
vt 0.411589 0.110790
vt 0.423659 0.088210
vt 0.640177 0.353170
vt 0.675909 0.353171
vt 0.688969 0.353171
vt 0.713843 0.353171
vt 0.515695 0.328687
vt 0.429167 0.090491
vt 0.844212 0.590717
vt 0.831152 0.590717
vt 0.818344 0.590717
vt 0.857020 0.590717
vt 0.869086 0.590717
vt 0.788326 0.460335
vt 0.779091 0.557536
vt 0.779091 0.460335
vt 0.799184 0.460335
vt 0.811250 0.460335
vt 0.824058 0.460335
vt 0.837118 0.460335
vt 0.849926 0.460335
vt 0.861992 0.460335
vt 0.872850 0.460335
vt 0.882085 0.557537
vt 0.594385 0.097606
vt 0.605244 0.097606
vt 0.582320 0.097606
vt 0.569511 0.097606
vt 0.556452 0.097606
vt 0.543643 0.097606
vt 0.531578 0.097606
vt 0.520719 0.097606
vt 0.922828 0.330403
vt 0.935637 0.330403
vt 0.961505 0.330403
vt 0.984428 0.330403
vt 0.806278 0.590717
vt 0.795420 0.590717
vt 0.461500 0.080683
vt 0.440974 0.091654
vt 0.418703 0.084898
vt 0.944350 0.052324
vt 0.931290 0.052324
vt 0.918482 0.052324
vt 0.957158 0.052324
vt 0.969223 0.052324
vt 0.980082 0.052324
vt 0.989317 0.052324
vt 0.906416 0.052324
vt 0.895558 0.052324
vt 0.931290 0.052324
vt 0.944350 0.052324
vt 0.969224 0.052324
vt 0.980082 0.052324
vt 0.989317 0.052324
vt 0.681081 0.198011
vt 0.658157 0.185758
vt 0.648922 0.176523
vt 0.641667 0.165665
vt 0.636669 0.153599
vt 0.636669 0.114923
vt 0.641667 0.102857
vt 0.648922 0.091999
vt 0.658157 0.082764
vt 0.669015 0.075509
vt 0.681081 0.070511
vt 0.693889 0.067964
vt 0.719757 0.070511
vt 0.731823 0.075509
vt 0.742681 0.082764
vt 0.751916 0.091999
vt 0.759171 0.102857
vt 0.764169 0.114923
vt 0.766716 0.127731
vt 0.764169 0.153599
vt 0.751916 0.176523
vt 0.742681 0.185758
vt 0.731823 0.193013
vt 0.719757 0.198011
vt 0.731823 0.193013
vt 0.693889 0.200559
vt 0.719757 0.198011
vt 0.681081 0.198011
vt 0.641667 0.165665
vt 0.636669 0.153599
vt 0.634121 0.140791
vt 0.636669 0.114923
vt 0.669015 0.075509
vt 0.681081 0.070511
vt 0.719757 0.070511
vt 0.742681 0.082764
vt 0.751916 0.091999
vt 0.759171 0.102857
vt 0.764169 0.114923
vt 0.764169 0.153599
vt 0.759171 0.165665
vt 0.751916 0.176523
vt 0.658157 0.185758
vt 0.636669 0.153599
vt 0.648922 0.176523
vt 0.641667 0.165665
vt 0.634121 0.140791
vt 0.641667 0.102857
vt 0.634121 0.127731
vt 0.636669 0.114923
vt 0.648922 0.091999
vt 0.681081 0.070511
vt 0.658157 0.082764
vt 0.669015 0.075509
vt 0.693889 0.067964
vt 0.706949 0.067964
vt 0.719757 0.070511
vt 0.742681 0.082765
vt 0.764169 0.114923
vt 0.751916 0.091999
vt 0.759171 0.102858
vt 0.766716 0.127732
vt 0.766716 0.140791
vt 0.764169 0.153599
vt 0.751915 0.176523
vt 0.719757 0.198011
vt 0.742681 0.185758
vt 0.731822 0.193013
vt 0.706949 0.200559
vt 0.693889 0.200559
vt 0.681081 0.198011
vt 0.977701 0.453085
vt 0.914314 0.193220
vt 0.609257 0.481593
vt 0.902899 0.700660
vt 0.798725 0.185609
vt 0.887048 0.701709
vt 0.719757 0.070511
vt 0.759171 0.102857
vt 0.764169 0.153599
vt 0.759171 0.165665
vt 0.731823 0.193013
vt 0.641667 0.165665
vt 0.636669 0.153599
vt 0.636669 0.114923
vt 0.648922 0.091999
vt 0.658157 0.082765
vt 0.706949 0.067964
vt 0.719757 0.070511
vt 0.731823 0.075509
vt 0.751916 0.091999
vt 0.759171 0.102857
vt 0.764169 0.114923
vt 0.766716 0.127731
vt 0.764169 0.153599
vt 0.759171 0.165665
vt 0.742681 0.185758
vt 0.719757 0.198011
vt 0.681081 0.198011
vt 0.669015 0.193013
vt 0.658157 0.185758
vt 0.648922 0.176523
vt 0.636669 0.153599
vt 0.648922 0.091999
vt 0.636669 0.114923
vt 0.641667 0.102858
vt 0.669015 0.075509
vt 0.706949 0.067964
vt 0.719757 0.070511
vt 0.759171 0.102857
vt 0.766716 0.140791
vt 0.751916 0.176523
vt 0.764169 0.153599
vt 0.759171 0.165665
vt 0.742681 0.185758
vt 0.719757 0.198011
vt 0.669015 0.193013
vt 0.636669 0.153599
vt 0.976253 0.193220
vt 0.435013 0.031129
vt 0.986710 0.712350
vt 0.452329 0.034573
vt 0.959672 0.712350
vt 0.917008 0.712350
vt 0.802148 0.713399
vt 0.464812 0.075727
vt 0.452329 0.088210
vt 0.873216 0.713399
vt 0.418703 0.084898
vt 0.978946 0.712350
vt 0.902285 0.175005
vt 0.973354 0.175006
vt 0.954079 0.175006
vt 0.423660 0.088210
vt 0.408895 0.052565
vt 0.414488 0.042101
vt 0.658157 0.082764
vt 0.706949 0.200559
vt 0.693889 0.067964
vt 0.731823 0.075509
vt 0.742681 0.082765
vt 0.751916 0.091999
vt 0.764169 0.153599
vt 0.731823 0.193013
vt 0.681081 0.198011
vt 0.636669 0.114923
vt 0.751915 0.091999
vt 0.766716 0.127731
vt 0.759171 0.102857
vt 0.764169 0.114923
vt 0.766716 0.140791
vt 0.764169 0.153599
vt 0.759171 0.165665
vt 0.742681 0.185758
vt 0.706949 0.200559
vt 0.731823 0.193013
vt 0.719757 0.198011
vt 0.693889 0.200559
vt 0.681081 0.198011
vt 0.669015 0.193013
vt 0.648922 0.176523
vt 0.634121 0.140791
vt 0.641667 0.165665
vt 0.636669 0.153600
vt 0.634121 0.127732
vt 0.636669 0.114923
vt 0.641667 0.102858
vt 0.658157 0.082765
vt 0.693889 0.067964
vt 0.669015 0.075509
vt 0.681081 0.070511
vt 0.706949 0.067964
vt 0.719757 0.070511
vt 0.731822 0.075509
vt 0.898867 0.453085
vt 0.864183 0.449985
vt 0.884397 0.305184
vt 0.981118 0.175006
vt 0.987186 0.163315
vt 0.769388 0.424505
vt 0.719757 0.198011
vt 0.641667 0.165665
vt 0.669015 0.075509
vt 0.759171 0.102857
vt 0.751916 0.176523
vt 0.669015 0.193013
vt 0.742681 0.185758
vt 0.731823 0.193013
vt 0.681081 0.198011
vt 0.669015 0.193013
vt 0.634121 0.140791
vt 0.636669 0.114923
vt 0.658157 0.082765
vt 0.693889 0.067964
vt 0.669015 0.075509
vt 0.681081 0.070511
vt 0.759171 0.102857
vt 0.764169 0.114923
vt 0.759171 0.165665
vt 0.646906 0.230488
vt 0.676950 0.230489
vt 0.698700 0.230489
vt 0.843172 0.713399
vt 0.873216 0.713399
vt 0.411176 0.075726
vt 0.814328 0.583017
vt 0.407732 0.058411
vt 0.846848 0.583017
vt 0.866122 0.583017
vt 0.598516 0.220288
vt 0.429167 0.032292
vt 0.579241 0.220288
vt 0.557491 0.220288
vt 0.536577 0.220288
vt 0.898868 0.453086
vt 0.468257 0.058411
vt 0.968571 0.453086
vt 0.452329 0.088210
vt 0.794383 0.713399
vt 0.821422 0.713399
vt 0.954080 0.175006
vt 0.407732 0.064372
vt 0.973354 0.175006
vt 0.435014 0.031129
vt 0.911416 0.175006
vt 0.446822 0.032292
vt 0.932330 0.175006
vt 0.457286 0.037885
vt 0.467094 0.052565
vt 0.943310 0.175006
vt 0.981118 0.175006
vt 0.724701 0.353171
vt 0.879944 0.590717
vt 0.882085 0.460335
vt 0.352309 -0.000000
vt 0.005881 1.000000
vt 0.005881 0.000000
vt 0.352309 -0.000000
vt 0.005881 1.000000
vt 0.005881 0.000000
vt 0.485865 0.852836
vt 0.448669 0.165822
vt 0.448669 0.862698
vt 0.356719 0.412874
vt 0.417917 0.996738
vt 0.356719 0.996738
vt 0.378537 0.097231
vt 0.360009 0.408669
vt 0.360009 0.097231
vt 0.529344 0.845978
vt 0.492030 0.144037
vt 0.503022 0.126261
vt 0.422327 0.221998
vt 0.436720 0.236342
vt 0.436720 0.967700
vt 0.448669 0.165822
vt 0.466827 0.137102
vt 0.436720 0.249318
vt 0.436720 0.980677
vt 0.422327 0.995021
vt 0.417917 0.412874
vt 0.356719 0.412874
vt 0.378537 0.408669
vt 0.492030 0.856270
vt 0.505538 0.994392
vt 0.440979 0.867050
vt 0.505539 0.867050
vt 0.412026 0.379044
vt 0.381206 0.358391
vt 0.412026 0.345721
vt 0.505539 0.994392
vt 0.384062 0.367680
vt 0.415043 0.388441
vt 0.384062 0.409201
vt 0.352309 1.000000
vt 0.352309 1.000000
vt 0.466827 0.137102
vt 0.417917 0.412874
vt 0.378537 0.408669
vt 0.436720 0.995021
vt 0.436720 0.221998
vt 0.436720 0.995021
vt 0.378537 0.097231
vt 0.440979 0.994392
s 0
f 2899/1555/1150 2892/1556/1150 2895/1557/1150
f 2900/1558/1151 2896/1559/1151 2891/1560/1151
f 2898/1561/1152 2891/1562/1152 2892/1563/1152
f 2895/1557/1150 2894/1564/1150 2899/1555/1150
f 2899/1555/1150 2898/1565/1150 2892/1556/1150
f 2891/1560/1151 2897/1566/1151 2900/1558/1151
f 2900/1558/1151 2893/1567/1151 2896/1559/1151
f 2898/1561/1152 2897/1568/1152 2891/1562/1152
s 1
f 2908/1569/1153 2916/1570/1154 2924/1571/1155
f 2960/1572/1156 2964/1573/1157 2948/1574/1154
f 2980/1575/1154 2988/1576/1155 2996/1577/1157
f 2998/1578/1158 3006/1579/1159 3003/1580/1160
f 3001/1581/1161 3005/1582/1162 3006/1579/1159
f 3000/1583/1163 3004/1584/1164 3005/1585/1162
f 2999/1586/1165 3002/1587/1166 3004/1584/1164
f 3003/1580/1160 3011/1588/1167 3008/1589/1168
f 3011/1588/1167 3005/1582/1162 3010/1590/1169
f 3010/1591/1169 3004/1584/1164 3009/1592/1170
f 3004/1584/1164 3007/1593/1171 3009/1592/1170
f 3008/1589/1168 3016/1594/1172 3013/1595/1173
f 3011/1588/1167 3015/1596/1174 3016/1594/1172
f 3015/1597/1174 3009/1592/1170 3014/1598/1175
f 3009/1592/1170 3012/1599/1176 3014/1598/1175
f 3013/1595/1173 3021/1600/1177 3018/1601/1178
f 3016/1594/1172 3020/1602/1179 3021/1600/1177
f 3020/1603/1179 3014/1598/1175 3019/1604/1180
f 3014/1598/1175 3017/1605/1181 3019/1604/1180
f 3023/1606/1182 3021/1600/1177 3026/1607/1183
f 3021/1600/1177 3025/1608/1184 3026/1607/1183
f 3020/1603/1179 3024/1609/1185 3025/1610/1184
f 3019/1604/1180 3022/1611/1186 3024/1609/1185
f 3023/1612/1182 3031/1613/1187 3028/1614/1188
f 3026/1615/1183 3030/1616/1189 3031/1613/1187
f 3025/1610/1184 3029/1617/1190 3030/1618/1189
f 3024/1609/1185 3027/1619/1191 3029/1617/1190
f 3028/1614/1188 3036/1620/1192 3033/1621/1193
f 3031/1613/1187 3035/1622/1194 3036/1620/1192
f 3030/1618/1189 3034/1623/1195 3035/1624/1194
f 3029/1617/1190 3032/1625/1196 3034/1623/1195
f 3038/1626/1197 3036/1620/1192 3041/1627/1198
f 3041/1627/1198 3035/1622/1194 3040/1628/1199
f 3040/1629/1199 3034/1623/1195 3039/1630/1200
f 3039/1630/1200 3032/1625/1196 3037/1631/1201
f 3038/1626/1202 3046/1632/1203 3043/1633/1204
f 3041/1627/1205 3045/1634/1206 3046/1632/1203
f 3040/1629/1207 3044/1635/1208 3045/1636/1206
f 3039/1630/1209 3042/1637/1210 3044/1635/1208
f 3043/1633/1204 3051/1638/1211 3048/1639/1212
f 3051/1638/1211 3045/1634/1206 3050/1640/1213
f 3050/1641/1213 3044/1635/1208 3049/1642/1214
f 3044/1635/1208 3047/1643/1215 3049/1642/1214
f 3048/1639/1212 3056/1644/1216 3053/1645/1217
f 3051/1638/1211 3055/1646/1218 3056/1644/1216
f 3050/1641/1213 3054/1647/1219 3055/1648/1218
f 3049/1642/1214 3052/1649/1220 3054/1647/1219
f 3053/1645/1217 3061/1650/1221 3058/1651/1222
f 3061/1650/1221 3055/1646/1218 3060/1652/1223
f 3055/1648/1218 3059/1653/1224 3060/1654/1223
f 3059/1653/1224 3052/1649/1220 3057/1655/1225
f 3058/1651/1222 3066/1656/1226 3063/1657/1227
f 3061/1650/1221 3065/1658/1228 3066/1656/1226
f 3060/1654/1223 3064/1659/1229 3065/1660/1228
f 3059/1653/1224 3062/1661/1230 3064/1659/1229
f 3068/1662/1231 3066/1663/1226 3071/1664/1232
f 3066/1663/1226 3070/1665/1233 3071/1664/1232
f 3070/1666/1233 3064/1659/1229 3069/1667/1234
f 3069/1667/1234 3062/1661/1230 3067/1668/1235
f 3073/1669/1236 3071/1664/1232 3076/1670/1237
f 3071/1664/1232 3075/1671/1238 3076/1670/1237
f 3070/1666/1233 3074/1672/1239 3075/1673/1238
f 3074/1672/1239 3067/1668/1235 3072/1674/1240
f 3073/1669/1236 3081/1675/1241 3078/1676/1242
f 3081/1675/1241 3075/1671/1238 3080/1677/1243
f 3075/1673/1238 3079/1678/1244 3080/1679/1243
f 3079/1678/1244 3072/1674/1240 3077/1680/1245
f 3078/1676/1242 3086/1681/1246 3083/1682/1247
f 3081/1675/1241 3085/1683/1248 3086/1681/1246
f 3080/1679/1243 3084/1684/1249 3085/1685/1248
f 3079/1678/1244 3082/1686/1250 3084/1684/1249
f 3088/1687/1251 3086/1681/1246 3091/1688/1252
f 3091/1688/1252 3085/1683/1248 3090/1689/1253
f 3090/1690/1253 3084/1684/1249 3089/1691/1254
f 3089/1691/1254 3082/1686/1250 3087/1692/1255
f 3088/1687/1251 3096/1693/1256 3093/1694/1257
f 3096/1693/1256 3090/1689/1253 3095/1695/1258
f 3090/1690/1253 3094/1696/1259 3095/1697/1258
f 3089/1691/1254 3092/1698/1260 3094/1696/1259
f 3093/1694/1257 3101/1699/1261 3098/1700/1262
f 3096/1693/1256 3100/1701/1263 3101/1699/1261
f 3100/1702/1263 3094/1696/1259 3099/1703/1264
f 3099/1703/1264 3092/1698/1260 3097/1704/1265
f 3103/1705/1266 3101/1706/1261 3106/1707/1267
f 3101/1699/1261 3105/1708/1268 3106/1709/1267
f 3100/1702/1263 3104/1710/1269 3105/1711/1268
f 3099/1703/1264 3102/1712/1270 3104/1710/1269
f 3103/1705/1266 3111/1713/1271 3108/1714/1272
f 3106/1707/1267 3110/1715/1273 3111/1713/1271
f 3105/1711/1268 3109/1716/1274 3110/1717/1273
f 3104/1710/1269 3107/1718/1275 3109/1716/1274
f 3113/1719/1276 3111/1713/1271 3116/1720/1277
f 3116/1720/1277 3110/1715/1273 3115/1721/1278
f 3115/1722/1278 3109/1716/1274 3114/1723/1279
f 3109/1716/1274 3112/1724/1280 3114/1723/1279
f 3118/1725/1281 3116/1720/1277 3121/1726/1282
f 3121/1726/1282 3115/1721/1278 3120/1727/1283
f 3120/1728/1283 3114/1723/1279 3119/1729/1284
f 3114/1723/1279 3117/1730/1285 3119/1729/1284
f 3118/1725/1286 3126/1731/1287 3123/1732/1288
f 3121/1726/1289 3125/1733/1290 3126/1731/1287
f 3120/1728/1291 3124/1734/1292 3125/1735/1290
f 3124/1734/1292 3117/1730/1285 3122/1736/1293
f 3123/1732/1288 3131/1737/1294 3128/1738/1295
f 3131/1737/1294 3125/1733/1290 3130/1739/1296
f 3130/1740/1296 3124/1734/1292 3129/1741/1297
f 3129/1741/1297 3122/1736/1293 3127/1742/1298
f 3128/1738/1295 3136/1743/1299 3133/1744/1300
f 3131/1737/1294 3135/1745/1301 3136/1743/1299
f 3130/1740/1296 3134/1746/1302 3135/1747/1301
f 3134/1746/1302 3127/1742/1298 3132/1748/1303
f 3133/1744/1300 3141/1749/1304 3138/1750/1305
f 3141/1749/1304 3135/1745/1301 3140/1751/1306
f 3140/1752/1306 3134/1746/1302 3139/1753/1307
f 3134/1746/1302 3137/1754/1308 3139/1753/1307
f 3143/1755/1309 3141/1756/1304 3146/1757/1310
f 3146/1758/1310 3140/1751/1306 3145/1759/1311
f 3140/1752/1306 3144/1760/1312 3145/1761/1311
f 3139/1753/1307 3142/1762/1313 3144/1760/1312
f 3143/1755/1309 3151/1763/1314 3148/1764/1315
f 3146/1757/1310 3150/1765/1316 3151/1763/1314
f 3150/1766/1316 3144/1760/1312 3149/1767/1317
f 3149/1767/1317 3142/1762/1313 3147/1768/1318
f 3153/1769/1319 3151/1763/1314 3156/1770/1320
f 3151/1763/1314 3155/1771/1321 3156/1770/1320
f 3150/1766/1316 3154/1772/1322 3155/1773/1321
f 3149/1767/1317 3152/1774/1323 3154/1772/1322
f 3153/1769/1319 3001/1581/1161 2998/1578/1158
f 3001/1581/1161 3155/1771/1321 3000/1775/1163
f 3155/1773/1321 2999/1586/1165 3000/1583/1163
f 3154/1772/1322 2997/1776/1324 2999/1586/1165
f 3158/1777/1158 3166/1778/1159 3163/1779/1160
f 3166/1778/1159 3160/1780/1163 3165/1781/1162
f 3165/1782/1162 3159/1783/1165 3164/1784/1164
f 3159/1783/1165 3162/1785/1325 3164/1784/1164
f 3163/1779/1160 3171/1786/1167 3168/1787/1168
f 3166/1778/1159 3170/1788/1169 3171/1786/1167
f 3165/1782/1162 3169/1789/1170 3170/1610/1169
f 3164/1784/1164 3167/1611/1171 3169/1789/1170
f 3173/1790/1173 3171/1786/1167 3176/1791/1172
f 3176/1791/1172 3170/1788/1169 3175/1792/1174
f 3175/1793/1174 3169/1789/1170 3174/1794/1175
f 3174/1794/1175 3167/1611/1171 3172/1795/1326
f 3173/1790/1173 3181/1796/1177 3178/1797/1178
f 3181/1796/1177 3175/1792/1174 3180/1798/1179
f 3180/1624/1179 3174/1794/1175 3179/1799/1327
f 3179/1799/1327 3172/1795/1326 3177/1800/1181
f 3183/1801/1182 3181/1796/1177 3186/1802/1183
f 3181/1796/1177 3185/1803/1184 3186/1802/1183
f 3180/1624/1179 3184/1804/1185 3185/1805/1184
f 3179/1799/1327 3182/1806/1328 3184/1804/1185
f 3183/1807/1182 3191/1808/1187 3188/1809/1188
f 3191/1808/1187 3185/1810/1184 3190/1811/1189
f 3190/1812/1189 3184/1804/1185 3189/1813/1190
f 3184/1804/1185 3187/1814/1191 3189/1813/1190
f 3193/1815/1193 3191/1808/1187 3196/1816/1192
f 3191/1808/1187 3195/1817/1194 3196/1816/1192
f 3195/1818/1194 3189/1813/1190 3194/1819/1195
f 3189/1813/1190 3192/1643/1196 3194/1819/1195
f 3198/1820/1329 3196/1816/1192 3201/1821/1330
f 3196/1816/1192 3200/1822/1331 3201/1821/1330
f 3200/1648/1331 3194/1819/1195 3199/1823/1332
f 3194/1819/1195 3197/1824/1201 3199/1823/1332
f 3198/1820/1329 3206/1825/1203 3203/1826/1204
f 3201/1821/1330 3205/1827/1206 3206/1825/1203
f 3200/1648/1331 3204/1828/1208 3205/1654/1206
f 3204/1828/1208 3197/1824/1201 3202/1829/1210
f 3203/1826/1204 3211/1830/1211 3208/1831/1212
f 3206/1825/1203 3210/1832/1213 3211/1830/1211
f 3205/1654/1206 3209/1833/1214 3210/1834/1213
f 3204/1828/1208 3207/1835/1215 3209/1833/1214
f 3213/1836/1217 3211/1830/1211 3216/1837/1216
f 3211/1830/1211 3215/1838/1218 3216/1837/1216
f 3210/1834/1213 3214/1839/1219 3215/1840/1218
f 3209/1833/1214 3212/1841/1333 3214/1839/1219
f 3218/1842/1222 3216/1837/1216 3221/1843/1221
f 3221/1843/1221 3215/1838/1218 3220/1844/1223
f 3220/1845/1223 3214/1839/1219 3219/1846/1224
f 3219/1846/1224 3212/1841/1333 3217/1847/1225
f 3223/1848/1227 3221/1843/1221 3226/1849/1226
f 3221/1843/1221 3225/1850/1228 3226/1849/1226
f 3225/1851/1228 3219/1846/1224 3224/1852/1229
f 3224/1852/1229 3217/1847/1225 3222/1853/1334
f 3223/1854/1227 3231/1855/1232 3228/1856/1231
f 3226/1857/1226 3230/1858/1233 3231/1855/1232
f 3225/1851/1228 3229/1684/1234 3230/1859/1233
f 3229/1684/1234 3222/1853/1334 3227/1860/1235
f 3233/1861/1236 3231/1855/1232 3236/1862/1237
f 3236/1862/1237 3230/1858/1233 3235/1863/1238
f 3235/1864/1238 3229/1684/1234 3234/1865/1239
f 3234/1865/1239 3227/1860/1235 3232/1866/1335
f 3238/1867/1242 3236/1862/1237 3241/1868/1241
f 3236/1862/1237 3240/1869/1243 3241/1868/1241
f 3235/1864/1238 3239/1870/1244 3240/1871/1243
f 3234/1865/1239 3237/1872/1336 3239/1870/1244
f 3238/1867/1242 3246/1873/1246 3243/1874/1247
f 3246/1873/1246 3240/1869/1243 3245/1875/1248
f 3245/1876/1248 3239/1870/1244 3244/1877/1249
f 3239/1870/1244 3242/1878/1337 3244/1877/1249
f 3243/1874/1247 3251/1879/1252 3248/1880/1251
f 3246/1873/1246 3250/1881/1253 3251/1879/1252
f 3245/1876/1248 3249/1882/1254 3250/1883/1253
f 3249/1882/1254 3242/1878/1337 3247/1884/1255
f 3248/1880/1251 3256/1885/1256 3253/1886/1257
f 3256/1885/1256 3250/1881/1253 3255/1887/1258
f 3255/1888/1258 3249/1882/1254 3254/1889/1259
f 3254/1889/1259 3247/1884/1255 3252/1890/1338
f 3253/1886/1257 3261/1891/1261 3258/1892/1262
f 3256/1885/1256 3260/1893/1263 3261/1891/1261
f 3255/1888/1258 3259/1894/1264 3260/1895/1263
f 3254/1889/1259 3257/1896/1339 3259/1894/1264
f 3263/1897/1266 3261/1898/1261 3266/1899/1267
f 3261/1898/1261 3265/1900/1268 3266/1899/1267
f 3260/1895/1263 3264/1901/1269 3265/1902/1268
f 3264/1901/1269 3257/1896/1339 3262/1903/1340
f 3263/1897/1266 3271/1904/1271 3268/1905/1272
f 3266/1899/1267 3270/1906/1273 3271/1904/1271
f 3265/1902/1268 3269/1907/1274 3270/1908/1273
f 3269/1907/1274 3262/1903/1340 3267/1909/1275
f 3273/1910/1276 3271/1904/1271 3276/1911/1277
f 3271/1904/1271 3275/1912/1278 3276/1911/1277
f 3270/1908/1273 3274/1913/1279 3275/1914/1278
f 3274/1913/1279 3267/1909/1275 3272/1915/1280
f 3273/1910/1276 3281/1916/1341 3278/1917/1342
f 3276/1911/1277 3280/1918/1343 3281/1916/1341
f 3280/1919/1343 3274/1913/1279 3279/1920/1344
f 3274/1913/1279 3277/1921/1285 3279/1920/1344
f 3278/1917/1342 3286/1922/1287 3283/1923/1288
f 3281/1916/1341 3285/1924/1290 3286/1922/1287
f 3280/1919/1343 3284/1925/1292 3285/1926/1290
f 3279/1920/1344 3282/1927/1293 3284/1925/1292
f 3283/1923/1288 3291/1928/1294 3288/1929/1295
f 3286/1922/1287 3290/1930/1296 3291/1928/1294
f 3285/1926/1290 3289/1931/1297 3290/1932/1296
f 3284/1925/1292 3287/1933/1298 3289/1931/1297
f 3288/1929/1295 3296/1934/1299 3293/1935/1300
f 3296/1934/1299 3290/1930/1296 3295/1936/1301
f 3290/1932/1296 3294/1937/1302 3295/1938/1301
f 3289/1931/1297 3292/1939/1303 3294/1937/1302
f 3293/1935/1300 3301/1940/1304 3298/1941/1305
f 3296/1934/1299 3300/1942/1306 3301/1940/1304
f 3300/1943/1306 3294/1937/1302 3299/1944/1307
f 3294/1937/1302 3297/1945/1308 3299/1944/1307
f 3298/1946/1305 3306/1947/1310 3303/1948/1309
f 3306/1947/1310 3300/1949/1306 3305/1950/1311
f 3300/1943/1306 3304/1951/1312 3305/1952/1311
f 3299/1944/1307 3302/1953/1345 3304/1951/1312
f 3303/1948/1309 3311/1954/1314 3308/1955/1315
f 3306/1947/1310 3310/1956/1316 3311/1954/1314
f 3305/1952/1311 3309/1957/1317 3310/1958/1316
f 3304/1951/1312 3307/1959/1318 3309/1957/1317
f 3313/1960/1319 3311/1954/1314 3316/1961/1320
f 3316/1961/1320 3310/1956/1316 3315/1962/1321
f 3310/1958/1316 3314/1963/1322 3315/1964/1321
f 3314/1963/1322 3307/1959/1318 3312/1965/1346
f 3158/1777/1158 3316/1961/1320 3161/1966/1161
f 3316/1961/1320 3160/1780/1163 3161/1966/1161
f 3315/1964/1321 3159/1783/1165 3160/1967/1163
f 3314/1963/1322 3157/1968/1324 3159/1783/1165
f 3318/1969/1158 3326/1970/1159 3323/1971/1347
f 3321/1972/1161 3325/1973/1162 3326/1970/1159
f 3320/1974/1163 3324/1975/1164 3325/1976/1162
f 3319/1977/1165 3322/1978/1325 3324/1975/1164
f 3328/1979/1168 3326/1970/1159 3331/1980/1167
f 3331/1980/1167 3325/1973/1162 3330/1981/1169
f 3330/1982/1169 3324/1975/1164 3329/1983/1170
f 3329/1983/1170 3322/1978/1325 3327/1984/1171
f 3333/1985/1173 3331/1980/1167 3336/1986/1172
f 3331/1980/1167 3335/1987/1174 3336/1986/1172
f 3330/1982/1169 3334/1988/1175 3335/1989/1174
f 3329/1983/1170 3332/1990/1348 3334/1988/1175
f 3333/1985/1173 3341/1991/1177 3338/1992/1178
f 3336/1986/1172 3340/1993/1179 3341/1991/1177
f 3340/1994/1179 3334/1988/1175 3339/1995/1180
f 3339/1995/1180 3332/1990/1348 3337/1996/1349
f 3338/1992/1178 3346/1997/1183 3343/1998/1182
f 3341/1991/1177 3345/1999/1184 3346/1997/1183
f 3340/1994/1179 3344/2000/1185 3345/2001/1184
f 3339/1995/1180 3342/2002/1328 3344/2000/1185
f 3343/2003/1182 3351/2004/1187 3348/2005/1188
f 3346/2006/1183 3350/2007/1189 3351/2004/1187
f 3350/2008/1189 3344/2000/1185 3349/2009/1190
f 3344/2000/1185 3347/2010/1191 3349/2009/1190
f 3348/2005/1188 3356/2011/1192 3353/2012/1193
f 3356/2011/1192 3350/2007/1189 3355/2013/1194
f 3355/2014/1194 3349/2009/1190 3354/2015/1195
f 3354/2015/1195 3347/2010/1191 3352/2016/1196
f 3358/1969/1329 3356/2011/1192 3361/1972/1330
f 3356/2011/1192 3360/2017/1331 3361/1972/1330
f 3355/2014/1194 3359/2018/1332 3360/2019/1331
f 3359/2018/1332 3352/2016/1196 3357/2020/1201
f 3358/1969/1329 3366/1970/1203 3363/2021/1204
f 3361/1972/1330 3365/2022/1206 3366/1970/1203
f 3360/2019/1331 3364/2023/1208 3365/2024/1206
f 3359/2018/1332 3362/2025/1210 3364/2023/1208
f 3363/2021/1204 3371/2026/1211 3368/1979/1212
f 3366/1970/1203 3370/1981/1213 3371/2026/1211
f 3370/2027/1213 3364/2023/1208 3369/2028/1214
f 3364/2023/1208 3367/2029/1215 3369/2028/1214
f 3373/2030/1217 3371/2026/1211 3376/2031/1216
f 3371/2026/1211 3375/2032/1218 3376/2031/1216
f 3370/2027/1213 3374/2033/1219 3375/2034/1218
f 3374/2033/1219 3367/2029/1215 3372/2035/1333
f 3373/2030/1217 3381/2036/1221 3378/1992/1222
f 3381/2036/1221 3375/2032/1218 3380/2037/1223
f 3380/2038/1223 3374/2033/1219 3379/2039/1224
f 3374/2033/1219 3377/2040/1350 3379/2039/1224
f 3378/1992/1222 3386/1997/1226 3383/1998/1227
f 3386/1997/1226 3380/2037/1223 3385/2041/1228
f 3380/2038/1223 3384/2042/1229 3385/2043/1228
f 3384/2042/1229 3377/2040/1350 3382/2044/1351
f 3383/2003/1227 3391/2045/1232 3388/2005/1231
f 3386/2046/1226 3390/2047/1233 3391/2045/1232
f 3385/2043/1228 3389/2048/1234 3390/2049/1233
f 3384/2042/1229 3387/2050/1235 3389/2048/1234
f 3388/2005/1231 3396/2051/1237 3393/2052/1236
f 3391/2045/1232 3395/2053/1238 3396/2051/1237
f 3390/2049/1233 3394/2054/1239 3395/2055/1238
f 3389/2048/1234 3392/2056/1335 3394/2054/1239
f 3393/2052/1236 3401/2057/1241 3398/2058/1242
f 3401/2057/1241 3395/2053/1238 3400/2017/1243
f 3400/2059/1243 3394/2054/1239 3399/2060/1244
f 3399/2060/1244 3392/2056/1335 3397/2061/1336
f 3398/2058/1242 3406/2062/1246 3403/2063/1247
f 3401/2057/1241 3405/1973/1248 3406/2062/1246
f 3400/2059/1243 3404/2064/1249 3405/2065/1248
f 3399/2060/1244 3402/2066/1337 3404/2064/1249
f 3403/2063/1247 3411/2067/1252 3408/1979/1251
f 3411/2067/1252 3405/1973/1248 3410/1981/1253
f 3410/2068/1253 3404/2064/1249 3409/2069/1254
f 3404/2064/1249 3407/2070/1255 3409/2069/1254
f 3413/2030/1257 3411/2067/1252 3416/2071/1256
f 3411/2067/1252 3415/2032/1258 3416/2071/1256
f 3410/2068/1253 3414/2072/1259 3415/2073/1258
f 3414/2072/1259 3407/2070/1255 3412/2074/1338
f 3418/2075/1262 3416/2071/1256 3421/1991/1261
f 3421/1991/1261 3415/2032/1258 3420/2037/1263
f 3420/2076/1263 3414/2072/1259 3419/2077/1264
f 3414/2072/1259 3417/2078/1339 3419/2077/1264
f 3418/2075/1262 3426/2079/1267 3423/2080/1266
f 3421/1991/1261 3425/2041/1268 3426/2079/1267
f 3420/2076/1263 3424/2081/1269 3425/2082/1268
f 3424/2081/1269 3417/2078/1339 3422/2083/1270
f 3428/2084/1272 3426/2085/1267 3431/2004/1271
f 3426/2085/1267 3430/2086/1273 3431/2004/1271
f 3430/2087/1273 3424/2081/1269 3429/2088/1274
f 3424/2081/1269 3427/2089/1275 3429/2088/1274
f 3428/2084/1272 3436/2090/1277 3433/2012/1276
f 3431/2004/1271 3435/2013/1278 3436/2090/1277
f 3435/2091/1278 3429/2088/1274 3434/2092/1279
f 3434/2092/1279 3427/2089/1275 3432/2093/1280
f 3433/2012/1276 3441/2094/1341 3438/2095/1342
f 3436/2090/1277 3440/2096/1343 3441/2094/1341
f 3435/2091/1278 3439/2097/1344 3440/2098/1343
f 3434/2092/1279 3437/2099/1285 3439/2097/1344
f 3438/2095/1342 3446/1970/1287 3443/1971/1288
f 3441/2094/1341 3445/2022/1290 3446/1970/1287
f 3440/2098/1343 3444/2100/1292 3445/2101/1290
f 3444/2100/1292 3437/2099/1285 3442/2102/1293
f 3443/1971/1288 3451/2026/1294 3448/1979/1295
f 3446/1970/1287 3450/2103/1296 3451/2026/1294
f 3450/2104/1296 3444/2100/1292 3449/2105/1297
f 3444/2100/1292 3447/2106/1352 3449/2105/1297
f 3453/2107/1300 3451/2026/1294 3456/1986/1299
f 3451/2026/1294 3455/1987/1301 3456/1986/1299
f 3455/2108/1301 3449/2105/1297 3454/2109/1302
f 3454/2109/1302 3447/2106/1352 3452/2110/1353
f 3453/2107/1300 3461/1991/1304 3458/2111/1305
f 3461/1991/1304 3455/1987/1301 3460/1993/1306
f 3460/2112/1306 3454/2109/1302 3459/2113/1307
f 3454/2109/1302 3457/2114/1354 3459/2113/1307
f 3463/1998/1309 3461/1991/1304 3466/2115/1310
f 3461/1991/1304 3465/2116/1311 3466/2115/1310
f 3460/2112/1306 3464/2117/1312 3465/2118/1311
f 3459/2113/1307 3462/2119/1345 3464/2117/1312
f 3463/2003/1309 3471/2004/1314 3468/2005/1315
f 3471/2004/1314 3465/2120/1311 3470/2047/1316
f 3470/2121/1316 3464/2117/1312 3469/2122/1317
f 3464/2117/1312 3467/2123/1318 3469/2122/1317
f 3468/2005/1315 3476/2124/1320 3473/2052/1355
f 3471/2004/1314 3475/2053/1321 3476/2124/1320
f 3470/2121/1316 3474/2125/1322 3475/2126/1321
f 3469/2122/1317 3472/2127/1346 3474/2125/1322
f 3318/1969/1158 3476/2124/1320 3321/1972/1161
f 3321/1972/1161 3475/2053/1321 3320/2017/1163
f 3320/1974/1163 3474/2125/1322 3319/1977/1165
f 3319/1977/1165 3472/2127/1346 3317/2128/1324
f 3087/1692/1255 3047/1643/1215 3007/1593/1171
f 2998/1578/1158 2902/2129/1356 2901/2130/1357
f 3153/1769/1319 2901/2130/1357 2932/2131/1157
f 3003/1580/1160 2903/2132/1358 2902/2129/1356
f 3008/1589/1168 2904/2133/1359 2903/2132/1358
f 3013/1595/1173 2905/2134/1360 2904/2133/1359
f 3018/2135/1178 2906/2136/1361 2905/2137/1360
f 3023/1612/1182 2907/2138/1362 2906/2136/1361
f 3028/1614/1188 2908/2139/1153 2907/2138/1362
f 3033/1621/1193 2909/2140/1363 2908/2139/1153
f 3038/1626/1202 2910/2141/1364 2909/2140/1363
f 3043/1633/1204 2911/2142/1365 2910/2141/1364
f 3048/1639/1212 2912/2143/1366 2911/2142/1365
f 3053/1645/1217 2913/2144/1367 2912/2143/1366
f 3058/1651/1222 2914/2145/1368 2913/2144/1367
f 3063/2146/1227 2915/2147/1369 2914/2148/1368
f 3068/1662/1231 2916/2149/1154 2915/2147/1369
f 3073/1669/1236 2917/2150/1370 2916/2149/1154
f 3078/1676/1242 2918/2151/1371 2917/2150/1370
f 3083/1682/1247 2919/2152/1372 2918/2151/1371
f 3088/1687/1251 2920/2153/1373 2919/2152/1372
f 3093/1694/1257 2921/2154/1374 2920/2153/1373
f 3098/2155/1262 2922/2156/1375 2921/2157/1374
f 3103/1705/1266 2923/2158/1376 2922/2156/1375
f 3108/1714/1272 2924/2159/1155 2923/2158/1376
f 3113/1719/1276 2925/2160/1377 2924/2159/1155
f 3118/1725/1286 2926/2161/1378 2925/2160/1377
f 3123/1732/1288 2927/2162/1379 2926/2161/1378
f 3128/1738/1295 2928/2163/1156 2927/2162/1379
f 3133/1744/1300 2929/2164/1380 2928/2163/1156
f 3138/1750/1305 2930/2165/1381 2929/2164/1380
f 3143/1755/1309 2931/2166/1382 2930/2167/1381
f 3148/1764/1315 2932/2131/1157 2931/2166/1382
f 3227/1860/1235 3207/1835/1215 3167/1611/1171
f 3158/1777/1158 2934/2168/1356 2933/2169/1357
f 3313/1960/1319 2933/2169/1357 2964/2170/1157
f 3163/1779/1160 2935/2171/1358 2934/2168/1356
f 3168/1787/1168 2936/2172/1359 2935/2171/1358
f 3173/1790/1173 2937/2173/1360 2936/2172/1359
f 3178/2174/1178 2938/2175/1361 2937/2176/1360
f 3183/1807/1182 2939/2177/1383 2938/2175/1361
f 3188/1809/1188 2940/2178/1153 2939/2177/1383
f 3193/1815/1193 2941/2179/1363 2940/2178/1153
f 3198/1820/1329 2942/2180/1364 2941/2179/1363
f 3203/1826/1204 2943/2181/1365 2942/2180/1364
f 3208/1831/1212 2944/2182/1366 2943/2181/1365
f 3213/1836/1217 2945/2183/1367 2944/2182/1366
f 3218/1842/1222 2946/2184/1368 2945/2183/1367
f 3223/1854/1227 2947/2185/1369 2946/2186/1368
f 3228/1856/1231 2948/2187/1154 2947/2185/1369
f 3233/1861/1236 2949/2188/1370 2948/2187/1154
f 3238/1867/1242 2950/2189/1371 2949/2188/1370
f 3243/1874/1247 2951/2190/1372 2950/2189/1371
f 3248/1880/1251 2952/2191/1373 2951/2190/1372
f 3253/1886/1257 2953/2192/1384 2952/2191/1373
f 3258/2193/1262 2954/2194/1375 2953/2195/1384
f 3263/1897/1266 2955/2196/1385 2954/2194/1375
f 3268/1905/1272 2956/2197/1155 2955/2196/1385
f 3273/1910/1276 2957/2198/1377 2956/2197/1155
f 3278/1917/1342 2958/2199/1378 2957/2198/1377
f 3283/1923/1288 2959/2200/1379 2958/2199/1378
f 3288/1929/1295 2960/2201/1156 2959/2200/1379
f 3293/1935/1300 2961/2202/1386 2960/2201/1156
f 3298/1941/1305 2962/2203/1381 2961/2202/1386
f 3303/1948/1309 2963/2204/1382 2962/2205/1381
f 3308/1955/1315 2964/2170/1157 2963/2204/1382
f 3407/2070/1255 3367/2029/1215 3327/1984/1171
f 3318/1969/1158 2966/2206/1356 2965/2207/1357
f 3473/2052/1355 2965/2207/1357 2996/2208/1157
f 3323/1971/1347 2967/2209/1358 2966/2206/1356
f 3328/1979/1168 2968/2210/1359 2967/2209/1358
f 3333/1985/1173 2969/2211/1360 2968/2210/1359
f 3338/1992/1178 2970/2212/1361 2969/2211/1360
f 3343/2003/1182 2971/2213/1383 2970/2214/1361
f 3348/2005/1188 2972/2208/1153 2971/2213/1383
f 3353/2012/1193 2973/2207/1363 2972/2208/1153
f 3358/1969/1329 2974/2215/1364 2973/2207/1363
f 3363/2021/1204 2975/2216/1365 2974/2215/1364
f 3368/1979/1212 2976/2217/1366 2975/2216/1365
f 3373/2030/1217 2977/2211/1367 2976/2217/1366
f 3378/1992/1222 2978/2212/1368 2977/2211/1367
f 3383/2003/1227 2979/2218/1387 2978/2219/1368
f 3388/2005/1231 2980/2208/1154 2979/2218/1387
f 3393/2052/1236 2981/2207/1370 2980/2208/1154
f 3398/2058/1242 2982/2206/1371 2981/2207/1370
f 3403/2063/1247 2983/2209/1372 2982/2206/1371
f 3408/1979/1251 2984/2220/1373 2983/2209/1372
f 3413/2030/1257 2985/2221/1384 2984/2220/1373
f 3418/2075/1262 2986/2222/1375 2985/2221/1384
f 3423/2003/1266 2987/2213/1385 2986/2214/1375
f 3428/2084/1272 2988/2208/1155 2987/2213/1385
f 3433/2012/1276 2989/2223/1377 2988/2208/1155
f 3438/2095/1342 2990/2206/1378 2989/2223/1377
f 3443/1971/1288 2991/2216/1379 2990/2206/1378
f 3448/1979/1295 2992/2217/1156 2991/2216/1379
f 3453/2107/1300 2993/2211/1386 2992/2217/1156
f 3458/2111/1305 2994/2212/1381 2993/2211/1386
f 3463/2003/1309 2995/2218/1388 2994/2219/1381
f 3468/2005/1315 2996/2208/1157 2995/2218/1388
f 3493/2224/1157 3485/2225/1153 3478/1570/1154
f 3512/2226/1366 3508/2227/1154 3524/2228/1157
f 3556/2229/1157 3548/2230/1153 3540/2231/1154
f 3580/2232/1237 3572/2233/1242 3577/2234/1236
f 3579/1671/1238 3575/2235/1241 3580/2232/1237
f 3579/1673/1238 3573/1678/1244 3574/1679/1243
f 3576/1674/1240 3573/1678/1244 3578/1672/1239
f 3585/2236/1232 3577/2234/1236 3582/1662/1231
f 3585/2236/1232 3579/1671/1238 3580/2232/1237
f 3584/1666/1233 3578/1672/1239 3579/1673/1238
f 3583/1667/1234 3576/1674/1240 3578/1672/1239
f 3590/1663/1226 3582/1662/1231 3587/2146/1227
f 3589/2237/1228 3585/2236/1232 3590/1663/1226
f 3589/1660/1228 3583/1667/1234 3584/1666/1233
f 3586/1661/1230 3583/1667/1234 3588/1659/1229
f 3595/1650/1221 3587/1657/1227 3592/1651/1222
f 3595/1650/1221 3589/1658/1228 3590/1656/1226
f 3594/1654/1223 3588/1659/1229 3589/1660/1228
f 3593/2238/1224 3586/1661/1230 3588/1659/1229
f 3600/1644/1216 3592/1651/1222 3597/1645/1217
f 3599/1646/1218 3595/1650/1221 3600/1644/1216
f 3598/1647/1219 3594/1654/1223 3599/1648/1218
f 3596/1649/1333 3593/2238/1224 3598/1647/1219
f 3605/1638/1211 3597/1645/1217 3602/1639/1212
f 3604/1640/1213 3600/1644/1216 3605/1638/1211
f 3603/1642/1214 3599/1648/1218 3604/1641/1213
f 3601/1643/1215 3598/1647/1219 3603/1642/1214
f 3607/1633/1204 3605/1638/1211 3602/1639/1212
f 3609/1634/1206 3605/1638/1211 3610/1632/1203
f 3608/1635/1208 3604/1641/1213 3609/1636/1206
f 3606/1637/1210 3603/1642/1214 3608/1635/1208
f 3041/1627/1205 3607/1633/1204 3038/1626/1202
f 3041/1627/1205 3609/1634/1206 3610/1632/1203
f 3040/1629/1207 3608/1635/1208 3609/1636/1206
f 3039/1630/1209 3606/1637/1210 3608/1635/1208
f 3615/1620/1192 3038/1626/1197 3612/1621/1193
f 3614/1622/1194 3041/1627/1198 3615/1620/1192
f 3613/1623/1195 3040/1629/1199 3614/1624/1194
f 3611/1625/1196 3039/1630/1200 3613/1623/1195
f 3620/1613/1187 3612/1621/1193 3617/1614/1188
f 3620/1613/1187 3614/1622/1194 3615/1620/1192
f 3619/1618/1189 3613/1623/1195 3614/1624/1194
f 3616/1619/1191 3613/1623/1195 3618/1617/1190
f 3625/1615/1183 3617/1614/1188 3622/1612/1182
f 3625/1615/1183 3619/1616/1189 3620/1613/1187
f 3623/1609/1185 3619/1618/1189 3624/1610/1184
f 3621/1611/1186 3618/1617/1190 3623/1609/1185
f 3630/1600/1177 3622/1606/1182 3627/1601/1178
f 3630/1600/1177 3624/1608/1184 3625/1607/1183
f 3629/1603/1179 3623/1609/1185 3624/1610/1184
f 3628/2239/1180 3621/1611/1186 3623/1609/1185
f 3635/1594/1172 3627/1601/1178 3632/1595/1173
f 3634/1596/1174 3630/1600/1177 3635/1594/1172
f 3633/1598/1175 3629/1603/1179 3634/1597/1174
f 3631/1599/1176 3628/2239/1180 3633/1598/1175
f 3640/1588/1167 3632/1595/1173 3637/1589/1168
f 3640/1588/1167 3634/1596/1174 3635/1594/1172
f 3638/2240/1170 3634/1597/1174 3639/1591/1169
f 3636/1593/1171 3633/1598/1175 3638/2240/1170
f 3642/1580/1160 3640/1588/1167 3637/1589/1168
f 3644/1582/1162 3640/1588/1167 3645/2241/1159
f 3643/1584/1164 3639/1591/1169 3644/1585/1162
f 3641/1587/1166 3638/2240/1170 3643/1584/1164
f 3650/1581/1161 3642/1580/1160 3647/1578/1158
f 3650/1581/1161 3644/1582/1162 3645/2241/1159
f 3648/1586/1165 3644/1585/1162 3649/1583/1163
f 3646/1776/1324 3643/1584/1164 3648/1586/1165
f 3655/1770/1320 3647/1578/1158 3652/1769/1319
f 3654/2242/1321 3650/1581/1161 3655/1770/1320
f 3653/1772/1322 3649/1583/1163 3654/1773/1321
f 3651/1774/1389 3648/1586/1165 3653/1772/1322
f 3660/1763/1314 3652/1769/1319 3657/1764/1315
f 3660/1763/1314 3654/2242/1321 3655/1770/1320
f 3659/1766/1316 3653/1772/1322 3654/1773/1321
f 3658/1767/1317 3651/1774/1389 3653/1772/1322
f 3665/1757/1310 3657/1764/1315 3662/1755/1309
f 3665/1757/1310 3659/1765/1316 3660/1763/1314
f 3663/1760/1312 3659/1766/1316 3664/1761/1311
f 3661/1762/1345 3658/1767/1317 3663/1760/1312
f 3670/1756/1304 3662/1755/1309 3667/2243/1305
f 3669/1751/1306 3665/1758/1310 3670/1749/1304
f 3669/1752/1306 3663/1760/1312 3664/1761/1311
f 3666/1754/1308 3663/1760/1312 3668/1753/1307
f 3675/1743/1299 3667/1750/1305 3672/1744/1300
f 3674/1745/1301 3670/1749/1304 3675/1743/1299
f 3673/1746/1302 3669/1752/1306 3674/1747/1301
f 3671/1748/1303 3668/1753/1307 3673/1746/1302
f 3677/1738/1295 3675/1743/1299 3672/1744/1300
f 3679/1739/1296 3675/1743/1299 3680/1737/1294
f 3678/1741/1297 3674/1747/1301 3679/2244/1296
f 3678/1741/1297 3671/1748/1303 3673/1746/1302
f 3685/1731/1287 3677/1738/1295 3682/1732/1288
f 3684/1733/1290 3680/1737/1294 3685/1731/1287
f 3684/1735/1290 3678/1741/1297 3679/2244/1296
f 3681/1736/1293 3678/1741/1297 3683/1734/1292
f 3118/1725/1286 3685/1731/1287 3682/1732/1288
f 3121/1726/1289 3684/1733/1290 3685/1731/1287
f 3120/1728/1291 3683/1734/1292 3684/1735/1290
f 3117/1730/1285 3683/1734/1292 3119/1729/1390
f 3690/1720/1277 3118/1725/1281 3687/1719/1276
f 3689/1721/1278 3121/1726/1282 3690/1720/1277
f 3688/1723/1279 3120/1728/1283 3689/1722/1278
f 3688/1723/1279 3117/1730/1285 3119/1729/1284
f 3695/1713/1271 3687/1719/1276 3692/1714/1272
f 3695/1713/1271 3689/1721/1278 3690/1720/1277
f 3694/1717/1273 3688/1723/1279 3689/1722/1278
f 3693/1716/1274 3686/1724/1280 3688/1723/1279
f 3700/1707/1267 3692/1714/1272 3697/1705/1266
f 3699/2245/1268 3695/1713/1271 3700/1707/1267
f 3698/1710/1269 3694/1717/1273 3699/1711/1268
f 3696/1712/1270 3693/1716/1274 3698/1710/1269
f 3702/2155/1262 3700/1707/1267 3697/1705/1266
f 3705/2246/1261 3699/2247/1268 3700/2248/1267
f 3704/1702/1263 3698/1710/1269 3699/1711/1268
f 3701/2249/1265 3698/1710/1269 3703/1703/1264
f 3710/1693/1256 3702/2250/1262 3707/2251/1257
f 3710/1693/1256 3704/2252/1263 3705/2246/1261
f 3708/1696/1259 3704/1702/1263 3709/1697/1258
f 3708/1696/1259 3701/2249/1265 3703/1703/1264
f 3712/1687/1251 3710/1693/1256 3707/2251/1257
f 3714/2253/1253 3710/1693/1256 3715/1688/1252
f 3714/1690/1253 3708/1696/1259 3709/1697/1258
f 3713/1691/1254 3706/1698/1338 3708/1696/1259
f 3720/1681/1246 3712/1687/1251 3717/1682/1247
f 3719/1683/1248 3715/1688/1252 3720/1681/1246
f 3718/1684/1249 3714/1690/1253 3719/1685/1248
f 3716/1686/1391 3713/1691/1254 3718/1684/1249
f 3575/2235/1241 3717/1682/1247 3572/2233/1242
f 3575/2235/1241 3719/1683/1248 3720/1681/1246
f 3574/1679/1243 3718/1684/1249 3719/1685/1248
f 3571/1680/1336 3718/1684/1249 3573/1678/1244
f 3727/1861/1236 3725/1868/1241 3722/1867/1242
f 3730/1862/1237 3724/1869/1243 3725/1868/1241
f 3728/2254/1239 3724/2255/1243 3729/2256/1238
f 3728/2254/1239 3721/2257/1336 3723/2258/1244
f 3735/1855/1232 3727/1861/1236 3732/1856/1392
f 3734/1858/1233 3730/1862/1237 3735/1855/1232
f 3733/1653/1234 3729/2256/1238 3734/2259/1233
f 3731/2260/1235 3728/2254/1239 3733/1653/1234
f 3737/1854/1227 3735/1855/1232 3732/1856/1392
f 3740/2261/1226 3734/1858/1233 3735/1855/1232
f 3739/2262/1228 3733/1653/1234 3734/2259/1233
f 3738/2263/1229 3731/2260/1235 3733/1653/1234
f 3745/2264/1221 3737/2265/1227 3742/2266/1222
f 3744/2267/1223 3740/2268/1226 3745/2264/1221
f 3744/2269/1223 3738/2263/1229 3739/2262/1228
f 3743/2270/1224 3736/2271/1351 3738/2263/1229
f 3750/2272/1216 3742/2266/1222 3747/2273/1217
f 3749/2274/1218 3745/2264/1221 3750/2272/1216
f 3748/2275/1219 3744/2269/1223 3749/1636/1218
f 3746/2276/1220 3743/2270/1224 3748/2275/1219
f 3752/2277/1212 3750/2272/1216 3747/2273/1217
f 3755/2278/1211 3749/2274/1218 3750/2272/1216
f 3754/1629/1213 3748/2275/1219 3749/1636/1218
f 3753/1630/1214 3746/2276/1220 3748/2275/1219
f 3757/2279/1204 3755/2278/1211 3752/2277/1212
f 3759/2280/1206 3755/2278/1211 3760/2281/1203
f 3758/1623/1208 3754/1629/1213 3759/2282/1206
f 3758/1623/1208 3751/2283/1215 3753/1630/1214
f 3765/2284/1330 3757/2279/1204 3762/2285/1329
f 3764/2286/1331 3760/2281/1203 3765/2284/1330
f 3764/1618/1331 3758/1623/1208 3759/2282/1206
f 3761/1619/1201 3758/1623/1208 3763/1617/1332
f 3770/2287/1192 3762/2285/1329 3767/2288/1193
f 3769/2289/1194 3765/2284/1330 3770/2287/1192
f 3768/1609/1195 3764/1618/1331 3769/1610/1194
f 3766/2290/1196 3763/1617/1332 3768/1609/1195
f 3775/2291/1187 3767/2288/1193 3772/2292/1188
f 3775/2291/1187 3769/2289/1194 3770/2287/1192
f 3773/2293/1190 3769/1610/1194 3774/1603/1189
f 3771/2294/1191 3768/1609/1195 3773/2293/1190
f 3780/1940/1183 3772/2292/1188 3777/1941/1182
f 3779/1942/1184 3775/2291/1187 3780/1940/1183
f 3778/2295/1185 3774/1603/1189 3779/2296/1184
f 3778/2295/1185 3771/2294/1191 3773/2293/1190
f 3782/2297/1178 3780/2298/1183 3777/2299/1182
f 3785/2300/1177 3779/2301/1184 3780/2298/1183
f 3784/1591/1179 3778/2295/1185 3779/2296/1184
f 3783/1592/1180 3776/2302/1328 3778/2295/1185
f 3787/2303/1173 3785/2300/1177 3782/2297/1178
f 3789/2304/1174 3785/2300/1177 3790/2305/1172
f 3789/2306/1174 3783/1592/1180 3784/1591/1179
f 3786/2307/1348 3783/1592/1180 3788/2308/1175
f 3795/2309/1167 3787/2303/1173 3792/1787/1168
f 3794/1788/1169 3790/2305/1172 3795/2309/1167
f 3793/2310/1170 3789/2306/1174 3794/2311/1169
f 3793/2310/1170 3786/2307/1348 3788/2308/1175
f 3797/1779/1160 3795/2309/1167 3792/1787/1168
f 3800/2312/1159 3794/1788/1169 3795/2309/1167
f 3799/2313/1162 3793/2310/1170 3794/2311/1169
f 3798/2314/1164 3791/2315/1171 3793/2310/1170
f 3802/1777/1158 3800/2312/1159 3797/1779/1160
f 3804/1780/1163 3800/2312/1159 3805/1966/1161
f 3803/2316/1165 3799/2313/1162 3804/2317/1163
f 3801/2318/1324 3798/2314/1164 3803/2316/1165
f 3810/1961/1320 3802/1777/1158 3807/2319/1319
f 3810/1961/1320 3804/1780/1163 3805/1966/1161
f 3809/2320/1321 3803/2316/1165 3804/2317/1163
f 3806/2321/1323 3803/2316/1165 3808/2322/1322
f 3815/1954/1314 3807/2319/1319 3812/1955/1315
f 3814/1956/1316 3810/1961/1320 3815/1954/1314
f 3813/2323/1317 3809/2320/1321 3814/1752/1316
f 3813/2323/1317 3806/2321/1323 3808/2322/1322
f 3820/2324/1310 3812/1955/1315 3817/2325/1309
f 3820/2324/1310 3814/1956/1316 3815/1954/1314
f 3819/1747/1311 3813/2323/1317 3814/1752/1316
f 3818/1746/1312 3811/1754/1318 3813/2323/1317
f 3825/2326/1304 3817/2325/1309 3822/2327/1305
f 3824/2328/1306 3820/2324/1310 3825/2326/1304
f 3823/2329/1393 3819/1747/1311 3824/1740/1306
f 3821/1742/1354 3818/1746/1312 3823/2329/1393
f 3830/1934/1299 3822/1941/1305 3827/1935/1300
f 3830/1934/1299 3824/2330/1306 3825/1940/1304
f 3829/2331/1301 3823/2329/1393 3824/1740/1306
f 3828/1734/1302 3821/1742/1354 3823/2329/1393
f 3832/1929/1295 3830/1934/1299 3827/1935/1300
f 3834/1930/1296 3830/1934/1299 3835/2332/1294
f 3833/1729/1297 3829/2331/1301 3834/2333/1296
f 3831/2334/1298 3828/1734/1302 3833/1729/1297
f 3837/1923/1288 3835/2332/1294 3832/1929/1295
f 3839/1924/1290 3835/2332/1294 3840/1922/1287
f 3838/2335/1292 3834/2333/1296 3839/2336/1290
f 3838/2335/1292 3831/2334/1298 3833/1729/1297
f 3842/2337/1342 3840/1922/1287 3837/1923/1288
f 3844/2338/1343 3840/1922/1287 3845/1916/1341
f 3843/1716/1344 3839/2336/1290 3844/2339/1343
f 3843/1716/1344 3836/1724/1293 3838/2335/1292
f 3850/1911/1277 3842/2337/1342 3847/1910/1276
f 3849/1912/1278 3845/1916/1341 3850/1911/1277
f 3849/2340/1278 3843/1716/1344 3844/2339/1343
f 3846/2341/1280 3843/1716/1344 3848/2342/1279
f 3855/1904/1271 3847/1910/1276 3852/1905/1272
f 3854/1906/1273 3850/1911/1277 3855/1904/1271
f 3853/2343/1274 3849/2340/1278 3854/1702/1273
f 3853/2343/1274 3846/2341/1280 3848/2342/1279
f 3860/2344/1267 3852/1905/1272 3857/1897/1266
f 3860/2344/1267 3854/1906/1273 3855/1904/1271
f 3859/2345/1268 3853/2343/1274 3854/1702/1273
f 3856/2346/1270 3853/2343/1274 3858/2347/1269
f 3865/2348/1261 3857/1897/1266 3862/2193/1262
f 3864/2349/1263 3860/2344/1267 3865/2348/1261
f 3863/2350/1394 3859/2345/1268 3864/2351/1263
f 3861/1692/1339 3858/2347/1269 3863/2350/1394
f 3870/1885/1256 3862/1892/1262 3867/1886/1257
f 3870/1885/1256 3864/1893/1263 3865/1891/1261
f 3868/2352/1259 3864/2351/1263 3869/2353/1395
f 3866/2354/1396 3863/2350/1394 3868/2352/1259
f 3875/1879/1252 3867/1886/1257 3872/1880/1251
f 3874/1881/1253 3870/1885/1256 3875/1879/1252
f 3873/2355/1254 3869/2353/1395 3874/2356/1253
f 3871/1680/1255 3868/2352/1259 3873/2355/1254
f 3877/1874/1247 3875/1879/1252 3872/1880/1251
f 3880/1873/1246 3874/1881/1253 3875/1879/1252
f 3879/1845/1248 3873/2355/1254 3874/2356/1253
f 3876/2357/1250 3873/2355/1254 3878/2358/1249
f 3722/1867/1242 3880/1873/1246 3877/1874/1247
f 3724/1869/1243 3880/1873/1246 3725/1868/1241
f 3723/2258/1244 3879/1845/1248 3724/2255/1243
f 3721/2257/1336 3878/2358/1249 3723/2258/1244
f 3890/2011/1237 3882/1969/1242 3887/2052/1236
f 3889/2053/1238 3885/1972/1241 3890/2011/1237
f 3888/2359/1239 3884/2360/1243 3889/2361/1238
f 3886/2362/1397 3883/2363/1244 3888/2359/1239
f 3895/2004/1232 3887/2052/1236 3892/2005/1231
f 3895/2004/1232 3889/2053/1238 3890/2011/1237
f 3893/2364/1234 3889/2361/1238 3894/2365/1233
f 3893/2364/1234 3886/2362/1397 3888/2359/1239
f 3897/2003/1227 3895/2004/1232 3892/2005/1231
f 3900/2085/1226 3894/2047/1233 3895/2004/1232
f 3898/2366/1229 3894/2365/1233 3899/2367/1228
f 3896/2368/1351 3893/2364/1234 3898/2366/1229
f 3905/2369/1221 3897/2370/1227 3902/2371/1222
f 3905/2369/1221 3899/2041/1228 3900/2372/1226
f 3904/2373/1223 3898/2366/1229 3899/2367/1228
f 3901/2374/1225 3898/2366/1229 3903/2375/1224
f 3910/2031/1216 3902/2371/1222 3907/2376/1217
f 3909/2377/1218 3905/2369/1221 3910/2031/1216
f 3908/2378/1219 3904/2373/1223 3909/2379/1218
f 3906/2380/1220 3903/2375/1224 3908/2378/1219
f 3912/1979/1212 3910/2031/1216 3907/2376/1217
f 3915/2381/1211 3909/2377/1218 3910/2031/1216
f 3914/2382/1213 3908/2378/1219 3909/2379/1218
f 3911/2383/1398 3908/2378/1219 3913/2384/1214
f 3920/1970/1203 3912/1979/1212 3917/1971/1204
f 3919/2385/1206 3915/2381/1211 3920/1970/1203
f 3919/2386/1206 3913/2384/1214 3914/2382/1213
f 3918/2387/1208 3911/2383/1398 3913/2384/1214
f 3922/1969/1329 3920/1970/1203 3917/1971/1204
f 3924/2388/1331 3920/1970/1203 3925/1972/1330
f 3923/2389/1332 3919/2386/1206 3924/2390/1331
f 3923/2389/1332 3916/2391/1399 3918/2387/1208
f 3930/2392/1192 3922/1969/1329 3927/2393/1193
f 3929/2394/1194 3925/1972/1330 3930/2392/1192
f 3928/2395/1195 3924/2390/1331 3929/2396/1194
f 3926/2397/1196 3923/2389/1332 3928/2395/1195
f 3932/2005/1188 3930/2392/1192 3927/2393/1193
f 3934/2398/1189 3930/2392/1192 3935/2004/1187
f 3934/2399/1189 3928/2395/1195 3929/2396/1194
f 3931/2400/1191 3928/2395/1195 3933/2401/1190
f 3937/2003/1182 3935/2004/1187 3932/2005/1188
f 3939/2402/1184 3935/2004/1187 3940/2006/1183
f 3938/2403/1185 3934/2399/1189 3939/2404/1184
f 3938/2403/1185 3931/2400/1191 3933/2401/1190
f 3942/1992/1178 3940/2079/1183 3937/1998/1182
f 3945/1991/1177 3939/2041/1184 3940/2079/1183
f 3944/2405/1179 3938/2403/1185 3939/2404/1184
f 3943/2406/1180 3936/2407/1328 3938/2403/1185
f 3950/1986/1172 3942/1992/1178 3947/1985/1173
f 3949/1987/1174 3945/1991/1177 3950/1986/1172
f 3949/2408/1174 3943/2406/1180 3944/2405/1179
f 3948/2409/1175 3941/2410/1181 3943/2406/1180
f 3955/2411/1167 3947/1985/1173 3952/1979/1168
f 3954/2412/1169 3950/1986/1172 3955/2411/1167
f 3953/2413/1170 3949/2408/1174 3954/2414/1169
f 3953/2413/1170 3946/2415/1348 3948/2409/1175
f 3960/1970/1159 3952/1979/1168 3957/2063/1160
f 3959/2022/1162 3955/2411/1167 3960/1970/1159
f 3958/2416/1164 3954/2414/1169 3959/2417/1162
f 3956/2418/1400 3953/2413/1170 3958/2416/1164
f 3962/1969/1158 3960/1970/1159 3957/2063/1160
f 3964/2017/1163 3960/1970/1159 3965/1972/1161
f 3964/2419/1163 3958/2416/1164 3959/2417/1162
f 3963/2420/1165 3956/2418/1400 3958/2416/1164
f 3970/2011/1320 3962/1969/1158 3967/2012/1319
f 3969/2053/1321 3965/1972/1161 3970/2011/1320
f 3968/2421/1322 3964/2419/1163 3969/2422/1321
f 3966/2423/1323 3963/2420/1165 3968/2421/1322
f 3972/2005/1315 3970/2011/1320 3967/2012/1319
f 3975/2004/1314 3969/2053/1321 3970/2011/1320
f 3974/2424/1316 3968/2421/1322 3969/2422/1321
f 3973/2425/1317 3966/2423/1323 3968/2421/1322
f 3977/2003/1309 3975/2004/1314 3972/2005/1315
f 3979/2120/1311 3975/2004/1314 3980/2426/1310
f 3978/2427/1312 3974/2424/1316 3979/2428/1311
f 3978/2427/1312 3971/2429/1318 3973/2425/1317
f 3985/2430/1304 3977/2370/1309 3982/1992/1305
f 3985/2430/1304 3979/2041/1311 3980/2372/1310
f 3984/2431/1306 3978/2427/1312 3979/2428/1311
f 3981/2432/1354 3978/2427/1312 3983/2433/1307
f 3990/2031/1299 3982/1992/1305 3987/2376/1300
f 3989/2377/1301 3985/2430/1304 3990/2031/1299
f 3988/2434/1302 3984/2431/1306 3989/2435/1301
f 3988/2434/1302 3981/2432/1354 3983/2433/1307
f 3995/2381/1294 3987/2376/1300 3992/1979/1295
f 3994/2436/1296 3990/2031/1299 3995/2381/1294
f 3994/2437/1296 3988/2434/1302 3989/2435/1301
f 3991/2438/1352 3988/2434/1302 3993/2439/1297
f 3997/1971/1288 3995/2381/1294 3992/1979/1295
f 4000/1970/1287 3994/2436/1296 3995/2381/1294
f 3998/2440/1292 3994/2437/1296 3999/2441/1290
f 3998/2440/1292 3991/2438/1352 3993/2439/1297
f 4005/1972/1341 3997/1971/1288 4002/2095/1342
f 4004/2388/1343 4000/1970/1287 4005/1972/1341
f 4003/2442/1344 3999/2441/1290 4004/2443/1343
f 4001/2444/1285 3998/2440/1292 4003/2442/1344
f 4010/2392/1277 4002/2095/1342 4007/2052/1276
f 4009/2394/1278 4005/1972/1341 4010/2392/1277
f 4009/2445/1278 4003/2442/1344 4004/2443/1343
f 4006/2446/1280 4003/2442/1344 4008/2447/1279
f 4015/2004/1271 4007/2052/1276 4012/2005/1272
f 4014/2448/1273 4010/2392/1277 4015/2004/1271
f 4014/2449/1273 4008/2447/1279 4009/2445/1278
f 4013/2450/1274 4006/2446/1280 4008/2447/1279
f 4017/2003/1266 4015/2004/1271 4012/2005/1272
f 4019/2402/1268 4015/2004/1271 4020/2085/1267
f 4018/2451/1269 4014/2449/1273 4019/2452/1268
f 4016/2453/1270 4013/2450/1274 4018/2451/1269
f 4025/1991/1261 4017/1998/1266 4022/1992/1262
f 4025/1991/1261 4019/2454/1268 4020/2079/1267
f 4024/2455/1263 4018/2451/1269 4019/2452/1268
f 4023/2456/1394 4016/2453/1270 4018/2451/1269
f 4027/2030/1257 4025/1991/1261 4022/1992/1262
f 4029/2457/1258 4025/1991/1261 4030/2031/1256
f 4029/2458/1258 4023/2456/1394 4024/2455/1263
f 4026/2459/1260 4023/2456/1394 4028/2460/1259
f 4035/1980/1252 4027/2030/1257 4032/1979/1251
f 4035/1980/1252 4029/2457/1258 4030/2031/1256
f 4034/2461/1253 4028/2460/1259 4029/2458/1258
f 4031/2462/1255 4028/2460/1259 4033/2463/1254
f 4040/1970/1246 4032/1979/1251 4037/1971/1401
f 4039/1973/1248 4035/1980/1252 4040/1970/1246
f 4038/2464/1249 4034/2461/1253 4039/2465/1248
f 4036/2466/1250 4033/2463/1254 4038/2464/1249
f 3885/1972/1241 4037/1971/1401 3882/1969/1242
f 3885/1972/1241 4039/1973/1248 4040/1970/1246
f 3884/2360/1243 4038/2464/1249 4039/2465/1248
f 3883/2363/1244 4036/2466/1250 4038/2464/1249
f 3646/1776/1324 3117/1730/1285 3571/1680/1336
f 3478/2467/1154 3572/2233/1242 3477/2468/1370
f 3477/2468/1370 3717/1682/1247 3506/2151/1371
f 3479/2147/1369 3577/2234/1236 3478/2467/1154
f 3480/2148/1368 3582/1662/1231 3479/2147/1369
f 3481/2144/1367 3587/1657/1227 3480/2145/1368
f 3482/2143/1366 3592/1651/1222 3481/2144/1367
f 3483/2142/1365 3597/1645/1217 3482/2143/1366
f 3484/2141/1364 3602/1639/1212 3483/2142/1365
f 2909/2140/1363 3607/1633/1204 3484/2141/1364
f 3485/2139/1153 3038/1626/1197 2909/2140/1363
f 3486/2138/1362 3612/1621/1193 3485/2139/1153
f 3487/2136/1361 3617/1614/1188 3486/2138/1362
f 3488/2137/1360 3622/1612/1182 3487/2136/1361
f 3489/2133/1359 3627/1601/1178 3488/2134/1360
f 3490/2132/1358 3632/1595/1173 3489/2133/1359
f 3491/2129/1356 3637/1589/1168 3490/2132/1358
f 3492/2130/1357 3642/1580/1160 3491/2129/1356
f 3493/2131/1157 3647/1578/1158 3492/2130/1357
f 3494/2166/1382 3652/1769/1319 3493/2131/1157
f 3495/2167/1381 3657/1764/1315 3494/2166/1382
f 3496/2164/1380 3662/2469/1309 3495/2165/1381
f 3497/2163/1156 3667/1750/1305 3496/2164/1380
f 3498/2162/1379 3672/1744/1300 3497/2163/1156
f 3499/2161/1378 3677/1738/1295 3498/2162/1379
f 2925/2160/1377 3682/1732/1288 3499/2161/1378
f 3500/2159/1155 3118/1725/1281 2925/2160/1377
f 3501/2158/1376 3687/1719/1276 3500/2159/1155
f 3502/2156/1375 3692/1714/1272 3501/2158/1376
f 3503/2157/1374 3697/1705/1266 3502/2156/1375
f 3504/2470/1373 3702/2250/1262 3503/2471/1374
f 3505/2152/1372 3707/2251/1257 3504/2470/1373
f 3506/2151/1371 3712/1687/1251 3505/2152/1372
f 3761/1619/1201 3801/2318/1324 3841/1718/1285
f 3508/2187/1154 3722/1867/1242 3507/2188/1370
f 3507/2188/1370 3877/1874/1247 3538/2189/1371
f 3509/2185/1402 3727/1861/1236 3508/2187/1154
f 3510/2186/1368 3732/1856/1392 3509/2185/1402
f 3511/2472/1367 3737/2265/1227 3510/2473/1368
f 3512/2474/1366 3742/2266/1222 3511/2472/1367
f 3513/2475/1365 3747/2273/1217 3512/2474/1366
f 3514/2476/1364 3752/2277/1212 3513/2475/1365
f 3515/2477/1363 3757/2279/1204 3514/2476/1364
f 3516/2478/1153 3762/2285/1329 3515/2477/1363
f 3517/2479/1383 3767/2288/1193 3516/2478/1153
f 3518/2480/1361 3772/2292/1188 3517/2479/1383
f 3519/2481/1360 3777/1941/1182 3518/2480/1361
f 3520/2482/1359 3782/2297/1178 3519/2483/1360
f 3521/2171/1403 3787/2303/1173 3520/2482/1359
f 3522/2168/1356 3792/1787/1168 3521/2171/1403
f 3523/2484/1357 3797/1779/1160 3522/2168/1356
f 3524/2485/1157 3802/1777/1158 3523/2484/1357
f 3525/2204/1404 3807/2319/1319 3524/2485/1157
f 3526/2205/1381 3812/1955/1315 3525/2204/1404
f 3527/2202/1386 3817/2486/1309 3526/2203/1381
f 3528/2201/1156 3822/1941/1305 3527/2202/1386
f 3529/2200/1379 3827/1935/1300 3528/2201/1156
f 3530/2199/1378 3832/1929/1295 3529/2200/1379
f 3531/2487/1377 3837/1923/1288 3530/2199/1378
f 3532/2197/1155 3842/2337/1342 3531/2487/1377
f 3533/2196/1385 3847/1910/1276 3532/2197/1155
f 3534/2194/1375 3852/1905/1272 3533/2196/1385
f 3535/2195/1374 3857/1897/1266 3534/2194/1375
f 3536/2191/1373 3862/1892/1262 3535/2192/1374
f 3537/2190/1405 3867/1886/1257 3536/2191/1373
f 3538/2189/1371 3872/1880/1251 3537/2190/1405
f 4001/2444/1285 4021/2488/1265 3881/2489/1336
f 3540/2208/1154 3882/1969/1242 3539/2207/1370
f 3539/2207/1370 4037/1971/1401 3570/2206/1371
f 3541/2218/1369 3887/2052/1236 3540/2208/1154
f 3542/2214/1368 3892/2005/1231 3541/2218/1369
f 3543/2490/1367 3897/2370/1227 3542/2212/1368
f 3544/2491/1366 3902/2371/1222 3543/2490/1367
f 3545/2216/1365 3907/2376/1217 3544/2491/1366
f 3546/2206/1364 3912/1979/1212 3545/2216/1365
f 3547/2207/1363 3917/1971/1204 3546/2206/1364
f 3548/2492/1153 3922/1969/1329 3547/2207/1363
f 3549/2218/1383 3927/2393/1193 3548/2492/1153
f 3550/2214/1361 3932/2005/1188 3549/2218/1383
f 3551/2211/1360 3937/1998/1182 3550/2212/1361
f 3552/2493/1359 3942/1992/1178 3551/2211/1360
f 3553/2216/1403 3947/1985/1173 3552/2493/1359
f 3554/2206/1356 3952/1979/1168 3553/2216/1403
f 3555/2207/1357 3957/2063/1160 3554/2206/1356
f 3556/2208/1157 3962/1969/1158 3555/2207/1357
f 3557/2213/1404 3967/2012/1319 3556/2208/1157
f 3558/2214/1381 3972/2005/1315 3557/2213/1404
f 3559/2211/1386 3977/2370/1309 3558/2212/1381
f 3560/2491/1156 3982/1992/1305 3559/2211/1386
f 3561/2216/1379 3987/2376/1300 3560/2491/1156
f 3562/2206/1378 3992/1979/1295 3561/2216/1379
f 3563/2223/1377 3997/1971/1288 3562/2206/1378
f 3564/2492/1155 4002/2095/1342 3563/2223/1377
f 3565/2218/1376 4007/2052/1276 3564/2492/1155
f 3566/2214/1375 4012/2005/1272 3565/2218/1376
f 3567/2211/1384 4017/1998/1266 3566/2212/1375
f 3568/2220/1373 4022/1992/1262 3567/2211/1384
f 3569/2209/1406 4027/2030/1257 3568/2220/1373
f 3570/2206/1371 4032/1979/1251 3569/2209/1406
f 4048/1570/1407 4056/1571/1408 4064/2494/1409
f 4088/2495/1408 4096/2496/1409 4104/2497/1410
f 4120/2498/1408 4128/2499/1409 4136/2500/1410
f 4138/2501/1411 4146/2502/1412 4143/2503/1413
f 4141/2504/1414 4145/2505/1415 4146/2502/1412
f 4140/2506/1416 4144/2507/1417 4145/2508/1415
f 4139/2509/1418 4142/2510/1419 4144/2507/1417
f 4148/2511/1420 4146/2502/1412 4151/2512/1421
f 4151/2512/1421 4145/2505/1415 4150/2513/1422
f 4145/2508/1415 4149/2514/1423 4150/2515/1422
f 4149/2514/1423 4142/2510/1419 4147/1860/1424
f 4148/2511/1420 4156/2516/1425 4153/2517/1426
f 4151/2512/1421 4155/2518/1427 4156/2516/1425
f 4150/2515/1422 4154/2519/1428 4155/2520/1427
f 4149/2514/1423 4152/2521/1429 4154/2519/1428
f 4153/2522/1426 4161/2523/1430 4158/2524/1431
f 4156/2525/1425 4160/2526/1432 4161/2523/1430
f 4160/2527/1432 4154/2519/1428 4159/2528/1433
f 4159/2528/1433 4152/2521/1429 4157/2529/1434
f 4158/2524/1431 4166/2530/1435 4163/2531/1436
f 4161/2523/1430 4165/2532/1437 4166/2530/1435
f 4160/2527/1432 4164/2533/1438 4165/2534/1437
f 4164/2533/1438 4157/2529/1434 4162/2535/1439
f 4168/2536/1440 4166/2530/1435 4171/2537/1441
f 4166/2530/1435 4170/2538/1442 4171/2537/1441
f 4165/2534/1437 4169/1882/1443 4170/2539/1442
f 4164/2533/1438 4167/2540/1444 4169/1882/1443
f 4168/2536/1440 4176/2541/1445 4173/2542/1446
f 4171/2537/1441 4175/2543/1447 4176/2541/1445
f 4170/2539/1442 4174/2544/1448 4175/2545/1447
f 4169/1882/1443 4172/1890/1449 4174/2544/1448
f 4173/2542/1446 4181/2546/1450 4178/2547/1451
f 4181/2546/1450 4175/2543/1447 4180/2548/1452
f 4180/2549/1452 4174/2544/1448 4179/1894/1453
f 4174/2544/1448 4177/2550/1454 4179/1894/1453
f 4178/2547/1455 4186/2551/1456 4183/2552/1457
f 4181/2546/1458 4185/2553/1459 4186/2551/1456
f 4180/2549/1460 4184/2554/1461 4185/2555/1459
f 4179/1894/1462 4182/1730/1463 4184/2554/1461
f 4183/2552/1457 4191/2556/1464 4188/2557/1465
f 4191/2556/1464 4185/2553/1459 4190/2558/1466
f 4190/1735/1466 4184/2554/1461 4189/2559/1467
f 4189/2559/1467 4182/1730/1463 4187/2560/1468
f 4188/2557/1465 4196/2561/1469 4193/2562/1470
f 4191/2556/1464 4195/2563/1471 4196/2561/1469
f 4190/1735/1466 4194/1913/1472 4195/2244/1471
f 4194/1913/1472 4187/2560/1468 4192/1915/1473
f 4193/2564/1470 4201/2565/1474 4198/2566/1475
f 4201/2565/1474 4195/2567/1471 4200/2568/1476
f 4200/2569/1476 4194/1913/1472 4199/2570/1477
f 4194/1913/1472 4197/2571/1478 4199/2570/1477
f 4198/2566/1475 4206/2572/1479 4203/2573/1480
f 4201/2565/1474 4205/2574/1481 4206/2572/1479
f 4200/2569/1476 4204/2575/1482 4205/2576/1481
f 4199/2570/1477 4202/1927/1483 4204/2575/1482
f 4203/2573/1480 4211/2577/1484 4208/2578/1485
f 4206/2572/1479 4210/2579/1486 4211/2577/1484
f 4205/2576/1481 4209/2580/1487 4210/1761/1486
f 4204/2575/1482 4207/1933/1488 4209/2580/1487
f 4208/2578/1485 4216/2581/1489 4213/2582/1490
f 4211/2577/1484 4215/2583/1491 4216/2581/1489
f 4215/2584/1491 4209/2580/1487 4214/2585/1492
f 4209/2580/1487 4212/2318/1493 4214/2585/1492
f 4213/2582/1490 4221/2586/1494 4218/2587/1495
f 4216/2581/1489 4220/2588/1496 4221/2586/1494
f 4220/2313/1496 4214/2585/1492 4219/2589/1497
f 4214/2585/1492 4217/2590/1498 4219/2589/1497
f 4218/2587/1495 4226/2591/1499 4223/2592/1500
f 4221/2586/1494 4225/2593/1501 4226/2591/1499
f 4225/2594/1501 4219/2589/1497 4224/2310/1502
f 4219/2589/1497 4222/2595/1503 4224/2310/1502
f 4223/2592/1500 4231/2596/1504 4228/2597/1505
f 4231/2596/1504 4225/2593/1501 4230/2598/1506
f 4230/2599/1506 4224/2310/1502 4229/2600/1507
f 4229/2600/1507 4222/2595/1503 4227/2601/1508
f 4228/2597/1505 4236/2602/1509 4233/2603/1510
f 4236/2602/1509 4230/2598/1506 4235/2604/1511
f 4230/2599/1506 4234/2605/1512 4235/1591/1511
f 4234/2605/1512 4227/2601/1508 4232/1593/1513
f 4238/2606/1514 4236/2602/1509 4241/2607/1515
f 4241/2607/1515 4235/2604/1511 4240/2608/1516
f 4235/1591/1511 4239/2609/1517 4240/1597/1516
f 4239/2609/1517 4232/1593/1513 4237/2610/1518
f 4243/2611/1519 4241/2612/1515 4246/2613/1520
f 4246/2613/1520 4240/2614/1516 4245/2615/1521
f 4240/1597/1516 4244/2616/1522 4245/1782/1521
f 4239/2609/1517 4242/2617/1523 4244/2616/1522
f 4243/2611/1519 4251/2618/1524 4248/2619/1525
f 4251/2618/1524 4245/2615/1521 4250/2620/1526
f 4250/2621/1526 4244/2616/1522 4249/1789/1527
f 4249/1789/1527 4242/2617/1523 4247/2622/1528
f 4253/2623/1529 4251/2618/1524 4256/2624/1530
f 4251/2618/1524 4255/2625/1531 4256/2624/1530
f 4250/2621/1526 4254/2626/1532 4255/1793/1531
f 4249/1789/1527 4252/2627/1533 4254/2626/1532
f 4258/2628/1534 4256/2624/1530 4261/2629/1535
f 4261/2629/1535 4255/2625/1531 4260/2630/1536
f 4260/2631/1536 4254/2626/1532 4259/2632/1537
f 4254/2626/1532 4257/2633/1538 4259/2632/1537
f 4263/2634/1539 4261/2629/1540 4266/2635/1541
f 4261/2629/1540 4265/2636/1542 4266/2635/1541
f 4260/2631/1543 4264/2637/1544 4265/2638/1542
f 4259/2632/1545 4262/2639/1546 4264/2637/1544
f 4268/2640/1547 4266/2635/1541 4271/2641/1548
f 4271/2641/1548 4265/2636/1542 4270/2642/1549
f 4270/2643/1549 4264/2637/1544 4269/2644/1550
f 4264/2637/1544 4267/2645/1551 4269/2644/1550
f 4268/2640/1547 4276/2646/1552 4273/2647/1553
f 4271/2641/1548 4275/2648/1554 4276/2646/1552
f 4275/2649/1554 4269/2644/1550 4274/2650/1555
f 4274/2650/1555 4267/2645/1551 4272/2651/1556
f 4278/2652/1557 4276/2653/1552 4281/2654/1558
f 4281/2654/1558 4275/2655/1554 4280/2656/1559
f 4280/2657/1559 4274/2650/1555 4279/2658/1560
f 4279/2658/1560 4272/2651/1556 4277/2659/1561
f 4283/2660/1562 4281/2654/1558 4286/2661/1563
f 4281/2654/1558 4285/2662/1564 4286/2661/1563
f 4280/2657/1559 4284/2663/1565 4285/2664/1564
f 4279/2658/1560 4282/2665/1566 4284/2663/1565
f 4283/2660/1562 4291/2666/1567 4288/2667/1568
f 4291/2666/1567 4285/2662/1564 4290/2668/1569
f 4285/2664/1564 4289/2669/1570 4290/2670/1569
f 4289/2669/1570 4282/2665/1566 4287/2671/1571
f 4288/2667/1568 4296/2672/1572 4293/2673/1573
f 4291/2666/1567 4295/2674/1574 4296/2672/1572
f 4290/2670/1569 4294/1839/1575 4295/2675/1574
f 4289/2669/1570 4292/2676/1576 4294/1839/1575
f 4293/2673/1573 4141/2504/1414 4138/2501/1411
f 4141/2504/1414 4295/2674/1574 4140/2677/1416
f 4295/2675/1574 4139/2509/1418 4140/2506/1416
f 4294/1839/1575 4137/1847/1577 4139/2509/1418
f 4298/2678/1411 4306/2679/1412 4303/2680/1413
f 4306/2679/1412 4300/2681/1578 4305/2682/1415
f 4305/2683/1415 4299/2684/1418 4304/2685/1417
f 4304/2685/1417 4297/2686/1577 4302/2687/1579
f 4303/2680/1413 4311/2688/1421 4308/2689/1420
f 4311/2688/1421 4305/2682/1415 4310/2690/1580
f 4305/2683/1415 4309/2691/1423 4310/2692/1580
f 4304/2685/1417 4307/2693/1424 4309/2691/1423
f 4313/2694/1426 4311/2688/1421 4316/2695/1425
f 4316/2695/1425 4310/2690/1580 4315/2696/1427
f 4315/1876/1427 4309/2691/1423 4314/2697/1581
f 4314/2697/1581 4307/2693/1424 4312/2698/1582
f 4318/2699/1431 4316/2695/1425 4321/2700/1430
f 4316/2701/1425 4320/2702/1432 4321/2703/1430
f 4320/2704/1432 4314/2697/1581 4319/2705/1583
f 4319/2705/1583 4312/2698/1582 4317/2706/1584
f 4318/2707/1431 4326/2708/1435 4323/2709/1436
f 4321/2703/1430 4325/2710/1437 4326/2708/1435
f 4320/2704/1432 4324/2711/1438 4325/2712/1437
f 4319/2705/1583 4322/2713/1439 4324/2711/1438
f 4323/2709/1436 4331/2714/1441 4328/2715/1440
f 4326/2708/1435 4330/2716/1442 4331/2714/1441
f 4330/2717/1442 4324/2711/1438 4329/2718/1443
f 4324/2711/1438 4327/2719/1444 4329/2718/1443
f 4328/2715/1440 4336/2720/1445 4333/2721/1446
f 4331/2714/1441 4335/2722/1447 4336/2720/1445
f 4335/2723/1447 4329/2718/1443 4334/2724/1448
f 4329/2718/1443 4332/2725/1449 4334/2724/1448
f 4338/2726/1585 4336/2720/1445 4341/2727/1586
f 4336/2720/1445 4340/2728/1587 4341/2727/1586
f 4340/2729/1587 4334/2724/1448 4339/2730/1588
f 4334/2724/1448 4337/2731/1454 4339/2730/1588
f 4338/2726/1585 4346/2732/1456 4343/2733/1457
f 4341/2727/1586 4345/2734/1459 4346/2732/1456
f 4340/2729/1587 4344/2735/1461 4345/2736/1459
f 4344/2735/1461 4337/2731/1454 4342/2737/1463
f 4343/2733/1457 4351/2738/1464 4348/2739/1465
f 4346/2732/1456 4350/2740/1589 4351/2738/1464
f 4350/2741/1589 4344/2735/1461 4349/2742/1467
f 4349/2742/1467 4342/2737/1463 4347/2743/1468
f 4348/2739/1465 4356/2744/1469 4353/2745/1470
f 4351/2738/1464 4355/2746/1471 4356/2744/1469
f 4350/2741/1589 4354/2747/1472 4355/2748/1471
f 4349/2742/1467 4352/2749/1590 4354/2747/1472
f 4358/2750/1475 4356/2751/1469 4361/2324/1474
f 4361/2324/1474 4355/2752/1471 4360/2753/1476
f 4360/2754/1476 4354/2747/1472 4359/2755/1591
f 4359/2755/1591 4352/2749/1590 4357/2756/1592
f 4363/2757/1480 4361/2324/1474 4366/2758/1479
f 4361/2324/1474 4365/2759/1481 4366/2758/1479
f 4360/2754/1476 4364/2760/1593 4365/2761/1481
f 4359/2755/1591 4362/2762/1594 4364/2760/1593
f 4368/2763/1485 4366/2758/1479 4371/2764/1484
f 4366/2758/1479 4370/2765/1595 4371/2764/1484
f 4365/2761/1481 4369/1944/1487 4370/2766/1595
f 4364/2760/1593 4367/1774/1488 4369/1944/1487
f 4373/2767/1490 4371/2764/1484 4376/2768/1489
f 4376/2768/1489 4370/2765/1595 4375/2769/1491
f 4375/2770/1491 4369/1944/1487 4374/1951/1492
f 4374/1951/1492 4367/1774/1488 4372/2771/1596
f 4378/1779/1495 4376/2768/1489 4381/2772/1494
f 4376/2768/1489 4380/1781/1496 4381/2772/1494
f 4380/2773/1496 4374/1951/1492 4379/2774/1497
f 4379/2774/1497 4372/2771/1596 4377/2775/1498
f 4378/1779/1495 4386/2776/1499 4383/2777/1500
f 4386/2776/1499 4380/1781/1496 4385/2778/1501
f 4385/2779/1501 4379/2774/1497 4384/2780/1502
f 4379/2774/1497 4382/2781/1597 4384/2780/1502
f 4383/2777/1500 4391/2782/1504 4388/2783/1505
f 4386/2776/1499 4390/2784/1598 4391/2782/1504
f 4385/2779/1501 4389/2785/1507 4390/2786/1598
f 4389/2785/1507 4382/2781/1597 4387/2787/1508
f 4393/2788/1510 4391/2782/1504 4396/2789/1509
f 4396/2789/1509 4390/2784/1598 4395/2790/1599
f 4395/2791/1599 4389/2785/1507 4394/2792/1512
f 4394/2792/1512 4387/2787/1508 4392/2793/1600
f 4393/2788/1510 4401/2794/1515 4398/2795/1514
f 4396/2789/1509 4400/2796/1601 4401/2794/1515
f 4400/2797/1601 4394/2792/1512 4399/2798/1602
f 4394/2792/1512 4397/2799/1603 4399/2798/1602
f 4398/2800/1514 4406/2801/1520 4403/2802/1519
f 4406/2801/1520 4400/2803/1601 4405/2804/1521
f 4400/2797/1601 4404/2805/1522 4405/2806/1521
f 4399/2798/1602 4402/2807/1604 4404/2805/1522
f 4408/2808/1525 4406/2801/1520 4411/2809/1524
f 4411/2809/1524 4405/2804/1521 4410/2810/1605
f 4405/2806/1521 4409/2811/1527 4410/2812/1605
f 4409/2811/1527 4402/2807/1604 4407/2813/1528
f 4413/2814/1529 4411/2809/1524 4416/2815/1530
f 4411/2809/1524 4415/2816/1531 4416/2815/1530
f 4415/2817/1531 4409/2811/1527 4414/2818/1532
f 4414/2818/1532 4407/2813/1528 4412/2819/1533
f 4413/2814/1529 4421/2820/1606 4418/2821/1607
f 4416/2815/1530 4420/2822/1608 4421/2820/1606
f 4415/2817/1531 4419/2823/1609 4420/2824/1608
f 4414/2818/1532 4417/2825/1538 4419/2823/1609
f 4418/2821/1607 4426/2826/1541 4423/2827/1539
f 4426/2826/1541 4420/2822/1608 4425/2828/1542
f 4420/2824/1608 4424/2829/1544 4425/2830/1542
f 4419/2823/1609 4422/1643/1546 4424/2829/1544
f 4428/2831/1547 4426/2826/1541 4431/2832/1548
f 4431/2832/1548 4425/2828/1542 4430/2833/1610
f 4425/2830/1542 4429/2834/1550 4430/2835/1610
f 4424/2829/1544 4427/2836/1551 4429/2834/1550
f 4433/2837/1553 4431/2832/1548 4436/2838/1552
f 4436/2838/1552 4430/2833/1610 4435/2839/1554
f 4430/2835/1610 4434/2840/1555 4435/1654/1554
f 4434/2840/1555 4427/2836/1551 4432/1829/1611
f 4433/2837/1553 4441/2841/1558 4438/2842/1557
f 4441/2841/1558 4435/2839/1554 4440/2843/1612
f 4435/1654/1554 4439/2844/1613 4440/1834/1612
f 4434/2840/1555 4437/1835/1561 4439/2844/1613
f 4438/2845/1557 4446/2846/1563 4443/2847/1562
f 4446/2846/1563 4440/2848/1612 4445/2849/1564
f 4440/1834/1612 4444/2850/1565 4445/1840/1564
f 4444/2850/1565 4437/1835/1561 4442/2851/1566
f 4443/2847/1562 4451/2852/1567 4448/2853/1568
f 4446/2846/1563 4450/2854/1614 4451/2852/1567
f 4445/1840/1564 4449/2855/1570 4450/2856/1614
f 4444/2850/1565 4447/2857/1571 4449/2855/1570
f 4448/2853/1568 4456/2858/1572 4453/2859/1573
f 4456/2858/1572 4450/2854/1614 4455/2860/1574
f 4455/1851/1574 4449/2855/1570 4454/2861/1575
f 4454/2861/1575 4447/2857/1571 4452/2862/1576
f 4453/2859/1573 4301/2863/1414 4298/2678/1411
f 4456/2858/1572 4300/2681/1578 4301/2863/1414
f 4455/1851/1574 4299/2684/1418 4300/2864/1578
f 4454/2861/1575 4297/2686/1577 4299/2684/1418
f 4458/2865/1411 4466/2866/1412 4463/2867/1413
f 4461/2868/1414 4465/2869/1415 4466/2866/1412
f 4460/2360/1578 4464/2464/1417 4465/2465/1415
f 4459/2870/1418 4462/2466/1419 4464/2464/1417
f 4468/2871/1420 4466/2866/1412 4471/2872/1421
f 4471/2872/1421 4465/2869/1415 4470/2873/1580
f 4470/2874/1580 4464/2464/1417 4469/2875/1423
f 4469/2875/1423 4462/2466/1419 4467/2462/1424
f 4473/2876/1426 4471/2872/1421 4476/2877/1425
f 4471/2872/1421 4475/2878/1427 4476/2877/1425
f 4475/2458/1427 4469/2875/1423 4474/2879/1428
f 4474/2879/1428 4467/2462/1424 4472/2880/1615
f 4473/2881/1426 4481/2882/1430 4478/2883/1431
f 4476/2884/1425 4480/2885/1432 4481/2882/1430
f 4475/2458/1427 4479/2886/1433 4480/2455/1432
f 4479/2886/1433 4472/2880/1615 4477/2488/1616
f 4478/2883/1431 4486/2887/1435 4483/2888/1436
f 4481/2882/1430 4485/2889/1437 4486/2887/1435
f 4480/2455/1432 4484/2451/1438 4485/2890/1437
f 4484/2451/1438 4477/2488/1616 4482/2891/1617
f 4488/2892/1440 4486/2887/1435 4491/2893/1441
f 4486/2887/1435 4490/2894/1442 4491/2893/1441
f 4490/2895/1442 4484/2451/1438 4489/2896/1443
f 4484/2451/1438 4487/2897/1444 4489/2896/1443
f 4488/2892/1440 4496/2898/1445 4493/2899/1618
f 4491/2893/1441 4495/2900/1447 4496/2898/1445
f 4495/2445/1447 4489/2896/1443 4494/2901/1448
f 4494/2901/1448 4487/2897/1444 4492/2902/1619
f 4498/2865/1585 4496/2898/1445 4501/2868/1586
f 4496/2898/1445 4500/2903/1620 4501/2868/1586
f 4500/2904/1620 4494/2901/1448 4499/2442/1588
f 4499/2442/1588 4492/2902/1619 4497/2905/1454
f 4498/2865/1585 4506/2866/1456 4503/2867/1457
f 4506/2866/1456 4500/2903/1620 4505/2906/1459
f 4500/2904/1620 4504/2907/1461 4505/2908/1459
f 4499/2442/1588 4502/2909/1463 4504/2907/1461
f 4508/2910/1465 4506/2866/1456 4511/2911/1464
f 4506/2866/1456 4510/2873/1589 4511/2911/1464
f 4510/2912/1589 4504/2907/1461 4509/2913/1467
f 4509/2913/1467 4502/2909/1463 4507/2914/1621
f 4508/2910/1465 4516/2877/1469 4513/2876/1470
f 4511/2911/1464 4515/2878/1471 4516/2877/1469
f 4515/2435/1471 4509/2913/1467 4514/2915/1472
f 4514/2915/1472 4507/2914/1621 4512/2916/1622
f 4518/2917/1475 4516/2918/1469 4521/2919/1474
f 4521/2919/1474 4515/2920/1471 4520/2921/1476
f 4515/2435/1471 4519/2433/1477 4520/2922/1476
f 4514/2915/1472 4517/2923/1623 4519/2433/1477
f 4518/2917/1475 4526/2924/1479 4523/2925/1480
f 4526/2924/1479 4520/2921/1476 4525/2926/1481
f 4520/2922/1476 4524/2927/1482 4525/2928/1481
f 4519/2433/1477 4522/2929/1624 4524/2927/1482
f 4523/2925/1480 4531/2930/1484 4528/2931/1485
f 4531/2930/1484 4525/2926/1481 4530/2932/1595
f 4525/2928/1481 4529/2933/1487 4530/2934/1595
f 4524/2927/1482 4527/2935/1488 4529/2933/1487
f 4528/2931/1485 4536/2936/1489 4533/2937/1490
f 4531/2930/1484 4535/2938/1491 4536/2936/1489
f 4530/2934/1595 4534/2421/1492 4535/2939/1491
f 4529/2933/1487 4532/2940/1493 4534/2421/1492
f 4538/2941/1495 4536/2936/1489 4541/2942/1494
f 4541/2942/1494 4535/2938/1491 4540/2943/1625
f 4540/2944/1625 4534/2421/1492 4539/2420/1497
f 4539/2420/1497 4532/2940/1493 4537/2945/1498
f 4538/2941/1495 4546/2946/1499 4543/2947/1500
f 4541/2942/1494 4545/2948/1501 4546/2946/1499
f 4540/2944/1625 4544/2949/1502 4545/2950/1501
f 4539/2420/1497 4542/2951/1503 4544/2949/1502
f 4543/2947/1500 4551/2952/1504 4548/2953/1505
f 4551/2952/1504 4545/2948/1501 4550/2954/1598
f 4550/2414/1598 4544/2949/1502 4549/2413/1507
f 4549/2413/1507 4542/2951/1503 4547/2955/1508
f 4553/2956/1510 4551/2952/1504 4556/2957/1509
f 4551/2952/1504 4555/2958/1599 4556/2957/1509
f 4550/2414/1598 4554/2409/1512 4555/2959/1599
f 4554/2409/1512 4547/2955/1508 4552/2415/1626
f 4553/2960/1510 4561/2961/1515 4558/2883/1514
f 4561/2961/1515 4555/2962/1599 4560/2963/1627
f 4560/2964/1627 4554/2409/1512 4559/2406/1517
f 4559/2406/1517 4552/2415/1626 4557/2965/1628
f 4558/2883/1514 4566/2966/1520 4563/2888/1519
f 4561/2961/1515 4565/2889/1521 4566/2966/1520
f 4560/2964/1627 4564/2403/1522 4565/2404/1521
f 4559/2406/1517 4562/2407/1629 4564/2403/1522
f 4563/2888/1519 4571/2893/1524 4568/2967/1525
f 4566/2966/1520 4570/2894/1605 4571/2893/1524
f 4565/2404/1521 4569/2401/1527 4570/2968/1605
f 4564/2403/1522 4567/2969/1528 4569/2401/1527
f 4568/2967/1525 4576/2898/1530 4573/2899/1529
f 4571/2893/1524 4575/2900/1531 4576/2898/1530
f 4575/2970/1531 4569/2401/1527 4574/2395/1532
f 4569/2401/1527 4572/2397/1630 4574/2395/1532
f 4578/2865/1607 4576/2898/1530 4581/2868/1606
f 4576/2898/1530 4580/2903/1631 4581/2868/1606
f 4580/2390/1631 4574/2395/1532 4579/2971/1609
f 4574/2395/1532 4577/2972/1538 4579/2971/1609
f 4578/2865/1607 4586/2866/1541 4583/2867/1539
f 4586/2866/1541 4580/2903/1631 4585/2869/1542
f 4580/2390/1631 4584/2973/1544 4585/2386/1542
f 4584/2973/1544 4577/2972/1538 4582/2974/1546
f 4588/2871/1547 4586/2866/1541 4591/2911/1548
f 4586/2866/1541 4590/2873/1610 4591/2911/1548
f 4585/2386/1542 4589/2975/1550 4590/2976/1610
f 4589/2975/1550 4582/2974/1546 4587/2383/1551
f 4588/2871/1547 4596/2877/1552 4593/2876/1553
f 4591/2911/1548 4595/2878/1554 4596/2877/1552
f 4590/2976/1610 4594/2977/1555 4595/2978/1554
f 4594/2977/1555 4587/2383/1551 4592/2380/1632
f 4593/2960/1553 4601/2961/1558 4598/2883/1557
f 4601/2961/1558 4595/2962/1554 4600/2885/1633
f 4600/2979/1633 4594/2977/1555 4599/2980/1613
f 4599/2980/1613 4592/2380/1632 4597/2981/1634
f 4598/2883/1557 4606/2966/1563 4603/2888/1562
f 4601/2961/1558 4605/2889/1564 4606/2966/1563
f 4600/2979/1633 4604/2982/1565 4605/2983/1564
f 4599/2980/1613 4602/2984/1635 4604/2982/1565
f 4603/2888/1562 4611/2985/1567 4608/2967/1568
f 4606/2966/1563 4610/2986/1614 4611/2985/1567
f 4605/2983/1564 4609/2364/1570 4610/2987/1614
f 4604/2982/1565 4607/2988/1571 4609/2364/1570
f 4608/2967/1568 4616/2898/1572 4613/2899/1573
f 4611/2985/1567 4615/2989/1574 4616/2898/1572
f 4610/2987/1614 4614/2990/1575 4615/2991/1574
f 4609/2364/1570 4612/2362/1576 4614/2990/1575
f 4613/2899/1573 4461/2868/1414 4458/2865/1411
f 4616/2898/1572 4460/2903/1578 4461/2868/1414
f 4460/2360/1578 4614/2990/1575 4459/2870/1418
f 4459/2870/1418 4612/2362/1576 4457/2992/1577
f 4267/2645/1551 4227/2601/1508 4187/2560/1468
f 4138/2501/1411 4042/2993/1636 4041/2994/1637
f 4293/2673/1573 4041/2994/1637 4072/2995/1410
f 4042/2993/1636 4148/2511/1420 4043/2996/1638
f 4148/2511/1420 4044/2997/1639 4043/2996/1638
f 4153/2522/1426 4045/2998/1640 4044/2999/1639
f 4045/2998/1640 4163/2531/1436 4046/3000/1641
f 4163/2531/1436 4047/3001/1642 4046/3000/1641
f 4047/3001/1642 4173/2542/1446 4048/3002/1407
f 4173/2542/1446 4049/3003/1643 4048/3002/1407
f 4178/2547/1455 4050/3004/1644 4049/3003/1643
f 4183/2552/1457 4051/3005/1645 4050/3004/1644
f 4051/3005/1645 4193/2562/1470 4052/3006/1646
f 4052/3006/1646 4198/3007/1475 4053/3008/1647
f 4053/3009/1647 4203/2573/1480 4054/3010/1648
f 4203/2573/1480 4055/3011/1649 4054/3010/1648
f 4055/3011/1649 4213/2582/1490 4056/3012/1408
f 4213/2582/1490 4057/3013/1650 4056/3012/1408
f 4218/2587/1495 4058/3014/1651 4057/3013/1650
f 4223/2592/1500 4059/3015/1652 4058/3014/1651
f 4228/2597/1505 4060/3016/1653 4059/3015/1652
f 4233/2603/1510 4061/3017/1654 4060/3016/1653
f 4238/3018/1514 4062/3019/1655 4061/3020/1654
f 4243/2611/1519 4063/3021/1656 4062/3019/1655
f 4248/2619/1525 4064/3022/1409 4063/3021/1656
f 4253/2623/1529 4065/3023/1657 4064/3022/1409
f 4258/2628/1658 4066/3024/1659 4065/3023/1657
f 4263/2634/1539 4067/3025/1660 4066/3024/1659
f 4268/2640/1547 4068/3026/1661 4067/3025/1660
f 4273/2647/1553 4069/3027/1662 4068/3026/1661
f 4278/2652/1557 4070/3028/1663 4069/3029/1662
f 4283/2660/1562 4071/3030/1664 4070/3028/1663
f 4288/2667/1568 4072/2995/1410 4071/3030/1664
f 4387/2787/1508 4347/2743/1468 4307/2693/1424
f 4298/2678/1411 4074/3031/1636 4073/3032/1637
f 4453/2859/1573 4073/3032/1637 4104/3033/1410
f 4303/2680/1413 4075/3034/1665 4074/3031/1636
f 4075/3034/1665 4313/2694/1426 4076/3035/1639
f 4313/3036/1426 4077/3037/1640 4076/3038/1639
f 4318/2707/1431 4078/3039/1641 4077/3037/1640
f 4323/2709/1436 4079/3040/1642 4078/3039/1641
f 4328/2715/1440 4080/3041/1407 4079/3040/1642
f 4333/2721/1446 4081/3042/1643 4080/3041/1407
f 4338/2726/1585 4082/3043/1644 4081/3042/1643
f 4343/2733/1457 4083/3044/1645 4082/3043/1644
f 4348/2739/1465 4084/3045/1646 4083/3044/1645
f 4353/2745/1470 4085/3046/1647 4084/3045/1646
f 4358/2750/1475 4086/3047/1648 4085/3048/1647
f 4086/3047/1648 4368/2763/1485 4087/3049/1666
f 4368/2763/1485 4088/3050/1408 4087/3049/1666
f 4373/2767/1490 4089/3051/1650 4088/3050/1408
f 4378/1779/1495 4090/3052/1651 4089/3051/1650
f 4383/2777/1500 4091/3053/1652 4090/3052/1651
f 4388/2783/1505 4092/3054/1653 4091/3053/1652
f 4393/3055/1510 4093/3056/1667 4092/3057/1653
f 4398/2800/1514 4094/3058/1655 4093/3056/1667
f 4403/2802/1519 4095/3059/1656 4094/3058/1655
f 4408/2808/1525 4096/3060/1409 4095/3059/1656
f 4413/2814/1529 4097/3061/1657 4096/3060/1409
f 4418/2821/1607 4098/3062/1659 4097/3061/1657
f 4423/2827/1539 4099/3063/1660 4098/3062/1659
f 4428/2831/1547 4100/3064/1661 4099/3063/1660
f 4433/2837/1553 4101/3065/1668 4100/3064/1661
f 4438/2845/1557 4102/3066/1663 4101/3067/1668
f 4443/2847/1562 4103/3068/1664 4102/3066/1663
f 4448/2853/1568 4104/3033/1410 4103/3068/1664
f 4547/2955/1508 4507/2914/1621 4467/2462/1424
f 4458/2865/1411 4106/3069/1636 4105/3070/1637
f 4613/2899/1573 4105/3070/1637 4136/3071/1410
f 4463/2867/1413 4107/3072/1669 4106/3069/1636
f 4468/2871/1420 4108/3073/1639 4107/3072/1669
f 4473/2881/1426 4109/3074/1640 4108/3075/1639
f 4478/2883/1431 4110/3076/1641 4109/3074/1640
f 4483/2888/1436 4111/3077/1670 4110/3076/1641
f 4488/2892/1440 4112/3071/1407 4111/3077/1670
f 4493/2899/1618 4113/3070/1643 4112/3071/1407
f 4498/2865/1585 4114/3069/1644 4113/3070/1643
f 4503/2867/1457 4115/3078/1645 4114/3069/1644
f 4508/2910/1465 4116/3073/1646 4115/3078/1645
f 4513/3079/1470 4117/3080/1647 4116/3081/1646
f 4518/2917/1475 4118/3082/1648 4117/3080/1647
f 4523/2925/1480 4119/3083/1666 4118/3082/1648
f 4528/2931/1485 4120/3084/1408 4119/3083/1666
f 4533/2937/1490 4121/3085/1650 4120/3084/1408
f 4538/2941/1495 4122/3086/1651 4121/3085/1650
f 4543/2947/1500 4123/3087/1671 4122/3086/1651
f 4548/2953/1505 4124/3088/1653 4123/3087/1671
f 4553/2960/1510 4125/3074/1672 4124/3089/1653
f 4558/2883/1514 4126/3076/1655 4125/3074/1672
f 4563/2888/1519 4127/3090/1656 4126/3076/1655
f 4568/2967/1525 4128/3071/1409 4127/3090/1656
f 4573/2899/1529 4129/3070/1657 4128/3071/1409
f 4578/2865/1607 4130/3069/1659 4129/3070/1657
f 4583/2867/1539 4131/3072/1673 4130/3069/1659
f 4588/2871/1547 4132/3073/1661 4131/3072/1673
f 4593/2960/1553 4133/3074/1674 4132/3089/1661
f 4598/2883/1557 4134/3076/1663 4133/3074/1674
f 4603/2888/1562 4135/3090/1664 4134/3076/1663
f 4608/2967/1568 4136/3071/1410 4135/3090/1664
f 4633/2225/1410 4625/1570/1407 4618/1571/1408
f 4648/3091/1408 4672/2227/1409 4664/3092/1410
f 4696/3093/1410 4688/3094/1407 4680/3095/1408
f 4720/2581/1489 4712/2587/1495 4717/2582/1490
f 4719/2583/1675 4715/2586/1494 4720/2581/1489
f 4718/2585/1492 4714/2313/1676 4719/2584/1675
f 4718/2585/1492 4711/2590/1498 4713/2589/1497
f 4725/2577/1484 4717/2582/1490 4722/2578/1485
f 4725/2577/1484 4719/2583/1675 4720/2581/1489
f 4723/2580/1487 4719/2584/1675 4724/1761/1486
f 4723/2580/1487 4716/2318/1493 4718/2585/1492
f 4730/2572/1479 4722/2578/1485 4727/2573/1480
f 4730/2572/1479 4724/2579/1486 4725/2577/1484
f 4728/2575/1482 4724/1761/1486 4729/2576/1677
f 4726/1927/1483 4723/2580/1487 4728/2575/1482
f 4732/2566/1475 4730/2572/1479 4727/2573/1480
f 4734/2568/1476 4730/2572/1479 4735/2565/1474
f 4734/2569/1476 4728/2575/1482 4729/2576/1677
f 4733/2570/1477 4726/1927/1483 4728/2575/1482
f 4737/2564/1470 4735/2565/1474 4732/2566/1475
f 4739/2567/1678 4735/2565/1474 4740/3096/1469
f 4738/1913/1472 4734/2569/1476 4739/2244/1678
f 4736/1915/1622 4733/2570/1477 4738/1913/1472
f 4742/2557/1465 4740/2561/1469 4737/2562/1470
f 4744/2558/1589 4740/2561/1469 4745/2556/1464
f 4744/3097/1589 4738/1913/1472 4739/2244/1678
f 4741/1909/1621 4738/1913/1472 4743/2559/1467
f 4747/2552/1457 4745/2556/1464 4742/2557/1465
f 4750/2551/1456 4744/2558/1589 4745/2556/1464
f 4748/2554/1461 4744/3097/1589 4749/2555/1459
f 4746/1730/1463 4743/2559/1467 4748/2554/1461
f 4178/2547/1455 4750/2551/1456 4747/2552/1457
f 4181/2546/1458 4749/2553/1459 4750/2551/1456
f 4180/2549/1460 4748/2554/1461 4749/2555/1459
f 4179/1894/1462 4746/1730/1463 4748/2554/1461
f 4752/2542/1446 4181/2546/1450 4178/2547/1451
f 4754/2543/1447 4181/2546/1450 4755/2541/1445
f 4753/2544/1448 4180/2549/1452 4754/2545/1447
f 4751/1890/1449 4179/1894/1453 4753/2544/1448
f 4757/2536/1440 4755/2541/1445 4752/2542/1446
f 4760/2537/1441 4754/2543/1447 4755/2541/1445
f 4759/1883/1442 4753/2544/1448 4754/2545/1447
f 4758/1882/1443 4751/1890/1449 4753/2544/1448
f 4765/2530/1435 4757/2536/1440 4762/2531/1436
f 4764/2532/1437 4760/2537/1441 4765/2530/1435
f 4763/2533/1438 4759/1883/1442 4764/2534/1437
f 4761/2535/1679 4758/1882/1443 4763/2533/1438
f 4767/2524/1431 4765/2530/1435 4762/2531/1436
f 4769/2526/1432 4765/2530/1435 4770/2523/1430
f 4768/2528/1433 4764/2534/1437 4769/2527/1432
f 4768/2528/1433 4761/2535/1679 4763/2533/1438
f 4772/2522/1426 4770/2523/1430 4767/2524/1431
f 4775/2525/1425 4769/2526/1432 4770/2523/1430
f 4773/2519/1428 4769/2527/1432 4774/2520/1427
f 4771/2521/1429 4768/2528/1433 4773/2519/1428
f 4780/3098/1421 4772/3099/1426 4777/3100/1420
f 4779/2513/1422 4775/3101/1425 4780/3098/1421
f 4778/2514/1423 4774/2520/1427 4779/2515/1422
f 4776/1860/1680 4773/2519/1428 4778/2514/1423
f 4785/3102/1412 4777/3100/1420 4782/2503/1413
f 4784/3103/1415 4780/3098/1421 4785/3102/1412
f 4783/2507/1417 4779/2515/1422 4784/2508/1415
f 4781/2510/1419 4778/2514/1423 4783/2507/1417
f 4790/2504/1414 4782/2503/1413 4787/3104/1411
f 4790/2504/1414 4784/3103/1415 4785/3102/1412
f 4789/2506/1416 4783/2507/1417 4784/2508/1415
f 4786/1847/1577 4783/2507/1417 4788/2509/1418
f 4795/3105/1572 4787/3104/1411 4792/2673/1573
f 4794/2674/1574 4790/2504/1414 4795/3105/1572
f 4794/2675/1574 4788/2509/1418 4789/2506/1416
f 4791/2676/1681 4788/2509/1418 4793/1839/1575
f 4797/2667/1568 4795/3105/1572 4792/2673/1573
f 4800/3106/1567 4794/2674/1574 4795/3105/1572
f 4799/2670/1569 4793/1839/1575 4794/2675/1574
f 4798/2669/1570 4791/2676/1681 4793/1839/1575
f 4805/2661/1563 4797/2667/1568 4802/3107/1562
f 4804/3108/1682 4800/3106/1567 4805/2661/1563
f 4803/2663/1565 4799/2670/1569 4804/2664/1682
f 4801/2665/1683 4798/2669/1570 4803/2663/1565
f 4810/3109/1558 4802/3107/1562 4807/3110/1557
f 4809/3111/1633 4805/2661/1563 4810/3109/1558
f 4809/2657/1633 4803/2663/1565 4804/2664/1682
f 4806/2836/1561 4803/2663/1565 4808/2658/1560
f 4815/3112/1552 4807/3110/1557 4812/3113/1553
f 4814/2655/1554 4810/3109/1558 4815/3112/1552
f 4813/2650/1555 4809/2657/1633 4814/2649/1554
f 4811/2651/1556 4808/2658/1560 4813/2650/1555
f 4820/2641/1548 4812/2647/1553 4817/2640/1547
f 4819/2642/1610 4815/2646/1552 4820/2641/1548
f 4819/2643/1610 4813/2650/1555 4814/2649/1554
f 4816/2645/1684 4813/2650/1555 4818/2644/1550
f 4825/2635/1541 4817/2640/1547 4822/2634/1539
f 4824/2636/1542 4820/2641/1548 4825/2635/1541
f 4823/2637/1544 4819/2643/1610 4824/2638/1542
f 4821/2639/1546 4818/2644/1550 4823/2637/1544
f 4261/2629/1540 4822/2634/1539 4258/2628/1658
f 4261/2629/1540 4824/2636/1542 4825/2635/1541
f 4260/2631/1543 4823/2637/1544 4824/2638/1542
f 4259/2632/1545 4821/2639/1546 4823/2637/1544
f 4830/2624/1530 4258/2628/1534 4827/2623/1529
f 4829/2625/1531 4261/2629/1535 4830/2624/1530
f 4828/2626/1532 4260/2631/1536 4829/1793/1531
f 4828/2626/1532 4257/2633/1538 4259/2632/1537
f 4835/2618/1524 4827/2623/1529 4832/2619/1525
f 4835/2618/1524 4829/2625/1531 4830/2624/1530
f 4834/2621/1526 4828/2626/1532 4829/1793/1531
f 4831/2622/1528 4828/2626/1532 4833/1789/1527
f 4840/2613/1520 4832/2619/1525 4837/2611/1519
f 4839/2615/1521 4835/2618/1524 4840/2613/1520
f 4838/2616/1522 4834/2621/1526 4839/1782/1521
f 4836/2617/1604 4833/1789/1527 4838/2616/1522
f 4845/2612/1515 4837/2611/1519 4842/3018/1514
f 4844/2614/1601 4840/2613/1520 4845/2612/1515
f 4844/1597/1601 4838/2616/1522 4839/1782/1521
f 4843/2609/1517 4836/2617/1604 4838/2616/1522
f 4847/2603/1510 4845/2607/1515 4842/2606/1514
f 4849/2604/1511 4845/2607/1515 4850/2602/1509
f 4849/1591/1511 4843/2609/1517 4844/1597/1601
f 4846/1593/1685 4843/2609/1517 4848/2605/1512
f 4852/2597/1505 4850/2602/1509 4847/2603/1510
f 4854/2598/1506 4850/2602/1509 4855/2596/1504
f 4853/2600/1507 4849/1591/1511 4854/2599/1506
f 4853/2600/1507 4846/1593/1685 4848/2605/1512
f 4857/2592/1500 4855/2596/1504 4852/2597/1505
f 4859/2593/1686 4855/2596/1504 4860/2591/1499
f 4858/2310/1502 4854/2599/1506 4859/2594/1686
f 4856/2595/1597 4853/2600/1507 4858/2310/1502
f 4715/2586/1494 4857/2592/1500 4712/2587/1495
f 4715/2586/1494 4859/2593/1686 4860/2591/1499
f 4713/2589/1497 4859/2594/1686 4714/2313/1676
f 4711/2590/1498 4858/2310/1502 4713/2589/1497
f 4870/3114/1489 4862/3115/1495 4867/3116/1490
f 4870/3114/1489 4864/3117/1676 4865/3118/1494
f 4869/2244/1675 4863/3119/1497 4864/3120/1676
f 4866/1742/1596 4863/3119/1497 4868/3121/1492
f 4875/3122/1484 4867/3116/1490 4872/3123/1485
f 4874/3124/1486 4870/3114/1489 4875/3122/1484
f 4873/3125/1487 4869/2244/1675 4874/1735/1486
f 4871/3126/1488 4868/3121/1492 4873/3125/1487
f 4880/3127/1479 4872/3123/1485 4877/3128/1480
f 4880/3127/1479 4874/3124/1486 4875/3122/1484
f 4878/2724/1482 4874/1735/1486 4879/3129/1677
f 4878/2724/1482 4871/3126/1488 4873/3125/1487
f 4885/3130/1474 4877/3128/1480 4882/3131/1475
f 4885/3130/1474 4879/3132/1677 4880/3127/1479
f 4883/3133/1687 4879/3129/1677 4884/2549/1688
f 4883/3133/1687 4876/3134/1689 4878/2724/1482
f 4890/2326/1469 4882/3131/1475 4887/2327/1470
f 4889/3135/1471 4885/3130/1474 4890/2326/1469
f 4888/3136/1472 4884/2549/1688 4889/3137/1471
f 4886/3138/1690 4883/3133/1687 4888/3136/1472
f 4892/3139/1465 4890/3140/1469 4887/3141/1470
f 4895/3142/1464 4889/3143/1471 4890/3140/1469
f 4894/3144/1589 4888/3136/1472 4889/3137/1471
f 4893/3145/1467 4886/3138/1690 4888/3136/1472
f 4897/3146/1457 4895/3142/1464 4892/3139/1465
f 4900/3147/1456 4894/3148/1589 4895/3142/1464
f 4898/3149/1461 4894/3144/1589 4899/3150/1459
f 4898/3149/1461 4891/3151/1621 4893/3145/1467
f 4905/3152/1586 4897/3146/1457 4902/3153/1585
f 4904/3154/1587 4900/3147/1456 4905/3152/1586
f 4903/3155/1588 4899/3150/1459 4904/3156/1587
f 4901/1698/1454 4898/3149/1461 4903/3155/1588
f 4910/3157/1445 4902/3153/1585 4907/3158/1446
f 4910/3157/1445 4904/3154/1587 4905/3152/1586
f 4908/3159/1448 4904/3156/1587 4909/1690/1447
f 4908/3159/1448 4901/1698/1454 4903/3155/1588
f 4915/3160/1441 4907/3158/1446 4912/3161/1691
f 4915/3160/1441 4909/3162/1447 4910/3157/1445
f 4913/3163/1443 4909/1690/1447 4914/3164/1692
f 4913/3163/1443 4906/3165/1449 4908/3159/1448
f 4917/3166/1436 4915/3160/1441 4912/3161/1691
f 4919/3167/1437 4915/3160/1441 4920/3168/1435
f 4918/2861/1438 4914/3164/1692 4919/3169/1437
f 4918/2861/1438 4911/3170/1444 4913/3163/1443
f 4922/3171/1431 4920/3168/1435 4917/3166/1436
f 4925/3172/1430 4919/3167/1437 4920/3168/1435
f 4923/1846/1433 4919/3169/1437 4924/1845/1693
f 4923/1846/1433 4916/3173/1694 4918/2861/1438
f 4930/3174/1425 4922/3175/1431 4927/3176/1426
f 4930/3174/1425 4924/3177/1693 4925/3178/1430
f 4928/3179/1428 4924/1845/1693 4929/3180/1427
f 4928/3179/1428 4921/3181/1695 4923/1846/1433
f 4935/3182/1421 4927/3176/1426 4932/3183/1420
f 4934/3184/1422 4930/3174/1425 4935/3182/1421
f 4933/3185/1423 4929/3180/1427 4934/2256/1422
f 4931/1661/1424 4928/3179/1428 4933/3185/1423
f 4937/3186/1413 4935/3182/1421 4932/3183/1420
f 4940/3187/1412 4934/3184/1422 4935/3182/1421
f 4939/1654/1415 4933/3185/1423 4934/2256/1422
f 4936/3188/1579 4933/3185/1423 4938/3189/1417
f 4945/3190/1414 4937/3186/1413 4942/3191/1411
f 4944/3192/1696 4940/3187/1412 4945/3190/1414
f 4943/3193/1418 4939/1654/1415 4944/3194/1696
f 4943/3193/1418 4936/3188/1579 4938/3189/1417
f 4947/3195/1573 4945/3190/1414 4942/3191/1411
f 4950/3196/1572 4944/3192/1696 4945/3190/1414
f 4949/3197/1574 4943/3193/1418 4944/3194/1696
f 4948/3198/1575 4941/2836/1577 4943/3193/1418
f 4955/3199/1567 4947/3195/1573 4952/3200/1568
f 4954/3201/1569 4950/3196/1572 4955/3199/1567
f 4953/3202/1570 4949/3197/1574 4954/3203/1569
f 4953/3202/1570 4946/3204/1697 4948/3198/1575
f 4957/3205/1562 4955/3199/1567 4952/3200/1568
f 4960/3206/1563 4954/3201/1569 4955/3199/1567
f 4959/3207/1682 4953/3202/1570 4954/3203/1569
f 4958/3208/1565 4951/3209/1571 4953/3202/1570
f 4962/3210/1557 4960/3206/1563 4957/3205/1562
f 4964/3211/1559 4960/3206/1563 4965/3212/1558
f 4964/2282/1559 4958/3208/1565 4959/3207/1682
f 4963/2811/1698 4956/3213/1699 4958/3208/1565
f 4967/2837/1553 4965/2841/1558 4962/2842/1557
f 4969/3214/1554 4965/2841/1558 4970/2838/1552
f 4969/3215/1554 4963/2811/1698 4964/2282/1559
f 4968/3216/1555 4961/3217/1700 4963/2811/1698
f 4975/2832/1548 4967/2837/1553 4972/2831/1547
f 4974/3218/1610 4970/2838/1552 4975/2832/1548
f 4974/3219/1610 4968/3216/1555 4969/3215/1554
f 4973/1609/1550 4966/3220/1632 4968/3216/1555
f 4980/2826/1541 4972/2831/1547 4977/3221/1539
f 4979/3222/1542 4975/2832/1548 4980/2826/1541
f 4979/3223/1542 4973/1609/1550 4974/3219/1610
f 4976/3224/1701 4973/1609/1550 4978/1604/1544
f 4982/3225/1607 4980/2826/1541 4977/3221/1539
f 4984/3226/1608 4980/2826/1541 4985/3227/1606
f 4984/3228/1608 4978/1604/1544 4979/3223/1542
f 4981/3229/1538 4978/1604/1544 4983/2785/1609
f 4990/3230/1530 4982/3225/1607 4987/2814/1529
f 4989/3231/1531 4985/3227/1606 4990/3230/1530
f 4989/3232/1531 4983/2785/1609 4984/3228/1608
f 4986/3233/1533 4983/2785/1609 4988/3234/1532
f 4995/3235/1524 4987/2814/1529 4992/3236/1525
f 4995/3235/1524 4989/3231/1531 4990/3230/1530
f 4993/3237/1527 4989/3232/1531 4994/3238/1605
f 4991/2775/1528 4988/3234/1532 4993/3237/1527
f 5000/3239/1520 4992/3236/1525 4997/3240/1519
f 5000/3239/1520 4994/3241/1605 4995/3235/1524
f 4998/3242/1522 4994/3238/1605 4999/1583/1521
f 4996/3243/1702 4993/3237/1527 4998/3242/1522
f 5005/3244/1515 4997/3240/1519 5002/3245/1514
f 5004/3246/1516 5000/3239/1520 5005/3244/1515
f 5003/3247/1517 4999/1583/1521 5004/2766/1516
f 5003/3247/1517 4996/3243/1702 4998/3242/1522
f 5010/3248/1509 5002/3249/1514 5007/3250/1510
f 5009/3251/1511 5005/3252/1515 5010/3248/1509
f 5008/3253/1512 5004/2766/1516 5009/2761/1511
f 5006/3254/1626 5003/3247/1517 5008/3253/1512
f 5015/2305/1504 5007/3250/1510 5012/3255/1505
f 5014/3256/1598 5010/3248/1509 5015/2305/1504
f 5013/2755/1507 5009/2761/1511 5014/3257/1598
f 5011/3258/1508 5008/3253/1512 5013/2755/1507
f 5017/3259/1500 5015/2305/1504 5012/3255/1505
f 5020/3260/1499 5014/3256/1598 5015/2305/1504
f 5019/2748/1501 5013/2755/1507 5014/3257/1598
f 5016/3261/1703 5013/2755/1507 5018/3262/1502
f 4862/3115/1495 5020/3260/1499 5017/3259/1500
f 4864/3117/1676 5020/3260/1499 4865/3118/1494
f 4863/3119/1497 5019/2748/1501 4864/3120/1676
f 4863/3119/1497 5016/3261/1703 5018/3262/1502
f 5030/3263/1489 5022/3264/1495 5027/3265/1490
f 5029/3266/1491 5025/3267/1494 5030/3263/1489
f 5028/3268/1492 5024/3269/1496 5029/3270/1491
f 5026/3271/1704 5023/3272/1497 5028/3268/1492
f 5035/3273/1484 5027/3265/1490 5032/3274/1485
f 5035/3273/1484 5029/3266/1491 5030/3263/1489
f 5034/3275/1595 5028/3268/1492 5029/3270/1491
f 5033/3276/1487 5026/3271/1704 5028/3268/1492
f 5037/3277/1480 5035/3273/1484 5032/3274/1485
f 5039/3278/1481 5035/3273/1484 5040/3279/1479
f 5039/3280/1481 5033/3276/1487 5034/3275/1595
f 5038/3281/1593 5031/3282/1488 5033/3276/1487
f 5045/3283/1474 5037/3277/1480 5042/3284/1475
f 5044/3285/1476 5040/3279/1479 5045/3283/1474
f 5044/3286/1476 5038/3281/1593 5039/3280/1481
f 5043/3287/1705 5036/3288/1594 5038/3281/1593
f 5050/3289/1469 5042/3284/1475 5047/3290/1470
f 5049/3291/1471 5045/3283/1474 5050/3289/1469
f 5048/3292/1472 5044/3286/1476 5049/3293/1471
f 5046/3294/1622 5043/3287/1705 5048/3292/1472
f 5052/3295/1465 5050/3296/1469 5047/3297/1470
f 5054/3298/1589 5050/3296/1469 5055/3299/1464
f 5053/3300/1467 5049/3293/1471 5054/3301/1589
f 5051/3302/1621 5048/3292/1472 5053/3300/1467
f 5060/3303/1456 5052/3295/1465 5057/3304/1457
f 5059/3305/1459 5055/3299/1464 5060/3303/1456
f 5058/3306/1461 5054/3301/1589 5059/3307/1459
f 5056/3308/1463 5053/3300/1467 5058/3306/1461
f 5062/3309/1585 5060/3303/1456 5057/3304/1457
f 5064/3310/1587 5060/3303/1456 5065/3311/1586
f 5063/3312/1588 5059/3307/1459 5064/3313/1587
f 5063/3312/1588 5056/3308/1463 5058/3306/1461
f 5070/3314/1445 5062/3309/1585 5067/3315/1446
f 5070/3314/1445 5064/3310/1587 5065/3311/1586
f 5068/3316/1448 5064/3313/1587 5069/3317/1447
f 5068/3316/1448 5061/3318/1454 5063/3312/1588
f 5075/3319/1441 5067/3315/1446 5072/3320/1440
f 5075/3319/1441 5069/3266/1447 5070/3314/1445
f 5074/3321/1442 5068/3316/1448 5069/3317/1447
f 5073/3322/1443 5066/3323/1449 5068/3316/1448
f 5080/3324/1435 5072/3320/1440 5077/3325/1436
f 5079/3278/1437 5075/3319/1441 5080/3324/1435
f 5079/3326/1437 5073/3322/1443 5074/3321/1442
f 5078/3327/1438 5071/3328/1706 5073/3322/1443
f 5082/3329/1431 5080/3324/1435 5077/3325/1436
f 5085/3330/1430 5079/3278/1437 5080/3324/1435
f 5084/3331/1432 5078/3327/1438 5079/3326/1437
f 5083/3332/1583 5076/3333/1694 5078/3327/1438
f 5090/3334/1425 5082/3329/1431 5087/3335/1426
f 5089/3336/1427 5085/3330/1430 5090/3334/1425
f 5088/3337/1428 5084/3331/1432 5089/3338/1427
f 5086/3339/1707 5083/3332/1583 5088/3337/1428
f 5095/3340/1421 5087/3341/1426 5092/3342/1420
f 5095/3340/1421 5089/3343/1427 5090/3344/1425
f 5093/3345/1423 5089/3338/1427 5094/3346/1580
f 5093/3345/1423 5086/3339/1707 5088/3337/1428
f 5100/3347/1412 5092/3342/1420 5097/3348/1708
f 5099/3349/1415 5095/3340/1421 5100/3347/1412
f 5098/3350/1417 5094/3346/1580 5099/3351/1415
f 5096/3352/1709 5093/3345/1423 5098/3350/1417
f 5105/3267/1414 5097/3348/1708 5102/3353/1411
f 5105/3267/1414 5099/3349/1415 5100/3347/1412
f 5104/3354/1416 5098/3350/1417 5099/3351/1415
f 5103/3355/1418 5096/3352/1709 5098/3350/1417
f 5110/3263/1572 5102/3353/1411 5107/3356/1573
f 5109/3266/1574 5105/3267/1414 5110/3263/1572
f 5108/3357/1575 5104/3354/1416 5109/3358/1574
f 5106/3359/1576 5103/3355/1418 5108/3357/1575
f 5112/3320/1568 5110/3263/1572 5107/3356/1573
f 5115/3273/1567 5109/3266/1574 5110/3263/1572
f 5114/3360/1614 5108/3357/1575 5109/3358/1574
f 5113/3361/1570 5106/3359/1576 5108/3357/1575
f 5117/3362/1562 5115/3273/1567 5112/3320/1568
f 5119/3278/1564 5115/3273/1567 5120/3279/1563
f 5119/3363/1564 5113/3361/1570 5114/3360/1614
f 5118/3364/1710 5111/3365/1571 5113/3361/1570
f 5125/3366/1558 5117/3362/1562 5122/3367/1557
f 5125/3366/1558 5119/3278/1564 5120/3279/1563
f 5124/3368/1633 5118/3364/1710 5119/3363/1564
f 5121/3369/1711 5118/3364/1710 5123/3370/1712
f 5130/3289/1552 5122/3367/1557 5127/3371/1553
f 5129/3291/1554 5125/3366/1558 5130/3289/1552
f 5129/3372/1554 5123/3370/1712 5124/3368/1633
f 5126/3373/1713 5123/3370/1712 5128/3374/1555
f 5132/3342/1547 5130/3296/1552 5127/3341/1553
f 5134/3298/1610 5130/3296/1552 5135/3299/1548
f 5134/3375/1610 5128/3374/1555 5129/3372/1554
f 5131/3376/1684 5128/3374/1555 5133/3377/1550
f 5137/3304/1539 5135/3299/1548 5132/3342/1547
f 5139/3349/1542 5135/3299/1548 5140/3378/1541
f 5139/3379/1542 5133/3377/1550 5134/3375/1610
f 5138/3380/1544 5131/3376/1684 5133/3377/1550
f 5142/3309/1607 5140/3378/1541 5137/3304/1539
f 5144/3310/1608 5140/3378/1541 5145/3311/1606
f 5144/3381/1608 5138/3380/1544 5139/3379/1542
f 5143/3382/1609 5136/3383/1546 5138/3380/1544
f 5150/3384/1530 5142/3309/1607 5147/3385/1529
f 5150/3384/1530 5144/3310/1608 5145/3311/1606
f 5148/3386/1532 5144/3381/1608 5149/3387/1531
f 5146/3388/1533 5143/3382/1609 5148/3386/1532
f 5155/3319/1524 5147/3385/1529 5152/3389/1525
f 5154/3390/1605 5150/3384/1530 5155/3319/1524
f 5153/3391/1527 5149/3387/1531 5154/3392/1605
f 5151/3393/1528 5148/3386/1532 5153/3391/1527
f 5160/3394/1520 5152/3389/1525 5157/3395/1519
f 5159/3278/1521 5155/3319/1524 5160/3394/1520
f 5158/3396/1522 5154/3392/1605 5159/3397/1521
f 5158/3396/1522 5151/3393/1528 5153/3391/1527
f 5162/3398/1514 5160/3394/1520 5157/3395/1519
f 5165/3399/1515 5159/3278/1521 5160/3394/1520
f 5164/3400/1601 5158/3396/1522 5159/3397/1521
f 5163/3401/1714 5156/3402/1604 5158/3396/1522
f 5170/3334/1509 5162/3398/1514 5167/3403/1510
f 5170/3334/1509 5164/3404/1601 5165/3399/1515
f 5169/3405/1599 5163/3401/1714 5164/3400/1601
f 5166/3406/1685 5163/3401/1714 5168/3407/1512
f 5175/3340/1504 5167/3408/1510 5172/3409/1715
f 5175/3340/1504 5169/3343/1599 5170/3344/1509
f 5173/3410/1507 5169/3405/1599 5174/3411/1598
f 5171/3412/1508 5168/3407/1512 5173/3410/1507
f 5180/3347/1499 5172/3409/1715 5177/3413/1500
f 5179/3349/1501 5175/3340/1504 5180/3347/1499
f 5178/3414/1502 5174/3411/1598 5179/3415/1501
f 5176/3416/1503 5173/3410/1507 5178/3414/1502
f 5022/3264/1495 5180/3347/1499 5177/3413/1500
f 5025/3267/1494 5179/3349/1501 5180/3347/1499
f 5024/3269/1496 5178/3414/1502 5179/3415/1501
f 5023/3272/1497 5176/3416/1503 5178/3414/1502
f 4786/1847/1577 4257/2633/1538 4711/2590/1498
f 4618/3012/1408 4712/2587/1495 4617/3013/1650
f 4617/3013/1650 4857/2592/1500 4646/3014/1651
f 4619/3011/1649 4717/2582/1490 4618/3012/1408
f 4620/3010/1648 4722/2578/1485 4619/3011/1649
f 4621/3009/1647 4727/2573/1480 4620/3010/1648
f 4622/3006/1646 4732/3007/1475 4621/3008/1647
f 4623/3005/1645 4737/2562/1470 4622/3006/1646
f 4624/3004/1644 4742/2557/1465 4623/3005/1645
f 4049/3003/1643 4747/2552/1457 4624/3004/1644
f 4625/3002/1407 4178/2547/1451 4049/3003/1643
f 4626/3001/1642 4752/2542/1446 4625/3002/1407
f 4627/3000/1641 4757/2536/1440 4626/3001/1642
f 4628/2998/1640 4762/2531/1436 4627/3000/1641
f 4629/2999/1639 4767/2524/1431 4628/2998/1640
f 4630/2996/1638 4772/3099/1426 4629/3417/1639
f 4631/2993/1636 4777/3100/1420 4630/2996/1638
f 4632/3418/1637 4782/2503/1413 4631/2993/1636
f 4633/3419/1410 4787/3104/1411 4632/3418/1637
f 4634/3030/1664 4792/2673/1573 4633/3419/1410
f 4635/3420/1663 4797/2667/1568 4634/3030/1664
f 4635/3420/1663 4807/3110/1557 4802/3107/1562
f 4637/3026/1661 4807/3421/1557 4636/3027/1662
f 4637/3026/1661 4817/2640/1547 4812/2647/1553
f 4638/3025/1660 4822/2634/1539 4817/2640/1547
f 4639/3024/1659 4258/2628/1658 4822/2634/1539
f 4065/3023/1657 4827/2623/1529 4258/2628/1534
f 4640/3022/1409 4832/2619/1525 4827/2623/1529
f 4641/3021/1656 4837/2611/1519 4832/2619/1525
f 4643/3020/1654 4837/2611/1519 4642/3019/1655
f 4644/3016/1653 4842/2606/1514 4643/3017/1654
f 4645/3015/1652 4847/2603/1510 4644/3016/1653
f 4646/3014/1651 4852/2597/1505 4645/3015/1652
f 4961/3217/1700 4981/3229/1538 4861/3422/1498
f 4648/3423/1408 4862/3115/1495 4647/3424/1650
f 4678/3425/1651 4862/3115/1495 5017/3259/1500
f 4649/3426/1649 4867/3116/1490 4648/3423/1408
f 4650/3427/1648 4872/3123/1485 4649/3426/1649
f 4650/3427/1648 4882/3131/1475 4877/3128/1480
f 4652/3428/1646 4882/3429/1475 4651/3430/1716
f 4653/3431/1717 4887/3141/1470 4652/3428/1646
f 4654/3432/1644 4892/3139/1465 4653/3431/1717
f 4655/3433/1643 4897/3146/1457 4654/3432/1644
f 4656/3434/1407 4902/3153/1585 4655/3433/1643
f 4657/3435/1642 4907/3158/1446 4656/3434/1407
f 4658/3436/1641 4912/3161/1691 4657/3435/1642
f 4659/3437/1640 4917/3166/1436 4658/3436/1641
f 4659/3437/1640 4927/3438/1426 4922/3171/1431
f 4661/3439/1718 4927/3176/1426 4660/3440/1639
f 4662/3441/1636 4932/3183/1420 4661/3439/1718
f 4663/3442/1637 4937/3186/1413 4662/3441/1636
f 4664/3443/1410 4942/3191/1411 4663/3442/1637
f 4665/3444/1664 4947/3195/1573 4664/3443/1410
f 4666/3445/1663 4952/3200/1568 4665/3444/1664
f 4667/3446/1674 4957/3205/1562 4666/3445/1663
f 4668/3064/1661 4962/2842/1557 4667/3065/1674
f 4669/3063/1719 4967/2837/1553 4668/3064/1661
f 4670/3447/1659 4972/2831/1547 4669/3063/1719
f 4671/3448/1657 4977/3221/1539 4670/3447/1659
f 4672/3060/1409 4982/3225/1607 4671/3448/1657
f 4673/3449/1656 4987/2814/1529 4672/3060/1409
f 4674/3058/1655 4992/3236/1525 4673/3449/1656
f 4675/3450/1672 4997/3240/1519 4674/3058/1655
f 4676/3057/1720 5002/3245/1514 4675/3450/1672
f 4677/3451/1652 5007/3250/1510 4676/3452/1720
f 4677/3451/1652 5017/3259/1500 5012/3255/1505
f 5141/3453/1538 5161/3454/1721 5021/3455/1498
f 4680/3456/1408 5022/3264/1495 4679/3457/1650
f 4679/3457/1650 5177/3413/1500 4710/3458/1651
f 4681/3459/1722 5027/3265/1490 4680/3456/1408
f 4682/3460/1723 5032/3274/1485 4681/3459/1722
f 4683/3461/1647 5037/3277/1480 4682/3460/1723
f 4684/3462/1646 5042/3284/1475 4683/3461/1647
f 4685/3463/1645 5047/3297/1470 4684/3464/1646
f 4686/3458/1644 5052/3295/1465 4685/3463/1645
f 4687/3465/1643 5057/3304/1457 4686/3458/1644
f 4688/3466/1407 5062/3309/1585 4687/3465/1643
f 4688/3466/1407 5072/3320/1440 5067/3315/1446
f 4690/3467/1641 5072/3320/1440 4689/3459/1642
f 4691/3468/1640 5077/3325/1436 4690/3467/1641
f 4692/3469/1639 5082/3329/1431 4691/3468/1640
f 4693/3463/1718 5087/3341/1426 4692/3464/1639
f 4694/3458/1636 5092/3342/1420 4693/3463/1718
f 4695/3457/1637 5097/3348/1708 4694/3458/1636
f 4696/3456/1410 5102/3353/1411 4695/3457/1637
f 4697/3459/1724 5107/3356/1573 4696/3456/1410
f 4698/3460/1663 5112/3320/1568 4697/3459/1724
f 4699/3461/1674 5117/3362/1562 4698/3460/1663
f 4700/3462/1661 5122/3367/1557 4699/3461/1674
f 4701/3463/1660 5127/3341/1553 4700/3464/1661
f 4702/3458/1659 5132/3342/1547 4701/3463/1660
f 4703/3465/1657 5137/3304/1539 4702/3458/1659
f 4704/3456/1409 5142/3309/1607 4703/3465/1657
f 4705/3459/1656 5147/3385/1529 4704/3456/1409
f 4706/3460/1655 5152/3389/1525 4705/3459/1656
f 4707/3461/1672 5157/3395/1519 4706/3460/1655
f 4708/3462/1653 5162/3398/1514 4707/3461/1672
f 4709/3463/1725 5167/3408/1510 4708/3464/1653
f 4710/3458/1651 5172/3409/1715 4709/3463/1725
f 2932/2224/1157 2901/3470/1357 2902/2496/1356
f 2902/2496/1356 2903/3471/1358 2904/3472/1359
f 2904/3472/1359 2905/3473/1360 2906/3474/1361
f 2906/3474/1361 2907/2226/1362 2908/1569/1153
f 2908/1569/1153 2909/3475/1363 2910/3476/1364
f 2910/3476/1364 2911/3477/1365 2908/1569/1153
f 2911/3477/1365 2912/3478/1366 2908/1569/1153
f 2912/3478/1366 2913/3479/1367 2914/3480/1368
f 2914/3480/1368 2915/3481/1369 2916/1570/1154
f 2916/1570/1154 2917/3482/1370 2918/3483/1371
f 2918/3483/1371 2919/3484/1372 2920/3485/1373
f 2920/3485/1373 2921/3486/1374 2922/3487/1375
f 2922/3487/1375 2923/3488/1376 2924/1571/1155
f 2924/1571/1155 2925/3489/1377 2926/2495/1378
f 2926/2495/1378 2927/3490/1379 2924/1571/1155
f 2927/3490/1379 2928/3491/1156 2924/1571/1155
f 2928/3491/1156 2929/3492/1380 2930/3493/1381
f 2930/3493/1381 2931/2230/1382 2928/3491/1156
f 2931/2230/1382 2932/2224/1157 2928/3491/1156
f 2932/2224/1157 2902/2496/1356 2908/1569/1153
f 2902/2496/1356 2904/3472/1359 2908/1569/1153
f 2904/3472/1359 2906/3474/1361 2908/1569/1153
f 2912/3478/1366 2914/3480/1368 2916/1570/1154
f 2916/1570/1154 2918/3483/1371 2924/1571/1155
f 2918/3483/1371 2920/3485/1373 2924/1571/1155
f 2920/3485/1373 2922/3487/1375 2924/1571/1155
f 2908/1569/1153 2912/3478/1366 2916/1570/1154
f 2924/1571/1155 2928/3491/1156 2932/2224/1157
f 2932/2224/1157 2908/1569/1153 2924/1571/1155
f 2964/1573/1157 2933/3494/1357 2936/3495/1359
f 2933/3494/1357 2934/3496/1356 2936/3495/1359
f 2934/3496/1356 2935/2230/1358 2936/3495/1359
f 2936/3495/1359 2937/3497/1360 2938/2496/1361
f 2938/2496/1361 2939/3471/1383 2940/3472/1153
f 2940/3472/1153 2941/3498/1363 2944/1569/1366
f 2941/3498/1363 2942/3499/1364 2944/1569/1366
f 2942/3499/1364 2943/3500/1365 2944/1569/1366
f 2944/1569/1366 2945/3501/1367 2946/3476/1368
f 2946/3476/1368 2947/2227/1369 2948/1574/1154
f 2948/1574/1154 2949/3502/1370 2952/1570/1373
f 2949/3502/1370 2950/3503/1371 2952/1570/1373
f 2950/3503/1371 2951/3481/1372 2952/1570/1373
f 2952/1570/1373 2953/3504/1384 2954/3483/1375
f 2954/3483/1375 2955/3505/1385 2956/3506/1155
f 2956/3506/1155 2957/3507/1377 2958/3508/1378
f 2958/3508/1378 2959/2229/1379 2956/3506/1155
f 2959/2229/1379 2960/1572/1156 2956/3506/1155
f 2960/1572/1156 2961/3509/1386 2964/1573/1157
f 2961/3509/1386 2962/3510/1381 2964/1573/1157
f 2962/3510/1381 2963/3511/1382 2964/1573/1157
f 2936/3495/1359 2938/2496/1361 2964/1573/1157
f 2938/2496/1361 2940/3472/1153 2964/1573/1157
f 2944/1569/1366 2946/3476/1368 2948/1574/1154
f 2952/1570/1373 2954/3483/1375 2948/1574/1154
f 2954/3483/1375 2956/3506/1155 2948/1574/1154
f 2940/3472/1153 2944/1569/1366 2964/1573/1157
f 2944/1569/1366 2948/1574/1154 2964/1573/1157
f 2956/3506/1155 2960/1572/1156 2948/1574/1154
f 2996/1577/1157 2965/3512/1357 2968/3513/1359
f 2965/3512/1357 2966/3514/1356 2968/3513/1359
f 2966/3514/1356 2967/3515/1358 2968/3513/1359
f 2968/3513/1359 2969/3516/1360 2972/3517/1153
f 2969/3516/1360 2970/3518/1361 2972/3517/1153
f 2970/3518/1361 2971/3519/1383 2972/3517/1153
f 2972/3517/1153 2973/3520/1363 2976/3521/1366
f 2973/3520/1363 2974/3522/1364 2976/3521/1366
f 2974/3522/1364 2975/3523/1365 2976/3521/1366
f 2976/3521/1366 2977/3524/1367 2978/3525/1368
f 2978/3525/1368 2979/3526/1387 2980/1575/1154
f 2980/1575/1154 2981/3527/1370 2984/3528/1373
f 2981/3527/1370 2982/3529/1371 2984/3528/1373
f 2982/3529/1371 2983/3530/1372 2984/3528/1373
f 2984/3528/1373 2985/3531/1384 2988/1576/1155
f 2985/3531/1384 2986/3532/1375 2988/1576/1155
f 2986/3532/1375 2987/3533/1385 2988/1576/1155
f 2988/1576/1155 2989/3534/1377 2992/3535/1156
f 2989/3534/1377 2990/3536/1378 2992/3535/1156
f 2990/3536/1378 2991/3537/1379 2992/3535/1156
f 2992/3535/1156 2993/3538/1386 2996/1577/1157
f 2993/3538/1386 2994/3539/1381 2996/1577/1157
f 2994/3539/1381 2995/3540/1388 2996/1577/1157
f 2976/3521/1366 2978/3525/1368 2972/3517/1153
f 2978/3525/1368 2980/1575/1154 2972/3517/1153
f 2996/1577/1157 2968/3513/1359 2972/3517/1153
f 2980/1575/1154 2984/3528/1373 2988/1576/1155
f 2988/1576/1155 2992/3535/1156 2996/1577/1157
f 2996/1577/1157 2972/3517/1153 2980/1575/1154
f 2998/1578/1158 3001/1581/1161 3006/1579/1159
f 3001/1581/1161 3000/1775/1163 3005/1582/1162
f 3000/1583/1163 2999/1586/1165 3004/1584/1164
f 2999/1586/1165 2997/1776/1324 3002/1587/1166
f 3003/1580/1160 3006/1579/1159 3011/1588/1167
f 3011/1588/1167 3006/1579/1159 3005/1582/1162
f 3010/1591/1169 3005/1585/1162 3004/1584/1164
f 3004/1584/1164 3002/1587/1166 3007/1593/1171
f 3008/1589/1168 3011/1588/1167 3016/1594/1172
f 3011/1588/1167 3010/1590/1169 3015/1596/1174
f 3015/1597/1174 3010/1591/1169 3009/1592/1170
f 3009/1592/1170 3007/1593/1171 3012/1599/1176
f 3013/1595/1173 3016/1594/1172 3021/1600/1177
f 3016/1594/1172 3015/1596/1174 3020/1602/1179
f 3020/1603/1179 3015/1597/1174 3014/1598/1175
f 3014/1598/1175 3012/1599/1176 3017/1605/1181
f 3023/1606/1182 3018/1601/1178 3021/1600/1177
f 3021/1600/1177 3020/1602/1179 3025/1608/1184
f 3020/1603/1179 3019/1604/1180 3024/1609/1185
f 3019/1604/1180 3017/1605/1181 3022/1611/1186
f 3023/1612/1182 3026/1615/1183 3031/1613/1187
f 3026/1615/1183 3025/3541/1184 3030/1616/1189
f 3025/1610/1184 3024/1609/1185 3029/1617/1190
f 3024/1609/1185 3022/1611/1186 3027/1619/1191
f 3028/1614/1188 3031/1613/1187 3036/1620/1192
f 3031/1613/1187 3030/1616/1189 3035/1622/1194
f 3030/1618/1189 3029/1617/1190 3034/1623/1195
f 3029/1617/1190 3027/1619/1191 3032/1625/1196
f 3038/1626/1197 3033/1621/1193 3036/1620/1192
f 3041/1627/1198 3036/1620/1192 3035/1622/1194
f 3040/1629/1199 3035/1624/1194 3034/1623/1195
f 3039/1630/1200 3034/1623/1195 3032/1625/1196
f 3038/1626/1202 3041/1627/1205 3046/1632/1203
f 3041/1627/1205 3040/1628/1207 3045/1634/1206
f 3040/1629/1207 3039/1630/1209 3044/1635/1208
f 3039/1630/1209 3037/1631/1201 3042/1637/1210
f 3043/1633/1204 3046/1632/1203 3051/1638/1211
f 3051/1638/1211 3046/1632/1203 3045/1634/1206
f 3050/1641/1213 3045/1636/1206 3044/1635/1208
f 3044/1635/1208 3042/1637/1210 3047/1643/1215
f 3048/1639/1212 3051/1638/1211 3056/1644/1216
f 3051/1638/1211 3050/1640/1213 3055/1646/1218
f 3050/1641/1213 3049/1642/1214 3054/1647/1219
f 3049/1642/1214 3047/1643/1215 3052/1649/1220
f 3053/1645/1217 3056/1644/1216 3061/1650/1221
f 3061/1650/1221 3056/1644/1216 3055/1646/1218
f 3055/1648/1218 3054/1647/1219 3059/1653/1224
f 3059/1653/1224 3054/1647/1219 3052/1649/1220
f 3058/1651/1222 3061/1650/1221 3066/1656/1226
f 3061/1650/1221 3060/1652/1223 3065/1658/1228
f 3060/1654/1223 3059/1653/1224 3064/1659/1229
f 3059/1653/1224 3057/1655/1225 3062/1661/1230
f 3068/1662/1231 3063/2146/1227 3066/1663/1226
f 3066/1663/1226 3065/3542/1228 3070/1665/1233
f 3070/1666/1233 3065/1660/1228 3064/1659/1229
f 3069/1667/1234 3064/1659/1229 3062/1661/1230
f 3073/1669/1236 3068/1662/1231 3071/1664/1232
f 3071/1664/1232 3070/1665/1233 3075/1671/1238
f 3070/1666/1233 3069/1667/1234 3074/1672/1239
f 3074/1672/1239 3069/1667/1234 3067/1668/1235
f 3073/1669/1236 3076/1670/1237 3081/1675/1241
f 3081/1675/1241 3076/1670/1237 3075/1671/1238
f 3075/1673/1238 3074/1672/1239 3079/1678/1244
f 3079/1678/1244 3074/1672/1239 3072/1674/1240
f 3078/1676/1242 3081/1675/1241 3086/1681/1246
f 3081/1675/1241 3080/1677/1243 3085/1683/1248
f 3080/1679/1243 3079/1678/1244 3084/1684/1249
f 3079/1678/1244 3077/1680/1245 3082/1686/1250
f 3088/1687/1251 3083/1682/1247 3086/1681/1246
f 3091/1688/1252 3086/1681/1246 3085/1683/1248
f 3090/1690/1253 3085/1685/1248 3084/1684/1249
f 3089/1691/1254 3084/1684/1249 3082/1686/1250
f 3088/1687/1251 3091/1688/1252 3096/1693/1256
f 3096/1693/1256 3091/1688/1252 3090/1689/1253
f 3090/1690/1253 3089/1691/1254 3094/1696/1259
f 3089/1691/1254 3087/1692/1255 3092/1698/1260
f 3093/1694/1257 3096/1693/1256 3101/1699/1261
f 3096/1693/1256 3095/1695/1258 3100/1701/1263
f 3100/1702/1263 3095/1697/1258 3094/1696/1259
f 3099/1703/1264 3094/1696/1259 3092/1698/1260
f 3103/1705/1266 3098/2155/1262 3101/1706/1261
f 3101/1699/1261 3100/1701/1263 3105/1708/1268
f 3100/1702/1263 3099/1703/1264 3104/1710/1269
f 3099/1703/1264 3097/1704/1265 3102/1712/1270
f 3103/1705/1266 3106/1707/1267 3111/1713/1271
f 3106/1707/1267 3105/2245/1268 3110/1715/1273
f 3105/1711/1268 3104/1710/1269 3109/1716/1274
f 3104/1710/1269 3102/1712/1270 3107/1718/1275
f 3113/1719/1276 3108/1714/1272 3111/1713/1271
f 3116/1720/1277 3111/1713/1271 3110/1715/1273
f 3115/1722/1278 3110/1717/1273 3109/1716/1274
f 3109/1716/1274 3107/1718/1275 3112/1724/1280
f 3118/1725/1281 3113/1719/1276 3116/1720/1277
f 3121/1726/1282 3116/1720/1277 3115/1721/1278
f 3120/1728/1283 3115/1722/1278 3114/1723/1279
f 3114/1723/1279 3112/1724/1280 3117/1730/1285
f 3118/1725/1286 3121/1726/1289 3126/1731/1287
f 3121/1726/1289 3120/1727/1291 3125/1733/1290
f 3120/1728/1291 3119/1729/1390 3124/1734/1292
f 3124/1734/1292 3119/1729/1390 3117/1730/1285
f 3123/1732/1288 3126/1731/1287 3131/1737/1294
f 3131/1737/1294 3126/1731/1287 3125/1733/1290
f 3130/1740/1296 3125/1735/1290 3124/1734/1292
f 3129/1741/1297 3124/1734/1292 3122/1736/1293
f 3128/1738/1295 3131/1737/1294 3136/1743/1299
f 3131/1737/1294 3130/1739/1296 3135/1745/1301
f 3130/1740/1296 3129/1741/1297 3134/1746/1302
f 3134/1746/1302 3129/1741/1297 3127/1742/1298
f 3133/1744/1300 3136/1743/1299 3141/1749/1304
f 3141/1749/1304 3136/1743/1299 3135/1745/1301
f 3140/1752/1306 3135/1747/1301 3134/1746/1302
f 3134/1746/1302 3132/1748/1303 3137/1754/1308
f 3143/1755/1309 3138/2243/1305 3141/1756/1304
f 3146/1758/1310 3141/1749/1304 3140/1751/1306
f 3140/1752/1306 3139/1753/1307 3144/1760/1312
f 3139/1753/1307 3137/1754/1308 3142/1762/1313
f 3143/1755/1309 3146/1757/1310 3151/1763/1314
f 3146/1757/1310 3145/3543/1311 3150/1765/1316
f 3150/1766/1316 3145/1761/1311 3144/1760/1312
f 3149/1767/1317 3144/1760/1312 3142/1762/1313
f 3153/1769/1319 3148/1764/1315 3151/1763/1314
f 3151/1763/1314 3150/1765/1316 3155/1771/1321
f 3150/1766/1316 3149/1767/1317 3154/1772/1322
f 3149/1767/1317 3147/1768/1318 3152/1774/1323
f 3153/1769/1319 3156/1770/1320 3001/1581/1161
f 3001/1581/1161 3156/1770/1320 3155/1771/1321
f 3155/1773/1321 3154/1772/1322 2999/1586/1165
f 3154/1772/1322 3152/1774/1323 2997/1776/1324
f 3158/1777/1158 3161/1966/1161 3166/1778/1159
f 3166/1778/1159 3161/1966/1161 3160/1780/1163
f 3165/1782/1162 3160/1967/1163 3159/1783/1165
f 3159/1783/1165 3157/1968/1324 3162/1785/1325
f 3163/1779/1160 3166/1778/1159 3171/1786/1167
f 3166/1778/1159 3165/1781/1162 3170/1788/1169
f 3165/1782/1162 3164/1784/1164 3169/1789/1170
f 3164/1784/1164 3162/1785/1325 3167/1611/1171
f 3173/1790/1173 3168/1787/1168 3171/1786/1167
f 3176/1791/1172 3171/1786/1167 3170/1788/1169
f 3175/1793/1174 3170/1610/1169 3169/1789/1170
f 3174/1794/1175 3169/1789/1170 3167/1611/1171
f 3173/1790/1173 3176/1791/1172 3181/1796/1177
f 3181/1796/1177 3176/1791/1172 3175/1792/1174
f 3180/1624/1179 3175/1793/1174 3174/1794/1175
f 3179/1799/1327 3174/1794/1175 3172/1795/1326
f 3183/1801/1182 3178/1797/1178 3181/1796/1177
f 3181/1796/1177 3180/1798/1179 3185/1803/1184
f 3180/1624/1179 3179/1799/1327 3184/1804/1185
f 3179/1799/1327 3177/1800/1181 3182/1806/1328
f 3183/1807/1182 3186/3544/1183 3191/1808/1187
f 3191/1808/1187 3186/3544/1183 3185/1810/1184
f 3190/1812/1189 3185/1805/1184 3184/1804/1185
f 3184/1804/1185 3182/1806/1328 3187/1814/1191
f 3193/1815/1193 3188/1809/1188 3191/1808/1187
f 3191/1808/1187 3190/1811/1189 3195/1817/1194
f 3195/1818/1194 3190/1812/1189 3189/1813/1190
f 3189/1813/1190 3187/1814/1191 3192/1643/1196
f 3198/1820/1329 3193/1815/1193 3196/1816/1192
f 3196/1816/1192 3195/1817/1194 3200/1822/1331
f 3200/1648/1331 3195/1818/1194 3194/1819/1195
f 3194/1819/1195 3192/1643/1196 3197/1824/1201
f 3198/1820/1329 3201/1821/1330 3206/1825/1203
f 3201/1821/1330 3200/1822/1331 3205/1827/1206
f 3200/1648/1331 3199/1823/1332 3204/1828/1208
f 3204/1828/1208 3199/1823/1332 3197/1824/1201
f 3203/1826/1204 3206/1825/1203 3211/1830/1211
f 3206/1825/1203 3205/1827/1206 3210/1832/1213
f 3205/1654/1206 3204/1828/1208 3209/1833/1214
f 3204/1828/1208 3202/1829/1210 3207/1835/1215
f 3213/1836/1217 3208/1831/1212 3211/1830/1211
f 3211/1830/1211 3210/1832/1213 3215/1838/1218
f 3210/1834/1213 3209/1833/1214 3214/1839/1219
f 3209/1833/1214 3207/1835/1215 3212/1841/1333
f 3218/1842/1222 3213/1836/1217 3216/1837/1216
f 3221/1843/1221 3216/1837/1216 3215/1838/1218
f 3220/1845/1223 3215/1840/1218 3214/1839/1219
f 3219/1846/1224 3214/1839/1219 3212/1841/1333
f 3223/1848/1227 3218/1842/1222 3221/1843/1221
f 3221/1843/1221 3220/1844/1223 3225/1850/1228
f 3225/1851/1228 3220/1845/1223 3219/1846/1224
f 3224/1852/1229 3219/1846/1224 3217/1847/1225
f 3223/1854/1227 3226/1857/1226 3231/1855/1232
f 3226/1857/1226 3225/3545/1228 3230/1858/1233
f 3225/1851/1228 3224/1852/1229 3229/1684/1234
f 3229/1684/1234 3224/1852/1229 3222/1853/1334
f 3233/1861/1236 3228/1856/1231 3231/1855/1232
f 3236/1862/1237 3231/1855/1232 3230/1858/1233
f 3235/1864/1238 3230/1859/1233 3229/1684/1234
f 3234/1865/1239 3229/1684/1234 3227/1860/1235
f 3238/1867/1242 3233/1861/1236 3236/1862/1237
f 3236/1862/1237 3235/1863/1238 3240/1869/1243
f 3235/1864/1238 3234/1865/1239 3239/1870/1244
f 3234/1865/1239 3232/1866/1335 3237/1872/1336
f 3238/1867/1242 3241/1868/1241 3246/1873/1246
f 3246/1873/1246 3241/1868/1241 3240/1869/1243
f 3245/1876/1248 3240/1871/1243 3239/1870/1244
f 3239/1870/1244 3237/1872/1336 3242/1878/1337
f 3243/1874/1247 3246/1873/1246 3251/1879/1252
f 3246/1873/1246 3245/1875/1248 3250/1881/1253
f 3245/1876/1248 3244/1877/1249 3249/1882/1254
f 3249/1882/1254 3244/1877/1249 3242/1878/1337
f 3248/1880/1251 3251/1879/1252 3256/1885/1256
f 3256/1885/1256 3251/1879/1252 3250/1881/1253
f 3255/1888/1258 3250/1883/1253 3249/1882/1254
f 3254/1889/1259 3249/1882/1254 3247/1884/1255
f 3253/1886/1257 3256/1885/1256 3261/1891/1261
f 3256/1885/1256 3255/1887/1258 3260/1893/1263
f 3255/1888/1258 3254/1889/1259 3259/1894/1264
f 3254/1889/1259 3252/1890/1338 3257/1896/1339
f 3263/1897/1266 3258/2193/1262 3261/1898/1261
f 3261/1898/1261 3260/2349/1263 3265/1900/1268
f 3260/1895/1263 3259/1894/1264 3264/1901/1269
f 3264/1901/1269 3259/1894/1264 3257/1896/1339
f 3263/1897/1266 3266/1899/1267 3271/1904/1271
f 3266/1899/1267 3265/1900/1268 3270/1906/1273
f 3265/1902/1268 3264/1901/1269 3269/1907/1274
f 3269/1907/1274 3264/1901/1269 3262/1903/1340
f 3273/1910/1276 3268/1905/1272 3271/1904/1271
f 3271/1904/1271 3270/1906/1273 3275/1912/1278
f 3270/1908/1273 3269/1907/1274 3274/1913/1279
f 3274/1913/1279 3269/1907/1274 3267/1909/1275
f 3273/1910/1276 3276/1911/1277 3281/1916/1341
f 3276/1911/1277 3275/1912/1278 3280/1918/1343
f 3280/1919/1343 3275/1914/1278 3274/1913/1279
f 3274/1913/1279 3272/1915/1280 3277/1921/1285
f 3278/1917/1342 3281/1916/1341 3286/1922/1287
f 3281/1916/1341 3280/1918/1343 3285/1924/1290
f 3280/1919/1343 3279/1920/1344 3284/1925/1292
f 3279/1920/1344 3277/1921/1285 3282/1927/1293
f 3283/1923/1288 3286/1922/1287 3291/1928/1294
f 3286/1922/1287 3285/1924/1290 3290/1930/1296
f 3285/1926/1290 3284/1925/1292 3289/1931/1297
f 3284/1925/1292 3282/1927/1293 3287/1933/1298
f 3288/1929/1295 3291/1928/1294 3296/1934/1299
f 3296/1934/1299 3291/1928/1294 3290/1930/1296
f 3290/1932/1296 3289/1931/1297 3294/1937/1302
f 3289/1931/1297 3287/1933/1298 3292/1939/1303
f 3293/1935/1300 3296/1934/1299 3301/1940/1304
f 3296/1934/1299 3295/1936/1301 3300/1942/1306
f 3300/1943/1306 3295/1938/1301 3294/1937/1302
f 3294/1937/1302 3292/1939/1303 3297/1945/1308
f 3298/1946/1305 3301/3546/1304 3306/1947/1310
f 3306/1947/1310 3301/3546/1304 3300/1949/1306
f 3300/1943/1306 3299/1944/1307 3304/1951/1312
f 3299/1944/1307 3297/1945/1308 3302/1953/1345
f 3303/1948/1309 3306/1947/1310 3311/1954/1314
f 3306/1947/1310 3305/1950/1311 3310/1956/1316
f 3305/1952/1311 3304/1951/1312 3309/1957/1317
f 3304/1951/1312 3302/1953/1345 3307/1959/1318
f 3313/1960/1319 3308/1955/1315 3311/1954/1314
f 3316/1961/1320 3311/1954/1314 3310/1956/1316
f 3310/1958/1316 3309/1957/1317 3314/1963/1322
f 3314/1963/1322 3309/1957/1317 3307/1959/1318
f 3158/1777/1158 3313/1960/1319 3316/1961/1320
f 3316/1961/1320 3315/1962/1321 3160/1780/1163
f 3315/1964/1321 3314/1963/1322 3159/1783/1165
f 3314/1963/1322 3312/1965/1346 3157/1968/1324
f 3318/1969/1158 3321/1972/1161 3326/1970/1159
f 3321/1972/1161 3320/2017/1163 3325/1973/1162
f 3320/1974/1163 3319/1977/1165 3324/1975/1164
f 3319/1977/1165 3317/2128/1324 3322/1978/1325
f 3328/1979/1168 3323/1971/1347 3326/1970/1159
f 3331/1980/1167 3326/1970/1159 3325/1973/1162
f 3330/1982/1169 3325/1976/1162 3324/1975/1164
f 3329/1983/1170 3324/1975/1164 3322/1978/1325
f 3333/1985/1173 3328/1979/1168 3331/1980/1167
f 3331/1980/1167 3330/1981/1169 3335/1987/1174
f 3330/1982/1169 3329/1983/1170 3334/1988/1175
f 3329/1983/1170 3327/1984/1171 3332/1990/1348
f 3333/1985/1173 3336/1986/1172 3341/1991/1177
f 3336/1986/1172 3335/1987/1174 3340/1993/1179
f 3340/1994/1179 3335/1989/1174 3334/1988/1175
f 3339/1995/1180 3334/1988/1175 3332/1990/1348
f 3338/1992/1178 3341/1991/1177 3346/1997/1183
f 3341/1991/1177 3340/1993/1179 3345/1999/1184
f 3340/1994/1179 3339/1995/1180 3344/2000/1185
f 3339/1995/1180 3337/1996/1349 3342/2002/1328
f 3343/2003/1182 3346/2006/1183 3351/2004/1187
f 3346/2006/1183 3345/2120/1184 3350/2007/1189
f 3350/2008/1189 3345/2001/1184 3344/2000/1185
f 3344/2000/1185 3342/2002/1328 3347/2010/1191
f 3348/2005/1188 3351/2004/1187 3356/2011/1192
f 3356/2011/1192 3351/2004/1187 3350/2007/1189
f 3355/2014/1194 3350/2008/1189 3349/2009/1190
f 3354/2015/1195 3349/2009/1190 3347/2010/1191
f 3358/1969/1329 3353/2012/1193 3356/2011/1192
f 3356/2011/1192 3355/2013/1194 3360/2017/1331
f 3355/2014/1194 3354/2015/1195 3359/2018/1332
f 3359/2018/1332 3354/2015/1195 3352/2016/1196
f 3358/1969/1329 3361/1972/1330 3366/1970/1203
f 3361/1972/1330 3360/2017/1331 3365/2022/1206
f 3360/2019/1331 3359/2018/1332 3364/2023/1208
f 3359/2018/1332 3357/2020/1201 3362/2025/1210
f 3363/2021/1204 3366/1970/1203 3371/2026/1211
f 3366/1970/1203 3365/2022/1206 3370/1981/1213
f 3370/2027/1213 3365/2024/1206 3364/2023/1208
f 3364/2023/1208 3362/2025/1210 3367/2029/1215
f 3373/2030/1217 3368/1979/1212 3371/2026/1211
f 3371/2026/1211 3370/1981/1213 3375/2032/1218
f 3370/2027/1213 3369/2028/1214 3374/2033/1219
f 3374/2033/1219 3369/2028/1214 3367/2029/1215
f 3373/2030/1217 3376/2031/1216 3381/2036/1221
f 3381/2036/1221 3376/2031/1216 3375/2032/1218
f 3380/2038/1223 3375/2034/1218 3374/2033/1219
f 3374/2033/1219 3372/2035/1333 3377/2040/1350
f 3378/1992/1222 3381/2036/1221 3386/1997/1226
f 3386/1997/1226 3381/2036/1221 3380/2037/1223
f 3380/2038/1223 3379/2039/1224 3384/2042/1229
f 3384/2042/1229 3379/2039/1224 3377/2040/1350
f 3383/2003/1227 3386/2046/1226 3391/2045/1232
f 3386/2046/1226 3385/2120/1228 3390/2047/1233
f 3385/2043/1228 3384/2042/1229 3389/2048/1234
f 3384/2042/1229 3382/2044/1351 3387/2050/1235
f 3388/2005/1231 3391/2045/1232 3396/2051/1237
f 3391/2045/1232 3390/2047/1233 3395/2053/1238
f 3390/2049/1233 3389/2048/1234 3394/2054/1239
f 3389/2048/1234 3387/2050/1235 3392/2056/1335
f 3393/2052/1236 3396/2051/1237 3401/2057/1241
f 3401/2057/1241 3396/2051/1237 3395/2053/1238
f 3400/2059/1243 3395/2055/1238 3394/2054/1239
f 3399/2060/1244 3394/2054/1239 3392/2056/1335
f 3398/2058/1242 3401/2057/1241 3406/2062/1246
f 3401/2057/1241 3400/2017/1243 3405/1973/1248
f 3400/2059/1243 3399/2060/1244 3404/2064/1249
f 3399/2060/1244 3397/2061/1336 3402/2066/1337
f 3403/2063/1247 3406/2062/1246 3411/2067/1252
f 3411/2067/1252 3406/2062/1246 3405/1973/1248
f 3410/2068/1253 3405/2065/1248 3404/2064/1249
f 3404/2064/1249 3402/2066/1337 3407/2070/1255
f 3413/2030/1257 3408/1979/1251 3411/2067/1252
f 3411/2067/1252 3410/1981/1253 3415/2032/1258
f 3410/2068/1253 3409/2069/1254 3414/2072/1259
f 3414/2072/1259 3409/2069/1254 3407/2070/1255
f 3418/2075/1262 3413/2030/1257 3416/2071/1256
f 3421/1991/1261 3416/2071/1256 3415/2032/1258
f 3420/2076/1263 3415/2073/1258 3414/2072/1259
f 3414/2072/1259 3412/2074/1338 3417/2078/1339
f 3418/2075/1262 3421/1991/1261 3426/2079/1267
f 3421/1991/1261 3420/2037/1263 3425/2041/1268
f 3420/2076/1263 3419/2077/1264 3424/2081/1269
f 3424/2081/1269 3419/2077/1264 3417/2078/1339
f 3428/2084/1272 3423/2003/1266 3426/2085/1267
f 3426/2085/1267 3425/2120/1268 3430/2086/1273
f 3430/2087/1273 3425/2082/1268 3424/2081/1269
f 3424/2081/1269 3422/2083/1270 3427/2089/1275
f 3428/2084/1272 3431/2004/1271 3436/2090/1277
f 3431/2004/1271 3430/2086/1273 3435/2013/1278
f 3435/2091/1278 3430/2087/1273 3429/2088/1274
f 3434/2092/1279 3429/2088/1274 3427/2089/1275
f 3433/2012/1276 3436/2090/1277 3441/2094/1341
f 3436/2090/1277 3435/2013/1278 3440/2096/1343
f 3435/2091/1278 3434/2092/1279 3439/2097/1344
f 3434/2092/1279 3432/2093/1280 3437/2099/1285
f 3438/2095/1342 3441/2094/1341 3446/1970/1287
f 3441/2094/1341 3440/2096/1343 3445/2022/1290
f 3440/2098/1343 3439/2097/1344 3444/2100/1292
f 3444/2100/1292 3439/2097/1344 3437/2099/1285
f 3443/1971/1288 3446/1970/1287 3451/2026/1294
f 3446/1970/1287 3445/2022/1290 3450/2103/1296
f 3450/2104/1296 3445/2101/1290 3444/2100/1292
f 3444/2100/1292 3442/2102/1293 3447/2106/1352
f 3453/2107/1300 3448/1979/1295 3451/2026/1294
f 3451/2026/1294 3450/2103/1296 3455/1987/1301
f 3455/2108/1301 3450/2104/1296 3449/2105/1297
f 3454/2109/1302 3449/2105/1297 3447/2106/1352
f 3453/2107/1300 3456/1986/1299 3461/1991/1304
f 3461/1991/1304 3456/1986/1299 3455/1987/1301
f 3460/2112/1306 3455/2108/1301 3454/2109/1302
f 3454/2109/1302 3452/2110/1353 3457/2114/1354
f 3463/1998/1309 3458/2111/1305 3461/1991/1304
f 3461/1991/1304 3460/1993/1306 3465/2116/1311
f 3460/2112/1306 3459/2113/1307 3464/2117/1312
f 3459/2113/1307 3457/2114/1354 3462/2119/1345
f 3463/2003/1309 3466/2085/1310 3471/2004/1314
f 3471/2004/1314 3466/2085/1310 3465/2120/1311
f 3470/2121/1316 3465/2118/1311 3464/2117/1312
f 3464/2117/1312 3462/2119/1345 3467/2123/1318
f 3468/2005/1315 3471/2004/1314 3476/2124/1320
f 3471/2004/1314 3470/2047/1316 3475/2053/1321
f 3470/2121/1316 3469/2122/1317 3474/2125/1322
f 3469/2122/1317 3467/2123/1318 3472/2127/1346
f 3318/1969/1158 3473/2052/1355 3476/2124/1320
f 3321/1972/1161 3476/2124/1320 3475/2053/1321
f 3320/1974/1163 3475/2126/1321 3474/2125/1322
f 3319/1977/1165 3474/2125/1322 3472/2127/1346
f 3007/1593/1171 3002/1587/1166 2997/1776/1324
f 2997/1776/1324 3152/1774/1323 3007/1593/1171
f 3152/1774/1323 3147/1768/1318 3007/1593/1171
f 3147/1768/1318 3142/1762/1313 3137/1754/1308
f 3137/1754/1308 3132/1748/1303 3127/1742/1298
f 3127/1742/1298 3122/1736/1293 3107/1718/1275
f 3122/1736/1293 3117/1730/1285 3107/1718/1275
f 3117/1730/1285 3112/1724/1280 3107/1718/1275
f 3107/1718/1275 3102/1712/1270 3087/1692/1255
f 3102/1712/1270 3097/1704/1265 3087/1692/1255
f 3097/1704/1265 3092/1698/1260 3087/1692/1255
f 3087/1692/1255 3082/1686/1250 3067/1668/1235
f 3082/1686/1250 3077/1680/1245 3067/1668/1235
f 3077/1680/1245 3072/1674/1240 3067/1668/1235
f 3067/1668/1235 3062/1661/1230 3057/1655/1225
f 3057/1655/1225 3052/1649/1220 3067/1668/1235
f 3052/1649/1220 3047/1643/1215 3067/1668/1235
f 3047/1643/1215 3042/1637/1210 3037/1631/1201
f 3037/1631/1201 3032/1625/1196 3027/1619/1191
f 3027/1619/1191 3022/1611/1186 3007/1593/1171
f 3022/1611/1186 3017/1605/1181 3007/1593/1171
f 3017/1605/1181 3012/1599/1176 3007/1593/1171
f 3147/1768/1318 3137/1754/1308 3007/1593/1171
f 3137/1754/1308 3127/1742/1298 3007/1593/1171
f 3047/1643/1215 3037/1631/1201 3007/1593/1171
f 3037/1631/1201 3027/1619/1191 3007/1593/1171
f 3127/1742/1298 3107/1718/1275 3007/1593/1171
f 3107/1718/1275 3087/1692/1255 3007/1593/1171
f 3087/1692/1255 3067/1668/1235 3047/1643/1215
f 2998/1578/1158 3003/1580/1160 2902/2129/1356
f 3153/1769/1319 2998/1578/1158 2901/2130/1357
f 3003/1580/1160 3008/1589/1168 2903/2132/1358
f 3008/1589/1168 3013/1595/1173 2904/2133/1359
f 3013/1595/1173 3018/1601/1178 2905/2134/1360
f 3018/2135/1178 3023/1612/1182 2906/2136/1361
f 3023/1612/1182 3028/1614/1188 2907/2138/1362
f 3028/1614/1188 3033/1621/1193 2908/2139/1153
f 3033/1621/1193 3038/1626/1197 2909/2140/1363
f 3038/1626/1202 3043/1633/1204 2910/2141/1364
f 3043/1633/1204 3048/1639/1212 2911/2142/1365
f 3048/1639/1212 3053/1645/1217 2912/2143/1366
f 3053/1645/1217 3058/1651/1222 2913/2144/1367
f 3058/1651/1222 3063/1657/1227 2914/2145/1368
f 3063/2146/1227 3068/1662/1231 2915/2147/1369
f 3068/1662/1231 3073/1669/1236 2916/2149/1154
f 3073/1669/1236 3078/1676/1242 2917/2150/1370
f 3078/1676/1242 3083/1682/1247 2918/2151/1371
f 3083/1682/1247 3088/1687/1251 2919/2152/1372
f 3088/1687/1251 3093/1694/1257 2920/2153/1373
f 3093/1694/1257 3098/1700/1262 2921/2154/1374
f 3098/2155/1262 3103/1705/1266 2922/2156/1375
f 3103/1705/1266 3108/1714/1272 2923/2158/1376
f 3108/1714/1272 3113/1719/1276 2924/2159/1155
f 3113/1719/1276 3118/1725/1281 2925/2160/1377
f 3118/1725/1286 3123/1732/1288 2926/2161/1378
f 3123/1732/1288 3128/1738/1295 2927/2162/1379
f 3128/1738/1295 3133/1744/1300 2928/2163/1156
f 3133/1744/1300 3138/1750/1305 2929/2164/1380
f 3138/1750/1305 3143/2469/1309 2930/2165/1381
f 3143/1755/1309 3148/1764/1315 2931/2166/1382
f 3148/1764/1315 3153/1769/1319 2932/2131/1157
f 3167/1611/1171 3162/1785/1325 3157/1968/1324
f 3157/1968/1324 3312/1965/1346 3307/1959/1318
f 3307/1959/1318 3302/1953/1345 3297/1945/1308
f 3297/1945/1308 3292/1939/1303 3287/1933/1298
f 3287/1933/1298 3282/1927/1293 3267/1909/1275
f 3282/1927/1293 3277/1921/1285 3267/1909/1275
f 3277/1921/1285 3272/1915/1280 3267/1909/1275
f 3267/1909/1275 3262/1903/1340 3257/1896/1339
f 3257/1896/1339 3252/1890/1338 3267/1909/1275
f 3252/1890/1338 3247/1884/1255 3267/1909/1275
f 3247/1884/1255 3242/1878/1337 3237/1872/1336
f 3237/1872/1336 3232/1866/1335 3227/1860/1235
f 3227/1860/1235 3222/1853/1334 3217/1847/1225
f 3217/1847/1225 3212/1841/1333 3227/1860/1235
f 3212/1841/1333 3207/1835/1215 3227/1860/1235
f 3207/1835/1215 3202/1829/1210 3197/1824/1201
f 3197/1824/1201 3192/1643/1196 3207/1835/1215
f 3192/1643/1196 3187/1814/1191 3207/1835/1215
f 3187/1814/1191 3182/1806/1328 3177/1800/1181
f 3177/1800/1181 3172/1795/1326 3167/1611/1171
f 3167/1611/1171 3157/1968/1324 3307/1959/1318
f 3307/1959/1318 3297/1945/1308 3167/1611/1171
f 3297/1945/1308 3287/1933/1298 3167/1611/1171
f 3247/1884/1255 3237/1872/1336 3227/1860/1235
f 3187/1814/1191 3177/1800/1181 3207/1835/1215
f 3177/1800/1181 3167/1611/1171 3207/1835/1215
f 3287/1933/1298 3267/1909/1275 3167/1611/1171
f 3267/1909/1275 3247/1884/1255 3167/1611/1171
f 3247/1884/1255 3227/1860/1235 3167/1611/1171
f 3158/1777/1158 3163/1779/1160 2934/2168/1356
f 3313/1960/1319 3158/1777/1158 2933/2169/1357
f 3163/1779/1160 3168/1787/1168 2935/2171/1358
f 3168/1787/1168 3173/1790/1173 2936/2172/1359
f 3173/1790/1173 3178/1797/1178 2937/2173/1360
f 3178/2174/1178 3183/1807/1182 2938/2175/1361
f 3183/1807/1182 3188/1809/1188 2939/2177/1383
f 3188/1809/1188 3193/1815/1193 2940/2178/1153
f 3193/1815/1193 3198/1820/1329 2941/2179/1363
f 3198/1820/1329 3203/1826/1204 2942/2180/1364
f 3203/1826/1204 3208/1831/1212 2943/2181/1365
f 3208/1831/1212 3213/1836/1217 2944/2182/1366
f 3213/1836/1217 3218/1842/1222 2945/2183/1367
f 3218/1842/1222 3223/1848/1227 2946/2184/1368
f 3223/1854/1227 3228/1856/1231 2947/2185/1369
f 3228/1856/1231 3233/1861/1236 2948/2187/1154
f 3233/1861/1236 3238/1867/1242 2949/2188/1370
f 3238/1867/1242 3243/1874/1247 2950/2189/1371
f 3243/1874/1247 3248/1880/1251 2951/2190/1372
f 3248/1880/1251 3253/1886/1257 2952/2191/1373
f 3253/1886/1257 3258/1892/1262 2953/2192/1384
f 3258/2193/1262 3263/1897/1266 2954/2194/1375
f 3263/1897/1266 3268/1905/1272 2955/2196/1385
f 3268/1905/1272 3273/1910/1276 2956/2197/1155
f 3273/1910/1276 3278/1917/1342 2957/2198/1377
f 3278/1917/1342 3283/1923/1288 2958/2199/1378
f 3283/1923/1288 3288/1929/1295 2959/2200/1379
f 3288/1929/1295 3293/1935/1300 2960/2201/1156
f 3293/1935/1300 3298/1941/1305 2961/2202/1386
f 3298/1941/1305 3303/2486/1309 2962/2203/1381
f 3303/1948/1309 3308/1955/1315 2963/2204/1382
f 3308/1955/1315 3313/1960/1319 2964/2170/1157
f 3327/1984/1171 3322/1978/1325 3317/2128/1324
f 3317/2128/1324 3472/2127/1346 3467/2123/1318
f 3467/2123/1318 3462/2119/1345 3457/2114/1354
f 3457/2114/1354 3452/2110/1353 3467/2123/1318
f 3452/2110/1353 3447/2106/1352 3467/2123/1318
f 3447/2106/1352 3442/2102/1293 3437/2099/1285
f 3437/2099/1285 3432/2093/1280 3427/2089/1275
f 3427/2089/1275 3422/2083/1270 3407/2070/1255
f 3422/2083/1270 3417/2078/1339 3407/2070/1255
f 3417/2078/1339 3412/2074/1338 3407/2070/1255
f 3407/2070/1255 3402/2066/1337 3397/2061/1336
f 3397/2061/1336 3392/2056/1335 3387/2050/1235
f 3387/2050/1235 3382/2044/1351 3377/2040/1350
f 3377/2040/1350 3372/2035/1333 3387/2050/1235
f 3372/2035/1333 3367/2029/1215 3387/2050/1235
f 3367/2029/1215 3362/2025/1210 3357/2020/1201
f 3357/2020/1201 3352/2016/1196 3347/2010/1191
f 3347/2010/1191 3342/2002/1328 3327/1984/1171
f 3342/2002/1328 3337/1996/1349 3327/1984/1171
f 3337/1996/1349 3332/1990/1348 3327/1984/1171
f 3327/1984/1171 3317/2128/1324 3447/2106/1352
f 3317/2128/1324 3467/2123/1318 3447/2106/1352
f 3447/2106/1352 3437/2099/1285 3407/2070/1255
f 3437/2099/1285 3427/2089/1275 3407/2070/1255
f 3407/2070/1255 3397/2061/1336 3367/2029/1215
f 3397/2061/1336 3387/2050/1235 3367/2029/1215
f 3367/2029/1215 3357/2020/1201 3327/1984/1171
f 3357/2020/1201 3347/2010/1191 3327/1984/1171
f 3327/1984/1171 3447/2106/1352 3407/2070/1255
f 3318/1969/1158 3323/1971/1347 2966/2206/1356
f 3473/2052/1355 3318/1969/1158 2965/2207/1357
f 3323/1971/1347 3328/1979/1168 2967/2209/1358
f 3328/1979/1168 3333/1985/1173 2968/2210/1359
f 3333/1985/1173 3338/1992/1178 2969/2211/1360
f 3338/1992/1178 3343/1998/1182 2970/2212/1361
f 3343/2003/1182 3348/2005/1188 2971/2213/1383
f 3348/2005/1188 3353/2012/1193 2972/2208/1153
f 3353/2012/1193 3358/1969/1329 2973/2207/1363
f 3358/1969/1329 3363/2021/1204 2974/2215/1364
f 3363/2021/1204 3368/1979/1212 2975/2216/1365
f 3368/1979/1212 3373/2030/1217 2976/2217/1366
f 3373/2030/1217 3378/1992/1222 2977/2211/1367
f 3378/1992/1222 3383/1998/1227 2978/2212/1368
f 3383/2003/1227 3388/2005/1231 2979/2218/1387
f 3388/2005/1231 3393/2052/1236 2980/2208/1154
f 3393/2052/1236 3398/2058/1242 2981/2207/1370
f 3398/2058/1242 3403/2063/1247 2982/2206/1371
f 3403/2063/1247 3408/1979/1251 2983/2209/1372
f 3408/1979/1251 3413/2030/1257 2984/2220/1373
f 3413/2030/1257 3418/2075/1262 2985/2221/1384
f 3418/2075/1262 3423/2080/1266 2986/2222/1375
f 3423/2003/1266 3428/2084/1272 2987/2213/1385
f 3428/2084/1272 3433/2012/1276 2988/2208/1155
f 3433/2012/1276 3438/2095/1342 2989/2223/1377
f 3438/2095/1342 3443/1971/1288 2990/2206/1378
f 3443/1971/1288 3448/1979/1295 2991/2216/1379
f 3448/1979/1295 3453/2107/1300 2992/2217/1156
f 3453/2107/1300 3458/2111/1305 2993/2211/1386
f 3458/2111/1305 3463/1998/1309 2994/2212/1381
f 3463/2003/1309 3468/2005/1315 2995/2218/1388
f 3468/2005/1315 3473/2052/1355 2996/2208/1157
f 3478/1570/1154 3477/3547/1370 3506/3483/1371
f 3506/3483/1371 3505/3484/1372 3504/3485/1373
f 3504/3485/1373 3503/3548/1374 3502/3487/1375
f 3502/3487/1375 3501/2229/1376 3500/1571/1155
f 3500/1571/1155 2925/3549/1377 3499/3550/1378
f 3499/3550/1378 3498/3490/1379 3500/1571/1155
f 3498/3490/1379 3497/3491/1156 3500/1571/1155
f 3497/3491/1156 3496/3551/1380 3495/3493/1381
f 3495/3493/1381 3494/2230/1382 3497/3491/1156
f 3494/2230/1382 3493/2224/1157 3497/3491/1156
f 3493/2224/1157 3492/3470/1357 3491/2496/1356
f 3491/2496/1356 3490/3471/1358 3489/3472/1359
f 3489/3472/1359 3488/3552/1360 3487/3553/1361
f 3487/3553/1361 3486/2226/1362 3485/2225/1153
f 3485/2225/1153 2909/3554/1363 3484/3476/1364
f 3484/3476/1364 3483/3555/1365 3485/2225/1153
f 3483/3555/1365 3482/3478/1366 3485/2225/1153
f 3482/3478/1366 3481/3479/1367 3480/3480/1368
f 3480/3480/1368 3479/3481/1369 3478/1570/1154
f 3478/1570/1154 3506/3483/1371 3500/1571/1155
f 3506/3483/1371 3504/3485/1373 3500/1571/1155
f 3504/3485/1373 3502/3487/1375 3500/1571/1155
f 3493/2224/1157 3491/2496/1356 3485/2225/1153
f 3491/2496/1356 3489/3472/1359 3485/2225/1153
f 3489/3472/1359 3487/3553/1361 3485/2225/1153
f 3482/3478/1366 3480/3480/1368 3478/1570/1154
f 3500/1571/1155 3497/3491/1156 3493/2224/1157
f 3485/2225/1153 3482/3478/1366 3478/1570/1154
f 3478/1570/1154 3500/1571/1155 3493/2224/1157
f 3508/2227/1154 3507/3556/1370 3536/3481/1373
f 3507/3556/1370 3538/3479/1371 3536/3481/1373
f 3538/3479/1371 3537/3503/1405 3536/3481/1373
f 3536/3481/1373 3535/3557/1374 3534/3558/1375
f 3534/3558/1375 3533/3559/1385 3532/3092/1155
f 3532/3092/1155 3531/3560/1377 3530/3561/1378
f 3530/3561/1378 3529/3562/1379 3532/3092/1155
f 3529/3562/1379 3528/3563/1156 3532/3092/1155
f 3528/3563/1156 3527/1571/1386 3524/2228/1157
f 3527/1571/1386 3526/3564/1381 3524/2228/1157
f 3526/3564/1381 3525/3565/1404 3524/2228/1157
f 3524/2228/1157 3523/3566/1357 3520/2230/1359
f 3523/3566/1357 3522/3492/1356 3520/2230/1359
f 3522/3492/1356 3521/3567/1403 3520/2230/1359
f 3520/2230/1359 3519/2224/1360 3518/3568/1361
f 3518/3568/1361 3517/3569/1383 3516/3570/1153
f 3516/3570/1153 3515/3571/1363 3512/2226/1366
f 3515/3571/1363 3514/3473/1364 3512/2226/1366
f 3514/3473/1364 3513/3572/1365 3512/2226/1366
f 3512/2226/1366 3511/1569/1367 3510/3554/1368
f 3510/3554/1368 3509/3476/1402 3508/2227/1154
f 3536/3481/1373 3534/3558/1375 3508/2227/1154
f 3534/3558/1375 3532/3092/1155 3508/2227/1154
f 3520/2230/1359 3518/3568/1361 3524/2228/1157
f 3518/3568/1361 3516/3570/1153 3524/2228/1157
f 3512/2226/1366 3510/3554/1368 3508/2227/1154
f 3532/3092/1155 3528/3563/1156 3508/2227/1154
f 3528/3563/1156 3524/2228/1157 3508/2227/1154
f 3516/3570/1153 3512/2226/1366 3524/2228/1157
f 3540/2231/1154 3539/1569/1370 3568/3573/1373
f 3539/1569/1370 3570/3574/1371 3568/3573/1373
f 3570/3574/1371 3569/3575/1406 3568/3573/1373
f 3568/3573/1373 3567/1574/1384 3564/3481/1155
f 3567/1574/1384 3566/3576/1375 3564/3481/1155
f 3566/3576/1375 3565/3503/1376 3564/3481/1155
f 3564/3481/1155 3563/3577/1377 3560/3505/1156
f 3563/3577/1377 3562/3578/1378 3560/3505/1156
f 3562/3578/1378 3561/3483/1379 3560/3505/1156
f 3560/3505/1156 3559/3506/1386 3558/3579/1381
f 3558/3579/1381 3557/3562/1404 3556/2229/1157
f 3556/2229/1157 3555/3580/1357 3552/3581/1359
f 3555/3580/1357 3554/3582/1356 3552/3581/1359
f 3554/3582/1356 3553/3583/1403 3552/3581/1359
f 3552/3581/1359 3551/3584/1360 3548/2230/1153
f 3551/3584/1360 3550/3551/1361 3548/2230/1153
f 3550/3551/1361 3549/3585/1383 3548/2230/1153
f 3548/2230/1153 3547/2224/1363 3544/3570/1366
f 3547/2224/1363 3546/3470/1364 3544/3570/1366
f 3546/3470/1364 3545/3586/1365 3544/3570/1366
f 3544/3570/1366 3543/3472/1367 3540/2231/1154
f 3543/3472/1367 3542/3473/1368 3540/2231/1154
f 3542/3473/1368 3541/3587/1369 3540/2231/1154
f 3560/3505/1156 3558/3579/1381 3564/3481/1155
f 3558/3579/1381 3556/2229/1157 3564/3481/1155
f 3540/2231/1154 3568/3573/1373 3564/3481/1155
f 3556/2229/1157 3552/3581/1359 3548/2230/1153
f 3548/2230/1153 3544/3570/1366 3540/2231/1154
f 3540/2231/1154 3564/3481/1155 3556/2229/1157
f 3580/2232/1237 3575/2235/1241 3572/2233/1242
f 3579/1671/1238 3574/1677/1243 3575/2235/1241
f 3579/1673/1238 3578/1672/1239 3573/1678/1244
f 3576/1674/1240 3571/1680/1336 3573/1678/1244
f 3585/2236/1232 3580/2232/1237 3577/2234/1236
f 3585/2236/1232 3584/1665/1233 3579/1671/1238
f 3584/1666/1233 3583/1667/1234 3578/1672/1239
f 3583/1667/1234 3581/1668/1235 3576/1674/1240
f 3590/1663/1226 3585/2236/1232 3582/1662/1231
f 3589/2237/1228 3584/1665/1233 3585/2236/1232
f 3589/1660/1228 3588/1659/1229 3583/1667/1234
f 3586/1661/1230 3581/1668/1235 3583/1667/1234
f 3595/1650/1221 3590/1656/1226 3587/1657/1227
f 3595/1650/1221 3594/1652/1223 3589/1658/1228
f 3594/1654/1223 3593/2238/1224 3588/1659/1229
f 3593/2238/1224 3591/1655/1225 3586/1661/1230
f 3600/1644/1216 3595/1650/1221 3592/1651/1222
f 3599/1646/1218 3594/1652/1223 3595/1650/1221
f 3598/1647/1219 3593/2238/1224 3594/1654/1223
f 3596/1649/1333 3591/1655/1225 3593/2238/1224
f 3605/1638/1211 3600/1644/1216 3597/1645/1217
f 3604/1640/1213 3599/1646/1218 3600/1644/1216
f 3603/1642/1214 3598/1647/1219 3599/1648/1218
f 3601/1643/1215 3596/1649/1333 3598/1647/1219
f 3607/1633/1204 3610/1632/1203 3605/1638/1211
f 3609/1634/1206 3604/1640/1213 3605/1638/1211
f 3608/1635/1208 3603/1642/1214 3604/1641/1213
f 3606/1637/1210 3601/1643/1215 3603/1642/1214
f 3041/1627/1205 3610/1632/1203 3607/1633/1204
f 3041/1627/1205 3040/1628/1207 3609/1634/1206
f 3040/1629/1207 3039/1630/1209 3608/1635/1208
f 3039/1630/1209 3037/1631/1201 3606/1637/1210
f 3615/1620/1192 3041/1627/1198 3038/1626/1197
f 3614/1622/1194 3040/1628/1199 3041/1627/1198
f 3613/1623/1195 3039/1630/1200 3040/1629/1199
f 3611/1625/1196 3037/1631/1201 3039/1630/1200
f 3620/1613/1187 3615/1620/1192 3612/1621/1193
f 3620/1613/1187 3619/1616/1189 3614/1622/1194
f 3619/1618/1189 3618/1617/1190 3613/1623/1195
f 3616/1619/1191 3611/1625/1196 3613/1623/1195
f 3625/1615/1183 3620/1613/1187 3617/1614/1188
f 3625/1615/1183 3624/3541/1184 3619/1616/1189
f 3623/1609/1185 3618/1617/1190 3619/1618/1189
f 3621/1611/1186 3616/1619/1191 3618/1617/1190
f 3630/1600/1177 3625/1607/1183 3622/1606/1182
f 3630/1600/1177 3629/1602/1179 3624/1608/1184
f 3629/1603/1179 3628/2239/1180 3623/1609/1185
f 3628/2239/1180 3626/1605/1181 3621/1611/1186
f 3635/1594/1172 3630/1600/1177 3627/1601/1178
f 3634/1596/1174 3629/1602/1179 3630/1600/1177
f 3633/1598/1175 3628/2239/1180 3629/1603/1179
f 3631/1599/1176 3626/1605/1181 3628/2239/1180
f 3640/1588/1167 3635/1594/1172 3632/1595/1173
f 3640/1588/1167 3639/1590/1169 3634/1596/1174
f 3638/2240/1170 3633/1598/1175 3634/1597/1174
f 3636/1593/1171 3631/1599/1176 3633/1598/1175
f 3642/1580/1160 3645/2241/1159 3640/1588/1167
f 3644/1582/1162 3639/1590/1169 3640/1588/1167
f 3643/1584/1164 3638/2240/1170 3639/1591/1169
f 3641/1587/1166 3636/1593/1171 3638/2240/1170
f 3650/1581/1161 3645/2241/1159 3642/1580/1160
f 3650/1581/1161 3649/1775/1163 3644/1582/1162
f 3648/1586/1165 3643/1584/1164 3644/1585/1162
f 3646/1776/1324 3641/1587/1166 3643/1584/1164
f 3655/1770/1320 3650/1581/1161 3647/1578/1158
f 3654/2242/1321 3649/1775/1163 3650/1581/1161
f 3653/1772/1322 3648/1586/1165 3649/1583/1163
f 3651/1774/1389 3646/1776/1324 3648/1586/1165
f 3660/1763/1314 3655/1770/1320 3652/1769/1319
f 3660/1763/1314 3659/1765/1316 3654/2242/1321
f 3659/1766/1316 3658/1767/1317 3653/1772/1322
f 3658/1767/1317 3656/1768/1318 3651/1774/1389
f 3665/1757/1310 3660/1763/1314 3657/1764/1315
f 3665/1757/1310 3664/3543/1311 3659/1765/1316
f 3663/1760/1312 3658/1767/1317 3659/1766/1316
f 3661/1762/1345 3656/1768/1318 3658/1767/1317
f 3670/1756/1304 3665/1757/1310 3662/1755/1309
f 3669/1751/1306 3664/1759/1311 3665/1758/1310
f 3669/1752/1306 3668/1753/1307 3663/1760/1312
f 3666/1754/1308 3661/1762/1345 3663/1760/1312
f 3675/1743/1299 3670/1749/1304 3667/1750/1305
f 3674/1745/1301 3669/1751/1306 3670/1749/1304
f 3673/1746/1302 3668/1753/1307 3669/1752/1306
f 3671/1748/1303 3666/1754/1308 3668/1753/1307
f 3677/1738/1295 3680/1737/1294 3675/1743/1299
f 3679/1739/1296 3674/1745/1301 3675/1743/1299
f 3678/1741/1297 3673/1746/1302 3674/1747/1301
f 3678/1741/1297 3676/1742/1298 3671/1748/1303
f 3685/1731/1287 3680/1737/1294 3677/1738/1295
f 3684/1733/1290 3679/1739/1296 3680/1737/1294
f 3684/1735/1290 3683/1734/1292 3678/1741/1297
f 3681/1736/1293 3676/1742/1298 3678/1741/1297
f 3118/1725/1286 3121/1726/1289 3685/1731/1287
f 3121/1726/1289 3120/1727/1291 3684/1733/1290
f 3120/1728/1291 3119/1729/1390 3683/1734/1292
f 3117/1730/1285 3681/1736/1293 3683/1734/1292
f 3690/1720/1277 3121/1726/1282 3118/1725/1281
f 3689/1721/1278 3120/1727/1283 3121/1726/1282
f 3688/1723/1279 3119/1729/1284 3120/1728/1283
f 3688/1723/1279 3686/1724/1280 3117/1730/1285
f 3695/1713/1271 3690/1720/1277 3687/1719/1276
f 3695/1713/1271 3694/1715/1273 3689/1721/1278
f 3694/1717/1273 3693/1716/1274 3688/1723/1279
f 3693/1716/1274 3691/1718/1275 3686/1724/1280
f 3700/1707/1267 3695/1713/1271 3692/1714/1272
f 3699/2245/1268 3694/1715/1273 3695/1713/1271
f 3698/1710/1269 3693/1716/1274 3694/1717/1273
f 3696/1712/1270 3691/1718/1275 3693/1716/1274
f 3702/2155/1262 3705/1706/1261 3700/1707/1267
f 3705/2246/1261 3704/2252/1263 3699/2247/1268
f 3704/1702/1263 3703/1703/1264 3698/1710/1269
f 3701/2249/1265 3696/1712/1270 3698/1710/1269
f 3710/1693/1256 3705/2246/1261 3702/2250/1262
f 3710/1693/1256 3709/3588/1258 3704/2252/1263
f 3708/1696/1259 3703/1703/1264 3704/1702/1263
f 3708/1696/1259 3706/1698/1338 3701/2249/1265
f 3712/1687/1251 3715/1688/1252 3710/1693/1256
f 3714/2253/1253 3709/3588/1258 3710/1693/1256
f 3714/1690/1253 3713/1691/1254 3708/1696/1259
f 3713/1691/1254 3711/1692/1255 3706/1698/1338
f 3720/1681/1246 3715/1688/1252 3712/1687/1251
f 3719/1683/1248 3714/2253/1253 3715/1688/1252
f 3718/1684/1249 3713/1691/1254 3714/1690/1253
f 3716/1686/1391 3711/1692/1255 3713/1691/1254
f 3575/2235/1241 3720/1681/1246 3717/1682/1247
f 3575/2235/1241 3574/1677/1243 3719/1683/1248
f 3574/1679/1243 3573/1678/1244 3718/1684/1249
f 3571/1680/1336 3716/1686/1391 3718/1684/1249
f 3727/1861/1236 3730/1862/1237 3725/1868/1241
f 3730/1862/1237 3729/1863/1238 3724/1869/1243
f 3728/2254/1239 3723/2258/1244 3724/2255/1243
f 3728/2254/1239 3726/3589/1397 3721/2257/1336
f 3735/1855/1232 3730/1862/1237 3727/1861/1236
f 3734/1858/1233 3729/1863/1238 3730/1862/1237
f 3733/1653/1234 3728/2254/1239 3729/2256/1238
f 3731/2260/1235 3726/3589/1397 3728/2254/1239
f 3737/1854/1227 3740/2261/1226 3735/1855/1232
f 3740/2261/1226 3739/3545/1228 3734/1858/1233
f 3739/2262/1228 3738/2263/1229 3733/1653/1234
f 3738/2263/1229 3736/2271/1351 3731/2260/1235
f 3745/2264/1221 3740/2268/1226 3737/2265/1227
f 3744/2267/1223 3739/3590/1228 3740/2268/1226
f 3744/2269/1223 3743/2270/1224 3738/2263/1229
f 3743/2270/1224 3741/3591/1350 3736/2271/1351
f 3750/2272/1216 3745/2264/1221 3742/2266/1222
f 3749/2274/1218 3744/2267/1223 3745/2264/1221
f 3748/2275/1219 3743/2270/1224 3744/2269/1223
f 3746/2276/1220 3741/3591/1350 3743/2270/1224
f 3752/2277/1212 3755/2278/1211 3750/2272/1216
f 3755/2278/1211 3754/3592/1213 3749/2274/1218
f 3754/1629/1213 3753/1630/1214 3748/2275/1219
f 3753/1630/1214 3751/2283/1215 3746/2276/1220
f 3757/2279/1204 3760/2281/1203 3755/2278/1211
f 3759/2280/1206 3754/3592/1213 3755/2278/1211
f 3758/1623/1208 3753/1630/1214 3754/1629/1213
f 3758/1623/1208 3756/1625/1210 3751/2283/1215
f 3765/2284/1330 3760/2281/1203 3757/2279/1204
f 3764/2286/1331 3759/2280/1206 3760/2281/1203
f 3764/1618/1331 3763/1617/1332 3758/1623/1208
f 3761/1619/1201 3756/1625/1210 3758/1623/1208
f 3770/2287/1192 3765/2284/1330 3762/2285/1329
f 3769/2289/1194 3764/2286/1331 3765/2284/1330
f 3768/1609/1195 3763/1617/1332 3764/1618/1331
f 3766/2290/1196 3761/1619/1201 3763/1617/1332
f 3775/2291/1187 3770/2287/1192 3767/2288/1193
f 3775/2291/1187 3774/3593/1189 3769/2289/1194
f 3773/2293/1190 3768/1609/1195 3769/1610/1194
f 3771/2294/1191 3766/2290/1196 3768/1609/1195
f 3780/1940/1183 3775/2291/1187 3772/2292/1188
f 3779/1942/1184 3774/3593/1189 3775/2291/1187
f 3778/2295/1185 3773/2293/1190 3774/1603/1189
f 3778/2295/1185 3776/2302/1328 3771/2294/1191
f 3782/2297/1178 3785/2300/1177 3780/2298/1183
f 3785/2300/1177 3784/3594/1179 3779/2301/1184
f 3784/1591/1179 3783/1592/1180 3778/2295/1185
f 3783/1592/1180 3781/3595/1349 3776/2302/1328
f 3787/2303/1173 3790/2305/1172 3785/2300/1177
f 3789/2304/1174 3784/3594/1179 3785/2300/1177
f 3789/2306/1174 3788/2308/1175 3783/1592/1180
f 3786/2307/1348 3781/3595/1349 3783/1592/1180
f 3795/2309/1167 3790/2305/1172 3787/2303/1173
f 3794/1788/1169 3789/2304/1174 3790/2305/1172
f 3793/2310/1170 3788/2308/1175 3789/2306/1174
f 3793/2310/1170 3791/2315/1171 3786/2307/1348
f 3797/1779/1160 3800/2312/1159 3795/2309/1167
f 3800/2312/1159 3799/1781/1162 3794/1788/1169
f 3799/2313/1162 3798/2314/1164 3793/2310/1170
f 3798/2314/1164 3796/3596/1400 3791/2315/1171
f 3802/1777/1158 3805/1966/1161 3800/2312/1159
f 3804/1780/1163 3799/1781/1162 3800/2312/1159
f 3803/2316/1165 3798/2314/1164 3799/2313/1162
f 3801/2318/1324 3796/3596/1400 3798/2314/1164
f 3810/1961/1320 3805/1966/1161 3802/1777/1158
f 3810/1961/1320 3809/1962/1321 3804/1780/1163
f 3809/2320/1321 3808/2322/1322 3803/2316/1165
f 3806/2321/1323 3801/2318/1324 3803/2316/1165
f 3815/1954/1314 3810/1961/1320 3807/2319/1319
f 3814/1956/1316 3809/1962/1321 3810/1961/1320
f 3813/2323/1317 3808/2322/1322 3809/2320/1321
f 3813/2323/1317 3811/1754/1318 3806/2321/1323
f 3820/2324/1310 3815/1954/1314 3812/1955/1315
f 3820/2324/1310 3819/3597/1311 3814/1956/1316
f 3819/1747/1311 3818/1746/1312 3813/2323/1317
f 3818/1746/1312 3816/2571/1726 3811/1754/1318
f 3825/2326/1304 3820/2324/1310 3817/2325/1309
f 3824/2328/1306 3819/3597/1311 3820/2324/1310
f 3823/2329/1393 3818/1746/1312 3819/1747/1311
f 3821/1742/1354 3816/2571/1726 3818/1746/1312
f 3830/1934/1299 3825/1940/1304 3822/1941/1305
f 3830/1934/1299 3829/1936/1301 3824/2330/1306
f 3829/2331/1301 3828/1734/1302 3823/2329/1393
f 3828/1734/1302 3826/3598/1303 3821/1742/1354
f 3832/1929/1295 3835/2332/1294 3830/1934/1299
f 3834/1930/1296 3829/1936/1301 3830/1934/1299
f 3833/1729/1297 3828/1734/1302 3829/2331/1301
f 3831/2334/1298 3826/3598/1303 3828/1734/1302
f 3837/1923/1288 3840/1922/1287 3835/2332/1294
f 3839/1924/1290 3834/1930/1296 3835/2332/1294
f 3838/2335/1292 3833/1729/1297 3834/2333/1296
f 3838/2335/1292 3836/1724/1293 3831/2334/1298
f 3842/2337/1342 3845/1916/1341 3840/1922/1287
f 3844/2338/1343 3839/1924/1290 3840/1922/1287
f 3843/1716/1344 3838/2335/1292 3839/2336/1290
f 3843/1716/1344 3841/1718/1285 3836/1724/1293
f 3850/1911/1277 3845/1916/1341 3842/2337/1342
f 3849/1912/1278 3844/2338/1343 3845/1916/1341
f 3849/2340/1278 3848/2342/1279 3843/1716/1344
f 3846/2341/1280 3841/1718/1285 3843/1716/1344
f 3855/1904/1271 3850/1911/1277 3847/1910/1276
f 3854/1906/1273 3849/1912/1278 3850/1911/1277
f 3853/2343/1274 3848/2342/1279 3849/2340/1278
f 3853/2343/1274 3851/2249/1727 3846/2341/1280
f 3860/2344/1267 3855/1904/1271 3852/1905/1272
f 3860/2344/1267 3859/3599/1268 3854/1906/1273
f 3859/2345/1268 3858/2347/1269 3853/2343/1274
f 3856/2346/1270 3851/2249/1727 3853/2343/1274
f 3865/2348/1261 3860/2344/1267 3857/1897/1266
f 3864/2349/1263 3859/3599/1268 3860/2344/1267
f 3863/2350/1394 3858/2347/1269 3859/2345/1268
f 3861/1692/1339 3856/2346/1270 3858/2347/1269
f 3870/1885/1256 3865/1891/1261 3862/1892/1262
f 3870/1885/1256 3869/1887/1395 3864/1893/1263
f 3868/2352/1259 3863/2350/1394 3864/2351/1263
f 3866/2354/1396 3861/1692/1339 3863/2350/1394
f 3875/1879/1252 3870/1885/1256 3867/1886/1257
f 3874/1881/1253 3869/1887/1395 3870/1885/1256
f 3873/2355/1254 3868/2352/1259 3869/2353/1395
f 3871/1680/1255 3866/2354/1396 3868/2352/1259
f 3877/1874/1247 3880/1873/1246 3875/1879/1252
f 3880/1873/1246 3879/1875/1248 3874/1881/1253
f 3879/1845/1248 3878/2358/1249 3873/2355/1254
f 3876/2357/1250 3871/1680/1255 3873/2355/1254
f 3722/1867/1242 3725/1868/1241 3880/1873/1246
f 3724/1869/1243 3879/1875/1248 3880/1873/1246
f 3723/2258/1244 3878/2358/1249 3879/1845/1248
f 3721/2257/1336 3876/2357/1250 3878/2358/1249
f 3890/2011/1237 3885/1972/1241 3882/1969/1242
f 3889/2053/1238 3884/2017/1243 3885/1972/1241
f 3888/2359/1239 3883/2363/1244 3884/2360/1243
f 3886/2362/1397 3881/2489/1336 3883/2363/1244
f 3895/2004/1232 3890/2011/1237 3887/2052/1236
f 3895/2004/1232 3894/2047/1233 3889/2053/1238
f 3893/2364/1234 3888/2359/1239 3889/2361/1238
f 3893/2364/1234 3891/2988/1235 3886/2362/1397
f 3897/2003/1227 3900/2085/1226 3895/2004/1232
f 3900/2085/1226 3899/3600/1228 3894/2047/1233
f 3898/2366/1229 3893/2364/1234 3894/2365/1233
f 3896/2368/1351 3891/2988/1235 3893/2364/1234
f 3905/2369/1221 3900/2372/1226 3897/2370/1227
f 3905/2369/1221 3904/3601/1223 3899/2041/1228
f 3904/2373/1223 3903/2375/1224 3898/2366/1229
f 3901/2374/1225 3896/2368/1351 3898/2366/1229
f 3910/2031/1216 3905/2369/1221 3902/2371/1222
f 3909/2377/1218 3904/3601/1223 3905/2369/1221
f 3908/2378/1219 3903/2375/1224 3904/2373/1223
f 3906/2380/1220 3901/2374/1225 3903/2375/1224
f 3912/1979/1212 3915/2381/1211 3910/2031/1216
f 3915/2381/1211 3914/3602/1213 3909/2377/1218
f 3914/2382/1213 3913/2384/1214 3908/2378/1219
f 3911/2383/1398 3906/2380/1220 3908/2378/1219
f 3920/1970/1203 3915/2381/1211 3912/1979/1212
f 3919/2385/1206 3914/3602/1213 3915/2381/1211
f 3919/2386/1206 3918/2387/1208 3913/2384/1214
f 3918/2387/1208 3916/2391/1399 3911/2383/1398
f 3922/1969/1329 3925/1972/1330 3920/1970/1203
f 3924/2388/1331 3919/2385/1206 3920/1970/1203
f 3923/2389/1332 3918/2387/1208 3919/2386/1206
f 3923/2389/1332 3921/2972/1201 3916/2391/1399
f 3930/2392/1192 3925/1972/1330 3922/1969/1329
f 3929/2394/1194 3924/2388/1331 3925/1972/1330
f 3928/2395/1195 3923/2389/1332 3924/2390/1331
f 3926/2397/1196 3921/2972/1201 3923/2389/1332
f 3932/2005/1188 3935/2004/1187 3930/2392/1192
f 3934/2398/1189 3929/2394/1194 3930/2392/1192
f 3934/2399/1189 3933/2401/1190 3928/2395/1195
f 3931/2400/1191 3926/2397/1196 3928/2395/1195
f 3937/2003/1182 3940/2006/1183 3935/2004/1187
f 3939/2402/1184 3934/2398/1189 3935/2004/1187
f 3938/2403/1185 3933/2401/1190 3934/2399/1189
f 3938/2403/1185 3936/2407/1328 3931/2400/1191
f 3942/1992/1178 3945/1991/1177 3940/2079/1183
f 3945/1991/1177 3944/1993/1179 3939/2041/1184
f 3944/2405/1179 3943/2406/1180 3938/2403/1185
f 3943/2406/1180 3941/2410/1181 3936/2407/1328
f 3950/1986/1172 3945/1991/1177 3942/1992/1178
f 3949/1987/1174 3944/1993/1179 3945/1991/1177
f 3949/2408/1174 3948/2409/1175 3943/2406/1180
f 3948/2409/1175 3946/2415/1348 3941/2410/1181
f 3955/2411/1167 3950/1986/1172 3947/1985/1173
f 3954/2412/1169 3949/1987/1174 3950/1986/1172
f 3953/2413/1170 3948/2409/1175 3949/2408/1174
f 3953/2413/1170 3951/3603/1728 3946/2415/1348
f 3960/1970/1159 3955/2411/1167 3952/1979/1168
f 3959/2022/1162 3954/2412/1169 3955/2411/1167
f 3958/2416/1164 3953/2413/1170 3954/2414/1169
f 3956/2418/1400 3951/3603/1728 3953/2413/1170
f 3962/1969/1158 3965/1972/1161 3960/1970/1159
f 3964/2017/1163 3959/2022/1162 3960/1970/1159
f 3964/2419/1163 3963/2420/1165 3958/2416/1164
f 3963/2420/1165 3961/2945/1324 3956/2418/1400
f 3970/2011/1320 3965/1972/1161 3962/1969/1158
f 3969/2053/1321 3964/2017/1163 3965/1972/1161
f 3968/2421/1322 3963/2420/1165 3964/2419/1163
f 3966/2423/1323 3961/2945/1324 3963/2420/1165
f 3972/2005/1315 3975/2004/1314 3970/2011/1320
f 3975/2004/1314 3974/2007/1316 3969/2053/1321
f 3974/2424/1316 3973/2425/1317 3968/2421/1322
f 3973/2425/1317 3971/2429/1318 3966/2423/1323
f 3977/2003/1309 3980/2426/1310 3975/2004/1314
f 3979/2120/1311 3974/2007/1316 3975/2004/1314
f 3978/2427/1312 3973/2425/1317 3974/2424/1316
f 3978/2427/1312 3976/2929/1345 3971/2429/1318
f 3985/2430/1304 3980/2372/1310 3977/2370/1309
f 3985/2430/1304 3984/2037/1306 3979/2041/1311
f 3984/2431/1306 3983/2433/1307 3978/2427/1312
f 3981/2432/1354 3976/2929/1345 3978/2427/1312
f 3990/2031/1299 3985/2430/1304 3982/1992/1305
f 3989/2377/1301 3984/2037/1306 3985/2430/1304
f 3988/2434/1302 3983/2433/1307 3984/2431/1306
f 3988/2434/1302 3986/3604/1353 3981/2432/1354
f 3995/2381/1294 3990/2031/1299 3987/2376/1300
f 3994/2436/1296 3989/2377/1301 3990/2031/1299
f 3994/2437/1296 3993/2439/1297 3988/2434/1302
f 3991/2438/1352 3986/3604/1353 3988/2434/1302
f 3997/1971/1288 4000/1970/1287 3995/2381/1294
f 4000/1970/1287 3999/2385/1290 3994/2436/1296
f 3998/2440/1292 3993/2439/1297 3994/2437/1296
f 3998/2440/1292 3996/3605/1293 3991/2438/1352
f 4005/1972/1341 4000/1970/1287 3997/1971/1288
f 4004/2388/1343 3999/2385/1290 4000/1970/1287
f 4003/2442/1344 3998/2440/1292 3999/2441/1290
f 4001/2444/1285 3996/3605/1293 3998/2440/1292
f 4010/2392/1277 4005/1972/1341 4002/2095/1342
f 4009/2394/1278 4004/2388/1343 4005/1972/1341
f 4009/2445/1278 4008/2447/1279 4003/2442/1344
f 4006/2446/1280 4001/2444/1285 4003/2442/1344
f 4015/2004/1271 4010/2392/1277 4007/2052/1276
f 4014/2448/1273 4009/2394/1278 4010/2392/1277
f 4014/2449/1273 4013/2450/1274 4008/2447/1279
f 4013/2450/1274 4011/2897/1727 4006/2446/1280
f 4017/2003/1266 4020/2085/1267 4015/2004/1271
f 4019/2402/1268 4014/2448/1273 4015/2004/1271
f 4018/2451/1269 4013/2450/1274 4014/2449/1273
f 4016/2453/1270 4011/2897/1727 4013/2450/1274
f 4025/1991/1261 4020/2079/1267 4017/1998/1266
f 4025/1991/1261 4024/2037/1263 4019/2454/1268
f 4024/2455/1263 4023/2456/1394 4018/2451/1269
f 4023/2456/1394 4021/2488/1265 4016/2453/1270
f 4027/2030/1257 4030/2031/1256 4025/1991/1261
f 4029/2457/1258 4024/2037/1263 4025/1991/1261
f 4029/2458/1258 4028/2460/1259 4023/2456/1394
f 4026/2459/1260 4021/2488/1265 4023/2456/1394
f 4035/1980/1252 4030/2031/1256 4027/2030/1257
f 4035/1980/1252 4034/1981/1253 4029/2457/1258
f 4034/2461/1253 4033/2463/1254 4028/2460/1259
f 4031/2462/1255 4026/2459/1260 4028/2460/1259
f 4040/1970/1246 4035/1980/1252 4032/1979/1251
f 4039/1973/1248 4034/1981/1253 4035/1980/1252
f 4038/2464/1249 4033/2463/1254 4034/2461/1253
f 4036/2466/1250 4031/2462/1255 4033/2463/1254
f 3885/1972/1241 4040/1970/1246 4037/1971/1401
f 3885/1972/1241 3884/2017/1243 4039/1973/1248
f 3884/2360/1243 3883/2363/1244 4038/2464/1249
f 3883/2363/1244 3881/2489/1336 4036/2466/1250
f 3571/1680/1336 3576/1674/1240 3581/1668/1235
f 3581/1668/1235 3586/1661/1230 3591/1655/1225
f 3591/1655/1225 3596/1649/1333 3037/1631/1201
f 3596/1649/1333 3601/1643/1215 3037/1631/1201
f 3601/1643/1215 3606/1637/1210 3037/1631/1201
f 3037/1631/1201 3611/1625/1196 3616/1619/1191
f 3616/1619/1191 3621/1611/1186 3037/1631/1201
f 3621/1611/1186 3626/1605/1181 3037/1631/1201
f 3626/1605/1181 3631/1599/1176 3636/1593/1171
f 3636/1593/1171 3641/1587/1166 3646/1776/1324
f 3646/1776/1324 3651/1774/1389 3656/1768/1318
f 3656/1768/1318 3661/1762/1345 3646/1776/1324
f 3661/1762/1345 3666/1754/1308 3646/1776/1324
f 3666/1754/1308 3671/1748/1303 3676/1742/1298
f 3676/1742/1298 3681/1736/1293 3117/1730/1285
f 3117/1730/1285 3686/1724/1280 3691/1718/1275
f 3691/1718/1275 3696/1712/1270 3117/1730/1285
f 3696/1712/1270 3701/2249/1265 3117/1730/1285
f 3701/2249/1265 3706/1698/1338 3571/1680/1336
f 3706/1698/1338 3711/1692/1255 3571/1680/1336
f 3711/1692/1255 3716/1686/1391 3571/1680/1336
f 3571/1680/1336 3581/1668/1235 3037/1631/1201
f 3581/1668/1235 3591/1655/1225 3037/1631/1201
f 3626/1605/1181 3636/1593/1171 3037/1631/1201
f 3636/1593/1171 3646/1776/1324 3037/1631/1201
f 3666/1754/1308 3676/1742/1298 3646/1776/1324
f 3676/1742/1298 3117/1730/1285 3646/1776/1324
f 3117/1730/1285 3701/2249/1265 3571/1680/1336
f 3571/1680/1336 3037/1631/1201 3646/1776/1324
f 3478/2467/1154 3577/2234/1236 3572/2233/1242
f 3477/2468/1370 3572/2233/1242 3717/1682/1247
f 3479/2147/1369 3582/1662/1231 3577/2234/1236
f 3480/2148/1368 3587/2146/1227 3582/1662/1231
f 3481/2144/1367 3592/1651/1222 3587/1657/1227
f 3482/2143/1366 3597/1645/1217 3592/1651/1222
f 3483/2142/1365 3602/1639/1212 3597/1645/1217
f 3484/2141/1364 3607/1633/1204 3602/1639/1212
f 2909/2140/1363 3038/1626/1202 3607/1633/1204
f 3485/2139/1153 3612/1621/1193 3038/1626/1197
f 3486/2138/1362 3617/1614/1188 3612/1621/1193
f 3487/2136/1361 3622/1612/1182 3617/1614/1188
f 3488/2137/1360 3627/2135/1178 3622/1612/1182
f 3489/2133/1359 3632/1595/1173 3627/1601/1178
f 3490/2132/1358 3637/1589/1168 3632/1595/1173
f 3491/2129/1356 3642/1580/1160 3637/1589/1168
f 3492/2130/1357 3647/1578/1158 3642/1580/1160
f 3493/2131/1157 3652/1769/1319 3647/1578/1158
f 3494/2166/1382 3657/1764/1315 3652/1769/1319
f 3495/2167/1381 3662/1755/1309 3657/1764/1315
f 3496/2164/1380 3667/1750/1305 3662/2469/1309
f 3497/2163/1156 3672/1744/1300 3667/1750/1305
f 3498/2162/1379 3677/1738/1295 3672/1744/1300
f 3499/2161/1378 3682/1732/1288 3677/1738/1295
f 2925/2160/1377 3118/1725/1286 3682/1732/1288
f 3500/2159/1155 3687/1719/1276 3118/1725/1281
f 3501/2158/1376 3692/1714/1272 3687/1719/1276
f 3502/2156/1375 3697/1705/1266 3692/1714/1272
f 3503/2157/1374 3702/2155/1262 3697/1705/1266
f 3504/2470/1373 3707/2251/1257 3702/2250/1262
f 3505/2152/1372 3712/1687/1251 3707/2251/1257
f 3506/2151/1371 3717/1682/1247 3712/1687/1251
f 3721/2257/1336 3726/3589/1397 3731/2260/1235
f 3731/2260/1235 3736/2271/1351 3741/3591/1350
f 3741/3591/1350 3746/2276/1220 3751/2283/1215
f 3751/2283/1215 3756/1625/1210 3741/3591/1350
f 3756/1625/1210 3761/1619/1201 3741/3591/1350
f 3761/1619/1201 3766/2290/1196 3771/2294/1191
f 3771/2294/1191 3776/2302/1328 3761/1619/1201
f 3776/2302/1328 3781/3595/1349 3761/1619/1201
f 3781/3595/1349 3786/2307/1348 3791/2315/1171
f 3791/2315/1171 3796/3596/1400 3801/2318/1324
f 3801/2318/1324 3806/2321/1323 3811/1754/1318
f 3811/1754/1318 3816/2571/1726 3821/1742/1354
f 3821/1742/1354 3826/3598/1303 3831/2334/1298
f 3831/2334/1298 3836/1724/1293 3821/1742/1354
f 3836/1724/1293 3841/1718/1285 3821/1742/1354
f 3841/1718/1285 3846/2341/1280 3851/2249/1727
f 3851/2249/1727 3856/2346/1270 3841/1718/1285
f 3856/2346/1270 3861/1692/1339 3841/1718/1285
f 3861/1692/1339 3866/2354/1396 3871/1680/1255
f 3871/1680/1255 3876/2357/1250 3721/2257/1336
f 3721/2257/1336 3731/2260/1235 3761/1619/1201
f 3731/2260/1235 3741/3591/1350 3761/1619/1201
f 3781/3595/1349 3791/2315/1171 3761/1619/1201
f 3791/2315/1171 3801/2318/1324 3761/1619/1201
f 3801/2318/1324 3811/1754/1318 3841/1718/1285
f 3811/1754/1318 3821/1742/1354 3841/1718/1285
f 3861/1692/1339 3871/1680/1255 3841/1718/1285
f 3871/1680/1255 3721/2257/1336 3841/1718/1285
f 3721/2257/1336 3761/1619/1201 3841/1718/1285
f 3508/2187/1154 3727/1861/1236 3722/1867/1242
f 3507/2188/1370 3722/1867/1242 3877/1874/1247
f 3509/2185/1402 3732/1856/1392 3727/1861/1236
f 3510/2186/1368 3737/1854/1227 3732/1856/1392
f 3511/2472/1367 3742/2266/1222 3737/2265/1227
f 3512/2474/1366 3747/2273/1217 3742/2266/1222
f 3513/2475/1365 3752/2277/1212 3747/2273/1217
f 3514/2476/1364 3757/2279/1204 3752/2277/1212
f 3515/2477/1363 3762/2285/1329 3757/2279/1204
f 3516/2478/1153 3767/2288/1193 3762/2285/1329
f 3517/2479/1383 3772/2292/1188 3767/2288/1193
f 3518/2480/1361 3777/1941/1182 3772/2292/1188
f 3519/2481/1360 3782/2486/1178 3777/1941/1182
f 3520/2482/1359 3787/2303/1173 3782/2297/1178
f 3521/2171/1403 3792/1787/1168 3787/2303/1173
f 3522/2168/1356 3797/1779/1160 3792/1787/1168
f 3523/2484/1357 3802/1777/1158 3797/1779/1160
f 3524/2485/1157 3807/2319/1319 3802/1777/1158
f 3525/2204/1404 3812/1955/1315 3807/2319/1319
f 3526/2205/1381 3817/2325/1309 3812/1955/1315
f 3527/2202/1386 3822/1941/1305 3817/2486/1309
f 3528/2201/1156 3827/1935/1300 3822/1941/1305
f 3529/2200/1379 3832/1929/1295 3827/1935/1300
f 3530/2199/1378 3837/1923/1288 3832/1929/1295
f 3531/2487/1377 3842/2337/1342 3837/1923/1288
f 3532/2197/1155 3847/1910/1276 3842/2337/1342
f 3533/2196/1385 3852/1905/1272 3847/1910/1276
f 3534/2194/1375 3857/1897/1266 3852/1905/1272
f 3535/2195/1374 3862/2193/1262 3857/1897/1266
f 3536/2191/1373 3867/1886/1257 3862/1892/1262
f 3537/2190/1405 3872/1880/1251 3867/1886/1257
f 3538/2189/1371 3877/1874/1247 3872/1880/1251
f 3881/2489/1336 3886/2362/1397 3891/2988/1235
f 3891/2988/1235 3896/2368/1351 3881/2489/1336
f 3896/2368/1351 3901/2374/1225 3881/2489/1336
f 3901/2374/1225 3906/2380/1220 3921/2972/1201
f 3906/2380/1220 3911/2383/1398 3921/2972/1201
f 3911/2383/1398 3916/2391/1399 3921/2972/1201
f 3921/2972/1201 3926/2397/1196 3931/2400/1191
f 3931/2400/1191 3936/2407/1328 3921/2972/1201
f 3936/2407/1328 3941/2410/1181 3921/2972/1201
f 3941/2410/1181 3946/2415/1348 3961/2945/1324
f 3946/2415/1348 3951/3603/1728 3961/2945/1324
f 3951/3603/1728 3956/2418/1400 3961/2945/1324
f 3961/2945/1324 3966/2423/1323 3971/2429/1318
f 3971/2429/1318 3976/2929/1345 3961/2945/1324
f 3976/2929/1345 3981/2432/1354 3961/2945/1324
f 3981/2432/1354 3986/3604/1353 4001/2444/1285
f 3986/3604/1353 3991/2438/1352 4001/2444/1285
f 3991/2438/1352 3996/3605/1293 4001/2444/1285
f 4001/2444/1285 4006/2446/1280 4011/2897/1727
f 4011/2897/1727 4016/2453/1270 4001/2444/1285
f 4016/2453/1270 4021/2488/1265 4001/2444/1285
f 4021/2488/1265 4026/2459/1260 3881/2489/1336
f 4026/2459/1260 4031/2462/1255 3881/2489/1336
f 4031/2462/1255 4036/2466/1250 3881/2489/1336
f 3881/2489/1336 3901/2374/1225 3921/2972/1201
f 3921/2972/1201 3941/2410/1181 3881/2489/1336
f 3941/2410/1181 3961/2945/1324 3881/2489/1336
f 3961/2945/1324 3981/2432/1354 3881/2489/1336
f 3981/2432/1354 4001/2444/1285 3881/2489/1336
f 3540/2208/1154 3887/2052/1236 3882/1969/1242
f 3539/2207/1370 3882/1969/1242 4037/1971/1401
f 3541/2218/1369 3892/2005/1231 3887/2052/1236
f 3542/2214/1368 3897/2003/1227 3892/2005/1231
f 3543/2490/1367 3902/2371/1222 3897/2370/1227
f 3544/2491/1366 3907/2376/1217 3902/2371/1222
f 3545/2216/1365 3912/1979/1212 3907/2376/1217
f 3546/2206/1364 3917/1971/1204 3912/1979/1212
f 3547/2207/1363 3922/1969/1329 3917/1971/1204
f 3548/2492/1153 3927/2393/1193 3922/1969/1329
f 3549/2218/1383 3932/2005/1188 3927/2393/1193
f 3550/2214/1361 3937/2003/1182 3932/2005/1188
f 3551/2211/1360 3942/1992/1178 3937/1998/1182
f 3552/2493/1359 3947/1985/1173 3942/1992/1178
f 3553/2216/1403 3952/1979/1168 3947/1985/1173
f 3554/2206/1356 3957/2063/1160 3952/1979/1168
f 3555/2207/1357 3962/1969/1158 3957/2063/1160
f 3556/2208/1157 3967/2012/1319 3962/1969/1158
f 3557/2213/1404 3972/2005/1315 3967/2012/1319
f 3558/2214/1381 3977/2003/1309 3972/2005/1315
f 3559/2211/1386 3982/1992/1305 3977/2370/1309
f 3560/2491/1156 3987/2376/1300 3982/1992/1305
f 3561/2216/1379 3992/1979/1295 3987/2376/1300
f 3562/2206/1378 3997/1971/1288 3992/1979/1295
f 3563/2223/1377 4002/2095/1342 3997/1971/1288
f 3564/2492/1155 4007/2052/1276 4002/2095/1342
f 3565/2218/1376 4012/2005/1272 4007/2052/1276
f 3566/2214/1375 4017/2003/1266 4012/2005/1272
f 3567/2211/1384 4022/1992/1262 4017/1998/1266
f 3568/2220/1373 4027/2030/1257 4022/1992/1262
f 3569/2209/1406 4032/1979/1251 4027/2030/1257
f 3570/2206/1371 4037/1971/1401 4032/1979/1251
f 4072/2225/1410 4041/3554/1637 4042/3476/1636
f 4042/3476/1636 4043/2227/1638 4072/2225/1410
f 4043/2227/1638 4044/3606/1639 4072/2225/1410
f 4044/3606/1639 4045/3479/1640 4046/3480/1641
f 4046/3480/1641 4047/3481/1642 4048/1570/1407
f 4048/1570/1407 4049/3482/1643 4050/3483/1644
f 4050/3483/1644 4051/3505/1645 4052/3506/1646
f 4052/3506/1646 4053/3548/1647 4054/3487/1648
f 4054/3487/1648 4055/3488/1649 4052/3506/1646
f 4055/3488/1649 4056/1571/1408 4052/3506/1646
f 4056/1571/1408 4057/3489/1650 4058/3550/1651
f 4058/3550/1651 4059/2228/1652 4060/3566/1653
f 4060/3566/1653 4061/3492/1654 4062/3493/1655
f 4062/3493/1655 4063/3607/1656 4064/2494/1409
f 4064/2494/1409 4065/3470/1657 4068/3571/1661
f 4065/3470/1657 4066/3586/1659 4068/3571/1661
f 4066/3586/1659 4067/3471/1660 4068/3571/1661
f 4068/3571/1661 4069/3473/1662 4070/3474/1663
f 4070/3474/1663 4071/2226/1664 4072/2225/1410
f 4044/3606/1639 4046/3480/1641 4048/1570/1407
f 4048/1570/1407 4050/3483/1644 4052/3506/1646
f 4056/1571/1408 4058/3550/1651 4060/3566/1653
f 4060/3566/1653 4062/3493/1655 4056/1571/1408
f 4062/3493/1655 4064/2494/1409 4056/1571/1408
f 4068/3571/1661 4070/3474/1663 4072/2225/1410
f 4072/2225/1410 4044/3606/1639 4048/1570/1407
f 4048/1570/1407 4052/3506/1646 4056/1571/1408
f 4064/2494/1409 4068/3571/1661 4072/2225/1410
f 4072/2225/1410 4048/1570/1407 4064/2494/1409
f 4104/2497/1410 4073/3477/1637 4076/3480/1639
f 4073/3477/1637 4074/3556/1636 4076/3480/1639
f 4074/3556/1636 4075/3479/1665 4076/3480/1639
f 4076/3480/1639 4077/3608/1640 4080/3609/1407
f 4077/3608/1640 4078/1570/1641 4080/3609/1407
f 4078/1570/1641 4079/3558/1642 4080/3609/1407
f 4080/3609/1407 4081/3610/1643 4084/3562/1646
f 4081/3610/1643 4082/3611/1644 4084/3562/1646
f 4082/3611/1644 4083/3548/1645 4084/3562/1646
f 4084/3562/1646 4085/3563/1647 4086/1571/1648
f 4086/1571/1648 4087/3612/1666 4088/2495/1408
f 4088/2495/1408 4089/3490/1650 4092/3493/1653
f 4089/3490/1650 4090/3491/1651 4092/3493/1653
f 4090/3491/1651 4091/3613/1652 4092/3493/1653
f 4092/3493/1653 4093/2230/1667 4094/2224/1655
f 4094/2224/1655 4095/3614/1656 4096/2496/1409
f 4096/2496/1409 4097/3471/1657 4098/3472/1659
f 4098/3472/1659 4099/3473/1660 4100/3587/1661
f 4100/3587/1661 4101/2231/1668 4102/1569/1663
f 4102/1569/1663 4103/3615/1664 4104/2497/1410
f 4084/3562/1646 4086/1571/1648 4088/2495/1408
f 4092/3493/1653 4094/2224/1655 4088/2495/1408
f 4094/2224/1655 4096/2496/1409 4088/2495/1408
f 4096/2496/1409 4098/3472/1659 4100/3587/1661
f 4100/3587/1661 4102/1569/1663 4096/2496/1409
f 4102/1569/1663 4104/2497/1410 4096/2496/1409
f 4104/2497/1410 4076/3480/1639 4080/3609/1407
f 4080/3609/1407 4084/3562/1646 4104/2497/1410
f 4084/3562/1646 4088/2495/1408 4104/2497/1410
f 4136/2500/1410 4105/3616/1637 4108/3617/1639
f 4105/3616/1637 4106/3618/1636 4108/3617/1639
f 4106/3618/1636 4107/3619/1669 4108/3617/1639
f 4108/3617/1639 4109/3620/1640 4112/3095/1407
f 4109/3620/1640 4110/3621/1641 4112/3095/1407
f 4110/3621/1641 4111/3622/1670 4112/3095/1407
f 4112/3095/1407 4113/3623/1643 4116/3624/1646
f 4113/3623/1643 4114/3625/1644 4116/3624/1646
f 4114/3625/1644 4115/3626/1645 4116/3624/1646
f 4116/3624/1646 4117/3627/1647 4118/3628/1648
f 4118/3628/1648 4119/3629/1666 4120/2498/1408
f 4120/2498/1408 4121/3630/1650 4124/3631/1653
f 4121/3630/1650 4122/3632/1651 4124/3631/1653
f 4122/3632/1651 4123/3633/1671 4124/3631/1653
f 4124/3631/1653 4125/3634/1672 4128/2499/1409
f 4125/3634/1672 4126/3635/1655 4128/2499/1409
f 4126/3635/1655 4127/3636/1656 4128/2499/1409
f 4128/2499/1409 4129/3637/1657 4132/3638/1661
f 4129/3637/1657 4130/3639/1659 4132/3638/1661
f 4130/3639/1659 4131/3640/1673 4132/3638/1661
f 4132/3638/1661 4133/3641/1674 4136/2500/1410
f 4133/3641/1674 4134/3642/1663 4136/2500/1410
f 4134/3642/1663 4135/3643/1664 4136/2500/1410
f 4116/3624/1646 4118/3628/1648 4112/3095/1407
f 4118/3628/1648 4120/2498/1408 4112/3095/1407
f 4136/2500/1410 4108/3617/1639 4112/3095/1407
f 4120/2498/1408 4124/3631/1653 4128/2499/1409
f 4128/2499/1409 4132/3638/1661 4136/2500/1410
f 4136/2500/1410 4112/3095/1407 4120/2498/1408
f 4138/2501/1411 4141/2504/1414 4146/2502/1412
f 4141/2504/1414 4140/2677/1416 4145/2505/1415
f 4140/2506/1416 4139/2509/1418 4144/2507/1417
f 4139/2509/1418 4137/1847/1577 4142/2510/1419
f 4148/2511/1420 4143/2503/1413 4146/2502/1412
f 4151/2512/1421 4146/2502/1412 4145/2505/1415
f 4145/2508/1415 4144/2507/1417 4149/2514/1423
f 4149/2514/1423 4144/2507/1417 4142/2510/1419
f 4148/2511/1420 4151/2512/1421 4156/2516/1425
f 4151/2512/1421 4150/2513/1422 4155/2518/1427
f 4150/2515/1422 4149/2514/1423 4154/2519/1428
f 4149/2514/1423 4147/1860/1424 4152/2521/1429
f 4153/2522/1426 4156/2525/1425 4161/2523/1430
f 4156/2525/1425 4155/3644/1427 4160/2526/1432
f 4160/2527/1432 4155/2520/1427 4154/2519/1428
f 4159/2528/1433 4154/2519/1428 4152/2521/1429
f 4158/2524/1431 4161/2523/1430 4166/2530/1435
f 4161/2523/1430 4160/2526/1432 4165/2532/1437
f 4160/2527/1432 4159/2528/1433 4164/2533/1438
f 4164/2533/1438 4159/2528/1433 4157/2529/1434
f 4168/2536/1440 4163/2531/1436 4166/2530/1435
f 4166/2530/1435 4165/2532/1437 4170/2538/1442
f 4165/2534/1437 4164/2533/1438 4169/1882/1443
f 4164/2533/1438 4162/2535/1439 4167/2540/1444
f 4168/2536/1440 4171/2537/1441 4176/2541/1445
f 4171/2537/1441 4170/2538/1442 4175/2543/1447
f 4170/2539/1442 4169/1882/1443 4174/2544/1448
f 4169/1882/1443 4167/2540/1444 4172/1890/1449
f 4173/2542/1446 4176/2541/1445 4181/2546/1450
f 4181/2546/1450 4176/2541/1445 4175/2543/1447
f 4180/2549/1452 4175/2545/1447 4174/2544/1448
f 4174/2544/1448 4172/1890/1449 4177/2550/1454
f 4178/2547/1455 4181/2546/1458 4186/2551/1456
f 4181/2546/1458 4180/2548/1460 4185/2553/1459
f 4180/2549/1460 4179/1894/1462 4184/2554/1461
f 4179/1894/1462 4177/2550/1454 4182/1730/1463
f 4183/2552/1457 4186/2551/1456 4191/2556/1464
f 4191/2556/1464 4186/2551/1456 4185/2553/1459
f 4190/1735/1466 4185/2555/1459 4184/2554/1461
f 4189/2559/1467 4184/2554/1461 4182/1730/1463
f 4188/2557/1465 4191/2556/1464 4196/2561/1469
f 4191/2556/1464 4190/2558/1466 4195/2563/1471
f 4190/1735/1466 4189/2559/1467 4194/1913/1472
f 4194/1913/1472 4189/2559/1467 4187/2560/1468
f 4193/2564/1470 4196/3096/1469 4201/2565/1474
f 4201/2565/1474 4196/3096/1469 4195/2567/1471
f 4200/2569/1476 4195/2244/1471 4194/1913/1472
f 4194/1913/1472 4192/1915/1473 4197/2571/1478
f 4198/2566/1475 4201/2565/1474 4206/2572/1479
f 4201/2565/1474 4200/2568/1476 4205/2574/1481
f 4200/2569/1476 4199/2570/1477 4204/2575/1482
f 4199/2570/1477 4197/2571/1478 4202/1927/1483
f 4203/2573/1480 4206/2572/1479 4211/2577/1484
f 4206/2572/1479 4205/2574/1481 4210/2579/1486
f 4205/2576/1481 4204/2575/1482 4209/2580/1487
f 4204/2575/1482 4202/1927/1483 4207/1933/1488
f 4208/2578/1485 4211/2577/1484 4216/2581/1489
f 4211/2577/1484 4210/2579/1486 4215/2583/1491
f 4215/2584/1491 4210/1761/1486 4209/2580/1487
f 4209/2580/1487 4207/1933/1488 4212/2318/1493
f 4213/2582/1490 4216/2581/1489 4221/2586/1494
f 4216/2581/1489 4215/2583/1491 4220/2588/1496
f 4220/2313/1496 4215/2584/1491 4214/2585/1492
f 4214/2585/1492 4212/2318/1493 4217/2590/1498
f 4218/2587/1495 4221/2586/1494 4226/2591/1499
f 4221/2586/1494 4220/2588/1496 4225/2593/1501
f 4225/2594/1501 4220/2313/1496 4219/2589/1497
f 4219/2589/1497 4217/2590/1498 4222/2595/1503
f 4223/2592/1500 4226/2591/1499 4231/2596/1504
f 4231/2596/1504 4226/2591/1499 4225/2593/1501
f 4230/2599/1506 4225/2594/1501 4224/2310/1502
f 4229/2600/1507 4224/2310/1502 4222/2595/1503
f 4228/2597/1505 4231/2596/1504 4236/2602/1509
f 4236/2602/1509 4231/2596/1504 4230/2598/1506
f 4230/2599/1506 4229/2600/1507 4234/2605/1512
f 4234/2605/1512 4229/2600/1507 4227/2601/1508
f 4238/2606/1514 4233/2603/1510 4236/2602/1509
f 4241/2607/1515 4236/2602/1509 4235/2604/1511
f 4235/1591/1511 4234/2605/1512 4239/2609/1517
f 4239/2609/1517 4234/2605/1512 4232/1593/1513
f 4243/2611/1519 4238/3018/1514 4241/2612/1515
f 4246/2613/1520 4241/2612/1515 4240/2614/1516
f 4240/1597/1516 4239/2609/1517 4244/2616/1522
f 4239/2609/1517 4237/2610/1518 4242/2617/1523
f 4243/2611/1519 4246/2613/1520 4251/2618/1524
f 4251/2618/1524 4246/2613/1520 4245/2615/1521
f 4250/2621/1526 4245/1782/1521 4244/2616/1522
f 4249/1789/1527 4244/2616/1522 4242/2617/1523
f 4253/2623/1529 4248/2619/1525 4251/2618/1524
f 4251/2618/1524 4250/2620/1526 4255/2625/1531
f 4250/2621/1526 4249/1789/1527 4254/2626/1532
f 4249/1789/1527 4247/2622/1528 4252/2627/1533
f 4258/2628/1534 4253/2623/1529 4256/2624/1530
f 4261/2629/1535 4256/2624/1530 4255/2625/1531
f 4260/2631/1536 4255/1793/1531 4254/2626/1532
f 4254/2626/1532 4252/2627/1533 4257/2633/1538
f 4263/2634/1539 4258/2628/1658 4261/2629/1540
f 4261/2629/1540 4260/2630/1543 4265/2636/1542
f 4260/2631/1543 4259/2632/1545 4264/2637/1544
f 4259/2632/1545 4257/2633/1538 4262/2639/1546
f 4268/2640/1547 4263/2634/1539 4266/2635/1541
f 4271/2641/1548 4266/2635/1541 4265/2636/1542
f 4270/2643/1549 4265/2638/1542 4264/2637/1544
f 4264/2637/1544 4262/2639/1546 4267/2645/1551
f 4268/2640/1547 4271/2641/1548 4276/2646/1552
f 4271/2641/1548 4270/2642/1549 4275/2648/1554
f 4275/2649/1554 4270/2643/1549 4269/2644/1550
f 4274/2650/1555 4269/2644/1550 4267/2645/1551
f 4278/2652/1557 4273/3113/1553 4276/2653/1552
f 4281/2654/1558 4276/2653/1552 4275/2655/1554
f 4280/2657/1559 4275/2649/1554 4274/2650/1555
f 4279/2658/1560 4274/2650/1555 4272/2651/1556
f 4283/2660/1562 4278/2652/1557 4281/2654/1558
f 4281/2654/1558 4280/2656/1559 4285/2662/1564
f 4280/2657/1559 4279/2658/1560 4284/2663/1565
f 4279/2658/1560 4277/2659/1561 4282/2665/1566
f 4283/2660/1562 4286/2661/1563 4291/2666/1567
f 4291/2666/1567 4286/2661/1563 4285/2662/1564
f 4285/2664/1564 4284/2663/1565 4289/2669/1570
f 4289/2669/1570 4284/2663/1565 4282/2665/1566
f 4288/2667/1568 4291/2666/1567 4296/2672/1572
f 4291/2666/1567 4290/2668/1569 4295/2674/1574
f 4290/2670/1569 4289/2669/1570 4294/1839/1575
f 4289/2669/1570 4287/2671/1571 4292/2676/1576
f 4293/2673/1573 4296/2672/1572 4141/2504/1414
f 4141/2504/1414 4296/2672/1572 4295/2674/1574
f 4295/2675/1574 4294/1839/1575 4139/2509/1418
f 4294/1839/1575 4292/2676/1576 4137/1847/1577
f 4298/2678/1411 4301/2863/1414 4306/2679/1412
f 4306/2679/1412 4301/2863/1414 4300/2681/1578
f 4305/2683/1415 4300/2864/1578 4299/2684/1418
f 4304/2685/1417 4299/2684/1418 4297/2686/1577
f 4303/2680/1413 4306/2679/1412 4311/2688/1421
f 4311/2688/1421 4306/2679/1412 4305/2682/1415
f 4305/2683/1415 4304/2685/1417 4309/2691/1423
f 4304/2685/1417 4302/2687/1579 4307/2693/1424
f 4313/2694/1426 4308/2689/1420 4311/2688/1421
f 4316/2695/1425 4311/2688/1421 4310/2690/1580
f 4315/1876/1427 4310/2692/1580 4309/2691/1423
f 4314/2697/1581 4309/2691/1423 4307/2693/1424
f 4318/2699/1431 4313/2694/1426 4316/2695/1425
f 4316/2701/1425 4315/3645/1427 4320/2702/1432
f 4320/2704/1432 4315/1876/1427 4314/2697/1581
f 4319/2705/1583 4314/2697/1581 4312/2698/1582
f 4318/2707/1431 4321/2703/1430 4326/2708/1435
f 4321/2703/1430 4320/2702/1432 4325/2710/1437
f 4320/2704/1432 4319/2705/1583 4324/2711/1438
f 4319/2705/1583 4317/2706/1584 4322/2713/1439
f 4323/2709/1436 4326/2708/1435 4331/2714/1441
f 4326/2708/1435 4325/2710/1437 4330/2716/1442
f 4330/2717/1442 4325/2712/1437 4324/2711/1438
f 4324/2711/1438 4322/2713/1439 4327/2719/1444
f 4328/2715/1440 4331/2714/1441 4336/2720/1445
f 4331/2714/1441 4330/2716/1442 4335/2722/1447
f 4335/2723/1447 4330/2717/1442 4329/2718/1443
f 4329/2718/1443 4327/2719/1444 4332/2725/1449
f 4338/2726/1585 4333/2721/1446 4336/2720/1445
f 4336/2720/1445 4335/2722/1447 4340/2728/1587
f 4340/2729/1587 4335/2723/1447 4334/2724/1448
f 4334/2724/1448 4332/2725/1449 4337/2731/1454
f 4338/2726/1585 4341/2727/1586 4346/2732/1456
f 4341/2727/1586 4340/2728/1587 4345/2734/1459
f 4340/2729/1587 4339/2730/1588 4344/2735/1461
f 4344/2735/1461 4339/2730/1588 4337/2731/1454
f 4343/2733/1457 4346/2732/1456 4351/2738/1464
f 4346/2732/1456 4345/2734/1459 4350/2740/1589
f 4350/2741/1589 4345/2736/1459 4344/2735/1461
f 4349/2742/1467 4344/2735/1461 4342/2737/1463
f 4348/2739/1465 4351/2738/1464 4356/2744/1469
f 4351/2738/1464 4350/2740/1589 4355/2746/1471
f 4350/2741/1589 4349/2742/1467 4354/2747/1472
f 4349/2742/1467 4347/2743/1468 4352/2749/1590
f 4358/2750/1475 4353/1946/1470 4356/2751/1469
f 4361/2324/1474 4356/2751/1469 4355/2752/1471
f 4360/2754/1476 4355/2748/1471 4354/2747/1472
f 4359/2755/1591 4354/2747/1472 4352/2749/1590
f 4363/2757/1480 4358/2750/1475 4361/2324/1474
f 4361/2324/1474 4360/2753/1476 4365/2759/1481
f 4360/2754/1476 4359/2755/1591 4364/2760/1593
f 4359/2755/1591 4357/2756/1592 4362/2762/1594
f 4368/2763/1485 4363/2757/1480 4366/2758/1479
f 4366/2758/1479 4365/2759/1481 4370/2765/1595
f 4365/2761/1481 4364/2760/1593 4369/1944/1487
f 4364/2760/1593 4362/2762/1594 4367/1774/1488
f 4373/2767/1490 4368/2763/1485 4371/2764/1484
f 4376/2768/1489 4371/2764/1484 4370/2765/1595
f 4375/2770/1491 4370/2766/1595 4369/1944/1487
f 4374/1951/1492 4369/1944/1487 4367/1774/1488
f 4378/1779/1495 4373/2767/1490 4376/2768/1489
f 4376/2768/1489 4375/2769/1491 4380/1781/1496
f 4380/2773/1496 4375/2770/1491 4374/1951/1492
f 4379/2774/1497 4374/1951/1492 4372/2771/1596
f 4378/1779/1495 4381/2772/1494 4386/2776/1499
f 4386/2776/1499 4381/2772/1494 4380/1781/1496
f 4385/2779/1501 4380/2773/1496 4379/2774/1497
f 4379/2774/1497 4377/2775/1498 4382/2781/1597
f 4383/2777/1500 4386/2776/1499 4391/2782/1504
f 4386/2776/1499 4385/2778/1501 4390/2784/1598
f 4385/2779/1501 4384/2780/1502 4389/2785/1507
f 4389/2785/1507 4384/2780/1502 4382/2781/1597
f 4393/2788/1510 4388/2783/1505 4391/2782/1504
f 4396/2789/1509 4391/2782/1504 4390/2784/1598
f 4395/2791/1599 4390/2786/1598 4389/2785/1507
f 4394/2792/1512 4389/2785/1507 4387/2787/1508
f 4393/2788/1510 4396/2789/1509 4401/2794/1515
f 4396/2789/1509 4395/2790/1599 4400/2796/1601
f 4400/2797/1601 4395/2791/1599 4394/2792/1512
f 4394/2792/1512 4392/2793/1600 4397/2799/1603
f 4398/2800/1514 4401/3244/1515 4406/2801/1520
f 4406/2801/1520 4401/3244/1515 4400/2803/1601
f 4400/2797/1601 4399/2798/1602 4404/2805/1522
f 4399/2798/1602 4397/2799/1603 4402/2807/1604
f 4408/2808/1525 4403/2802/1519 4406/2801/1520
f 4411/2809/1524 4406/2801/1520 4405/2804/1521
f 4405/2806/1521 4404/2805/1522 4409/2811/1527
f 4409/2811/1527 4404/2805/1522 4402/2807/1604
f 4413/2814/1529 4408/2808/1525 4411/2809/1524
f 4411/2809/1524 4410/2810/1605 4415/2816/1531
f 4415/2817/1531 4410/2812/1605 4409/2811/1527
f 4414/2818/1532 4409/2811/1527 4407/2813/1528
f 4413/2814/1529 4416/2815/1530 4421/2820/1606
f 4416/2815/1530 4415/2816/1531 4420/2822/1608
f 4415/2817/1531 4414/2818/1532 4419/2823/1609
f 4414/2818/1532 4412/2819/1533 4417/2825/1538
f 4418/2821/1607 4421/2820/1606 4426/2826/1541
f 4426/2826/1541 4421/2820/1606 4420/2822/1608
f 4420/2824/1608 4419/2823/1609 4424/2829/1544
f 4419/2823/1609 4417/2825/1538 4422/1643/1546
f 4428/2831/1547 4423/2827/1539 4426/2826/1541
f 4431/2832/1548 4426/2826/1541 4425/2828/1542
f 4425/2830/1542 4424/2829/1544 4429/2834/1550
f 4424/2829/1544 4422/1643/1546 4427/2836/1551
f 4433/2837/1553 4428/2831/1547 4431/2832/1548
f 4436/2838/1552 4431/2832/1548 4430/2833/1610
f 4430/2835/1610 4429/2834/1550 4434/2840/1555
f 4434/2840/1555 4429/2834/1550 4427/2836/1551
f 4433/2837/1553 4436/2838/1552 4441/2841/1558
f 4441/2841/1558 4436/2838/1552 4435/2839/1554
f 4435/1654/1554 4434/2840/1555 4439/2844/1613
f 4434/2840/1555 4432/1829/1611 4437/1835/1561
f 4438/2845/1557 4441/3646/1558 4446/2846/1563
f 4446/2846/1563 4441/3646/1558 4440/2848/1612
f 4440/1834/1612 4439/2844/1613 4444/2850/1565
f 4444/2850/1565 4439/2844/1613 4437/1835/1561
f 4443/2847/1562 4446/2846/1563 4451/2852/1567
f 4446/2846/1563 4445/2849/1564 4450/2854/1614
f 4445/1840/1564 4444/2850/1565 4449/2855/1570
f 4444/2850/1565 4442/2851/1566 4447/2857/1571
f 4448/2853/1568 4451/2852/1567 4456/2858/1572
f 4456/2858/1572 4451/2852/1567 4450/2854/1614
f 4455/1851/1574 4450/2856/1614 4449/2855/1570
f 4454/2861/1575 4449/2855/1570 4447/2857/1571
f 4453/2859/1573 4456/2858/1572 4301/2863/1414
f 4456/2858/1572 4455/2860/1574 4300/2681/1578
f 4455/1851/1574 4454/2861/1575 4299/2684/1418
f 4454/2861/1575 4452/2862/1576 4297/2686/1577
f 4458/2865/1411 4461/2868/1414 4466/2866/1412
f 4461/2868/1414 4460/2903/1578 4465/2869/1415
f 4460/2360/1578 4459/2870/1418 4464/2464/1417
f 4459/2870/1418 4457/2992/1577 4462/2466/1419
f 4468/2871/1420 4463/2867/1413 4466/2866/1412
f 4471/2872/1421 4466/2866/1412 4465/2869/1415
f 4470/2874/1580 4465/2465/1415 4464/2464/1417
f 4469/2875/1423 4464/2464/1417 4462/2466/1419
f 4473/2876/1426 4468/2871/1420 4471/2872/1421
f 4471/2872/1421 4470/2873/1580 4475/2878/1427
f 4475/2458/1427 4470/2874/1580 4469/2875/1423
f 4474/2879/1428 4469/2875/1423 4467/2462/1424
f 4473/2881/1426 4476/2884/1425 4481/2882/1430
f 4476/2884/1425 4475/3647/1427 4480/2885/1432
f 4475/2458/1427 4474/2879/1428 4479/2886/1433
f 4479/2886/1433 4474/2879/1428 4472/2880/1615
f 4478/2883/1431 4481/2882/1430 4486/2887/1435
f 4481/2882/1430 4480/2885/1432 4485/2889/1437
f 4480/2455/1432 4479/2886/1433 4484/2451/1438
f 4484/2451/1438 4479/2886/1433 4477/2488/1616
f 4488/2892/1440 4483/2888/1436 4486/2887/1435
f 4486/2887/1435 4485/2889/1437 4490/2894/1442
f 4490/2895/1442 4485/2890/1437 4484/2451/1438
f 4484/2451/1438 4482/2891/1617 4487/2897/1444
f 4488/2892/1440 4491/2893/1441 4496/2898/1445
f 4491/2893/1441 4490/2894/1442 4495/2900/1447
f 4495/2445/1447 4490/2895/1442 4489/2896/1443
f 4494/2901/1448 4489/2896/1443 4487/2897/1444
f 4498/2865/1585 4493/2899/1618 4496/2898/1445
f 4496/2898/1445 4495/2900/1447 4500/2903/1620
f 4500/2904/1620 4495/2445/1447 4494/2901/1448
f 4499/2442/1588 4494/2901/1448 4492/2902/1619
f 4498/2865/1585 4501/2868/1586 4506/2866/1456
f 4506/2866/1456 4501/2868/1586 4500/2903/1620
f 4500/2904/1620 4499/2442/1588 4504/2907/1461
f 4499/2442/1588 4497/2905/1454 4502/2909/1463
f 4508/2910/1465 4503/2867/1457 4506/2866/1456
f 4506/2866/1456 4505/2906/1459 4510/2873/1589
f 4510/2912/1589 4505/2908/1459 4504/2907/1461
f 4509/2913/1467 4504/2907/1461 4502/2909/1463
f 4508/2910/1465 4511/2911/1464 4516/2877/1469
f 4511/2911/1464 4510/2873/1589 4515/2878/1471
f 4515/2435/1471 4510/2912/1589 4509/2913/1467
f 4514/2915/1472 4509/2913/1467 4507/2914/1621
f 4518/2917/1475 4513/3079/1470 4516/2918/1469
f 4521/2919/1474 4516/2918/1469 4515/2920/1471
f 4515/2435/1471 4514/2915/1472 4519/2433/1477
f 4514/2915/1472 4512/2916/1622 4517/2923/1623
f 4518/2917/1475 4521/2919/1474 4526/2924/1479
f 4526/2924/1479 4521/2919/1474 4520/2921/1476
f 4520/2922/1476 4519/2433/1477 4524/2927/1482
f 4519/2433/1477 4517/2923/1623 4522/2929/1624
f 4523/2925/1480 4526/2924/1479 4531/2930/1484
f 4531/2930/1484 4526/2924/1479 4525/2926/1481
f 4525/2928/1481 4524/2927/1482 4529/2933/1487
f 4524/2927/1482 4522/2929/1624 4527/2935/1488
f 4528/2931/1485 4531/2930/1484 4536/2936/1489
f 4531/2930/1484 4530/2932/1595 4535/2938/1491
f 4530/2934/1595 4529/2933/1487 4534/2421/1492
f 4529/2933/1487 4527/2935/1488 4532/2940/1493
f 4538/2941/1495 4533/2937/1490 4536/2936/1489
f 4541/2942/1494 4536/2936/1489 4535/2938/1491
f 4540/2944/1625 4535/2939/1491 4534/2421/1492
f 4539/2420/1497 4534/2421/1492 4532/2940/1493
f 4538/2941/1495 4541/2942/1494 4546/2946/1499
f 4541/2942/1494 4540/2943/1625 4545/2948/1501
f 4540/2944/1625 4539/2420/1497 4544/2949/1502
f 4539/2420/1497 4537/2945/1498 4542/2951/1503
f 4543/2947/1500 4546/2946/1499 4551/2952/1504
f 4551/2952/1504 4546/2946/1499 4545/2948/1501
f 4550/2414/1598 4545/2950/1501 4544/2949/1502
f 4549/2413/1507 4544/2949/1502 4542/2951/1503
f 4553/2956/1510 4548/2953/1505 4551/2952/1504
f 4551/2952/1504 4550/2954/1598 4555/2958/1599
f 4550/2414/1598 4549/2413/1507 4554/2409/1512
f 4554/2409/1512 4549/2413/1507 4547/2955/1508
f 4553/2960/1510 4556/2884/1509 4561/2961/1515
f 4561/2961/1515 4556/2884/1509 4555/2962/1599
f 4560/2964/1627 4555/2959/1599 4554/2409/1512
f 4559/2406/1517 4554/2409/1512 4552/2415/1626
f 4558/2883/1514 4561/2961/1515 4566/2966/1520
f 4561/2961/1515 4560/2963/1627 4565/2889/1521
f 4560/2964/1627 4559/2406/1517 4564/2403/1522
f 4559/2406/1517 4557/2965/1628 4562/2407/1629
f 4563/2888/1519 4566/2966/1520 4571/2893/1524
f 4566/2966/1520 4565/2889/1521 4570/2894/1605
f 4565/2404/1521 4564/2403/1522 4569/2401/1527
f 4564/2403/1522 4562/2407/1629 4567/2969/1528
f 4568/2967/1525 4571/2893/1524 4576/2898/1530
f 4571/2893/1524 4570/2894/1605 4575/2900/1531
f 4575/2970/1531 4570/2968/1605 4569/2401/1527
f 4569/2401/1527 4567/2969/1528 4572/2397/1630
f 4578/2865/1607 4573/2899/1529 4576/2898/1530
f 4576/2898/1530 4575/2900/1531 4580/2903/1631
f 4580/2390/1631 4575/2970/1531 4574/2395/1532
f 4574/2395/1532 4572/2397/1630 4577/2972/1538
f 4578/2865/1607 4581/2868/1606 4586/2866/1541
f 4586/2866/1541 4581/2868/1606 4580/2903/1631
f 4580/2390/1631 4579/2971/1609 4584/2973/1544
f 4584/2973/1544 4579/2971/1609 4577/2972/1538
f 4588/2871/1547 4583/2867/1539 4586/2866/1541
f 4586/2866/1541 4585/2869/1542 4590/2873/1610
f 4585/2386/1542 4584/2973/1544 4589/2975/1550
f 4589/2975/1550 4584/2973/1544 4582/2974/1546
f 4588/2871/1547 4591/2911/1548 4596/2877/1552
f 4591/2911/1548 4590/2873/1610 4595/2878/1554
f 4590/2976/1610 4589/2975/1550 4594/2977/1555
f 4594/2977/1555 4589/2975/1550 4587/2383/1551
f 4593/2960/1553 4596/3648/1552 4601/2961/1558
f 4601/2961/1558 4596/3648/1552 4595/2962/1554
f 4600/2979/1633 4595/2978/1554 4594/2977/1555
f 4599/2980/1613 4594/2977/1555 4592/2380/1632
f 4598/2883/1557 4601/2961/1558 4606/2966/1563
f 4601/2961/1558 4600/2885/1633 4605/2889/1564
f 4600/2979/1633 4599/2980/1613 4604/2982/1565
f 4599/2980/1613 4597/2981/1634 4602/2984/1635
f 4603/2888/1562 4606/2966/1563 4611/2985/1567
f 4606/2966/1563 4605/2889/1564 4610/2986/1614
f 4605/2983/1564 4604/2982/1565 4609/2364/1570
f 4604/2982/1565 4602/2984/1635 4607/2988/1571
f 4608/2967/1568 4611/2985/1567 4616/2898/1572
f 4611/2985/1567 4610/2986/1614 4615/2989/1574
f 4610/2987/1614 4609/2364/1570 4614/2990/1575
f 4609/2364/1570 4607/2988/1571 4612/2362/1576
f 4613/2899/1573 4616/2898/1572 4461/2868/1414
f 4616/2898/1572 4615/2989/1574 4460/2903/1578
f 4460/2360/1578 4615/2991/1574 4614/2990/1575
f 4459/2870/1418 4614/2990/1575 4612/2362/1576
f 4147/1860/1424 4142/2510/1419 4137/1847/1577
f 4137/1847/1577 4292/2676/1576 4147/1860/1424
f 4292/2676/1576 4287/2671/1571 4147/1860/1424
f 4287/2671/1571 4282/2665/1566 4277/2659/1561
f 4277/2659/1561 4272/2651/1556 4267/2645/1551
f 4267/2645/1551 4262/2639/1546 4247/2622/1528
f 4262/2639/1546 4257/2633/1538 4247/2622/1528
f 4257/2633/1538 4252/2627/1533 4247/2622/1528
f 4247/2622/1528 4242/2617/1523 4227/2601/1508
f 4242/2617/1523 4237/2610/1518 4227/2601/1508
f 4237/2610/1518 4232/1593/1513 4227/2601/1508
f 4227/2601/1508 4222/2595/1503 4207/1933/1488
f 4222/2595/1503 4217/2590/1498 4207/1933/1488
f 4217/2590/1498 4212/2318/1493 4207/1933/1488
f 4207/1933/1488 4202/1927/1483 4197/2571/1478
f 4197/2571/1478 4192/1915/1473 4187/2560/1468
f 4187/2560/1468 4182/1730/1463 4177/2550/1454
f 4177/2550/1454 4172/1890/1449 4167/2540/1444
f 4167/2540/1444 4162/2535/1439 4147/1860/1424
f 4162/2535/1439 4157/2529/1434 4147/1860/1424
f 4157/2529/1434 4152/2521/1429 4147/1860/1424
f 4287/2671/1571 4277/2659/1561 4147/1860/1424
f 4277/2659/1561 4267/2645/1551 4147/1860/1424
f 4207/1933/1488 4197/2571/1478 4187/2560/1468
f 4187/2560/1468 4177/2550/1454 4147/1860/1424
f 4177/2550/1454 4167/2540/1444 4147/1860/1424
f 4267/2645/1551 4247/2622/1528 4227/2601/1508
f 4227/2601/1508 4207/1933/1488 4187/2560/1468
f 4147/1860/1424 4267/2645/1551 4187/2560/1468
f 4138/2501/1411 4143/2503/1413 4042/2993/1636
f 4293/2673/1573 4138/2501/1411 4041/2994/1637
f 4042/2993/1636 4143/2503/1413 4148/2511/1420
f 4148/2511/1420 4153/2517/1426 4044/2997/1639
f 4153/2522/1426 4158/2524/1431 4045/2998/1640
f 4045/2998/1640 4158/2524/1431 4163/2531/1436
f 4163/2531/1436 4168/2536/1440 4047/3001/1642
f 4047/3001/1642 4168/2536/1440 4173/2542/1446
f 4173/2542/1446 4178/2547/1451 4049/3003/1643
f 4178/2547/1455 4183/2552/1457 4050/3004/1644
f 4183/2552/1457 4188/2557/1465 4051/3005/1645
f 4051/3005/1645 4188/2557/1465 4193/2562/1470
f 4052/3006/1646 4193/2562/1470 4198/3007/1475
f 4053/3009/1647 4198/2566/1475 4203/2573/1480
f 4203/2573/1480 4208/2578/1485 4055/3011/1649
f 4055/3011/1649 4208/2578/1485 4213/2582/1490
f 4213/2582/1490 4218/2587/1495 4057/3013/1650
f 4218/2587/1495 4223/2592/1500 4058/3014/1651
f 4223/2592/1500 4228/2597/1505 4059/3015/1652
f 4228/2597/1505 4233/2603/1510 4060/3016/1653
f 4233/2603/1510 4238/2606/1514 4061/3017/1654
f 4238/3018/1514 4243/2611/1519 4062/3019/1655
f 4243/2611/1519 4248/2619/1525 4063/3021/1656
f 4248/2619/1525 4253/2623/1529 4064/3022/1409
f 4253/2623/1529 4258/2628/1534 4065/3023/1657
f 4258/2628/1658 4263/2634/1539 4066/3024/1659
f 4263/2634/1539 4268/2640/1547 4067/3025/1660
f 4268/2640/1547 4273/2647/1553 4068/3026/1661
f 4273/2647/1553 4278/3421/1557 4069/3027/1662
f 4278/2652/1557 4283/2660/1562 4070/3028/1663
f 4283/2660/1562 4288/2667/1568 4071/3030/1664
f 4288/2667/1568 4293/2673/1573 4072/2995/1410
f 4307/2693/1424 4302/2687/1579 4297/2686/1577
f 4297/2686/1577 4452/2862/1576 4307/2693/1424
f 4452/2862/1576 4447/2857/1571 4307/2693/1424
f 4447/2857/1571 4442/2851/1566 4437/1835/1561
f 4437/1835/1561 4432/1829/1611 4427/2836/1551
f 4427/2836/1551 4422/1643/1546 4407/2813/1528
f 4422/1643/1546 4417/2825/1538 4407/2813/1528
f 4417/2825/1538 4412/2819/1533 4407/2813/1528
f 4407/2813/1528 4402/2807/1604 4397/2799/1603
f 4397/2799/1603 4392/2793/1600 4407/2813/1528
f 4392/2793/1600 4387/2787/1508 4407/2813/1528
f 4387/2787/1508 4382/2781/1597 4377/2775/1498
f 4377/2775/1498 4372/2771/1596 4367/1774/1488
f 4367/1774/1488 4362/2762/1594 4357/2756/1592
f 4357/2756/1592 4352/2749/1590 4347/2743/1468
f 4347/2743/1468 4342/2737/1463 4337/2731/1454
f 4337/2731/1454 4332/2725/1449 4347/2743/1468
f 4332/2725/1449 4327/2719/1444 4347/2743/1468
f 4327/2719/1444 4322/2713/1439 4307/2693/1424
f 4322/2713/1439 4317/2706/1584 4307/2693/1424
f 4317/2706/1584 4312/2698/1582 4307/2693/1424
f 4447/2857/1571 4437/1835/1561 4307/2693/1424
f 4437/1835/1561 4427/2836/1551 4307/2693/1424
f 4387/2787/1508 4377/2775/1498 4367/1774/1488
f 4367/1774/1488 4357/2756/1592 4387/2787/1508
f 4357/2756/1592 4347/2743/1468 4387/2787/1508
f 4427/2836/1551 4407/2813/1528 4307/2693/1424
f 4407/2813/1528 4387/2787/1508 4307/2693/1424
f 4347/2743/1468 4327/2719/1444 4307/2693/1424
f 4298/2678/1411 4303/2680/1413 4074/3031/1636
f 4453/2859/1573 4298/2678/1411 4073/3032/1637
f 4303/2680/1413 4308/2689/1420 4075/3034/1665
f 4075/3034/1665 4308/2689/1420 4313/2694/1426
f 4313/3036/1426 4318/2707/1431 4077/3037/1640
f 4318/2707/1431 4323/2709/1436 4078/3039/1641
f 4323/2709/1436 4328/2715/1440 4079/3040/1642
f 4328/2715/1440 4333/2721/1446 4080/3041/1407
f 4333/2721/1446 4338/2726/1585 4081/3042/1643
f 4338/2726/1585 4343/2733/1457 4082/3043/1644
f 4343/2733/1457 4348/2739/1465 4083/3044/1645
f 4348/2739/1465 4353/2745/1470 4084/3045/1646
f 4353/2745/1470 4358/3649/1475 4085/3046/1647
f 4358/2750/1475 4363/2757/1480 4086/3047/1648
f 4086/3047/1648 4363/2757/1480 4368/2763/1485
f 4368/2763/1485 4373/2767/1490 4088/3050/1408
f 4373/2767/1490 4378/1779/1495 4089/3051/1650
f 4378/1779/1495 4383/2777/1500 4090/3052/1651
f 4383/2777/1500 4388/2783/1505 4091/3053/1652
f 4388/2783/1505 4393/2788/1510 4092/3054/1653
f 4393/3055/1510 4398/2800/1514 4093/3056/1667
f 4398/2800/1514 4403/2802/1519 4094/3058/1655
f 4403/2802/1519 4408/2808/1525 4095/3059/1656
f 4408/2808/1525 4413/2814/1529 4096/3060/1409
f 4413/2814/1529 4418/2821/1607 4097/3061/1657
f 4418/2821/1607 4423/2827/1539 4098/3062/1659
f 4423/2827/1539 4428/2831/1547 4099/3063/1660
f 4428/2831/1547 4433/2837/1553 4100/3064/1661
f 4433/2837/1553 4438/2842/1557 4101/3065/1668
f 4438/2845/1557 4443/2847/1562 4102/3066/1663
f 4443/2847/1562 4448/2853/1568 4103/3068/1664
f 4448/2853/1568 4453/2859/1573 4104/3033/1410
f 4467/2462/1424 4462/2466/1419 4457/2992/1577
f 4457/2992/1577 4612/2362/1576 4607/2988/1571
f 4607/2988/1571 4602/2984/1635 4597/2981/1634
f 4597/2981/1634 4592/2380/1632 4607/2988/1571
f 4592/2380/1632 4587/2383/1551 4607/2988/1571
f 4587/2383/1551 4582/2974/1546 4577/2972/1538
f 4577/2972/1538 4572/2397/1630 4567/2969/1528
f 4567/2969/1528 4562/2407/1629 4547/2955/1508
f 4562/2407/1629 4557/2965/1628 4547/2955/1508
f 4557/2965/1628 4552/2415/1626 4547/2955/1508
f 4547/2955/1508 4542/2951/1503 4537/2945/1498
f 4537/2945/1498 4532/2940/1493 4527/2935/1488
f 4527/2935/1488 4522/2929/1624 4517/2923/1623
f 4517/2923/1623 4512/2916/1622 4527/2935/1488
f 4512/2916/1622 4507/2914/1621 4527/2935/1488
f 4507/2914/1621 4502/2909/1463 4497/2905/1454
f 4497/2905/1454 4492/2902/1619 4487/2897/1444
f 4487/2897/1444 4482/2891/1617 4467/2462/1424
f 4482/2891/1617 4477/2488/1616 4467/2462/1424
f 4477/2488/1616 4472/2880/1615 4467/2462/1424
f 4467/2462/1424 4457/2992/1577 4587/2383/1551
f 4457/2992/1577 4607/2988/1571 4587/2383/1551
f 4587/2383/1551 4577/2972/1538 4547/2955/1508
f 4577/2972/1538 4567/2969/1528 4547/2955/1508
f 4547/2955/1508 4537/2945/1498 4507/2914/1621
f 4537/2945/1498 4527/2935/1488 4507/2914/1621
f 4507/2914/1621 4497/2905/1454 4467/2462/1424
f 4497/2905/1454 4487/2897/1444 4467/2462/1424
f 4467/2462/1424 4587/2383/1551 4547/2955/1508
f 4458/2865/1411 4463/2867/1413 4106/3069/1636
f 4613/2899/1573 4458/2865/1411 4105/3070/1637
f 4463/2867/1413 4468/2871/1420 4107/3072/1669
f 4468/2871/1420 4473/2876/1426 4108/3073/1639
f 4473/2881/1426 4478/2883/1431 4109/3074/1640
f 4478/2883/1431 4483/2888/1436 4110/3076/1641
f 4483/2888/1436 4488/2892/1440 4111/3077/1670
f 4488/2892/1440 4493/2899/1618 4112/3071/1407
f 4493/2899/1618 4498/2865/1585 4113/3070/1643
f 4498/2865/1585 4503/2867/1457 4114/3069/1644
f 4503/2867/1457 4508/2910/1465 4115/3078/1645
f 4508/2910/1465 4513/2876/1470 4116/3073/1646
f 4513/3079/1470 4518/2917/1475 4117/3080/1647
f 4518/2917/1475 4523/2925/1480 4118/3082/1648
f 4523/2925/1480 4528/2931/1485 4119/3083/1666
f 4528/2931/1485 4533/2937/1490 4120/3084/1408
f 4533/2937/1490 4538/2941/1495 4121/3085/1650
f 4538/2941/1495 4543/2947/1500 4122/3086/1651
f 4543/2947/1500 4548/2953/1505 4123/3087/1671
f 4548/2953/1505 4553/2956/1510 4124/3088/1653
f 4553/2960/1510 4558/2883/1514 4125/3074/1672
f 4558/2883/1514 4563/2888/1519 4126/3076/1655
f 4563/2888/1519 4568/2967/1525 4127/3090/1656
f 4568/2967/1525 4573/2899/1529 4128/3071/1409
f 4573/2899/1529 4578/2865/1607 4129/3070/1657
f 4578/2865/1607 4583/2867/1539 4130/3069/1659
f 4583/2867/1539 4588/2871/1547 4131/3072/1673
f 4588/2871/1547 4593/2876/1553 4132/3073/1661
f 4593/2960/1553 4598/2883/1557 4133/3074/1674
f 4598/2883/1557 4603/2888/1562 4134/3076/1663
f 4603/2888/1562 4608/2967/1568 4135/3090/1664
f 4608/2967/1568 4613/2899/1573 4136/3071/1410
f 4618/1571/1408 4617/3489/1650 4646/3550/1651
f 4646/3550/1651 4645/2228/1652 4644/3566/1653
f 4644/3566/1653 4643/3492/1654 4642/3650/1655
f 4642/3650/1655 4641/3607/1656 4640/2494/1409
f 4640/2494/1409 4065/3470/1657 4637/3571/1661
f 4065/3470/1657 4639/2496/1659 4637/3571/1661
f 4639/2496/1659 4638/3570/1660 4637/3571/1661
f 4637/3571/1661 4636/3473/1662 4635/3587/1663
f 4635/3587/1663 4634/2226/1664 4633/2225/1410
f 4633/2225/1410 4632/3554/1637 4631/3476/1636
f 4631/3476/1636 4630/2227/1638 4633/2225/1410
f 4630/2227/1638 4629/3606/1639 4633/2225/1410
f 4629/3606/1639 4628/3502/1640 4627/3503/1641
f 4627/3503/1641 4626/3481/1642 4625/1570/1407
f 4625/1570/1407 4049/3558/1643 4624/3483/1644
f 4624/3483/1644 4623/3505/1645 4622/3506/1646
f 4622/3506/1646 4621/3548/1647 4620/3487/1648
f 4620/3487/1648 4619/3488/1649 4622/3506/1646
f 4619/3488/1649 4618/1571/1408 4622/3506/1646
f 4618/1571/1408 4646/3550/1651 4644/3566/1653
f 4644/3566/1653 4642/3650/1655 4618/1571/1408
f 4642/3650/1655 4640/2494/1409 4618/1571/1408
f 4637/3571/1661 4635/3587/1663 4633/2225/1410
f 4629/3606/1639 4627/3503/1641 4625/1570/1407
f 4625/1570/1407 4624/3483/1644 4622/3506/1646
f 4640/2494/1409 4637/3571/1661 4618/1571/1408
f 4637/3571/1661 4633/2225/1410 4618/1571/1408
f 4633/2225/1410 4629/3606/1639 4625/1570/1407
f 4625/1570/1407 4622/3506/1646 4618/1571/1408
f 4648/3091/1408 4647/3472/1650 4676/3500/1720
f 4647/3472/1650 4678/3651/1651 4676/3500/1720
f 4678/3651/1651 4677/3499/1652 4676/3500/1720
f 4676/3500/1720 4675/1569/1672 4674/3501/1655
f 4674/3501/1655 4673/2497/1656 4672/2227/1409
f 4672/2227/1409 4671/1574/1657 4670/3652/1659
f 4670/3652/1659 4669/3480/1719 4668/3481/1661
f 4668/3481/1661 4667/3557/1674 4666/3558/1663
f 4666/3558/1663 4665/3483/1664 4664/3092/1410
f 4664/3092/1410 4663/3506/1637 4660/2229/1639
f 4663/3506/1637 4662/3653/1636 4660/2229/1639
f 4662/3653/1636 4661/3487/1718 4660/2229/1639
f 4660/2229/1639 4659/1571/1640 4656/3654/1407
f 4659/1571/1640 4658/3549/1641 4656/3654/1407
f 4658/3549/1641 4657/3510/1642 4656/3654/1407
f 4656/3654/1407 4655/1573/1643 4652/2230/1646
f 4655/1573/1643 4654/3494/1644 4652/2230/1646
f 4654/3494/1644 4653/3496/1717 4652/2230/1646
f 4652/2230/1646 4651/3495/1716 4650/3497/1648
f 4650/3497/1648 4649/3655/1649 4648/3091/1408
f 4676/3500/1720 4674/3501/1655 4648/3091/1408
f 4674/3501/1655 4672/2227/1409 4648/3091/1408
f 4672/2227/1409 4670/3652/1659 4668/3481/1661
f 4668/3481/1661 4666/3558/1663 4672/2227/1409
f 4666/3558/1663 4664/3092/1410 4672/2227/1409
f 4652/2230/1646 4650/3497/1648 4648/3091/1408
f 4664/3092/1410 4660/2229/1639 4656/3654/1407
f 4656/3654/1407 4652/2230/1646 4664/3092/1410
f 4652/2230/1646 4648/3091/1408 4664/3092/1410
f 4680/3095/1408 4679/3656/1650 4708/3624/1653
f 4679/3656/1650 4710/3657/1651 4708/3624/1653
f 4710/3657/1651 4709/3626/1725 4708/3624/1653
f 4708/3624/1653 4707/3627/1672 4704/2498/1409
f 4707/3627/1672 4706/3658/1655 4704/2498/1409
f 4706/3658/1655 4705/3659/1656 4704/2498/1409
f 4704/2498/1409 4703/3630/1657 4700/3660/1661
f 4703/3630/1657 4702/3632/1659 4700/3660/1661
f 4702/3632/1659 4701/3633/1660 4700/3660/1661
f 4700/3660/1661 4699/3634/1674 4698/3661/1663
f 4698/3661/1663 4697/3636/1724 4696/3093/1410
f 4696/3093/1410 4695/3662/1637 4692/3663/1639
f 4695/3662/1637 4694/3664/1636 4692/3663/1639
f 4694/3664/1636 4693/3665/1718 4692/3663/1639
f 4692/3663/1639 4691/3641/1640 4688/3094/1407
f 4691/3641/1640 4690/3642/1641 4688/3094/1407
f 4690/3642/1641 4689/3643/1642 4688/3094/1407
f 4688/3094/1407 4687/3616/1643 4684/3617/1646
f 4687/3616/1643 4686/3666/1644 4684/3617/1646
f 4686/3666/1644 4685/3667/1645 4684/3617/1646
f 4684/3617/1646 4683/3620/1647 4680/3095/1408
f 4683/3620/1647 4682/3621/1723 4680/3095/1408
f 4682/3621/1723 4681/3668/1722 4680/3095/1408
f 4700/3660/1661 4698/3661/1663 4704/2498/1409
f 4698/3661/1663 4696/3093/1410 4704/2498/1409
f 4680/3095/1408 4708/3624/1653 4704/2498/1409
f 4696/3093/1410 4692/3663/1639 4688/3094/1407
f 4688/3094/1407 4684/3617/1646 4680/3095/1408
f 4680/3095/1408 4704/2498/1409 4696/3093/1410
f 4720/2581/1489 4715/2586/1494 4712/2587/1495
f 4719/2583/1675 4714/2588/1676 4715/2586/1494
f 4718/2585/1492 4713/2589/1497 4714/2313/1676
f 4718/2585/1492 4716/2318/1493 4711/2590/1498
f 4725/2577/1484 4720/2581/1489 4717/2582/1490
f 4725/2577/1484 4724/2579/1486 4719/2583/1675
f 4723/2580/1487 4718/2585/1492 4719/2584/1675
f 4723/2580/1487 4721/1933/1488 4716/2318/1493
f 4730/2572/1479 4725/2577/1484 4722/2578/1485
f 4730/2572/1479 4729/2574/1677 4724/2579/1486
f 4728/2575/1482 4723/2580/1487 4724/1761/1486
f 4726/1927/1483 4721/1933/1488 4723/2580/1487
f 4732/2566/1475 4735/2565/1474 4730/2572/1479
f 4734/2568/1476 4729/2574/1677 4730/2572/1479
f 4734/2569/1476 4733/2570/1477 4728/2575/1482
f 4733/2570/1477 4731/2571/1478 4726/1927/1483
f 4737/2564/1470 4740/3096/1469 4735/2565/1474
f 4739/2567/1678 4734/2568/1476 4735/2565/1474
f 4738/1913/1472 4733/2570/1477 4734/2569/1476
f 4736/1915/1622 4731/2571/1478 4733/2570/1477
f 4742/2557/1465 4745/2556/1464 4740/2561/1469
f 4744/2558/1589 4739/2563/1678 4740/2561/1469
f 4744/3097/1589 4743/2559/1467 4738/1913/1472
f 4741/1909/1621 4736/1915/1622 4738/1913/1472
f 4747/2552/1457 4750/2551/1456 4745/2556/1464
f 4750/2551/1456 4749/2553/1459 4744/2558/1589
f 4748/2554/1461 4743/2559/1467 4744/3097/1589
f 4746/1730/1463 4741/1909/1621 4743/2559/1467
f 4178/2547/1455 4181/2546/1458 4750/2551/1456
f 4181/2546/1458 4180/2548/1460 4749/2553/1459
f 4180/2549/1460 4179/1894/1462 4748/2554/1461
f 4179/1894/1462 4177/2550/1454 4746/1730/1463
f 4752/2542/1446 4755/2541/1445 4181/2546/1450
f 4754/2543/1447 4180/2548/1452 4181/2546/1450
f 4753/2544/1448 4179/1894/1453 4180/2549/1452
f 4751/1890/1449 4177/2550/1454 4179/1894/1453
f 4757/2536/1440 4760/2537/1441 4755/2541/1445
f 4760/2537/1441 4759/2538/1442 4754/2543/1447
f 4759/1883/1442 4758/1882/1443 4753/2544/1448
f 4758/1882/1443 4756/2540/1706 4751/1890/1449
f 4765/2530/1435 4760/2537/1441 4757/2536/1440
f 4764/2532/1437 4759/2538/1442 4760/2537/1441
f 4763/2533/1438 4758/1882/1443 4759/1883/1442
f 4761/2535/1679 4756/2540/1706 4758/1882/1443
f 4767/2524/1431 4770/2523/1430 4765/2530/1435
f 4769/2526/1432 4764/2532/1437 4765/2530/1435
f 4768/2528/1433 4763/2533/1438 4764/2534/1437
f 4768/2528/1433 4766/2529/1729 4761/2535/1679
f 4772/2522/1426 4775/2525/1425 4770/2523/1430
f 4775/2525/1425 4774/3644/1427 4769/2526/1432
f 4773/2519/1428 4768/2528/1433 4769/2527/1432
f 4771/2521/1429 4766/2529/1729 4768/2528/1433
f 4780/3098/1421 4775/3101/1425 4772/3099/1426
f 4779/2513/1422 4774/3669/1427 4775/3101/1425
f 4778/2514/1423 4773/2519/1428 4774/2520/1427
f 4776/1860/1680 4771/2521/1429 4773/2519/1428
f 4785/3102/1412 4780/3098/1421 4777/3100/1420
f 4784/3103/1415 4779/2513/1422 4780/3098/1421
f 4783/2507/1417 4778/2514/1423 4779/2515/1422
f 4781/2510/1419 4776/1860/1680 4778/2514/1423
f 4790/2504/1414 4785/3102/1412 4782/2503/1413
f 4790/2504/1414 4789/3670/1416 4784/3103/1415
f 4789/2506/1416 4788/2509/1418 4783/2507/1417
f 4786/1847/1577 4781/2510/1419 4783/2507/1417
f 4795/3105/1572 4790/2504/1414 4787/3104/1411
f 4794/2674/1574 4789/3670/1416 4790/2504/1414
f 4794/2675/1574 4793/1839/1575 4788/2509/1418
f 4791/2676/1681 4786/1847/1577 4788/2509/1418
f 4797/2667/1568 4800/3106/1567 4795/3105/1572
f 4800/3106/1567 4799/3671/1569 4794/2674/1574
f 4799/2670/1569 4798/2669/1570 4793/1839/1575
f 4798/2669/1570 4796/2671/1571 4791/2676/1681
f 4805/2661/1563 4800/3106/1567 4797/2667/1568
f 4804/3108/1682 4799/3671/1569 4800/3106/1567
f 4803/2663/1565 4798/2669/1570 4799/2670/1569
f 4801/2665/1683 4796/2671/1571 4798/2669/1570
f 4810/3109/1558 4805/2661/1563 4802/3107/1562
f 4809/3111/1633 4804/3108/1682 4805/2661/1563
f 4809/2657/1633 4808/2658/1560 4803/2663/1565
f 4806/2836/1561 4801/2665/1683 4803/2663/1565
f 4815/3112/1552 4810/3109/1558 4807/3110/1557
f 4814/2655/1554 4809/3111/1633 4810/3109/1558
f 4813/2650/1555 4808/2658/1560 4809/2657/1633
f 4811/2651/1556 4806/2836/1561 4808/2658/1560
f 4820/2641/1548 4815/2646/1552 4812/2647/1553
f 4819/2642/1610 4814/2648/1554 4815/2646/1552
f 4819/2643/1610 4818/2644/1550 4813/2650/1555
f 4816/2645/1684 4811/2651/1556 4813/2650/1555
f 4825/2635/1541 4820/2641/1548 4817/2640/1547
f 4824/2636/1542 4819/2642/1610 4820/2641/1548
f 4823/2637/1544 4818/2644/1550 4819/2643/1610
f 4821/2639/1546 4816/2645/1684 4818/2644/1550
f 4261/2629/1540 4825/2635/1541 4822/2634/1539
f 4261/2629/1540 4260/2630/1543 4824/2636/1542
f 4260/2631/1543 4259/2632/1545 4823/2637/1544
f 4259/2632/1545 4257/2633/1538 4821/2639/1546
f 4830/2624/1530 4261/2629/1535 4258/2628/1534
f 4829/2625/1531 4260/2630/1536 4261/2629/1535
f 4828/2626/1532 4259/2632/1537 4260/2631/1536
f 4828/2626/1532 4826/2627/1533 4257/2633/1538
f 4835/2618/1524 4830/2624/1530 4827/2623/1529
f 4835/2618/1524 4834/2620/1526 4829/2625/1531
f 4834/2621/1526 4833/1789/1527 4828/2626/1532
f 4831/2622/1528 4826/2627/1533 4828/2626/1532
f 4840/2613/1520 4835/2618/1524 4832/2619/1525
f 4839/2615/1521 4834/2620/1526 4835/2618/1524
f 4838/2616/1522 4833/1789/1527 4834/2621/1526
f 4836/2617/1604 4831/2622/1528 4833/1789/1527
f 4845/2612/1515 4840/2613/1520 4837/2611/1519
f 4844/2614/1601 4839/2615/1521 4840/2613/1520
f 4844/1597/1601 4843/2609/1517 4838/2616/1522
f 4843/2609/1517 4841/2610/1721 4836/2617/1604
f 4847/2603/1510 4850/2602/1509 4845/2607/1515
f 4849/2604/1511 4844/2608/1601 4845/2607/1515
f 4849/1591/1511 4848/2605/1512 4843/2609/1517
f 4846/1593/1685 4841/2610/1721 4843/2609/1517
f 4852/2597/1505 4855/2596/1504 4850/2602/1509
f 4854/2598/1506 4849/2604/1511 4850/2602/1509
f 4853/2600/1507 4848/2605/1512 4849/1591/1511
f 4853/2600/1507 4851/2601/1508 4846/1593/1685
f 4857/2592/1500 4860/2591/1499 4855/2596/1504
f 4859/2593/1686 4854/2598/1506 4855/2596/1504
f 4858/2310/1502 4853/2600/1507 4854/2599/1506
f 4856/2595/1597 4851/2601/1508 4853/2600/1507
f 4715/2586/1494 4860/2591/1499 4857/2592/1500
f 4715/2586/1494 4714/2588/1676 4859/2593/1686
f 4713/2589/1497 4858/2310/1502 4859/2594/1686
f 4711/2590/1498 4856/2595/1597 4858/2310/1502
f 4870/3114/1489 4865/3118/1494 4862/3115/1495
f 4870/3114/1489 4869/3672/1675 4864/3117/1676
f 4869/2244/1675 4868/3121/1492 4863/3119/1497
f 4866/1742/1596 4861/3422/1498 4863/3119/1497
f 4875/3122/1484 4870/3114/1489 4867/3116/1490
f 4874/3124/1486 4869/3672/1675 4870/3114/1489
f 4873/3125/1487 4868/3121/1492 4869/2244/1675
f 4871/3126/1488 4866/1742/1596 4868/3121/1492
f 4880/3127/1479 4875/3122/1484 4872/3123/1485
f 4880/3127/1479 4879/3132/1677 4874/3124/1486
f 4878/2724/1482 4873/3125/1487 4874/1735/1486
f 4878/2724/1482 4876/3134/1689 4871/3126/1488
f 4885/3130/1474 4880/3127/1479 4877/3128/1480
f 4885/3130/1474 4884/3673/1688 4879/3132/1677
f 4883/3133/1687 4878/2724/1482 4879/3129/1677
f 4883/3133/1687 4881/3674/1623 4876/3134/1689
f 4890/2326/1469 4885/3130/1474 4882/3131/1475
f 4889/3135/1471 4884/3673/1688 4885/3130/1474
f 4888/3136/1472 4883/3133/1687 4884/2549/1688
f 4886/3138/1690 4881/3674/1623 4883/3133/1687
f 4892/3139/1465 4895/3142/1464 4890/3140/1469
f 4895/3142/1464 4894/3148/1589 4889/3143/1471
f 4894/3144/1589 4893/3145/1467 4888/3136/1472
f 4893/3145/1467 4891/3151/1621 4886/3138/1690
f 4897/3146/1457 4900/3147/1456 4895/3142/1464
f 4900/3147/1456 4899/3675/1459 4894/3148/1589
f 4898/3149/1461 4893/3145/1467 4894/3144/1589
f 4898/3149/1461 4896/3676/1463 4891/3151/1621
f 4905/3152/1586 4900/3147/1456 4897/3146/1457
f 4904/3154/1587 4899/3675/1459 4900/3147/1456
f 4903/3155/1588 4898/3149/1461 4899/3150/1459
f 4901/1698/1454 4896/3676/1463 4898/3149/1461
f 4910/3157/1445 4905/3152/1586 4902/3153/1585
f 4910/3157/1445 4909/3162/1447 4904/3154/1587
f 4908/3159/1448 4903/3155/1588 4904/3156/1587
f 4908/3159/1448 4906/3165/1449 4901/1698/1454
f 4915/3160/1441 4910/3157/1445 4907/3158/1446
f 4915/3160/1441 4914/3677/1692 4909/3162/1447
f 4913/3163/1443 4908/3159/1448 4909/1690/1447
f 4913/3163/1443 4911/3170/1444 4906/3165/1449
f 4917/3166/1436 4920/3168/1435 4915/3160/1441
f 4919/3167/1437 4914/3677/1692 4915/3160/1441
f 4918/2861/1438 4913/3163/1443 4914/3164/1692
f 4918/2861/1438 4916/3173/1694 4911/3170/1444
f 4922/3171/1431 4925/3172/1430 4920/3168/1435
f 4925/3172/1430 4924/3678/1693 4919/3167/1437
f 4923/1846/1433 4918/2861/1438 4919/3169/1437
f 4923/1846/1433 4921/3181/1695 4916/3173/1694
f 4930/3174/1425 4925/3178/1430 4922/3175/1431
f 4930/3174/1425 4929/3679/1427 4924/3177/1693
f 4928/3179/1428 4923/1846/1433 4924/1845/1693
f 4928/3179/1428 4926/3680/1615 4921/3181/1695
f 4935/3182/1421 4930/3174/1425 4927/3176/1426
f 4934/3184/1422 4929/3679/1427 4930/3174/1425
f 4933/3185/1423 4928/3179/1428 4929/3180/1427
f 4931/1661/1424 4926/3680/1615 4928/3179/1428
f 4937/3186/1413 4940/3187/1412 4935/3182/1421
f 4940/3187/1412 4939/3681/1415 4934/3184/1422
f 4939/1654/1415 4938/3189/1417 4933/3185/1423
f 4936/3188/1579 4931/1661/1424 4933/3185/1423
f 4945/3190/1414 4940/3187/1412 4937/3186/1413
f 4944/3192/1696 4939/3681/1415 4940/3187/1412
f 4943/3193/1418 4938/3189/1417 4939/1654/1415
f 4943/3193/1418 4941/2836/1577 4936/3188/1579
f 4947/3195/1573 4950/3196/1572 4945/3190/1414
f 4950/3196/1572 4949/3682/1574 4944/3192/1696
f 4949/3197/1574 4948/3198/1575 4943/3193/1418
f 4948/3198/1575 4946/3204/1697 4941/2836/1577
f 4955/3199/1567 4950/3196/1572 4947/3195/1573
f 4954/3201/1569 4949/3682/1574 4950/3196/1572
f 4953/3202/1570 4948/3198/1575 4949/3197/1574
f 4953/3202/1570 4951/3209/1571 4946/3204/1697
f 4957/3205/1562 4960/3206/1563 4955/3199/1567
f 4960/3206/1563 4959/3683/1682 4954/3201/1569
f 4959/3207/1682 4958/3208/1565 4953/3202/1570
f 4958/3208/1565 4956/3213/1699 4951/3209/1571
f 4962/3210/1557 4965/3212/1558 4960/3206/1563
f 4964/3211/1559 4959/3683/1682 4960/3206/1563
f 4964/2282/1559 4963/2811/1698 4958/3208/1565
f 4963/2811/1698 4961/3217/1700 4956/3213/1699
f 4967/2837/1553 4970/2838/1552 4965/2841/1558
f 4969/3214/1554 4964/3684/1559 4965/2841/1558
f 4969/3215/1554 4968/3216/1555 4963/2811/1698
f 4968/3216/1555 4966/3220/1632 4961/3217/1700
f 4975/2832/1548 4970/2838/1552 4967/2837/1553
f 4974/3218/1610 4969/3214/1554 4970/2838/1552
f 4974/3219/1610 4973/1609/1550 4968/3216/1555
f 4973/1609/1550 4971/3685/1551 4966/3220/1632
f 4980/2826/1541 4975/2832/1548 4972/2831/1547
f 4979/3222/1542 4974/3218/1610 4975/2832/1548
f 4979/3223/1542 4978/1604/1544 4973/1609/1550
f 4976/3224/1701 4971/3685/1551 4973/1609/1550
f 4982/3225/1607 4985/3227/1606 4980/2826/1541
f 4984/3226/1608 4979/3222/1542 4980/2826/1541
f 4984/3228/1608 4983/2785/1609 4978/1604/1544
f 4981/3229/1538 4976/3224/1701 4978/1604/1544
f 4990/3230/1530 4985/3227/1606 4982/3225/1607
f 4989/3231/1531 4984/3226/1608 4985/3227/1606
f 4989/3232/1531 4988/3234/1532 4983/2785/1609
f 4986/3233/1533 4981/3229/1538 4983/2785/1609
f 4995/3235/1524 4990/3230/1530 4987/2814/1529
f 4995/3235/1524 4994/3241/1605 4989/3231/1531
f 4993/3237/1527 4988/3234/1532 4989/3232/1531
f 4991/2775/1528 4986/3233/1533 4988/3234/1532
f 5000/3239/1520 4995/3235/1524 4992/3236/1525
f 5000/3239/1520 4999/3686/1521 4994/3241/1605
f 4998/3242/1522 4993/3237/1527 4994/3238/1605
f 4996/3243/1702 4991/2775/1528 4993/3237/1527
f 5005/3244/1515 5000/3239/1520 4997/3240/1519
f 5004/3246/1516 4999/3686/1521 5000/3239/1520
f 5003/3247/1517 4998/3242/1522 4999/1583/1521
f 5003/3247/1517 5001/3687/1730 4996/3243/1702
f 5010/3248/1509 5005/3252/1515 5002/3249/1514
f 5009/3251/1511 5004/3688/1516 5005/3252/1515
f 5008/3253/1512 5003/3247/1517 5004/2766/1516
f 5006/3254/1626 5001/3687/1730 5003/3247/1517
f 5015/2305/1504 5010/3248/1509 5007/3250/1510
f 5014/3256/1598 5009/3251/1511 5010/3248/1509
f 5013/2755/1507 5008/3253/1512 5009/2761/1511
f 5011/3258/1508 5006/3254/1626 5008/3253/1512
f 5017/3259/1500 5020/3260/1499 5015/2305/1504
f 5020/3260/1499 5019/3689/1501 5014/3256/1598
f 5019/2748/1501 5018/3262/1502 5013/2755/1507
f 5016/3261/1703 5011/3258/1508 5013/2755/1507
f 4862/3115/1495 4865/3118/1494 5020/3260/1499
f 4864/3117/1676 5019/3689/1501 5020/3260/1499
f 4863/3119/1497 5018/3262/1502 5019/2748/1501
f 4863/3119/1497 4861/3422/1498 5016/3261/1703
f 5030/3263/1489 5025/3267/1494 5022/3264/1495
f 5029/3266/1491 5024/3310/1496 5025/3267/1494
f 5028/3268/1492 5023/3272/1497 5024/3269/1496
f 5026/3271/1704 5021/3455/1498 5023/3272/1497
f 5035/3273/1484 5030/3263/1489 5027/3265/1490
f 5035/3273/1484 5034/3690/1595 5029/3266/1491
f 5034/3275/1595 5033/3276/1487 5028/3268/1492
f 5033/3276/1487 5031/3282/1488 5026/3271/1704
f 5037/3277/1480 5040/3279/1479 5035/3273/1484
f 5039/3278/1481 5034/3690/1595 5035/3273/1484
f 5039/3280/1481 5038/3281/1593 5033/3276/1487
f 5038/3281/1593 5036/3288/1594 5031/3282/1488
f 5045/3283/1474 5040/3279/1479 5037/3277/1480
f 5044/3285/1476 5039/3278/1481 5040/3279/1479
f 5044/3286/1476 5043/3287/1705 5038/3281/1593
f 5043/3287/1705 5041/3691/1592 5036/3288/1594
f 5050/3289/1469 5045/3283/1474 5042/3284/1475
f 5049/3291/1471 5044/3285/1476 5045/3283/1474
f 5048/3292/1472 5043/3287/1705 5044/3286/1476
f 5046/3294/1622 5041/3691/1592 5043/3287/1705
f 5052/3295/1465 5055/3299/1464 5050/3296/1469
f 5054/3298/1589 5049/3343/1471 5050/3296/1469
f 5053/3300/1467 5048/3292/1472 5049/3293/1471
f 5051/3302/1621 5046/3294/1622 5048/3292/1472
f 5060/3303/1456 5055/3299/1464 5052/3295/1465
f 5059/3305/1459 5054/3298/1589 5055/3299/1464
f 5058/3306/1461 5053/3300/1467 5054/3301/1589
f 5056/3308/1463 5051/3302/1621 5053/3300/1467
f 5062/3309/1585 5065/3311/1586 5060/3303/1456
f 5064/3310/1587 5059/3305/1459 5060/3303/1456
f 5063/3312/1588 5058/3306/1461 5059/3307/1459
f 5063/3312/1588 5061/3318/1454 5056/3308/1463
f 5070/3314/1445 5065/3311/1586 5062/3309/1585
f 5070/3314/1445 5069/3266/1447 5064/3310/1587
f 5068/3316/1448 5063/3312/1588 5064/3313/1587
f 5068/3316/1448 5066/3323/1449 5061/3318/1454
f 5075/3319/1441 5070/3314/1445 5067/3315/1446
f 5075/3319/1441 5074/3390/1442 5069/3266/1447
f 5074/3321/1442 5073/3322/1443 5068/3316/1448
f 5073/3322/1443 5071/3328/1706 5066/3323/1449
f 5080/3324/1435 5075/3319/1441 5072/3320/1440
f 5079/3278/1437 5074/3390/1442 5075/3319/1441
f 5079/3326/1437 5078/3327/1438 5073/3322/1443
f 5078/3327/1438 5076/3333/1694 5071/3328/1706
f 5082/3329/1431 5085/3330/1430 5080/3324/1435
f 5085/3330/1430 5084/3692/1432 5079/3278/1437
f 5084/3331/1432 5083/3332/1583 5078/3327/1438
f 5083/3332/1583 5081/3693/1584 5076/3333/1694
f 5090/3334/1425 5085/3330/1430 5082/3329/1431
f 5089/3336/1427 5084/3692/1432 5085/3330/1430
f 5088/3337/1428 5083/3332/1583 5084/3331/1432
f 5086/3339/1707 5081/3693/1584 5083/3332/1583
f 5095/3340/1421 5090/3344/1425 5087/3341/1426
f 5095/3340/1421 5094/3694/1580 5089/3343/1427
f 5093/3345/1423 5088/3337/1428 5089/3338/1427
f 5093/3345/1423 5091/3695/1424 5086/3339/1707
f 5100/3347/1412 5095/3340/1421 5092/3342/1420
f 5099/3349/1415 5094/3694/1580 5095/3340/1421
f 5098/3350/1417 5093/3345/1423 5094/3346/1580
f 5096/3352/1709 5091/3695/1424 5093/3345/1423
f 5105/3267/1414 5100/3347/1412 5097/3348/1708
f 5105/3267/1414 5104/3696/1416 5099/3349/1415
f 5104/3354/1416 5103/3355/1418 5098/3350/1417
f 5103/3355/1418 5101/3697/1577 5096/3352/1709
f 5110/3263/1572 5105/3267/1414 5102/3353/1411
f 5109/3266/1574 5104/3696/1416 5105/3267/1414
f 5108/3357/1575 5103/3355/1418 5104/3354/1416
f 5106/3359/1576 5101/3697/1577 5103/3355/1418
f 5112/3320/1568 5115/3273/1567 5110/3263/1572
f 5115/3273/1567 5114/3690/1614 5109/3266/1574
f 5114/3360/1614 5113/3361/1570 5108/3357/1575
f 5113/3361/1570 5111/3365/1571 5106/3359/1576
f 5117/3362/1562 5120/3279/1563 5115/3273/1567
f 5119/3278/1564 5114/3690/1614 5115/3273/1567
f 5119/3363/1564 5118/3364/1710 5113/3361/1570
f 5118/3364/1710 5116/3698/1683 5111/3365/1571
f 5125/3366/1558 5120/3279/1563 5117/3362/1562
f 5125/3366/1558 5124/3285/1633 5119/3278/1564
f 5124/3368/1633 5123/3370/1712 5118/3364/1710
f 5121/3369/1711 5116/3698/1683 5118/3364/1710
f 5130/3289/1552 5125/3366/1558 5122/3367/1557
f 5129/3291/1554 5124/3285/1633 5125/3366/1558
f 5129/3372/1554 5128/3374/1555 5123/3370/1712
f 5126/3373/1713 5121/3369/1711 5123/3370/1712
f 5132/3342/1547 5135/3299/1548 5130/3296/1552
f 5134/3298/1610 5129/3343/1554 5130/3296/1552
f 5134/3375/1610 5133/3377/1550 5128/3374/1555
f 5131/3376/1684 5126/3373/1713 5128/3374/1555
f 5137/3304/1539 5140/3378/1541 5135/3299/1548
f 5139/3349/1542 5134/3298/1610 5135/3299/1548
f 5139/3379/1542 5138/3380/1544 5133/3377/1550
f 5138/3380/1544 5136/3383/1546 5131/3376/1684
f 5142/3309/1607 5145/3311/1606 5140/3378/1541
f 5144/3310/1608 5139/3349/1542 5140/3378/1541
f 5144/3381/1608 5143/3382/1609 5138/3380/1544
f 5143/3382/1609 5141/3453/1538 5136/3383/1546
f 5150/3384/1530 5145/3311/1606 5142/3309/1607
f 5150/3384/1530 5149/3699/1531 5144/3310/1608
f 5148/3386/1532 5143/3382/1609 5144/3381/1608
f 5146/3388/1533 5141/3453/1538 5143/3382/1609
f 5155/3319/1524 5150/3384/1530 5147/3385/1529
f 5154/3390/1605 5149/3699/1531 5150/3384/1530
f 5153/3391/1527 5148/3386/1532 5149/3387/1531
f 5151/3393/1528 5146/3388/1533 5148/3386/1532
f 5160/3394/1520 5155/3319/1524 5152/3389/1525
f 5159/3278/1521 5154/3390/1605 5155/3319/1524
f 5158/3396/1522 5153/3391/1527 5154/3392/1605
f 5158/3396/1522 5156/3402/1604 5151/3393/1528
f 5162/3398/1514 5165/3399/1515 5160/3394/1520
f 5165/3399/1515 5164/3404/1601 5159/3278/1521
f 5164/3400/1601 5163/3401/1714 5158/3396/1522
f 5163/3401/1714 5161/3454/1721 5156/3402/1604
f 5170/3334/1509 5165/3399/1515 5162/3398/1514
f 5170/3334/1509 5169/3700/1599 5164/3404/1601
f 5169/3405/1599 5168/3407/1512 5163/3401/1714
f 5166/3406/1685 5161/3454/1721 5163/3401/1714
f 5175/3340/1504 5170/3344/1509 5167/3408/1510
f 5175/3340/1504 5174/3694/1598 5169/3343/1599
f 5173/3410/1507 5168/3407/1512 5169/3405/1599
f 5171/3412/1508 5166/3406/1685 5168/3407/1512
f 5180/3347/1499 5175/3340/1504 5172/3409/1715
f 5179/3349/1501 5174/3694/1598 5175/3340/1504
f 5178/3414/1502 5173/3410/1507 5174/3411/1598
f 5176/3416/1503 5171/3412/1508 5173/3410/1507
f 5022/3264/1495 5025/3267/1494 5180/3347/1499
f 5025/3267/1494 5024/3310/1496 5179/3349/1501
f 5024/3269/1496 5023/3272/1497 5178/3414/1502
f 5023/3272/1497 5021/3455/1498 5176/3416/1503
f 4711/2590/1498 4716/2318/1493 4721/1933/1488
f 4721/1933/1488 4726/1927/1483 4731/2571/1478
f 4731/2571/1478 4736/1915/1622 4177/2550/1454
f 4736/1915/1622 4741/1909/1621 4177/2550/1454
f 4741/1909/1621 4746/1730/1463 4177/2550/1454
f 4177/2550/1454 4751/1890/1449 4756/2540/1706
f 4756/2540/1706 4761/2535/1679 4766/2529/1729
f 4766/2529/1729 4771/2521/1429 4776/1860/1680
f 4776/1860/1680 4781/2510/1419 4786/1847/1577
f 4786/1847/1577 4791/2676/1681 4796/2671/1571
f 4796/2671/1571 4801/2665/1683 4786/1847/1577
f 4801/2665/1683 4806/2836/1561 4786/1847/1577
f 4806/2836/1561 4811/2651/1556 4816/2645/1684
f 4816/2645/1684 4821/2639/1546 4257/2633/1538
f 4257/2633/1538 4826/2627/1533 4831/2622/1528
f 4831/2622/1528 4836/2617/1604 4257/2633/1538
f 4836/2617/1604 4841/2610/1721 4257/2633/1538
f 4841/2610/1721 4846/1593/1685 4711/2590/1498
f 4846/1593/1685 4851/2601/1508 4711/2590/1498
f 4851/2601/1508 4856/2595/1597 4711/2590/1498
f 4711/2590/1498 4721/1933/1488 4177/2550/1454
f 4721/1933/1488 4731/2571/1478 4177/2550/1454
f 4177/2550/1454 4756/2540/1706 4786/1847/1577
f 4756/2540/1706 4766/2529/1729 4786/1847/1577
f 4766/2529/1729 4776/1860/1680 4786/1847/1577
f 4806/2836/1561 4816/2645/1684 4786/1847/1577
f 4816/2645/1684 4257/2633/1538 4786/1847/1577
f 4257/2633/1538 4841/2610/1721 4711/2590/1498
f 4711/2590/1498 4177/2550/1454 4786/1847/1577
f 4618/3012/1408 4717/2582/1490 4712/2587/1495
f 4617/3013/1650 4712/2587/1495 4857/2592/1500
f 4619/3011/1649 4722/2578/1485 4717/2582/1490
f 4620/3010/1648 4727/2573/1480 4722/2578/1485
f 4621/3009/1647 4732/2566/1475 4727/2573/1480
f 4622/3006/1646 4737/2562/1470 4732/3007/1475
f 4623/3005/1645 4742/2557/1465 4737/2562/1470
f 4624/3004/1644 4747/2552/1457 4742/2557/1465
f 4049/3003/1643 4178/2547/1455 4747/2552/1457
f 4625/3002/1407 4752/2542/1446 4178/2547/1451
f 4626/3001/1642 4757/2536/1440 4752/2542/1446
f 4627/3000/1641 4762/2531/1436 4757/2536/1440
f 4628/2998/1640 4767/2524/1431 4762/2531/1436
f 4629/2999/1639 4772/2522/1426 4767/2524/1431
f 4630/2996/1638 4777/3100/1420 4772/3099/1426
f 4631/2993/1636 4782/2503/1413 4777/3100/1420
f 4632/3418/1637 4787/3104/1411 4782/2503/1413
f 4633/3419/1410 4792/2673/1573 4787/3104/1411
f 4634/3030/1664 4797/2667/1568 4792/2673/1573
f 4635/3420/1663 4802/3107/1562 4797/2667/1568
f 4635/3420/1663 4636/3701/1662 4807/3110/1557
f 4637/3026/1661 4812/2647/1553 4807/3421/1557
f 4637/3026/1661 4638/3025/1660 4817/2640/1547
f 4638/3025/1660 4639/3024/1659 4822/2634/1539
f 4639/3024/1659 4065/3023/1657 4258/2628/1658
f 4065/3023/1657 4640/3022/1409 4827/2623/1529
f 4640/3022/1409 4641/3021/1656 4832/2619/1525
f 4641/3021/1656 4642/3019/1655 4837/2611/1519
f 4643/3020/1654 4842/3018/1514 4837/2611/1519
f 4644/3016/1653 4847/2603/1510 4842/2606/1514
f 4645/3015/1652 4852/2597/1505 4847/2603/1510
f 4646/3014/1651 4857/2592/1500 4852/2597/1505
f 4861/3422/1498 4866/1742/1596 4871/3126/1488
f 4871/3126/1488 4876/3134/1689 4881/3674/1623
f 4881/3674/1623 4886/3138/1690 4891/3151/1621
f 4891/3151/1621 4896/3676/1463 4901/1698/1454
f 4901/1698/1454 4906/3165/1449 4911/3170/1444
f 4911/3170/1444 4916/3173/1694 4901/1698/1454
f 4916/3173/1694 4921/3181/1695 4901/1698/1454
f 4921/3181/1695 4926/3680/1615 4931/1661/1424
f 4931/1661/1424 4936/3188/1579 4941/2836/1577
f 4941/2836/1577 4946/3204/1697 4951/3209/1571
f 4951/3209/1571 4956/3213/1699 4961/3217/1700
f 4961/3217/1700 4966/3220/1632 4981/3229/1538
f 4966/3220/1632 4971/3685/1551 4981/3229/1538
f 4971/3685/1551 4976/3224/1701 4981/3229/1538
f 4981/3229/1538 4986/3233/1533 4991/2775/1528
f 4991/2775/1528 4996/3243/1702 5001/3687/1730
f 5001/3687/1730 5006/3254/1626 4861/3422/1498
f 5006/3254/1626 5011/3258/1508 4861/3422/1498
f 5011/3258/1508 5016/3261/1703 4861/3422/1498
f 4861/3422/1498 4871/3126/1488 4881/3674/1623
f 4881/3674/1623 4891/3151/1621 4901/1698/1454
f 4921/3181/1695 4931/1661/1424 4901/1698/1454
f 4931/1661/1424 4941/2836/1577 4901/1698/1454
f 4941/2836/1577 4951/3209/1571 4961/3217/1700
f 4981/3229/1538 4991/2775/1528 4861/3422/1498
f 4991/2775/1528 5001/3687/1730 4861/3422/1498
f 4861/3422/1498 4881/3674/1623 4941/2836/1577
f 4881/3674/1623 4901/1698/1454 4941/2836/1577
f 4941/2836/1577 4961/3217/1700 4861/3422/1498
f 4648/3423/1408 4867/3116/1490 4862/3115/1495
f 4678/3425/1651 4647/3424/1650 4862/3115/1495
f 4649/3426/1649 4872/3123/1485 4867/3116/1490
f 4650/3427/1648 4877/3128/1480 4872/3123/1485
f 4650/3427/1648 4651/3702/1716 4882/3131/1475
f 4652/3428/1646 4887/3141/1470 4882/3429/1475
f 4653/3431/1717 4892/3139/1465 4887/3141/1470
f 4654/3432/1644 4897/3146/1457 4892/3139/1465
f 4655/3433/1643 4902/3153/1585 4897/3146/1457
f 4656/3434/1407 4907/3158/1446 4902/3153/1585
f 4657/3435/1642 4912/3161/1691 4907/3158/1446
f 4658/3436/1641 4917/3166/1436 4912/3161/1691
f 4659/3437/1640 4922/3171/1431 4917/3166/1436
f 4659/3437/1640 4660/3703/1639 4927/3438/1426
f 4661/3439/1718 4932/3183/1420 4927/3176/1426
f 4662/3441/1636 4937/3186/1413 4932/3183/1420
f 4663/3442/1637 4942/3191/1411 4937/3186/1413
f 4664/3443/1410 4947/3195/1573 4942/3191/1411
f 4665/3444/1664 4952/3200/1568 4947/3195/1573
f 4666/3445/1663 4957/3205/1562 4952/3200/1568
f 4667/3446/1674 4962/3210/1557 4957/3205/1562
f 4668/3064/1661 4967/2837/1553 4962/2842/1557
f 4669/3063/1719 4972/2831/1547 4967/2837/1553
f 4670/3447/1659 4977/3221/1539 4972/2831/1547
f 4671/3448/1657 4982/3225/1607 4977/3221/1539
f 4672/3060/1409 4987/2814/1529 4982/3225/1607
f 4673/3449/1656 4992/3236/1525 4987/2814/1529
f 4674/3058/1655 4997/3240/1519 4992/3236/1525
f 4675/3450/1672 5002/3245/1514 4997/3240/1519
f 4676/3057/1720 5007/3055/1510 5002/3245/1514
f 4677/3451/1652 5012/3255/1505 5007/3250/1510
f 4677/3451/1652 4678/3425/1651 5017/3259/1500
f 5021/3455/1498 5026/3271/1704 5031/3282/1488
f 5031/3282/1488 5036/3288/1594 5021/3455/1498
f 5036/3288/1594 5041/3691/1592 5021/3455/1498
f 5041/3691/1592 5046/3294/1622 5061/3318/1454
f 5046/3294/1622 5051/3302/1621 5061/3318/1454
f 5051/3302/1621 5056/3308/1463 5061/3318/1454
f 5061/3318/1454 5066/3323/1449 5071/3328/1706
f 5071/3328/1706 5076/3333/1694 5061/3318/1454
f 5076/3333/1694 5081/3693/1584 5061/3318/1454
f 5081/3693/1584 5086/3339/1707 5101/3697/1577
f 5086/3339/1707 5091/3695/1424 5101/3697/1577
f 5091/3695/1424 5096/3352/1709 5101/3697/1577
f 5101/3697/1577 5106/3359/1576 5111/3365/1571
f 5111/3365/1571 5116/3698/1683 5101/3697/1577
f 5116/3698/1683 5121/3369/1711 5101/3697/1577
f 5121/3369/1711 5126/3373/1713 5141/3453/1538
f 5126/3373/1713 5131/3376/1684 5141/3453/1538
f 5131/3376/1684 5136/3383/1546 5141/3453/1538
f 5141/3453/1538 5146/3388/1533 5151/3393/1528
f 5151/3393/1528 5156/3402/1604 5141/3453/1538
f 5156/3402/1604 5161/3454/1721 5141/3453/1538
f 5161/3454/1721 5166/3406/1685 5021/3455/1498
f 5166/3406/1685 5171/3412/1508 5021/3455/1498
f 5171/3412/1508 5176/3416/1503 5021/3455/1498
f 5021/3455/1498 5041/3691/1592 5061/3318/1454
f 5061/3318/1454 5081/3693/1584 5021/3455/1498
f 5081/3693/1584 5101/3697/1577 5021/3455/1498
f 5101/3697/1577 5121/3369/1711 5021/3455/1498
f 5121/3369/1711 5141/3453/1538 5021/3455/1498
f 4680/3456/1408 5027/3265/1490 5022/3264/1495
f 4679/3457/1650 5022/3264/1495 5177/3413/1500
f 4681/3459/1722 5032/3274/1485 5027/3265/1490
f 4682/3460/1723 5037/3277/1480 5032/3274/1485
f 4683/3461/1647 5042/3284/1475 5037/3277/1480
f 4684/3462/1646 5047/3290/1470 5042/3284/1475
f 4685/3463/1645 5052/3295/1465 5047/3297/1470
f 4686/3458/1644 5057/3304/1457 5052/3295/1465
f 4687/3465/1643 5062/3309/1585 5057/3304/1457
f 4688/3466/1407 5067/3315/1446 5062/3309/1585
f 4688/3466/1407 4689/3459/1642 5072/3320/1440
f 4690/3467/1641 5077/3325/1436 5072/3320/1440
f 4691/3468/1640 5082/3329/1431 5077/3325/1436
f 4692/3469/1639 5087/3335/1426 5082/3329/1431
f 4693/3463/1718 5092/3342/1420 5087/3341/1426
f 4694/3458/1636 5097/3348/1708 5092/3342/1420
f 4695/3457/1637 5102/3353/1411 5097/3348/1708
f 4696/3456/1410 5107/3356/1573 5102/3353/1411
f 4697/3459/1724 5112/3320/1568 5107/3356/1573
f 4698/3460/1663 5117/3362/1562 5112/3320/1568
f 4699/3461/1674 5122/3367/1557 5117/3362/1562
f 4700/3462/1661 5127/3371/1553 5122/3367/1557
f 4701/3463/1660 5132/3342/1547 5127/3341/1553
f 4702/3458/1659 5137/3304/1539 5132/3342/1547
f 4703/3465/1657 5142/3309/1607 5137/3304/1539
f 4704/3456/1409 5147/3385/1529 5142/3309/1607
f 4705/3459/1656 5152/3389/1525 5147/3385/1529
f 4706/3460/1655 5157/3395/1519 5152/3389/1525
f 4707/3461/1672 5162/3398/1514 5157/3395/1519
f 4708/3462/1653 5167/3403/1510 5162/3398/1514
f 4709/3463/1725 5172/3409/1715 5167/3408/1510
f 4710/3458/1651 5177/3413/1500 5172/3409/1715
s 0
f 5182/3704/1731 5186/3705/1731 5185/3706/1731
f 5181/3707/1732 5183/3708/1732 5182/3709/1732
f 5190/3710/1150 5193/3711/1150 5192/3712/1150
f 5188/3713/1733 5193/3714/1733 5189/3715/1733
f 5198/3716/1734 5187/3717/1734 5194/3718/1734
f 5196/3719/1151 5198/3720/1151 5195/3721/1151
f 5206/3722/1735 5199/3723/1735 5200/3724/1735
f 5202/3710/1150 5204/3725/1150 5191/3726/1150
f 5188/3727/1736 5187/3728/1736 5196/3729/1736
f 5204/3730/1737 5200/3715/1737 5201/3731/1737
f 5199/3718/1738 5208/3732/1738 5205/3717/1738
f 5206/3719/1151 5208/3720/1151 5207/3733/1151
f 5201/3734/1152 5193/3735/1152 5204/3736/1152
f 5204/3737/1150 5193/3738/1150 5191/3739/1150
f 5198/3740/1739 5205/3735/1739 5194/3736/1739
f 5208/3741/1151 5195/3742/1151 5198/3743/1151
f 5182/3704/1731 5183/3744/1731 5186/3705/1731
f 5181/3707/1732 5184/3745/1732 5183/3708/1732
f 5190/3710/1150 5191/3746/1150 5193/3711/1150
f 5188/3713/1733 5192/3747/1733 5193/3714/1733
f 5198/3716/1734 5197/3748/1734 5187/3717/1734
f 5196/3719/1151 5197/3733/1151 5198/3720/1151
f 5203/3749/1735 5202/3729/1735 5200/3724/1735
f 5202/3729/1735 5206/3722/1735 5200/3724/1735
f 5206/3722/1735 5207/3750/1735 5199/3723/1735
f 5202/3710/1150 5203/3712/1150 5204/3725/1150
f 5187/3728/1736 5197/3751/1736 5196/3729/1736
f 5196/3729/1736 5190/3722/1736 5188/3727/1736
f 5190/3722/1736 5192/3750/1736 5188/3727/1736
f 5204/3730/1737 5203/3714/1737 5200/3715/1737
f 5199/3718/1738 5207/3752/1738 5208/3732/1738
f 5206/3719/1151 5195/3721/1151 5208/3720/1151
f 5201/3734/1152 5189/3753/1152 5193/3735/1152
f 5198/3740/1739 5208/3753/1739 5205/3735/1739
o qwe
v 43.293991 15.199480 14.445046
v 43.293991 19.616064 14.445046
v 58.120316 15.199480 14.445046
v 58.120316 19.616064 14.445046
v 50.707153 15.199480 14.445046
v 50.707153 19.616064 14.445046
v 50.707153 19.616064 15.257882
v 50.707153 15.199480 15.257882
v 58.120316 19.616064 15.257882
v 58.120316 15.199480 15.257882
v 43.293991 15.199480 15.257882
v 43.293991 19.616064 15.257882
v 51.746761 15.648924 14.465696
v 51.232723 16.162962 14.465696
v 51.383282 15.799482 14.465696
v 51.232723 18.652582 14.465696
v 51.746761 19.166620 14.465696
v 51.383282 19.016062 14.465696
v 57.080704 19.166620 14.465696
v 57.594742 18.652582 14.465696
v 57.444183 19.016062 14.465696
v 57.594742 16.162962 14.465696
v 57.080704 15.648924 14.465696
v 57.444183 15.799482 14.465696
v 44.333603 15.648924 14.465696
v 43.819565 16.162962 14.465696
v 43.970123 15.799482 14.465696
v 43.819565 18.652582 14.465696
v 44.333603 19.166620 14.465696
v 43.970123 19.016062 14.465696
v 49.667545 19.166620 14.465696
v 50.181583 18.652582 14.465696
v 50.031025 19.016062 14.465696
v 50.181583 16.162962 14.465696
v 49.667545 15.648924 14.465696
v 50.031025 15.799482 14.465696
v 44.333603 19.166620 15.237232
v 43.819565 18.652582 15.237232
v 43.970123 19.016062 15.237232
v 43.819565 16.162962 15.237232
v 44.333603 15.648924 15.237232
v 43.970123 15.799482 15.237232
v 49.667545 15.648924 15.237232
v 50.181583 16.162962 15.237232
v 50.031025 15.799482 15.237232
v 51.746761 19.166620 15.237232
v 51.232723 18.652582 15.237232
v 51.383282 19.016062 15.237232
v 57.594742 18.652582 15.237232
v 57.080704 19.166620 15.237232
v 57.444183 19.016062 15.237232
v 57.080704 15.648924 15.237232
v 57.594742 16.162962 15.237232
v 57.444183 15.799482 15.237232
v 51.232723 16.162962 15.237232
v 51.746761 15.648924 15.237232
v 51.383282 15.799482 15.237232
v 50.181583 18.652582 15.237232
v 49.667545 19.166620 15.237232
v 50.031025 19.016062 15.237232
v 58.760960 14.987601 13.333924
v 58.760960 19.616056 13.333924
v 58.760960 14.987601 -21.004860
v 58.760960 19.616056 -21.004860
v 58.760960 14.987601 5.936749
v 58.760960 14.987601 -3.835467
v 58.760960 19.616056 5.936749
v 58.760960 19.616056 -3.835467
v 59.535137 19.616056 -13.607684
v 59.535137 14.987601 -13.607684
v 59.535137 14.987601 5.936749
v 59.535137 19.616056 5.936749
v 59.535137 14.987601 13.333924
v 59.535137 19.616056 13.333924
v 59.535137 19.616056 -21.004860
v 59.535137 14.987601 -21.004860
v 58.760960 19.101418 -12.278695
v 58.760960 18.287067 -13.093045
v 58.760960 18.862900 -12.854527
v 58.760960 16.316589 -13.093045
v 58.760960 15.502240 -12.278695
v 58.760960 15.740757 -12.854527
v 58.760960 15.502240 -5.164456
v 58.760960 16.316589 -4.350106
v 58.760960 15.740757 -4.588624
v 58.760960 18.287067 -4.350106
v 58.760960 19.101418 -5.164456
v 58.760960 18.862900 -4.588624
v 58.760960 19.101418 -2.506478
v 58.760960 18.287067 -3.320828
v 58.760960 18.862900 -3.082311
v 58.760960 16.316589 -3.320828
v 58.760960 15.502240 -2.506478
v 58.760960 15.740757 -3.082311
v 58.760960 15.502240 4.607760
v 58.760960 16.316589 5.422110
v 58.760960 15.740757 5.183592
v 58.760960 18.287067 5.422110
v 58.760960 19.101418 4.607760
v 58.760960 18.862900 5.183592
v 58.760960 15.502240 12.004936
v 58.760960 16.316589 12.819285
v 58.760960 15.740757 12.580768
v 58.760960 18.287067 12.819285
v 58.760960 19.101418 12.004936
v 58.760960 18.862900 12.580768
v 58.760960 19.101418 7.265737
v 58.760960 18.287067 6.451387
v 58.760960 18.862900 6.689905
v 58.760960 16.316589 6.451387
v 58.760960 15.502240 7.265737
v 58.760960 15.740757 6.689905
v 58.760960 15.502240 -14.936673
v 58.760960 16.316589 -14.122323
v 58.760960 15.740757 -14.360841
v 58.760960 18.287067 -14.122323
v 58.760960 19.101418 -14.936673
v 58.760960 18.862900 -14.360841
v 58.760960 19.101418 -19.675873
v 58.760960 18.287067 -20.490227
v 58.760960 18.862900 -20.251701
v 58.760960 16.316589 -20.490227
v 58.760960 15.502240 -19.675873
v 58.760960 15.740757 -20.251701
v 59.535137 16.316589 12.819285
v 59.535137 15.502240 12.004936
v 59.535137 15.740757 12.580768
v 59.535137 19.101418 12.004936
v 59.535137 18.287067 12.819285
v 59.535137 18.862900 12.580768
v 59.535137 18.287067 -20.490227
v 59.535137 19.101418 -19.675873
v 59.535137 18.862900 -20.251701
v 59.535137 15.502240 -19.675873
v 59.535137 16.316589 -20.490227
v 59.535137 15.740757 -20.251701
v 59.535137 18.287067 -3.320828
v 59.535137 19.101418 -2.506478
v 59.535137 18.862900 -3.082311
v 59.535137 19.101418 4.607760
v 59.535137 18.287067 5.422110
v 59.535137 18.862900 5.183592
v 59.535137 18.287067 -13.093045
v 59.535137 19.101418 -12.278695
v 59.535137 18.862900 -12.854527
v 59.535137 19.101418 -5.164456
v 59.535137 18.287067 -4.350106
v 59.535137 18.862900 -4.588624
v 59.535137 16.316589 5.422110
v 59.535137 15.502240 4.607760
v 59.535137 15.740757 5.183592
v 59.535137 15.502240 -2.506478
v 59.535137 16.316589 -3.320828
v 59.535137 15.740757 -3.082311
v 59.535137 16.316589 -4.350106
v 59.535137 15.502240 -5.164456
v 59.535137 15.740757 -4.588624
v 59.535137 15.502240 -12.278695
v 59.535137 16.316589 -13.093045
v 59.535137 15.740757 -12.854527
v 59.535137 15.502240 7.265737
v 59.535137 16.316589 6.451387
v 59.535137 15.740757 6.689905
v 59.535137 18.287067 6.451387
v 59.535137 19.101418 7.265737
v 59.535137 18.862900 6.689905
v 59.535137 16.316589 -14.122323
v 59.535137 15.502240 -14.936673
v 59.535137 15.740757 -14.360841
v 59.535137 19.101418 -14.936673
v 59.535137 18.287067 -14.122323
v 59.535137 18.862900 -14.360841
v 62.533325 7.897734 15.190444
v 61.927757 7.897734 16.489088
v 60.995285 7.455539 15.263756
v 61.915695 7.676637 14.902439
v 61.310127 7.676637 16.201082
v 62.126526 7.860502 15.791262
v 61.864700 7.676641 15.011791
v 61.099297 7.492778 15.312258
v 61.361118 7.676641 16.091728
v 62.165775 7.856970 15.681319
v 62.183784 7.846507 15.566393
v 62.179852 7.829516 15.450909
v 62.154133 7.806651 15.339299
v 62.067535 7.856970 15.892000
v 61.991074 7.846507 15.979670
v 61.900078 7.829516 16.050888
v 61.071960 7.731765 15.846106
v 61.137489 7.763553 15.937408
v 61.219513 7.798044 16.013067
v 61.751804 7.963924 16.081364
v 61.759663 7.640771 14.975440
v 61.648987 7.606279 14.961241
v 61.536919 7.574492 14.969730
v 61.427773 7.546630 15.000592
v 61.960068 7.712510 15.068890
v 61.642654 7.936062 16.112226
v 61.530594 7.904275 16.120716
v 61.419914 7.869783 16.106516
v 61.279499 7.681038 15.031067
v 62.042088 7.747002 15.144547
v 61.188507 7.664047 15.102286
v 61.112041 7.653584 15.189956
v 61.025444 7.703903 15.742657
v 60.999725 7.681038 15.631047
v 62.107616 7.778789 15.235850
v 60.995792 7.664047 15.515563
v 61.013802 7.653584 15.400637
v 62.061371 7.936062 15.214286
v 61.995842 7.904275 15.122983
v 61.060043 7.496311 15.422201
v 61.042038 7.506774 15.537127
v 61.045967 7.523765 15.652612
v 61.071686 7.546630 15.764221
v 61.158287 7.496311 15.211520
v 61.913822 7.869783 15.047325
v 61.381531 7.703903 14.979028
v 61.490677 7.731765 14.948166
v 61.602737 7.763553 14.939676
v 61.234749 7.506774 15.123851
v 61.713417 7.798044 14.953876
v 61.853832 7.986790 16.029325
v 61.944824 8.003780 15.958105
v 62.021290 8.014243 15.870436
v 61.325745 7.523765 15.052631
v 62.107887 7.963924 15.317735
v 62.133606 7.986790 15.429344
v 62.137543 8.003780 15.544828
v 62.119530 8.014243 15.659756
v 61.466156 7.712510 16.128080
v 61.576836 7.747002 16.142279
v 61.688900 7.778789 16.133791
v 61.798050 7.806651 16.102928
v 61.265755 7.640771 16.034630
v 61.314873 7.833914 16.070164
v 61.053055 7.650051 15.290694
v 61.818459 7.833914 14.990227
v 62.080280 8.017776 15.769698
v 61.183735 7.606279 15.958973
v 61.263885 7.833910 16.179518
v 61.869450 7.833910 14.880875
v 60.949036 7.612812 15.242191
v 61.118202 7.574492 15.867670
v 61.881512 8.055007 16.467524
v 62.487080 8.055007 15.168880
v 61.066223 7.455539 15.111620
v 61.770988 7.624834 14.834960
v 61.245506 7.478220 14.892571
v 61.503464 7.540186 14.791307
v 61.165421 7.624834 16.133604
v 60.924339 7.455539 15.415891
v 60.960022 7.540186 15.956730
v 60.871780 7.478220 15.694029
v 60.878098 7.612812 15.394326
v 61.119175 7.782107 16.112040
v 60.825535 7.635493 15.672464
v 60.913776 7.697459 15.935165
v 61.724743 7.782107 14.813396
v 61.019981 7.612812 15.090055
v 61.457222 7.697459 14.769743
v 61.199261 7.635493 14.871008
vn 1.0000 -0.0000 -0.0000
vn -0.0000 1.0000 -0.0000
vn -1.0000 -0.0000 -0.0000
vn -0.0350 0.0023 0.9994
vn -0.0194 0.0187 0.9996
vn -0.0194 -0.0187 0.9996
vn 0.0194 -0.0187 0.9996
vn 0.0194 0.0187 0.9996
vn 0.0350 0.0023 0.9994
vn 0.0056 -0.0088 0.9999
vn -0.0000 -0.0255 0.9997
vn -0.0056 -0.0088 0.9999
vn 0.0194 0.0187 -0.9996
vn 0.0194 -0.0187 -0.9996
vn 0.0350 0.0023 -0.9994
vn -0.0056 -0.0088 -0.9999
vn -0.0000 -0.0255 -0.9997
vn 0.0056 -0.0088 -0.9999
vn -0.0194 -0.0187 -0.9996
vn -0.0194 0.0187 -0.9996
vn -0.0350 -0.0023 -0.9994
vn -0.0000 -1.0000 -0.0000
vn 0.9808 -0.1951 -0.0000
vn 0.9239 -0.3827 -0.0000
vn 0.3827 -0.9239 -0.0000
vn 0.1951 -0.9808 -0.0000
vn -0.9808 -0.1951 -0.0000
vn -0.9239 -0.3827 -0.0000
vn -0.3827 -0.9239 -0.0000
vn -0.1951 -0.9808 -0.0000
vn -0.9808 0.1951 -0.0000
vn -0.9239 0.3827 -0.0000
vn -0.3827 0.9239 -0.0000
vn -0.1951 0.9808 -0.0000
vn 0.9808 0.1951 -0.0000
vn 0.9239 0.3827 -0.0000
vn 0.3827 0.9239 -0.0000
vn 0.1951 0.9808 -0.0000
vn 0.0022 0.0408 0.9992
vn 0.0158 0.0166 0.9997
vn -0.0000 0.0255 0.9997
vn 0.0158 -0.0166 0.9997
vn 0.0022 -0.0408 0.9992
vn -0.0022 -0.0408 0.9992
vn -0.0022 0.0408 0.9992
vn -0.0158 -0.0166 0.9997
vn -0.0158 0.0166 0.9997
vn -0.0350 -0.0023 0.9994
vn 0.0350 -0.0023 0.9994
vn -0.0056 0.0088 0.9999
vn 0.0056 0.0088 0.9999
vn -0.0158 -0.0166 -0.9997
vn -0.0022 -0.0408 -0.9992
vn 0.0022 -0.0408 -0.9992
vn -0.0022 0.0408 -0.9992
vn -0.0158 0.0166 -0.9997
vn -0.0000 0.0255 -0.9997
vn 0.0022 0.0408 -0.9992
vn 0.0158 -0.0166 -0.9997
vn 0.0158 0.0166 -0.9997
vn 0.0350 -0.0023 -0.9994
vn 0.0056 0.0088 -0.9999
vn -0.0056 0.0088 -0.9999
vn -0.0350 0.0023 -0.9994
vn -0.0000 -0.0000 -1.0000
vn -0.0000 -0.0000 1.0000
vn -0.0000 0.9808 -0.1951
vn -0.0000 0.9239 -0.3827
vn -0.0000 0.3827 -0.9239
vn -0.0000 0.1951 -0.9808
vn -0.0000 -0.9808 -0.1951
vn -0.0000 -0.9239 -0.3827
vn -0.0000 -0.3827 -0.9239
vn -0.0000 -0.1951 -0.9808
vn -0.0000 -0.9808 0.1951
vn -0.0000 -0.9239 0.3827
vn -0.0000 -0.3827 0.9239
vn -0.0000 -0.1951 0.9808
vn -0.0000 0.9808 0.1951
vn -0.0000 0.9239 0.3827
vn -0.0000 0.3827 0.9239
vn -0.0000 0.1951 0.9808
vn 0.7203 0.1181 -0.6835
vn 0.5827 0.0602 -0.8105
vn 0.9582 0.2851 0.0246
vn 0.9516 0.2566 -0.1693
vn -0.1275 -0.1715 -0.9769
vn -0.3107 -0.2182 -0.9251
vn -0.8621 -0.3086 -0.4020
vn -0.9280 -0.3027 -0.2175
vn -0.4226 -0.0000 0.9063
vn -0.2463 0.0602 0.9673
vn -0.7631 -0.3027 -0.5711
vn -0.5827 -0.0602 0.8105
vn 0.3108 0.2182 0.9251
vn 0.4820 0.2566 0.8378
vn 0.9280 0.3027 0.2175
vn -0.6347 -0.2851 -0.7182
vn -0.7203 -0.1181 0.6835
vn 0.0605 -0.1181 -0.9912
vn 0.8303 0.1714 -0.5302
vn -0.2797 0.9512 -0.1304
vn -0.9516 -0.2566 0.1693
vn -0.9084 -0.2182 0.3566
vn 0.8621 0.3086 0.4020
vn 0.1276 0.1715 0.9769
vn 0.7631 0.3027 0.5711
vn 0.2463 -0.0602 -0.9673
vn 0.0606 -0.1181 -0.9912
vn -0.4820 -0.2566 -0.8378
vn 0.6347 0.2851 0.7182
vn -0.8303 -0.1714 0.5302
vn -0.7204 -0.1181 0.6835
vn 0.4226 -0.0000 -0.9063
vn -0.9582 -0.2851 -0.0246
vn -0.0605 0.1181 0.9912
vn 0.1275 0.1715 0.9769
vn 0.9084 0.2182 -0.3566
vn -0.8303 -0.1715 0.5302
vn -0.0606 0.1181 0.9912
vn 0.2797 -0.9512 0.1304
vn -0.5315 -0.0403 0.8461
vn -0.7970 -0.1543 0.5839
vn -0.9421 -0.2981 -0.1537
vn -0.9099 -0.3060 -0.2803
vn -0.7995 -0.3060 -0.5168
vn -0.7233 -0.2981 -0.6229
vn -0.0650 -0.1543 -0.9859
vn 0.3065 -0.0403 -0.9510
vn -0.2796 0.9512 -0.1304
vn -0.2797 0.9512 -0.1305
vt 0.649830 0.006374
vt 0.704654 0.304262
vt 0.649830 0.304262
vt 0.580913 0.461564
vt 0.531139 0.461564
vt 0.580913 0.007620
vt 0.704654 0.304262
vt 0.704654 0.006374
vt 0.773383 0.041165
vt 0.713969 0.008755
vt 0.986322 0.008755
vt 0.986322 0.923036
vt 0.713969 0.923036
vt 0.773383 0.890626
vt 0.926908 0.433486
vt 0.986322 0.465896
vt 0.926908 0.498306
vt 0.986322 0.008755
vt 0.773383 0.041165
vt 0.926908 0.433486
vt 0.986322 0.465896
vt 0.986322 0.923036
vt 0.926908 0.890626
vt 0.531139 0.915509
vt 0.531139 0.461564
vt 0.702927 0.516478
vt 0.650889 0.540994
vt 0.650889 0.516478
vt 0.588825 0.414813
vt 0.640863 0.390297
vt 0.640863 0.414813
vt 0.650889 0.540994
vt 0.650889 0.516478
vt 0.640863 0.006020
vt 0.588825 0.030536
vt 0.588825 0.006020
vt 0.650889 0.348559
vt 0.702927 0.324044
vt 0.702927 0.348559
vt 0.588825 0.414813
vt 0.640863 0.390297
vt 0.640863 0.414813
vt 0.702927 0.324044
vt 0.588825 0.390297
vt 0.702927 0.540994
vt 0.650889 0.540994
vt 0.650889 0.348559
vt 0.640863 0.006020
vt 0.640863 0.030536
vt 0.640863 0.030536
vt 0.580913 0.915509
vt 0.531139 0.007620
vt 0.649830 0.304262
vt 0.741685 0.401787
vt 0.750969 0.424201
vt 0.713969 0.465896
vt 0.949323 0.424202
vt 0.958607 0.401787
vt 0.958607 0.072864
vt 0.741685 0.072864
vt 0.949323 0.050450
vt 0.750969 0.050450
vt 0.926908 0.041165
vt 0.958607 0.530004
vt 0.949323 0.507590
vt 0.750969 0.507590
vt 0.741684 0.530004
vt 0.741684 0.858927
vt 0.958607 0.858927
vt 0.750969 0.881342
vt 0.949323 0.881342
vt 0.773383 0.498306
vt 0.773383 0.433486
vt 0.958607 0.401787
vt 0.750969 0.424202
vt 0.926908 0.041165
vt 0.750969 0.507590
vt 0.773383 0.498306
vt 0.773383 0.433486
vt 0.741685 0.530004
vt 0.741684 0.858927
vt 0.958607 0.530004
vt 0.949322 0.881342
vt 0.773383 0.890626
vt 0.702927 0.540994
vt 0.650889 0.324044
vt 0.588825 0.390297
vt 0.650889 0.324044
vt 0.650889 0.324044
vt 0.055216 0.192644
vt 0.098634 0.452221
vt 0.055216 0.452221
vt 0.111379 0.472656
vt 0.111379 0.206737
vt 0.132446 0.206737
vt 0.098634 0.192644
vt 0.132446 0.472656
vt 0.111379 0.738575
vt 0.170823 0.799595
vt 0.170823 0.931664
vt 0.156481 0.968699
vt 0.193516 0.475893
vt 0.193516 0.504576
vt 0.177469 0.469246
vt 0.285463 0.011770
vt 0.193516 0.026111
vt 0.156481 0.011770
vt 0.193516 0.203568
vt 0.193516 0.232251
vt 0.177469 0.196921
vt 0.193516 0.954357
vt 0.248428 0.954357
vt 0.285463 0.968699
vt 0.285463 0.762560
vt 0.271122 0.799595
vt 0.264475 0.783548
vt 0.156481 0.011770
vt 0.285463 0.011770
vt 0.193516 0.026111
vt 0.271122 0.180874
vt 0.271122 0.048805
vt 0.156481 0.217909
vt 0.170823 0.254945
vt 0.170823 0.453199
vt 0.170823 0.048805
vt 0.170823 0.180874
vt 0.248428 0.203568
vt 0.264475 0.196921
vt 0.264475 0.238898
vt 0.048066 0.435286
vt 0.004648 0.467580
vt 0.004648 0.435286
vt 0.101037 0.008492
vt 0.057619 0.040786
vt 0.057619 0.008492
vt 0.057619 0.183591
vt 0.101037 0.151296
vt 0.101037 0.183591
vt 0.004648 0.036299
vt 0.048066 0.004004
vt 0.048066 0.036299
vt 0.049354 0.791063
vt 0.005935 0.823357
vt 0.005935 0.791063
vt 0.005935 0.525275
vt 0.049354 0.492981
vt 0.049354 0.525275
vt 0.005935 0.525275
vt 0.049354 0.525275
vt 0.049354 0.492980
vt 0.049354 0.791063
vt 0.005935 0.791063
vt 0.057619 0.040786
vt 0.101037 0.040786
vt 0.048066 0.435286
vt 0.048066 0.467580
vt 0.057619 0.151296
vt 0.004648 0.435286
vt 0.101037 0.040786
vt 0.132446 0.738575
vt 0.132446 0.939865
vt 0.111379 0.939865
vt 0.111379 0.005447
vt 0.132446 0.005447
vt 0.271122 0.527270
vt 0.264475 0.511223
vt 0.285463 0.490234
vt 0.264475 0.947710
vt 0.271122 0.931664
vt 0.271122 0.799595
vt 0.271122 0.725524
vt 0.264475 0.741571
vt 0.264475 0.783548
vt 0.248428 0.748218
vt 0.248428 0.776901
vt 0.193516 0.748218
vt 0.193516 0.776901
vt 0.177469 0.741571
vt 0.177469 0.783548
vt 0.170823 0.725524
vt 0.156481 0.490234
vt 0.177469 0.511223
vt 0.170823 0.527270
vt 0.177469 0.947710
vt 0.271122 0.254944
vt 0.264475 0.238898
vt 0.285463 0.217909
vt 0.264475 0.469246
vt 0.248428 0.504576
vt 0.248428 0.475893
vt 0.271122 0.453199
vt 0.156481 0.217909
vt 0.177469 0.238898
vt 0.170823 0.254944
vt 0.170823 0.453199
vt 0.264475 0.032758
vt 0.248428 0.026111
vt 0.177469 0.032758
vt 0.271122 0.048805
vt 0.264475 0.196921
vt 0.248428 0.232251
vt 0.248428 0.203568
vt 0.271122 0.180874
vt 0.170823 0.048805
vt 0.170823 0.180874
vt 0.170823 0.799595
vt 0.156481 0.968699
vt 0.156481 0.762560
vt 0.193516 0.748218
vt 0.193516 0.776901
vt 0.248428 0.748218
vt 0.248428 0.776901
vt 0.264475 0.947710
vt 0.264475 0.032758
vt 0.248428 0.026111
vt 0.177469 0.032758
vt 0.285463 0.217909
vt 0.271122 0.254945
vt 0.271122 0.453199
vt 0.271122 0.725524
vt 0.271122 0.527270
vt 0.264475 0.511223
vt 0.264475 0.469246
vt 0.248428 0.504576
vt 0.248428 0.475893
vt 0.193516 0.504576
vt 0.193516 0.475893
vt 0.177469 0.511223
vt 0.177469 0.469246
vt 0.170823 0.527270
vt 0.170823 0.725524
vt 0.193516 0.232251
vt 0.177469 0.238898
vt 0.177469 0.196921
vt 0.193516 0.203568
vt 0.248428 0.232251
vt 0.004648 0.004004
vt 0.049354 0.823357
vt 0.005935 0.492981
vt 0.005935 0.492980
vt 0.499465 0.532530
vt 0.441769 0.493953
vt 0.499465 0.493953
vt 0.705626 0.655721
vt 0.647930 0.619779
vt 0.705626 0.619779
vt 0.499465 0.336931
vt 0.441769 0.304569
vt 0.499465 0.304569
vt 0.499465 0.157564
vt 0.441769 0.117006
vt 0.499465 0.117006
vt 0.705626 0.733217
vt 0.647930 0.692817
vt 0.705626 0.692817
vt 0.499465 0.198121
vt 0.441769 0.157564
vt 0.705626 0.773888
vt 0.647930 0.733217
vt 0.705626 0.882286
vt 0.647930 0.850782
vt 0.705626 0.850782
vt 0.705626 0.694723
vt 0.647930 0.655721
vt 0.499465 0.237123
vt 0.441769 0.198121
vt 0.705626 0.813267
vt 0.647930 0.773888
vt 0.499465 0.373504
vt 0.441769 0.336931
vt 0.499465 0.567801
vt 0.441769 0.532530
vt 0.307630 0.705763
vt 0.325151 0.690348
vt 0.323633 0.705763
vt 0.499465 0.042062
vt 0.441769 0.010558
vt 0.499465 0.010558
vt 0.705626 0.735281
vt 0.647930 0.694723
vt 0.705626 0.618969
vt 0.647930 0.588359
vt 0.705626 0.588359
vt 0.705626 0.775839
vt 0.647930 0.735281
vt 0.499465 0.412882
vt 0.441769 0.373504
vt 0.499465 0.273065
vt 0.441769 0.237123
vt 0.705626 0.814840
vt 0.647930 0.775839
vt 0.705626 0.849840
vt 0.647930 0.813267
vt 0.639093 0.638361
vt 0.590778 0.638361
vt 0.639093 0.429128
vt 0.499465 0.078004
vt 0.441769 0.042062
vt 0.705626 0.654240
vt 0.647930 0.618969
vt 0.499465 0.598411
vt 0.441769 0.567801
vt 0.499465 0.453553
vt 0.441769 0.412882
vt 0.647930 0.588276
vt 0.705626 0.588276
vt 0.441769 0.453553
vt 0.441769 0.273065
vt 0.647930 0.814840
vt 0.441769 0.078004
vt 0.705626 0.882202
vt 0.647930 0.849840
vt 0.647930 0.654240
vt 0.497668 0.800781
vt 0.519597 0.610744
vt 0.519597 0.800781
vt 0.323633 0.895800
vt 0.307630 0.895800
vt 0.325151 0.880385
vt 0.590777 0.687384
vt 0.639093 0.768216
vt 0.590777 0.768216
vt 0.639093 0.828846
vt 0.590778 0.828846
vt 0.340668 0.316424
vt 0.398364 0.220711
vt 0.398364 0.316424
vt 0.340668 0.103562
vt 0.398364 0.007849
vt 0.398364 0.103562
vt 0.639093 0.768216
vt 0.590778 0.687384
vt 0.639093 0.687384
vt 0.590777 0.638361
vt 0.639093 0.429128
vt 0.639093 0.638361
vt 0.398364 0.162137
vt 0.340668 0.162137
vt 0.481666 0.895800
vt 0.480147 0.880385
vt 0.497668 0.800781
vt 0.481666 0.705763
vt 0.480147 0.690348
vt 0.497668 0.610744
vt 0.647930 0.882286
vt 0.402649 0.800781
vt 0.380386 0.800781
vt 0.387234 0.783261
vt 0.344008 0.791034
vt 0.372411 0.778764
vt 0.402649 0.784779
vt 0.317378 0.764403
vt 0.346776 0.761636
vt 0.307630 0.728025
vt 0.329647 0.736001
vt 0.336949 0.749662
vt 0.307630 0.683500
vt 0.317378 0.647122
vt 0.329647 0.675524
vt 0.336949 0.661863
vt 0.325151 0.721178
vt 0.344008 0.620491
vt 0.346776 0.649890
vt 0.380386 0.610744
vt 0.372411 0.632761
vt 0.402649 0.610744
vt 0.387234 0.628264
vt 0.402649 0.626746
vt 0.358750 0.771463
vt 0.358750 0.640062
vt 0.590778 0.429128
vt 0.441769 0.598411
vt 0.647930 0.882202
vt 0.387234 0.973299
vt 0.402649 0.974817
vt 0.402649 0.990819
vt 0.380386 0.990819
vt 0.344008 0.981071
vt 0.372411 0.968802
vt 0.317378 0.954441
vt 0.346776 0.951673
vt 0.307630 0.918063
vt 0.329647 0.926039
vt 0.307630 0.873537
vt 0.317378 0.837159
vt 0.329647 0.865562
vt 0.336949 0.851901
vt 0.336949 0.939699
vt 0.325151 0.911215
vt 0.344008 0.810529
vt 0.346776 0.839927
vt 0.380386 0.800781
vt 0.372411 0.822798
vt 0.402649 0.800781
vt 0.387234 0.818302
vt 0.402649 0.816784
vt 0.358750 0.961500
vt 0.358750 0.830100
vt 0.639093 0.687384
vt 0.340668 0.220711
vt 0.340668 0.007849
vt 0.590777 0.828846
vt 0.590777 0.429128
vt 0.497668 0.990819
vt 0.432887 0.968802
vt 0.418065 0.973299
vt 0.418065 0.818302
vt 0.432887 0.822798
vt 0.446548 0.961500
vt 0.446548 0.830100
vt 0.458522 0.951673
vt 0.468349 0.939699
vt 0.458522 0.839927
vt 0.468349 0.851901
vt 0.475651 0.926039
vt 0.480147 0.911215
vt 0.475651 0.865562
vt 0.432887 0.778764
vt 0.418064 0.783261
vt 0.418065 0.628264
vt 0.432887 0.632761
vt 0.446548 0.771463
vt 0.446548 0.640062
vt 0.458522 0.761636
vt 0.468349 0.749662
vt 0.458522 0.649890
vt 0.468349 0.661863
vt 0.475651 0.736001
vt 0.480147 0.721178
vt 0.475651 0.675524
s 1
f 5210/3754/1740 5219/3755/1740 5209/3756/1740
f 5213/3757/1741 5216/3758/1741 5211/3759/1741
f 5211/3760/1742 5217/3754/1742 5212/3761/1742
f 5236/3762/1743 5210/3763/1744 5209/3764/1745
f 5211/3765/1746 5212/3766/1747 5228/3767/1748
f 5242/3768/1749 5213/3769/1750 5222/3770/1751
f 5217/3763/1752 5218/3771/1753 5257/3772/1754
f 5263/3773/1755 5216/3774/1756 5252/3770/1757
f 5219/3775/1758 5220/3766/1759 5248/3776/1760
f 5214/3757/1761 5217/3777/1761 5215/3778/1761
f 5252/3779/1762 5244/3780/1763 5242/3781/1762
f 5253/3782/1764 5243/3783/1765 5244/3784/1764
f 5234/3779/1766 5250/3785/1767 5248/3786/1766
f 5235/3787/1768 5249/3788/1769 5250/3789/1768
f 5255/3790/1770 5226/3791/1771 5224/3792/1770
f 5256/3793/1772 5225/3794/1773 5226/3795/1772
f 5228/3790/1774 5259/3796/1775 5257/3792/1774
f 5229/3787/1776 5258/3788/1777 5259/3789/1776
f 5231/3794/1765 5262/3782/1764 5260/3797/1765
f 5232/3785/1763 5261/3779/1762 5262/3798/1763
f 5222/3779/1766 5265/3799/1767 5263/3786/1766
f 5223/3787/1768 5264/3788/1769 5265/3789/1768
f 5246/3790/1770 5238/3791/1771 5236/3792/1770
f 5247/3793/1772 5237/3794/1773 5238/3795/1772
f 5240/3800/1774 5268/3791/1775 5266/3792/1774
f 5241/3801/1776 5267/3788/1777 5268/3789/1776
f 5231/3794/1765 5264/3788/1769 5221/3802/1769
f 5222/3779/1766 5255/3790/1770 5224/3792/1770
f 5225/3794/1773 5258/3788/1777 5227/3802/1777
f 5228/3790/1774 5261/3779/1762 5230/3786/1762
f 5234/3779/1766 5246/3790/1770 5236/3792/1770
f 5243/3783/1765 5249/3788/1769 5233/3802/1769
f 5237/3794/1773 5267/3788/1777 5239/3803/1777
f 5240/3800/1774 5252/3779/1762 5242/3781/1762
f 5210/3754/1740 5220/3761/1740 5219/3755/1740
f 5213/3757/1741 5209/3804/1741 5219/3777/1741
f 5216/3758/1741 5218/3805/1741 5211/3759/1741
f 5213/3757/1741 5219/3777/1741 5216/3758/1741
f 5211/3760/1742 5218/3806/1742 5217/3754/1742
f 5239/3807/1778 5241/3808/1779 5214/3809/1780
f 5213/3769/1750 5244/3810/1781 5243/3811/1782
f 5213/3769/1750 5243/3811/1782 5233/3812/1783
f 5239/3807/1778 5214/3809/1780 5237/3813/1784
f 5214/3809/1780 5210/3763/1744 5237/3813/1784
f 5209/3764/1745 5213/3769/1750 5233/3812/1783
f 5209/3764/1745 5233/3812/1783 5235/3814/1785
f 5238/3815/1786 5237/3813/1784 5210/3763/1744
f 5236/3762/1743 5238/3815/1786 5210/3763/1744
f 5209/3764/1745 5235/3814/1785 5234/3816/1787
f 5234/3816/1787 5236/3762/1743 5209/3764/1745
f 5221/3817/1783 5223/3818/1785 5213/3769/1750
f 5214/3809/1780 5226/3819/1786 5225/3820/1784
f 5214/3809/1780 5225/3820/1784 5227/3821/1778
f 5221/3817/1783 5213/3769/1750 5231/3822/1782
f 5213/3769/1750 5211/3765/1746 5231/3822/1782
f 5212/3766/1747 5214/3809/1780 5227/3821/1778
f 5212/3766/1747 5227/3821/1778 5229/3823/1779
f 5232/3824/1781 5231/3822/1782 5211/3765/1746
f 5230/3776/1788 5232/3824/1781 5211/3765/1746
f 5212/3766/1747 5229/3823/1779 5228/3767/1748
f 5228/3767/1748 5230/3776/1788 5211/3765/1746
f 5226/3819/1786 5214/3809/1780 5224/3825/1789
f 5214/3809/1780 5241/3808/1779 5240/3826/1790
f 5214/3809/1780 5240/3826/1790 5224/3825/1789
f 5242/3768/1749 5244/3810/1781 5213/3769/1750
f 5224/3825/1789 5240/3826/1790 5242/3768/1749
f 5213/3769/1750 5223/3818/1785 5222/3770/1751
f 5222/3770/1751 5224/3825/1789 5242/3768/1749
f 5216/3774/1756 5265/3810/1791 5264/3827/1792
f 5216/3774/1756 5264/3827/1792 5260/3812/1793
f 5254/3807/1794 5256/3828/1795 5215/3809/1796
f 5258/3813/1797 5254/3807/1794 5215/3809/1796
f 5218/3771/1753 5216/3774/1756 5260/3812/1793
f 5218/3771/1753 5260/3812/1793 5262/3814/1798
f 5258/3813/1797 5215/3809/1796 5217/3763/1752
f 5259/3815/1799 5258/3813/1797 5217/3763/1752
f 5218/3771/1753 5262/3814/1798 5261/3829/1800
f 5257/3772/1754 5259/3815/1799 5217/3763/1752
f 5218/3771/1753 5261/3829/1800 5257/3772/1754
f 5268/3830/1799 5215/3809/1796 5266/3831/1801
f 5215/3809/1796 5256/3828/1795 5255/3832/1802
f 5215/3809/1796 5255/3832/1802 5266/3831/1801
f 5263/3773/1755 5265/3810/1791 5216/3774/1756
f 5266/3831/1801 5255/3832/1802 5263/3773/1755
f 5216/3774/1756 5253/3818/1798 5252/3770/1757
f 5252/3770/1757 5266/3831/1801 5263/3773/1755
f 5215/3809/1796 5268/3830/1799 5267/3833/1797
f 5215/3809/1796 5267/3833/1797 5245/3834/1794
f 5251/3835/1793 5253/3818/1798 5216/3774/1756
f 5249/3822/1792 5251/3835/1793 5216/3774/1756
f 5220/3766/1759 5215/3809/1796 5245/3834/1794
f 5220/3766/1759 5245/3834/1794 5247/3823/1795
f 5249/3822/1792 5216/3774/1756 5219/3775/1758
f 5250/3836/1791 5249/3822/1792 5219/3775/1758
f 5220/3766/1759 5247/3823/1795 5246/3837/1803
f 5248/3776/1760 5250/3836/1791 5219/3775/1758
f 5220/3766/1759 5246/3837/1803 5248/3776/1760
f 5220/3805/1761 5210/3759/1761 5214/3757/1761
f 5214/3757/1761 5212/3804/1761 5217/3777/1761
f 5215/3778/1761 5220/3805/1761 5214/3757/1761
f 5252/3779/1762 5253/3838/1763 5244/3780/1763
f 5253/3782/1764 5251/3797/1765 5243/3783/1765
f 5234/3779/1766 5235/3798/1767 5250/3785/1767
f 5235/3787/1768 5233/3802/1769 5249/3788/1769
f 5255/3790/1770 5256/3839/1771 5226/3791/1771
f 5256/3793/1772 5254/3840/1773 5225/3794/1773
f 5228/3790/1774 5229/3841/1775 5259/3796/1775
f 5229/3787/1776 5227/3802/1777 5258/3788/1777
f 5231/3794/1765 5232/3795/1764 5262/3782/1764
f 5232/3785/1763 5230/3786/1762 5261/3779/1762
f 5222/3779/1766 5223/3838/1767 5265/3799/1767
f 5223/3787/1768 5221/3802/1769 5264/3788/1769
f 5246/3790/1770 5247/3839/1771 5238/3791/1771
f 5247/3793/1772 5245/3840/1773 5237/3794/1773
f 5240/3800/1774 5241/3842/1775 5268/3791/1775
f 5241/3801/1776 5239/3803/1777 5267/3788/1777
f 5231/3794/1765 5260/3797/1765 5264/3788/1769
f 5222/3779/1766 5263/3786/1766 5255/3790/1770
f 5225/3794/1773 5254/3840/1773 5258/3788/1777
f 5228/3790/1774 5257/3792/1774 5261/3779/1762
f 5234/3779/1766 5248/3786/1766 5246/3790/1770
f 5243/3783/1765 5251/3797/1765 5249/3788/1769
f 5237/3794/1773 5245/3840/1773 5267/3788/1777
f 5240/3800/1774 5266/3792/1774 5252/3779/1762
f 5270/3843/1804 5281/3844/1804 5269/3845/1804
f 5274/3846/1741 5273/3847/1741 5279/3848/1741
f 5271/3844/1805 5283/3843/1805 5272/3849/1805
f 5276/3850/1761 5277/3851/1761 5280/3847/1761
f 5325/3852/1740 5327/3853/1740 5272/3854/1740
f 5298/3855/1740 5294/3856/1740 5299/3857/1740
f 5269/3858/1740 5312/3859/1740 5270/3860/1740
f 5316/3861/1740 5306/3862/1740 5317/3863/1740
f 5328/3864/1740 5330/3865/1740 5271/3866/1740
f 5279/3867/1742 5369/3868/1742 5371/3869/1742
f 5337/3864/1742 5333/3865/1742 5281/3866/1742
f 5283/3870/1742 5284/3871/1742 5339/3872/1742
f 5284/3871/1742 5376/3873/1742 5342/3874/1742
f 5277/3875/1742 5352/3876/1742 5354/3877/1742
f 5283/3870/1742 5340/3878/1742 5378/3879/1742
f 5375/3880/1742 5377/3881/1742 5368/3882/1742
f 5346/3883/1806 5299/3884/1807 5297/3885/1806
f 5347/3886/1808 5298/3887/1809 5299/3888/1808
f 5301/3883/1810 5362/3884/1811 5360/3885/1810
f 5302/3889/1812 5361/3890/1813 5362/3891/1812
f 5364/3892/1814 5293/3893/1815 5291/3894/1814
f 5365/3889/1816 5292/3890/1817 5293/3891/1816
f 5295/3892/1818 5356/3893/1819 5354/3894/1818
f 5296/3886/1820 5355/3887/1821 5356/3888/1820
f 5373/3895/1806 5317/3896/1807 5315/3897/1806
f 5374/3886/1808 5316/3887/1809 5317/3888/1808
f 5319/3895/1810 5371/3896/1811 5369/3897/1810
f 5320/3889/1812 5370/3890/1813 5371/3891/1812
f 5358/3892/1814 5305/3893/1815 5303/3894/1814
f 5359/3889/1816 5304/3890/1817 5305/3891/1816
f 5307/3892/1818 5350/3893/1819 5348/3894/1818
f 5308/3886/1820 5349/3887/1821 5350/3888/1820
f 5376/3898/1814 5323/3899/1815 5321/3900/1814
f 5377/3889/1816 5322/3890/1817 5323/3891/1816
f 5325/3901/1818 5380/3899/1819 5378/3902/1818
f 5326/3886/1820 5379/3887/1821 5380/3888/1820
f 5334/3898/1814 5311/3903/1815 5309/3900/1814
f 5335/3889/1816 5310/3890/1817 5311/3891/1816
f 5313/3898/1818 5338/3903/1819 5336/3900/1818
f 5314/3886/1820 5337/3887/1821 5338/3888/1820
f 5340/3904/1806 5329/3896/1807 5327/3905/1806
f 5341/3886/1808 5328/3887/1809 5329/3888/1808
f 5331/3895/1810 5344/3896/1811 5342/3897/1810
f 5332/3889/1812 5343/3890/1813 5344/3891/1812
f 5286/3906/1809 5353/3886/1808 5351/3907/1809
f 5287/3884/1807 5352/3908/1806 5353/3909/1807
f 5367/3890/1813 5290/3889/1812 5288/3910/1813
f 5368/3884/1811 5289/3908/1810 5290/3909/1811
f 5295/3892/1818 5352/3908/1806 5285/3911/1806
f 5286/3906/1809 5367/3890/1813 5288/3910/1813
f 5289/3908/1810 5364/3892/1814 5291/3894/1814
f 5292/3890/1817 5355/3887/1821 5294/3912/1821
f 5307/3892/1818 5346/3883/1806 5297/3885/1806
f 5298/3887/1809 5361/3890/1813 5300/3910/1813
f 5301/3883/1810 5358/3892/1814 5303/3894/1814
f 5304/3890/1817 5349/3887/1821 5306/3912/1821
f 5310/3890/1817 5337/3887/1821 5312/3912/1821
f 5319/3895/1810 5334/3898/1814 5309/3900/1814
f 5313/3898/1818 5373/3895/1806 5315/3897/1806
f 5316/3887/1809 5370/3890/1813 5318/3910/1813
f 5331/3895/1810 5376/3898/1814 5321/3900/1814
f 5322/3890/1817 5379/3887/1821 5324/3912/1821
f 5325/3901/1818 5340/3904/1806 5327/3905/1806
f 5328/3887/1809 5343/3890/1813 5330/3910/1813
f 5270/3843/1804 5282/3849/1804 5281/3844/1804
f 5278/3913/1741 5284/3914/1741 5271/3915/1741
f 5278/3913/1741 5271/3915/1741 5274/3846/1741
f 5269/3916/1741 5281/3917/1741 5279/3848/1741
f 5279/3848/1741 5278/3913/1741 5274/3846/1741
f 5273/3847/1741 5269/3916/1741 5279/3848/1741
f 5271/3844/1805 5284/3845/1805 5283/3843/1805
f 5282/3916/1761 5270/3917/1761 5275/3848/1761
f 5276/3850/1761 5272/3914/1761 5277/3851/1761
f 5272/3914/1761 5283/3915/1761 5277/3851/1761
f 5282/3916/1761 5275/3848/1761 5280/3847/1761
f 5275/3848/1761 5276/3850/1761 5280/3847/1761
f 5291/3918/1740 5293/3919/1740 5274/3920/1740
f 5271/3866/1740 5332/3921/1740 5331/3922/1740
f 5271/3866/1740 5331/3922/1740 5321/3923/1740
f 5291/3918/1740 5274/3920/1740 5289/3924/1740
f 5274/3920/1740 5271/3866/1740 5289/3924/1740
f 5289/3924/1740 5271/3866/1740 5321/3923/1740
f 5290/3925/1740 5289/3924/1740 5321/3923/1740
f 5290/3925/1740 5321/3923/1740 5323/3926/1740
f 5288/3927/1740 5290/3925/1740 5323/3926/1740
f 5288/3927/1740 5323/3926/1740 5322/3928/1740
f 5286/3929/1740 5288/3927/1740 5322/3928/1740
f 5286/3929/1740 5322/3928/1740 5324/3930/1740
f 5287/3931/1740 5286/3929/1740 5324/3930/1740
f 5287/3931/1740 5324/3930/1740 5326/3932/1740
f 5285/3933/1740 5287/3931/1740 5326/3932/1740
f 5285/3933/1740 5326/3932/1740 5325/3852/1740
f 5276/3934/1740 5296/3935/1740 5295/3936/1740
f 5276/3934/1740 5295/3936/1740 5285/3933/1740
f 5327/3853/1740 5329/3937/1740 5272/3854/1740
f 5276/3934/1740 5285/3933/1740 5272/3854/1740
f 5285/3933/1740 5325/3852/1740 5272/3854/1740
f 5303/3938/1740 5305/3939/1740 5273/3940/1740
f 5274/3920/1740 5293/3919/1740 5302/3941/1740
f 5293/3919/1740 5292/3942/1740 5300/3943/1740
f 5294/3856/1740 5296/3935/1740 5299/3857/1740
f 5296/3935/1740 5276/3934/1740 5299/3857/1740
f 5293/3919/1740 5300/3943/1740 5302/3941/1740
f 5292/3942/1740 5294/3856/1740 5300/3943/1740
f 5303/3938/1740 5273/3940/1740 5301/3944/1740
f 5273/3940/1740 5274/3920/1740 5301/3944/1740
f 5300/3943/1740 5294/3856/1740 5298/3855/1740
f 5275/3945/1740 5308/3946/1740 5307/3947/1740
f 5275/3945/1740 5307/3947/1740 5297/3948/1740
f 5302/3941/1740 5301/3944/1740 5274/3920/1740
f 5276/3934/1740 5275/3945/1740 5297/3948/1740
f 5276/3934/1740 5297/3948/1740 5299/3857/1740
f 5269/3858/1740 5311/3949/1740 5310/3950/1740
f 5312/3859/1740 5314/3951/1740 5270/3860/1740
f 5269/3858/1740 5310/3950/1740 5312/3859/1740
f 5309/3952/1740 5311/3949/1740 5269/3858/1740
f 5273/3940/1740 5305/3939/1740 5320/3953/1740
f 5305/3939/1740 5304/3954/1740 5320/3953/1740
f 5306/3862/1740 5308/3946/1740 5317/3863/1740
f 5308/3946/1740 5275/3945/1740 5317/3863/1740
f 5304/3954/1740 5306/3862/1740 5318/3955/1740
f 5309/3952/1740 5269/3858/1740 5273/3940/1740
f 5319/3956/1740 5309/3952/1740 5273/3940/1740
f 5304/3954/1740 5318/3955/1740 5320/3953/1740
f 5318/3955/1740 5306/3862/1740 5316/3861/1740
f 5270/3860/1740 5314/3951/1740 5313/3957/1740
f 5270/3860/1740 5313/3957/1740 5315/3958/1740
f 5320/3953/1740 5319/3956/1740 5273/3940/1740
f 5275/3945/1740 5270/3860/1740 5315/3958/1740
f 5275/3945/1740 5315/3958/1740 5317/3863/1740
f 5272/3854/1740 5329/3937/1740 5328/3864/1740
f 5330/3865/1740 5332/3921/1740 5271/3866/1740
f 5272/3854/1740 5328/3864/1740 5271/3866/1740
f 5373/3959/1742 5336/3853/1742 5282/3960/1742
f 5280/3961/1742 5350/3931/1742 5374/3932/1742
f 5350/3931/1742 5349/3962/1742 5372/3963/1742
f 5357/3964/1742 5359/3925/1742 5370/3965/1742
f 5359/3925/1742 5279/3867/1742 5371/3869/1742
f 5370/3965/1742 5359/3925/1742 5371/3869/1742
f 5350/3931/1742 5372/3963/1742 5374/3932/1742
f 5349/3962/1742 5357/3964/1742 5370/3965/1742
f 5373/3959/1742 5282/3960/1742 5280/3961/1742
f 5374/3932/1742 5373/3959/1742 5280/3961/1742
f 5349/3962/1742 5370/3965/1742 5372/3963/1742
f 5281/3866/1742 5335/3966/1742 5334/3922/1742
f 5281/3866/1742 5334/3922/1742 5369/3868/1742
f 5279/3867/1742 5281/3866/1742 5369/3868/1742
f 5282/3960/1742 5336/3853/1742 5338/3937/1742
f 5282/3960/1742 5338/3937/1742 5337/3864/1742
f 5333/3865/1742 5335/3966/1742 5281/3866/1742
f 5282/3960/1742 5337/3864/1742 5281/3866/1742
f 5284/3871/1742 5344/3967/1742 5343/3968/1742
f 5339/3872/1742 5341/3969/1742 5283/3870/1742
f 5284/3871/1742 5343/3968/1742 5339/3872/1742
f 5284/3871/1742 5278/3970/1742 5376/3873/1742
f 5342/3874/1742 5344/3967/1742 5284/3871/1742
f 5366/3971/1742 5278/3970/1742 5364/3972/1742
f 5278/3970/1742 5279/3867/1742 5364/3972/1742
f 5279/3867/1742 5359/3925/1742 5358/3973/1742
f 5279/3867/1742 5358/3973/1742 5360/3974/1742
f 5364/3972/1742 5279/3867/1742 5360/3974/1742
f 5364/3972/1742 5360/3974/1742 5362/3975/1742
f 5365/3976/1742 5364/3972/1742 5362/3975/1742
f 5365/3976/1742 5362/3975/1742 5361/3977/1742
f 5363/3978/1742 5365/3976/1742 5361/3977/1742
f 5363/3978/1742 5361/3977/1742 5345/3979/1742
f 5355/3980/1742 5363/3978/1742 5345/3979/1742
f 5355/3980/1742 5345/3979/1742 5347/3981/1742
f 5356/3982/1742 5355/3980/1742 5347/3981/1742
f 5356/3982/1742 5347/3981/1742 5354/3877/1742
f 5347/3981/1742 5346/3983/1742 5354/3877/1742
f 5348/3984/1742 5350/3931/1742 5280/3961/1742
f 5346/3983/1742 5348/3984/1742 5280/3961/1742
f 5277/3875/1742 5351/3985/1742 5353/3986/1742
f 5277/3875/1742 5353/3986/1742 5352/3876/1742
f 5346/3983/1742 5280/3961/1742 5354/3877/1742
f 5280/3961/1742 5277/3875/1742 5354/3877/1742
f 5378/3879/1742 5277/3875/1742 5283/3870/1742
f 5283/3870/1742 5341/3969/1742 5340/3878/1742
f 5277/3875/1742 5378/3879/1742 5380/3987/1742
f 5277/3875/1742 5380/3987/1742 5351/3985/1742
f 5380/3987/1742 5379/3988/1742 5351/3985/1742
f 5367/3989/1742 5351/3985/1742 5379/3988/1742
f 5278/3970/1742 5366/3971/1742 5368/3882/1742
f 5278/3970/1742 5368/3882/1742 5377/3881/1742
f 5368/3882/1742 5367/3989/1742 5375/3880/1742
f 5377/3881/1742 5376/3873/1742 5278/3970/1742
f 5367/3989/1742 5379/3988/1742 5375/3880/1742
f 5346/3883/1806 5347/3909/1807 5299/3884/1807
f 5347/3886/1808 5345/3912/1809 5298/3887/1809
f 5301/3883/1810 5302/3909/1811 5362/3884/1811
f 5302/3889/1812 5300/3910/1813 5361/3890/1813
f 5364/3892/1814 5365/3990/1815 5293/3893/1815
f 5365/3889/1816 5363/3910/1817 5292/3890/1817
f 5295/3892/1818 5296/3990/1819 5356/3893/1819
f 5296/3886/1820 5294/3912/1821 5355/3887/1821
f 5373/3895/1806 5374/3991/1807 5317/3896/1807
f 5374/3886/1808 5372/3912/1809 5316/3887/1809
f 5319/3895/1810 5320/3991/1811 5371/3896/1811
f 5320/3889/1812 5318/3910/1813 5370/3890/1813
f 5358/3892/1814 5359/3990/1815 5305/3893/1815
f 5359/3889/1816 5357/3910/1817 5304/3890/1817
f 5307/3892/1818 5308/3990/1819 5350/3893/1819
f 5308/3886/1820 5306/3912/1821 5349/3887/1821
f 5376/3898/1814 5377/3992/1815 5323/3899/1815
f 5377/3889/1816 5375/3910/1817 5322/3890/1817
f 5325/3901/1818 5326/3992/1819 5380/3899/1819
f 5326/3886/1820 5324/3912/1821 5379/3887/1821
f 5334/3898/1814 5335/3993/1815 5311/3903/1815
f 5335/3889/1816 5333/3910/1817 5310/3890/1817
f 5313/3898/1818 5314/3993/1819 5338/3903/1819
f 5314/3886/1820 5312/3912/1821 5337/3887/1821
f 5340/3904/1806 5341/3991/1807 5329/3896/1807
f 5341/3886/1808 5339/3912/1809 5328/3887/1809
f 5331/3895/1810 5332/3991/1811 5344/3896/1811
f 5332/3889/1812 5330/3910/1813 5343/3890/1813
f 5286/3906/1809 5287/3888/1808 5353/3886/1808
f 5287/3884/1807 5285/3911/1806 5352/3908/1806
f 5367/3890/1813 5368/3891/1812 5290/3889/1812
f 5368/3884/1811 5366/3911/1810 5289/3908/1810
f 5295/3892/1818 5354/3894/1818 5352/3908/1806
f 5286/3906/1809 5351/3907/1809 5367/3890/1813
f 5289/3908/1810 5366/3911/1810 5364/3892/1814
f 5292/3890/1817 5363/3910/1817 5355/3887/1821
f 5307/3892/1818 5348/3894/1818 5346/3883/1806
f 5298/3887/1809 5345/3912/1809 5361/3890/1813
f 5301/3883/1810 5360/3885/1810 5358/3892/1814
f 5304/3890/1817 5357/3910/1817 5349/3887/1821
f 5310/3890/1817 5333/3910/1817 5337/3887/1821
f 5319/3895/1810 5369/3897/1810 5334/3898/1814
f 5313/3898/1818 5336/3900/1818 5373/3895/1806
f 5316/3887/1809 5372/3912/1809 5370/3890/1813
f 5331/3895/1810 5342/3897/1810 5376/3898/1814
f 5322/3890/1817 5375/3910/1817 5379/3887/1821
f 5325/3901/1818 5378/3902/1818 5340/3904/1806
f 5328/3887/1809 5339/3912/1809 5343/3890/1813
f 5448/3994/1822 5399/3995/1823 5443/3996/1823
f 5421/3997/1824 5414/3998/1825 5422/3999/1825
f 5441/4000/1826 5400/4001/1827 5442/4002/1827
f 5386/4003/1828 5438/4004/1829 5390/4005/1829
f 5387/4006/1830 5430/4007/1831 5401/4008/1831
f 5394/4009/1832 5447/4010/1828 5386/4003/1828
f 5405/4011/1833 5446/4012/1830 5387/4006/1830
f 5404/4013/1834 5409/4014/1835 5434/4015/1835
f 5420/4016/1836 5416/4017/1824 5421/3997/1824
f 5395/4018/1837 5433/4019/1832 5394/4009/1832
f 5410/4020/1838 5425/4021/1833 5405/4011/1833
f 5440/4022/1839 5406/4023/1826 5441/4000/1826
f 5452/4024/1840 5398/4025/1822 5448/3994/1822
f 5451/4026/1841 5417/4027/1841 5445/4028/1841
f 5392/4029/1842 5435/4030/1843 5393/4031/1843
f 5388/4032/1844 5417/4033/1836 5420/4016/1836
f 5403/4034/1845 5426/4035/1834 5404/4036/1834
f 5424/4037/1846 5445/4038/1844 5388/4032/1844
f 5439/4039/1847 5407/4040/1848 5440/4022/1839
f 5396/4041/1849 5432/4042/1837 5395/4018/1837
f 5429/4043/1850 5412/4044/1846 5424/4037/1846
f 5415/4045/1851 5419/4046/1852 5410/4020/1838
f 5384/4047/1853 5450/4048/1853 5381/4049/1853
f 5391/4050/1854 5436/4051/1842 5392/4029/1842
f 5402/4052/1855 5427/4053/1856 5403/4034/1845
f 5423/4054/1857 5397/4055/1840 5452/4024/1840
f 5389/4056/1853 5408/4057/1847 5439/4039/1847
f 5422/3999/1825 5413/4058/1857 5423/4059/1857
f 5443/3996/1823 5444/4060/1853 5389/4056/1853
f 5442/4002/1827 5431/4061/1849 5396/4041/1849
f 5434/4015/1835 5411/4062/1850 5429/4043/1850
f 5390/4005/1829 5437/4063/1854 5391/4050/1854
f 5393/4064/1843 5418/4065/1858 5415/4045/1851
f 5401/4008/1831 5428/4066/1859 5402/4052/1855
f 5454/4067/1844 5382/4068/1844 5381/4069/1844
f 5388/4070/1860 5383/4071/1860 5424/4072/1860
f 5459/4073/1861 5466/4074/1862 5461/4075/1862
f 5461/4075/1862 5465/4076/1843 5462/4077/1843
f 5465/4078/1863 5460/4079/1864 5462/4080/1863
f 5468/4081/1865 5457/4082/1866 5455/4083/1865
f 5457/4076/1827 5469/4075/1867 5458/4084/1867
f 5458/4084/1867 5467/4085/1868 5456/4086/1868
f 5385/4087/1830 5453/4088/1830 5449/4089/1830
f 5383/4090/1828 5468/4081/1865 5455/4083/1865
f 5460/4079/1864 5451/4091/1828 5383/4090/1828
f 5386/4092/1860 5390/4093/1860 5381/4094/1860
f 5447/4095/1841 5433/4096/1869 5453/4097/1841
f 5448/3994/1822 5398/4025/1822 5399/3995/1823
f 5421/3997/1824 5416/4017/1824 5414/3998/1825
f 5441/4000/1826 5406/4023/1826 5400/4001/1827
f 5386/4003/1828 5447/4010/1828 5438/4004/1829
f 5387/4006/1830 5446/4012/1830 5430/4007/1831
f 5394/4009/1832 5433/4019/1832 5447/4010/1828
f 5405/4011/1833 5425/4021/1833 5446/4012/1830
f 5404/4013/1834 5426/4098/1834 5409/4014/1835
f 5420/4016/1836 5417/4033/1836 5416/4017/1824
f 5395/4018/1837 5432/4042/1837 5433/4019/1832
f 5410/4020/1838 5419/4046/1852 5425/4021/1833
f 5440/4022/1839 5407/4040/1848 5406/4023/1826
f 5452/4024/1840 5397/4055/1840 5398/4025/1822
f 5450/4099/1841 5467/4100/1841 5430/4101/1870
f 5467/4100/1841 5469/4102/1841 5428/4103/1841
f 5450/4099/1841 5430/4101/1870 5446/4104/1870
f 5469/4102/1841 5470/4105/1841 5426/4106/1841
f 5470/4105/1841 5468/4107/1841 5411/4108/1841
f 5409/4109/1841 5470/4105/1841 5411/4108/1841
f 5451/4026/1841 5463/4110/1841 5417/4027/1841
f 5463/4110/1841 5465/4111/1841 5416/4112/1841
f 5416/4112/1841 5465/4111/1841 5414/4113/1841
f 5470/4105/1841 5409/4109/1841 5426/4106/1841
f 5468/4107/1841 5451/4026/1841 5412/4114/1841
f 5430/4101/1870 5467/4100/1841 5428/4103/1841
f 5465/4111/1841 5466/4115/1841 5413/4116/1841
f 5414/4113/1841 5465/4111/1841 5413/4116/1841
f 5466/4115/1841 5464/4117/1841 5398/4118/1841
f 5464/4117/1841 5449/4119/1841 5399/4120/1841
f 5398/4118/1841 5464/4117/1841 5399/4120/1841
f 5449/4119/1841 5444/4121/1841 5399/4120/1841
f 5427/4122/1841 5428/4103/1841 5469/4102/1841
f 5466/4115/1841 5398/4118/1841 5397/4123/1841
f 5426/4106/1841 5427/4122/1841 5469/4102/1841
f 5466/4115/1841 5397/4123/1841 5413/4116/1841
f 5411/4108/1841 5468/4107/1841 5412/4114/1841
f 5463/4110/1841 5416/4112/1841 5417/4027/1841
f 5445/4028/1841 5412/4114/1841 5451/4026/1841
f 5392/4029/1842 5436/4051/1842 5435/4030/1843
f 5388/4032/1844 5445/4038/1844 5417/4033/1836
f 5403/4034/1845 5427/4053/1856 5426/4035/1834
f 5424/4037/1846 5412/4044/1846 5445/4038/1844
f 5439/4039/1847 5408/4057/1847 5407/4040/1848
f 5396/4041/1849 5431/4061/1849 5432/4042/1837
f 5429/4043/1850 5411/4062/1850 5412/4044/1846
f 5415/4045/1851 5418/4065/1858 5419/4046/1852
f 5384/4047/1853 5456/4086/1868 5467/4085/1868
f 5450/4048/1853 5454/4124/1853 5381/4049/1853
f 5384/4047/1853 5467/4085/1868 5450/4048/1853
f 5391/4050/1854 5437/4063/1854 5436/4051/1842
f 5402/4052/1855 5428/4066/1859 5427/4053/1856
f 5423/4054/1857 5413/4125/1857 5397/4055/1840
f 5389/4056/1853 5444/4060/1853 5408/4057/1847
f 5422/3999/1825 5414/3998/1825 5413/4058/1857
f 5443/3996/1823 5399/3995/1823 5444/4060/1853
f 5442/4002/1827 5400/4001/1827 5431/4061/1849
f 5434/4015/1835 5409/4014/1835 5411/4062/1850
f 5390/4005/1829 5438/4004/1829 5437/4063/1854
f 5393/4064/1843 5435/4126/1843 5418/4065/1858
f 5401/4008/1831 5430/4007/1831 5428/4066/1859
f 5454/4067/1844 5453/4097/1844 5382/4068/1844
f 5443/4127/1860 5389/4128/1860 5385/4129/1860
f 5385/4129/1860 5459/4130/1860 5443/4127/1860
f 5459/4130/1860 5461/4131/1860 5448/4132/1860
f 5443/4127/1860 5459/4130/1860 5448/4132/1860
f 5461/4131/1860 5462/4133/1860 5423/4134/1860
f 5462/4133/1860 5460/4135/1860 5421/4136/1860
f 5383/4071/1860 5455/4137/1860 5424/4072/1860
f 5455/4137/1860 5457/4138/1860 5429/4139/1860
f 5429/4139/1860 5457/4138/1860 5434/4140/1860
f 5462/4133/1860 5421/4136/1860 5422/4141/1860
f 5460/4135/1860 5383/4071/1860 5420/4142/1860
f 5421/4136/1860 5460/4135/1860 5420/4142/1860
f 5457/4138/1860 5458/4143/1860 5404/4144/1860
f 5434/4140/1860 5457/4138/1860 5404/4144/1860
f 5458/4143/1860 5456/4145/1860 5402/4146/1860
f 5456/4145/1860 5384/4147/1860 5401/4148/1860
f 5402/4146/1860 5456/4145/1860 5401/4148/1860
f 5384/4147/1860 5387/4149/1860 5401/4148/1860
f 5452/4150/1860 5448/4132/1860 5461/4131/1860
f 5423/4134/1860 5452/4150/1860 5461/4131/1860
f 5458/4143/1860 5402/4146/1860 5403/4151/1860
f 5422/4141/1860 5423/4134/1860 5462/4133/1860
f 5458/4143/1860 5403/4151/1860 5404/4144/1860
f 5455/4137/1860 5429/4139/1860 5424/4072/1860
f 5388/4070/1860 5420/4142/1860 5383/4071/1860
f 5459/4073/1861 5464/4152/1861 5466/4074/1862
f 5461/4075/1862 5466/4074/1862 5465/4076/1843
f 5465/4078/1863 5463/4153/1864 5460/4079/1864
f 5468/4081/1865 5470/4154/1866 5457/4082/1866
f 5457/4076/1827 5470/4155/1827 5469/4075/1867
f 5458/4084/1867 5469/4075/1867 5467/4085/1868
f 5464/4152/1861 5459/4073/1861 5385/4087/1830
f 5385/4087/1830 5382/4156/1830 5453/4088/1830
f 5449/4089/1830 5464/4152/1861 5385/4087/1830
f 5383/4090/1828 5451/4091/1828 5468/4081/1865
f 5460/4079/1864 5463/4153/1864 5451/4091/1828
f 5382/4157/1860 5385/4129/1860 5440/4158/1860
f 5385/4129/1860 5389/4128/1860 5439/4159/1860
f 5385/4129/1860 5439/4159/1860 5440/4158/1860
f 5387/4149/1860 5384/4147/1860 5405/4160/1860
f 5384/4147/1860 5381/4094/1860 5410/4161/1860
f 5405/4160/1860 5384/4147/1860 5410/4161/1860
f 5382/4157/1860 5440/4158/1860 5441/4162/1860
f 5415/4163/1860 5410/4161/1860 5381/4094/1860
f 5382/4157/1860 5441/4162/1860 5442/4164/1860
f 5382/4157/1860 5442/4164/1860 5396/4165/1860
f 5393/4166/1860 5415/4163/1860 5381/4094/1860
f 5392/4167/1860 5393/4166/1860 5381/4094/1860
f 5382/4157/1860 5396/4165/1860 5395/4168/1860
f 5382/4157/1860 5395/4168/1860 5394/4169/1860
f 5391/4170/1860 5392/4167/1860 5381/4094/1860
f 5390/4093/1860 5391/4170/1860 5381/4094/1860
f 5381/4094/1860 5382/4157/1860 5386/4092/1860
f 5382/4157/1860 5394/4169/1860 5386/4092/1860
f 5454/4067/1841 5450/4099/1841 5419/4171/1841
f 5450/4099/1841 5446/4104/1870 5425/4172/1841
f 5450/4099/1841 5425/4172/1841 5419/4171/1841
f 5444/4121/1841 5449/4119/1841 5408/4173/1841
f 5449/4119/1841 5453/4097/1841 5407/4174/1841
f 5408/4173/1841 5449/4119/1841 5407/4174/1841
f 5454/4067/1841 5419/4171/1841 5418/4175/1841
f 5406/4176/1841 5407/4174/1841 5453/4097/1841
f 5454/4067/1841 5418/4175/1841 5435/4177/1841
f 5454/4067/1841 5435/4177/1841 5436/4178/1841
f 5400/4179/1841 5406/4176/1841 5453/4097/1841
f 5431/4180/1841 5400/4179/1841 5453/4097/1841
f 5454/4067/1841 5436/4178/1841 5437/4181/1841
f 5454/4067/1841 5437/4181/1841 5438/4182/1841
f 5432/4183/1841 5431/4180/1841 5453/4097/1841
f 5433/4096/1869 5432/4183/1841 5453/4097/1841
f 5453/4097/1841 5454/4067/1841 5447/4095/1841
f 5454/4067/1841 5438/4182/1841 5447/4095/1841
o 68
v 43.293995 19.616060 -21.004858
v 43.293995 19.616060 -21.953730
v 60.441853 19.616060 -21.004858
v 60.441853 19.616060 -21.953730
v 43.293995 1.476174 -21.004858
v 43.293995 1.476174 -21.953730
v 60.441853 1.476174 -21.953730
v 60.441853 1.476174 -21.004858
v 58.120312 19.616064 15.333927
v 58.120312 19.616064 13.333927
v 60.120312 19.616064 15.333927
v 60.120312 19.616064 13.333927
v 58.120312 3.802529 15.333927
v 58.120312 3.802529 13.333927
v 60.120312 3.802529 13.333927
v 60.120312 3.802529 15.333927
v 43.293995 15.199478 15.262039
v 43.293995 15.199478 14.452248
v 43.761574 15.199478 15.262039
v 43.761574 15.199478 14.452248
v 43.244564 1.477928 15.262039
v 43.244564 1.477928 14.452248
v 43.761574 1.477928 14.452248
v 43.761574 1.477928 15.262039
v 43.293995 0.014343 -20.692396
v 43.293995 0.014343 -22.266191
v 43.293995 1.476174 -21.004858
v 43.293995 1.476174 -21.953730
v 60.441853 1.476174 -21.953730
v 60.441853 1.476174 -21.004858
v 43.293995 1.476174 -22.114613
v 43.293995 0.014343 -22.533028
v 60.945721 0.014343 -22.533028
v 60.616650 1.476174 -22.114613
v 60.945721 0.014343 -20.425558
v 60.616650 1.476174 -20.843975
v 43.293995 0.014343 -20.425558
v 43.293995 1.476174 -20.843975
v 58.120312 3.802529 15.333927
v 58.120312 3.802529 13.333927
v 60.120312 3.802529 13.333927
v 60.120312 3.802529 15.333927
v 57.470531 0.000000 12.684147
v 57.470531 0.000000 15.983707
v 57.983322 3.802529 13.196938
v 60.770092 0.000000 12.684147
v 60.257301 3.802529 13.196938
v 60.770092 0.000000 15.983707
v 60.257301 3.802529 15.470917
v 57.983322 3.802529 15.470917
v 43.244564 1.477928 15.262039
v 43.244564 1.477928 14.452248
v 43.761574 1.477928 14.452248
v 43.761574 1.477928 15.262039
v 43.244564 1.441483 14.318096
v 43.244564 0.000000 13.894485
v 44.166656 0.000000 13.894485
v 43.922062 1.441483 14.318096
v 44.166656 0.000000 15.819801
v 43.922062 1.441483 15.396191
v 43.244564 0.000000 15.819801
v 43.244564 1.441483 15.396191
vn -1.0000 -0.0000 -0.0000
vn -0.0000 -0.0000 -1.0000
vn 1.0000 -0.0000 -0.0000
vn -0.0000 -0.0000 1.0000
vn -0.0000 1.0000 -0.0000
vn -1.0000 0.0036 -0.0000
vn -0.0000 -1.0000 -0.0000
vn -0.0000 0.2752 0.9614
vn 0.9756 0.2196 -0.0000
vn -0.0000 0.2752 -0.9614
vn -0.0000 0.1336 0.9910
vn 0.9910 0.1336 -0.0000
vn -0.0000 0.1336 -0.9910
vn -0.9910 0.1336 -0.0000
vn -0.0000 0.9650 0.2622
vn -0.0000 0.9650 -0.2622
vn -0.0000 0.2820 0.9594
vn 0.9859 0.1673 -0.0000
vn -0.0000 0.2820 -0.9594
vn 0.2214 0.9752 -0.0000
vn -0.0000 0.2819 0.9594
vn -0.0000 0.2819 -0.9594
vt 0.695241 0.555762
vt 0.718043 0.991665
vt 0.695241 0.991665
vt 0.512499 0.009843
vt 0.986283 0.511036
vt 0.512499 0.511036
vt 0.672440 0.555762
vt 0.695241 0.991665
vt 0.672440 0.991665
vt 0.512499 0.009843
vt 0.512499 0.511036
vt 0.752942 0.989740
vt 0.726725 0.515957
vt 0.752942 0.515957
vt 0.928619 0.547947
vt 0.983877 0.984864
vt 0.928619 0.984864
vt 0.762843 0.547947
vt 0.818101 0.984864
vt 0.762843 0.984864
vt 0.818101 0.547947
vt 0.873360 0.984864
vt 0.873360 0.547947
vt 0.928619 0.984864
vt 0.529634 0.762391
vt 0.432386 0.665144
vt 0.529634 0.665144
vt 0.433154 0.009035
vt 0.455528 0.388153
vt 0.433154 0.388153
vt 0.467668 0.006363
vt 0.484333 0.495409
vt 0.465906 0.495409
vt 0.433154 0.009036
vt 0.455528 0.388153
vt 0.433154 0.388153
vt 0.500998 0.006363
vt 0.502759 0.495409
vt 0.443489 0.647460
vt 0.485146 0.575316
vt 0.485146 0.647460
vt 0.015074 0.004088
vt 0.103976 0.004088
vt 0.000000 1.000000
vt 0.187424 0.009874
vt 0.196512 0.978546
vt 0.187424 0.978546
vt 0.422442 0.979049
vt 0.348896 0.141182
vt 0.348897 0.994966
vt 0.300357 0.850742
vt 0.215713 0.755329
vt 0.300357 0.731693
vt 0.348894 0.141183
vt 0.422445 0.979049
vt 0.348900 0.994966
vt 0.133823 0.009874
vt 0.124735 0.978546
vt 0.124735 0.000000
vt 0.240834 0.977274
vt 0.226342 0.895528
vt 0.226342 0.981422
vt 0.240834 0.977274
vt 0.226342 0.895528
vt 0.235080 0.893027
vt 0.196512 0.000000
vt 0.214094 0.987704
vt 0.206355 0.866987
vt 0.214094 0.874726
vt 0.327073 0.874726
vt 0.334811 0.995443
vt 0.327073 0.987704
vt 0.463244 0.772589
vt 0.620666 0.989336
vt 0.434276 0.989336
vt 0.463244 0.772589
vt 0.206355 0.995443
vt 0.334811 0.866987
vt 0.168875 0.411332
vt 0.139910 0.403754
vt 0.178071 0.403754
vt 0.168875 0.457077
vt 0.139910 0.464655
vt 0.139753 0.457077
vt 0.299643 0.894975
vt 0.261372 0.979846
vt 0.313460 0.979846
vt 0.295896 0.725367
vt 0.213303 0.640537
vt 0.295896 0.616607
vt 0.261372 0.979846
vt 0.299643 0.894975
vt 0.178071 0.464655
vt 0.718043 0.555762
vt 0.986283 0.009843
vt 0.695241 0.555762
vt 0.726725 0.989740
vt 0.983877 0.547947
vt 0.928619 0.547947
vt 0.432386 0.762391
vt 0.455528 0.009035
vt 0.484333 0.006363
vt 0.455528 0.009036
vt 0.443489 0.575316
vt 0.032724 0.000000
vt 0.086325 0.000000
vt 0.119050 0.004088
vt 0.119050 1.000000
vt 0.000000 0.004088
vt 0.422442 0.141182
vt 0.215713 0.827106
vt 0.422439 0.141182
vt 0.133823 0.978546
vt 0.235080 0.893028
vt 0.226342 0.981422
vt 0.591699 0.772589
vt 0.591699 0.772589
vt 0.139753 0.411332
vt 0.261372 0.894975
vt 0.213303 0.701438
vt 0.261372 0.894975
s 0
f 5471/4184/1871 5476/4185/1871 5475/4186/1871
f 5472/4187/1872 5477/4188/1872 5476/4189/1872
f 5474/4190/1873 5478/4191/1873 5477/4192/1873
f 5473/4193/1874 5475/4188/1874 5478/4194/1874
f 5472/4195/1875 5473/4196/1875 5474/4197/1875
f 5479/4198/1871 5484/4199/1871 5483/4200/1871
f 5480/4201/1872 5485/4202/1872 5484/4203/1872
f 5482/4204/1873 5486/4205/1873 5485/4202/1873
f 5481/4206/1874 5483/4207/1874 5486/4205/1874
f 5480/4208/1875 5481/4209/1875 5482/4210/1875
f 5487/4211/1876 5492/4212/1876 5491/4213/1876
f 5488/4214/1872 5493/4215/1872 5492/4216/1872
f 5490/4217/1873 5494/4218/1873 5493/4219/1873
f 5494/4215/1874 5487/4220/1874 5491/4221/1874
f 5488/4222/1875 5489/4223/1875 5490/4224/1875
f 5495/4225/1877 5496/4226/1877 5505/4227/1877
f 5499/4228/1875 5501/4229/1875 5498/4230/1875
f 5506/4231/1878 5507/4232/1878 5505/4233/1878
f 5503/4234/1879 5506/4235/1879 5505/4236/1879
f 5502/4237/1880 5504/4238/1880 5503/4239/1880
f 5500/4240/1875 5508/4241/1875 5506/4242/1875
f 5496/4243/1871 5501/4244/1871 5502/4245/1871
f 5495/4246/1871 5508/4247/1871 5497/4248/1871
f 5500/4240/1875 5504/4249/1875 5499/4228/1875
f 5509/4250/1875 5519/4251/1875 5512/4252/1875
f 5511/4253/1875 5515/4254/1875 5510/4255/1875
f 5519/4256/1881 5514/4257/1881 5518/4258/1881
f 5517/4259/1882 5518/4257/1882 5516/4258/1882
f 5515/4256/1883 5516/4257/1883 5513/4258/1883
f 5520/4259/1884 5513/4257/1884 5514/4258/1884
f 5510/4255/1875 5520/4260/1875 5509/4250/1875
f 5512/4252/1875 5517/4261/1875 5511/4253/1875
f 5524/4262/1885 5532/4263/1885 5530/4264/1885
f 5523/4265/1886 5525/4266/1886 5522/4267/1886
f 5530/4268/1887 5531/4269/1887 5529/4270/1887
f 5527/4271/1888 5530/4272/1888 5529/4273/1888
f 5526/4274/1889 5528/4275/1889 5527/4270/1889
f 5524/4262/1890 5528/4276/1890 5523/4265/1890
f 5471/4184/1871 5472/4277/1871 5476/4185/1871
f 5472/4187/1872 5474/4278/1872 5477/4188/1872
f 5474/4190/1873 5473/4279/1873 5478/4191/1873
f 5473/4193/1874 5471/4278/1874 5475/4188/1874
f 5472/4195/1875 5471/4280/1875 5473/4196/1875
f 5479/4198/1871 5480/4281/1871 5484/4199/1871
f 5480/4201/1872 5482/4204/1872 5485/4202/1872
f 5482/4204/1873 5481/4206/1873 5486/4205/1873
f 5481/4206/1874 5479/4282/1874 5483/4207/1874
f 5480/4208/1875 5479/4283/1875 5481/4209/1875
f 5487/4211/1876 5488/4284/1876 5492/4212/1876
f 5488/4214/1872 5490/4285/1872 5493/4215/1872
f 5490/4217/1873 5489/4286/1873 5494/4218/1873
f 5494/4215/1874 5489/4285/1874 5487/4220/1874
f 5488/4222/1875 5487/4287/1875 5489/4223/1875
f 5495/4225/1871 5497/4288/1871 5498/4289/1871
f 5496/4226/1877 5502/4290/1877 5503/4291/1877
f 5495/4225/1871 5498/4289/1871 5496/4226/1871
f 5505/4227/1877 5507/4292/1877 5495/4225/1877
f 5496/4226/1877 5503/4291/1877 5505/4227/1877
f 5499/4228/1875 5504/4249/1875 5501/4229/1875
f 5506/4231/1878 5508/4293/1878 5507/4232/1878
f 5503/4234/1879 5504/4294/1879 5506/4235/1879
f 5502/4237/1880 5501/4295/1880 5504/4238/1880
f 5500/4240/1875 5497/4296/1875 5508/4241/1875
f 5496/4243/1871 5498/4297/1871 5501/4244/1871
f 5495/4246/1871 5507/4298/1871 5508/4247/1871
f 5500/4240/1875 5506/4242/1875 5504/4249/1875
f 5509/4250/1875 5520/4260/1875 5519/4251/1875
f 5511/4253/1875 5517/4261/1875 5515/4254/1875
f 5519/4256/1881 5520/4299/1881 5514/4257/1881
f 5517/4259/1882 5519/4300/1882 5518/4257/1882
f 5515/4256/1883 5517/4299/1883 5516/4257/1883
f 5520/4259/1884 5515/4300/1884 5513/4257/1884
f 5510/4255/1875 5515/4254/1875 5520/4260/1875
f 5512/4252/1875 5519/4251/1875 5517/4261/1875
f 5524/4262/1885 5521/4301/1885 5532/4263/1885
f 5523/4265/1886 5528/4276/1886 5525/4266/1886
f 5530/4268/1891 5532/4302/1891 5531/4269/1891
f 5527/4271/1888 5528/4303/1888 5530/4272/1888
f 5526/4274/1892 5525/4304/1892 5528/4275/1892
f 5524/4262/1890 5530/4264/1890 5528/4276/1890
o Cube.006
v 42.767799 0.000000 15.765691
v 42.767799 21.523136 15.765691
v 42.767799 0.000000 5.778113
v 42.767799 21.523136 5.778113
v 43.293999 0.000000 15.765691
v 43.293999 21.523136 15.765691
v 43.293999 0.000000 5.778113
v 43.293999 21.523136 5.778113
vn -1.0000 -0.0000 -0.0000
vn -0.0000 -0.0000 -1.0000
vn 1.0000 -0.0000 -0.0000
vn -0.0000 -0.0000 1.0000
vn -0.0000 -1.0000 -0.0000
vn -0.0000 1.0000 -0.0000
vt 0.375000 0.000000
vt 0.625000 0.000000
vt 0.625000 0.250000
vt 0.375000 0.250000
vt 0.625000 0.500000
vt 0.375000 0.500000
vt 0.625000 0.750000
vt 0.375000 0.750000
vt 0.625000 1.000000
vt 0.375000 1.000000
vt 0.125000 0.500000
vt 0.125000 0.750000
vt 0.875000 0.500000
vt 0.875000 0.750000
s 0
f 5533/4305/1893 5534/4306/1893 5536/4307/1893 5535/4308/1893
f 5535/4308/1894 5536/4307/1894 5540/4309/1894 5539/4310/1894
f 5539/4310/1895 5540/4309/1895 5538/4311/1895 5537/4312/1895
f 5537/4312/1896 5538/4311/1896 5534/4313/1896 5533/4314/1896
f 5535/4315/1897 5539/4310/1897 5537/4312/1897 5533/4316/1897
f 5540/4309/1898 5536/4317/1898 5534/4318/1898 5538/4311/1898
o Cube
v 65.951263 -0.000006 13.923616
v 62.890354 10.409812 12.496291
v 66.427940 0.170632 14.145893
v 63.367027 10.580450 12.718567
v 63.154312 -0.000006 19.921700
v 60.093403 10.409812 18.494373
v 63.630985 0.170632 20.143976
v 60.570076 10.580450 18.716650
vn 0.4226 -0.0000 -0.9063
vn 0.8621 0.3086 0.4020
vn -0.4226 -0.0000 0.9063
vn -0.8621 -0.3086 -0.4020
vn 0.2797 -0.9512 0.1304
vn -0.2797 0.9512 -0.1304
vt 0.375000 0.000000
vt 0.625000 0.000000
vt 0.625000 0.250000
vt 0.375000 0.250000
vt 0.625000 0.500000
vt 0.375000 0.500000
vt 0.625000 0.750000
vt 0.375000 0.750000
vt 0.625000 1.000000
vt 0.375000 1.000000
vt 0.125000 0.500000
vt 0.125000 0.750000
vt 0.875000 0.500000
vt 0.875000 0.750000
s 0
f 5541/4319/1899 5542/4320/1899 5544/4321/1899 5543/4322/1899
f 5543/4322/1900 5544/4321/1900 5548/4323/1900 5547/4324/1900
f 5547/4324/1901 5548/4323/1901 5546/4325/1901 5545/4326/1901
f 5545/4326/1902 5546/4325/1902 5542/4327/1902 5541/4328/1902
f 5543/4329/1903 5547/4324/1903 5545/4326/1903 5541/4330/1903
f 5548/4323/1904 5544/4331/1904 5542/4332/1904 5546/4325/1904
o Cylinder.001
v 62.045139 0.000000 15.889807
v 62.003796 0.000000 15.959643
v 61.949623 0.000000 16.020073
v 61.884701 0.000000 16.068773
v 61.811527 0.000000 16.103870
v 61.732910 0.000000 16.124020
v 61.651875 0.000000 16.128445
v 61.571533 0.000000 16.116974
v 61.494972 0.000000 16.090050
v 61.425137 0.000000 16.048708
v 61.364708 0.000000 15.994534
v 61.316006 0.000000 15.929614
v 61.280907 0.000000 15.856440
v 61.260757 0.000000 15.777823
v 61.256336 0.000000 15.696788
v 61.267803 0.000000 15.616446
v 61.294727 0.000000 15.539885
v 61.336071 0.000000 15.470048
v 61.390244 0.000000 15.409618
v 61.455166 0.000000 15.360919
v 61.528339 0.000000 15.325820
v 61.606956 0.000000 15.305672
v 61.687992 0.000000 15.301248
v 61.768333 0.000000 15.312717
v 61.844894 0.000000 15.339641
v 61.914730 0.000000 15.380983
v 61.975159 0.000000 15.435157
v 62.023861 0.000000 15.500077
v 62.058960 0.000000 15.573252
v 62.079109 0.000000 15.651868
v 62.083530 0.000000 15.732903
v 62.072063 0.000000 15.813246
v 61.960049 8.258389 15.850128
v 62.045139 7.577662 15.889807
v 61.992611 8.206572 15.865313
v 62.020214 8.059009 15.878185
v 62.038662 7.838165 15.886786
v 61.928082 8.258389 15.904127
v 62.003796 7.577662 15.959643
v 61.957054 8.206572 15.925372
v 61.981621 8.059009 15.943383
v 61.998032 7.838165 15.955418
v 61.886192 8.258389 15.950852
v 61.949623 7.577662 16.020073
v 61.910465 8.206572 15.977342
v 61.931046 8.059009 15.999799
v 61.944794 7.838165 16.014803
v 61.835995 8.258389 15.988507
v 61.884701 7.577662 16.068773
v 61.854633 8.206572 16.019224
v 61.870438 8.059009 16.045263
v 61.880993 7.838165 16.062662
v 61.779415 8.258389 16.015646
v 61.811527 7.577662 16.103870
v 61.791706 8.206572 16.049408
v 61.802120 8.059009 16.078032
v 61.809082 7.838165 16.097157
v 61.718628 8.258389 16.031225
v 61.732910 7.577662 16.124020
v 61.724094 8.206572 16.066736
v 61.728729 8.059009 16.096842
v 61.731823 7.838165 16.116957
v 61.655972 8.258389 16.034647
v 61.651875 7.577662 16.128445
v 61.654404 8.206572 16.070541
v 61.653076 8.059009 16.100971
v 61.652187 7.838165 16.121304
v 61.593849 8.258389 16.025778
v 61.571533 7.577662 16.116974
v 61.585308 8.206572 16.060677
v 61.578068 8.059009 16.090263
v 61.573231 7.838165 16.110031
v 61.534653 8.258389 16.004959
v 61.494972 7.577662 16.090050
v 61.519466 8.206572 16.037523
v 61.506596 8.059009 16.065128
v 61.497993 7.838165 16.083572
v 61.480652 8.258389 15.972993
v 61.425137 7.577662 16.048708
v 61.459408 8.206572 16.001968
v 61.441395 8.059009 16.026531
v 61.429363 7.838165 16.042944
v 61.433926 8.258389 15.931106
v 61.364708 7.577662 15.994534
v 61.407436 8.206572 15.955379
v 61.384979 8.059009 15.975957
v 61.369976 7.838165 15.989707
v 61.396271 8.258389 15.880908
v 61.316006 7.577662 15.929614
v 61.365555 8.206572 15.899547
v 61.339516 8.059009 15.915348
v 61.322117 7.838165 15.925906
v 61.369133 8.258389 15.824328
v 61.280907 7.577662 15.856440
v 61.335369 8.206572 15.836617
v 61.306747 8.059009 15.847034
v 61.287624 7.838165 15.853995
v 61.353554 8.258389 15.763541
v 61.260757 7.577662 15.777823
v 61.318043 8.206572 15.769007
v 61.287937 8.059009 15.773641
v 61.267822 7.838165 15.776736
v 61.350132 8.258389 15.700883
v 61.256336 7.577662 15.696788
v 61.314240 8.206572 15.699316
v 61.283806 8.059009 15.697988
v 61.263474 7.838165 15.697100
v 61.359001 8.258389 15.638762
v 61.267803 7.577662 15.616446
v 61.324100 8.206572 15.630221
v 61.294518 8.059009 15.622982
v 61.274746 7.838165 15.618144
v 61.379818 8.258389 15.579563
v 61.294727 7.577662 15.539885
v 61.347256 8.206572 15.564379
v 61.319653 8.059009 15.551506
v 61.301205 7.838165 15.542905
v 61.411785 8.258389 15.525564
v 61.336071 7.577662 15.470048
v 61.382812 8.206572 15.504319
v 61.358246 8.059009 15.486308
v 61.341835 7.838165 15.474274
v 61.453674 8.258389 15.478839
v 61.390244 7.577662 15.409618
v 61.429401 8.206572 15.452350
v 61.408821 8.059009 15.429893
v 61.395073 7.838165 15.414887
v 61.503872 8.258389 15.441184
v 61.455166 7.577662 15.360919
v 61.485233 8.206572 15.410467
v 61.469429 8.059009 15.384428
v 61.458874 7.838165 15.367028
v 61.560452 8.258389 15.414045
v 61.528339 7.577662 15.325820
v 61.548161 8.206572 15.380282
v 61.537746 8.059009 15.351661
v 61.530785 7.838165 15.332536
v 61.621239 8.258389 15.398466
v 61.606956 7.577662 15.305672
v 61.615772 8.206572 15.362955
v 61.611137 8.059009 15.332850
v 61.608044 7.838165 15.312735
v 61.683895 8.258389 15.395044
v 61.687992 7.577662 15.301248
v 61.685463 8.206572 15.359150
v 61.686790 8.059009 15.328720
v 61.687679 7.838165 15.308387
v 61.746017 8.258389 15.403913
v 61.768333 7.577662 15.312717
v 61.754559 8.206572 15.369015
v 61.761799 8.059009 15.339428
v 61.766636 7.838165 15.319659
v 61.805214 8.258389 15.424731
v 61.844894 7.577662 15.339641
v 61.820400 8.206572 15.392169
v 61.833271 8.059009 15.364563
v 61.841873 7.838165 15.346118
v 61.859215 8.258389 15.456698
v 61.914730 7.577662 15.380983
v 61.880459 8.206572 15.427724
v 61.898472 8.059009 15.403160
v 61.910503 7.838165 15.386747
v 61.905941 8.258389 15.498586
v 61.975159 7.577662 15.435157
v 61.932430 8.206572 15.474312
v 61.954887 8.059009 15.453734
v 61.969891 7.838165 15.439984
v 61.943596 8.258389 15.548783
v 62.023861 7.577662 15.500077
v 61.974312 8.206572 15.530145
v 62.000351 8.059009 15.514343
v 62.017750 7.838165 15.503785
v 61.970734 8.258389 15.605363
v 62.058960 7.577662 15.573252
v 62.004498 8.206572 15.593075
v 62.033119 8.059009 15.582657
v 62.052242 7.838165 15.575696
v 61.986313 8.258389 15.666150
v 62.079109 7.577662 15.651868
v 62.021824 8.206572 15.660685
v 62.051929 8.059009 15.656051
v 62.072044 7.838165 15.652955
v 61.989735 8.258389 15.728808
v 62.083530 7.577662 15.732903
v 62.025627 8.206572 15.730375
v 62.056061 8.059009 15.731704
v 62.076393 7.838165 15.732592
v 61.980865 8.258389 15.790930
v 62.072063 7.577662 15.813246
v 62.015766 8.206572 15.799470
v 62.045349 8.059009 15.806709
v 62.065121 7.838165 15.811547
vn -0.0000 -1.0000 -0.0000
vn 0.8064 0.0135 0.5913
vn 0.9062 0.0135 0.4226
vn 0.9049 0.0563 0.4219
vn 0.8052 0.0563 0.5904
vn 0.8981 0.1343 0.4188
vn 0.7991 0.1343 0.5860
vn 0.8625 0.3070 0.4022
vn 0.7675 0.3070 0.5628
vn 0.5478 0.7966 0.2555
vn 0.4875 0.7966 0.3574
vn 0.6755 0.0135 0.7372
vn 0.6745 0.0563 0.7361
vn 0.6695 0.1343 0.7306
vn 0.6430 0.3070 0.7017
vn 0.4084 0.7966 0.4457
vn 0.5187 0.0135 0.8548
vn 0.5180 0.0563 0.8536
vn 0.5141 0.1343 0.8472
vn 0.4937 0.3070 0.8136
vn 0.3136 0.7966 0.5168
vn 0.3420 0.0135 0.9396
vn 0.3415 0.0563 0.9382
vn 0.3389 0.1343 0.9312
vn 0.3255 0.3070 0.8943
vn 0.2067 0.7966 0.5680
vn 0.1521 0.0135 0.9883
vn 0.1519 0.0563 0.9868
vn 0.1507 0.1343 0.9794
vn 0.1448 0.3070 0.9406
vn 0.0920 0.7966 0.5974
vn -0.0436 0.0135 0.9990
vn -0.0436 0.0563 0.9975
vn -0.0432 0.1343 0.9900
vn -0.0415 0.3070 0.9508
vn -0.0264 0.7966 0.6039
vn -0.2377 0.0135 0.9713
vn -0.2373 0.0563 0.9698
vn -0.2355 0.1343 0.9625
vn -0.2262 0.3070 0.9244
vn -0.1437 0.7966 0.5871
vn -0.4226 0.0135 0.9062
vn -0.4219 0.0563 0.9049
vn -0.4188 0.1343 0.8981
vn -0.4022 0.3070 0.8625
vn -0.2555 0.7966 0.5478
vn -0.5913 0.0135 0.8064
vn -0.5904 0.0563 0.8052
vn -0.5860 0.1343 0.7991
vn -0.5628 0.3070 0.7675
vn -0.3574 0.7966 0.4875
vn -0.7372 0.0135 0.6755
vn -0.7361 0.0563 0.6745
vn -0.7306 0.1343 0.6695
vn -0.7017 0.3070 0.6430
vn -0.4457 0.7966 0.4084
vn -0.8548 0.0135 0.5187
vn -0.8536 0.0563 0.5180
vn -0.8472 0.1343 0.5141
vn -0.8136 0.3070 0.4937
vn -0.5168 0.7966 0.3136
vn -0.9396 0.0135 0.3420
vn -0.9382 0.0563 0.3415
vn -0.9312 0.1343 0.3389
vn -0.8943 0.3070 0.3255
vn -0.5680 0.7966 0.2067
vn -0.9883 0.0135 0.1521
vn -0.9868 0.0563 0.1519
vn -0.9794 0.1343 0.1507
vn -0.9406 0.3070 0.1448
vn -0.5974 0.7966 0.0920
vn -0.9990 0.0135 -0.0436
vn -0.9975 0.0563 -0.0436
vn -0.9900 0.1343 -0.0432
vn -0.9508 0.3070 -0.0415
vn -0.6039 0.7966 -0.0264
vn -0.9713 0.0135 -0.2377
vn -0.9698 0.0563 -0.2373
vn -0.9625 0.1343 -0.2355
vn -0.9244 0.3070 -0.2262
vn -0.5871 0.7966 -0.1437
vn -0.9062 0.0135 -0.4226
vn -0.9049 0.0563 -0.4219
vn -0.8981 0.1343 -0.4188
vn -0.8625 0.3070 -0.4022
vn -0.5478 0.7966 -0.2555
vn -0.8064 0.0135 -0.5913
vn -0.8052 0.0563 -0.5904
vn -0.7991 0.1343 -0.5860
vn -0.7675 0.3070 -0.5628
vn -0.4875 0.7966 -0.3574
vn -0.6755 0.0135 -0.7372
vn -0.6745 0.0563 -0.7361
vn -0.6695 0.1343 -0.7306
vn -0.6430 0.3070 -0.7017
vn -0.4084 0.7966 -0.4457
vn -0.5187 0.0135 -0.8548
vn -0.5180 0.0563 -0.8536
vn -0.5141 0.1343 -0.8472
vn -0.4937 0.3070 -0.8136
vn -0.3136 0.7966 -0.5168
vn -0.3420 0.0135 -0.9396
vn -0.3415 0.0563 -0.9382
vn -0.3389 0.1343 -0.9312
vn -0.3255 0.3070 -0.8943
vn -0.2067 0.7966 -0.5680
vn -0.1521 0.0135 -0.9883
vn -0.1519 0.0563 -0.9868
vn -0.1507 0.1343 -0.9794
vn -0.1448 0.3070 -0.9406
vn -0.0920 0.7966 -0.5974
vn 0.0436 0.0135 -0.9990
vn 0.0436 0.0563 -0.9975
vn 0.0432 0.1343 -0.9900
vn 0.0415 0.3070 -0.9508
vn 0.0264 0.7966 -0.6039
vn 0.2377 0.0135 -0.9713
vn 0.2373 0.0563 -0.9698
vn 0.2355 0.1343 -0.9625
vn 0.2262 0.3070 -0.9244
vn 0.1437 0.7966 -0.5871
vn 0.4226 0.0135 -0.9062
vn 0.4219 0.0563 -0.9049
vn 0.4188 0.1343 -0.8981
vn 0.4022 0.3070 -0.8625
vn 0.2555 0.7966 -0.5478
vn 0.5913 0.0135 -0.8064
vn 0.5904 0.0563 -0.8052
vn 0.5860 0.1343 -0.7991
vn 0.5628 0.3070 -0.7675
vn 0.3574 0.7966 -0.4875
vn 0.7372 0.0135 -0.6755
vn 0.7361 0.0563 -0.6745
vn 0.7306 0.1343 -0.6695
vn 0.7017 0.3070 -0.6430
vn 0.4457 0.7966 -0.4084
vn 0.8548 0.0135 -0.5187
vn 0.8536 0.0563 -0.5180
vn 0.8472 0.1343 -0.5141
vn 0.8136 0.3070 -0.4937
vn 0.5168 0.7966 -0.3136
vn 0.9396 0.0135 -0.3420
vn 0.9382 0.0563 -0.3415
vn 0.9312 0.1343 -0.3389
vn 0.8943 0.3070 -0.3255
vn 0.5680 0.7966 -0.2067
vn 0.9883 0.0135 -0.1521
vn 0.9868 0.0563 -0.1519
vn 0.9794 0.1343 -0.1507
vn 0.9406 0.3070 -0.1448
vn 0.5974 0.7966 -0.0920
vn 0.9990 0.0135 0.0436
vn 0.9975 0.0563 0.0436
vn 0.9900 0.1343 0.0432
vn 0.9508 0.3070 0.0415
vn 0.6039 0.7966 0.0264
vn 0.9713 0.0135 0.2377
vn 0.9698 0.0563 0.2373
vn 0.9625 0.1343 0.2355
vn 0.9244 0.3070 0.2262
vn 0.5871 0.7966 0.1437
vn 0.9063 -0.0000 0.4226
vn 0.8064 -0.0000 0.5913
vn 0.9713 -0.0000 0.2377
vn 0.6756 -0.0000 0.7373
vn 0.5188 -0.0000 0.8549
vn 0.3420 -0.0000 0.9397
vn 0.1521 -0.0000 0.9884
vn -0.0436 -0.0000 0.9990
vn -0.2377 -0.0000 0.9713
vn -0.4226 -0.0000 0.9063
vn -0.5913 -0.0000 0.8064
vn -0.7373 -0.0000 0.6756
vn -0.8549 -0.0000 0.5188
vn -0.9397 -0.0000 0.3420
vn -0.9884 -0.0000 0.1521
vn -0.9990 -0.0000 -0.0436
vn -0.9713 -0.0000 -0.2377
vn -0.9063 -0.0000 -0.4226
vn -0.8064 -0.0000 -0.5913
vn -0.6756 -0.0000 -0.7373
vn -0.5188 -0.0000 -0.8549
vn -0.3420 -0.0000 -0.9397
vn -0.1521 -0.0000 -0.9884
vn 0.0436 -0.0000 -0.9990
vn 0.2377 -0.0000 -0.9713
vn 0.4226 -0.0000 -0.9063
vn 0.5913 -0.0000 -0.8064
vn 0.7373 -0.0000 -0.6756
vn 0.8549 -0.0000 -0.5188
vn 0.9397 -0.0000 -0.3420
vn 0.9884 -0.0000 -0.1521
vn 0.9990 -0.0000 0.0436
vt 0.750000 0.490000
vt 0.796822 0.485388
vt 0.841844 0.471731
vt 0.883337 0.449553
vt 0.919706 0.419706
vt 0.949553 0.383337
vt 0.971731 0.341844
vt 0.985388 0.296822
vt 0.990000 0.250000
vt 0.985388 0.203178
vt 0.971731 0.158156
vt 0.949553 0.116663
vt 0.919706 0.080294
vt 0.883337 0.050447
vt 0.841844 0.028269
vt 0.796822 0.014612
vt 0.750000 0.010000
vt 0.703178 0.014612
vt 0.658156 0.028269
vt 0.616663 0.050447
vt 0.580294 0.080294
vt 0.550447 0.116663
vt 0.528269 0.158156
vt 0.514612 0.203178
vt 0.510000 0.250000
vt 0.514612 0.296822
vt 0.528269 0.341844
vt 0.550447 0.383337
vt 0.580294 0.419706
vt 0.616663 0.449553
vt 0.658156 0.471731
vt 0.703178 0.485388
vt 0.968750 0.958786
vt 1.000000 0.958786
vt 0.999730 0.974558
vt 0.968750 0.974558
vt 0.998962 1.000000
vt 0.968750 1.000000
vt 0.296792 0.485238
vt 0.250000 0.489847
vt 0.250000 0.456401
vt 0.290267 0.452435
vt 0.250000 0.435572
vt 0.286203 0.432006
vt 0.937500 0.958786
vt 0.937500 0.974558
vt 0.937500 1.000000
vt 0.341785 0.471590
vt 0.328986 0.440689
vt 0.321015 0.421446
vt 0.906250 0.958786
vt 0.906250 0.974558
vt 0.906250 1.000000
vt 0.383252 0.449425
vt 0.364670 0.421616
vt 0.353098 0.404297
vt 0.875000 0.958786
vt 0.875000 0.974558
vt 0.875000 1.000000
vt 0.419597 0.419597
vt 0.395947 0.395947
vt 0.381219 0.381219
vt 0.843750 0.958786
vt 0.843750 0.974558
vt 0.843750 1.000000
vt 0.449425 0.383252
vt 0.421616 0.364670
vt 0.404297 0.353098
vt 0.812500 0.958786
vt 0.812500 0.974558
vt 0.812500 1.000000
vt 0.471590 0.341785
vt 0.440689 0.328986
vt 0.421446 0.321015
vt 0.781250 0.958786
vt 0.781250 0.974558
vt 0.781250 1.000000
vt 0.485238 0.296792
vt 0.452435 0.290267
vt 0.432006 0.286203
vt 0.750000 0.958786
vt 0.750000 0.974558
vt 0.750000 1.000000
vt 0.489847 0.250000
vt 0.456401 0.250000
vt 0.435572 0.250000
vt 0.718750 0.958786
vt 0.718750 0.974558
vt 0.718750 1.000000
vt 0.485238 0.203208
vt 0.452435 0.209733
vt 0.432006 0.213797
vt 0.687500 0.958786
vt 0.687500 0.974558
vt 0.687500 1.000000
vt 0.471590 0.158215
vt 0.440689 0.171014
vt 0.421446 0.178985
vt 0.656250 0.958786
vt 0.656250 0.974558
vt 0.656250 1.000000
vt 0.449425 0.116748
vt 0.421616 0.135330
vt 0.404297 0.146902
vt 0.625000 0.958786
vt 0.625000 0.974558
vt 0.625000 1.000000
vt 0.419597 0.080403
vt 0.395947 0.104053
vt 0.381219 0.118781
vt 0.593750 0.958786
vt 0.593750 0.974558
vt 0.593750 1.000000
vt 0.383252 0.050575
vt 0.364670 0.078384
vt 0.353098 0.095703
vt 0.562500 0.958786
vt 0.562500 0.974558
vt 0.562500 1.000000
vt 0.341785 0.028410
vt 0.328986 0.059311
vt 0.321015 0.078554
vt 0.531250 0.958786
vt 0.531250 0.974558
vt 0.531250 1.000000
vt 0.296792 0.014762
vt 0.290267 0.047565
vt 0.286203 0.067994
vt 0.500000 0.958786
vt 0.500000 0.974558
vt 0.500000 1.000000
vt 0.250000 0.010153
vt 0.250000 0.043599
vt 0.250000 0.064428
vt 0.468750 0.958786
vt 0.468750 0.974558
vt 0.468750 1.000000
vt 0.203208 0.014762
vt 0.209733 0.047565
vt 0.213797 0.067994
vt 0.437500 0.958786
vt 0.437500 0.974558
vt 0.437500 1.000000
vt 0.158215 0.028410
vt 0.171014 0.059311
vt 0.178985 0.078554
vt 0.406250 0.958786
vt 0.406250 0.974558
vt 0.406250 1.000000
vt 0.116748 0.050575
vt 0.135330 0.078384
vt 0.146902 0.095703
vt 0.375000 0.958786
vt 0.375000 0.974558
vt 0.375000 1.000000
vt 0.080403 0.080403
vt 0.104053 0.104053
vt 0.118781 0.118781
vt 0.343750 0.958786
vt 0.343750 0.974558
vt 0.343750 1.000000
vt 0.050575 0.116748
vt 0.078384 0.135330
vt 0.095703 0.146902
vt 0.312500 0.958786
vt 0.312500 0.974558
vt 0.312500 1.000000
vt 0.028410 0.158215
vt 0.059311 0.171014
vt 0.078554 0.178985
vt 0.281250 0.958786
vt 0.281250 0.974558
vt 0.281250 1.000000
vt 0.014762 0.203208
vt 0.047565 0.209733
vt 0.067994 0.213797
vt 0.250000 0.958786
vt 0.250000 0.974558
vt 0.250000 1.000000
vt 0.010153 0.250000
vt 0.043599 0.250000
vt 0.064428 0.250000
vt 0.218750 0.958786
vt 0.218750 0.974558
vt 0.218750 1.000000
vt 0.014762 0.296792
vt 0.047565 0.290267
vt 0.067994 0.286203
vt 0.187500 0.958786
vt 0.187500 0.974558
vt 0.187500 1.000000
vt 0.028410 0.341785
vt 0.059311 0.328986
vt 0.078554 0.321015
vt 0.156250 0.958786
vt 0.156250 0.974558
vt 0.156250 1.000000
vt 0.050575 0.383252
vt 0.078384 0.364670
vt 0.095703 0.353098
vt 0.125000 0.958786
vt 0.125000 0.974558
vt 0.125000 1.000000
vt 0.080403 0.419597
vt 0.104053 0.395947
vt 0.118781 0.381219
vt 0.093750 0.958786
vt 0.093750 0.974558
vt 0.093750 1.000000
vt 0.116748 0.449425
vt 0.135330 0.421616
vt 0.146902 0.404297
vt 0.062500 0.958786
vt 0.062500 0.974558
vt 0.062500 1.000000
vt 0.158215 0.471590
vt 0.171014 0.440689
vt 0.178985 0.421446
vt 0.031250 0.958786
vt 0.031250 0.974558
vt 0.031250 1.000000
vt 0.203208 0.485238
vt 0.209733 0.452435
vt 0.213797 0.432006
vt 0.000000 0.958786
vt 0.000270 0.974558
vt 0.001038 1.000000
vt 1.000000 0.500000
vt 0.968750 0.500000
vt 0.031250 0.500000
vt 0.000000 0.500000
vt 0.937500 0.500000
vt 0.906250 0.500000
vt 0.875000 0.500000
vt 0.843750 0.500000
vt 0.812500 0.500000
vt 0.781250 0.500000
vt 0.750000 0.500000
vt 0.718750 0.500000
vt 0.687500 0.500000
vt 0.656250 0.500000
vt 0.625000 0.500000
vt 0.593750 0.500000
vt 0.562500 0.500000
vt 0.531250 0.500000
vt 0.500000 0.500000
vt 0.468750 0.500000
vt 0.437500 0.500000
vt 0.406250 0.500000
vt 0.375000 0.500000
vt 0.343750 0.500000
vt 0.312500 0.500000
vt 0.281250 0.500000
vt 0.250000 0.500000
vt 0.218750 0.500000
vt 0.187500 0.500000
vt 0.156250 0.500000
vt 0.125000 0.500000
vt 0.093750 0.500000
vt 0.062500 0.500000
s 1
f 5549/4333/1905 5550/4334/1905 5551/4335/1905 5552/4336/1905 5553/4337/1905 5554/4338/1905 5555/4339/1905 5556/4340/1905 5557/4341/1905 5558/4342/1905 5559/4343/1905 5560/4344/1905 5561/4345/1905 5562/4346/1905 5563/4347/1905 5564/4348/1905 5565/4349/1905 5566/4350/1905 5567/4351/1905 5568/4352/1905 5569/4353/1905 5570/4354/1905 5571/4355/1905 5572/4356/1905 5573/4357/1905 5574/4358/1905 5575/4359/1905 5576/4360/1905 5577/4361/1905 5578/4362/1905 5579/4363/1905 5580/4364/1905
f 5587/4365/1906 5582/4366/1907 5585/4367/1908 5590/4368/1909
f 5590/4368/1909 5585/4367/1908 5584/4369/1910 5589/4370/1911
f 5589/4371/1911 5584/4372/1910 5583/4373/1912 5588/4374/1913
f 5588/4374/1913 5583/4373/1912 5581/4375/1914 5586/4376/1915
f 5592/4377/1916 5587/4365/1906 5590/4368/1909 5595/4378/1917
f 5595/4378/1917 5590/4368/1909 5589/4370/1911 5594/4379/1918
f 5594/4380/1918 5589/4371/1911 5588/4374/1913 5593/4381/1919
f 5593/4381/1919 5588/4374/1913 5586/4376/1915 5591/4382/1920
f 5597/4383/1921 5592/4377/1916 5595/4378/1917 5600/4384/1922
f 5600/4384/1922 5595/4378/1917 5594/4379/1918 5599/4385/1923
f 5599/4386/1923 5594/4380/1918 5593/4381/1919 5598/4387/1924
f 5598/4387/1924 5593/4381/1919 5591/4382/1920 5596/4388/1925
f 5602/4389/1926 5597/4383/1921 5600/4384/1922 5605/4390/1927
f 5605/4390/1927 5600/4384/1922 5599/4385/1923 5604/4391/1928
f 5604/4392/1928 5599/4386/1923 5598/4387/1924 5603/4393/1929
f 5603/4393/1929 5598/4387/1924 5596/4388/1925 5601/4394/1930
f 5607/4395/1931 5602/4389/1926 5605/4390/1927 5610/4396/1932
f 5610/4396/1932 5605/4390/1927 5604/4391/1928 5609/4397/1933
f 5609/4398/1933 5604/4392/1928 5603/4393/1929 5608/4399/1934
f 5608/4399/1934 5603/4393/1929 5601/4394/1930 5606/4400/1935
f 5612/4401/1936 5607/4395/1931 5610/4396/1932 5615/4402/1937
f 5615/4402/1937 5610/4396/1932 5609/4397/1933 5614/4403/1938
f 5614/4404/1938 5609/4398/1933 5608/4399/1934 5613/4405/1939
f 5613/4405/1939 5608/4399/1934 5606/4400/1935 5611/4406/1940
f 5617/4407/1941 5612/4401/1936 5615/4402/1937 5620/4408/1942
f 5620/4408/1942 5615/4402/1937 5614/4403/1938 5619/4409/1943
f 5619/4410/1943 5614/4404/1938 5613/4405/1939 5618/4411/1944
f 5618/4411/1944 5613/4405/1939 5611/4406/1940 5616/4412/1945
f 5622/4413/1946 5617/4407/1941 5620/4408/1942 5625/4414/1947
f 5625/4414/1947 5620/4408/1942 5619/4409/1943 5624/4415/1948
f 5624/4416/1948 5619/4410/1943 5618/4411/1944 5623/4417/1949
f 5623/4417/1949 5618/4411/1944 5616/4412/1945 5621/4418/1950
f 5627/4419/1951 5622/4413/1946 5625/4414/1947 5630/4420/1952
f 5630/4420/1952 5625/4414/1947 5624/4415/1948 5629/4421/1953
f 5629/4422/1953 5624/4416/1948 5623/4417/1949 5628/4423/1954
f 5628/4423/1954 5623/4417/1949 5621/4418/1950 5626/4424/1955
f 5632/4425/1956 5627/4419/1951 5630/4420/1952 5635/4426/1957
f 5635/4426/1957 5630/4420/1952 5629/4421/1953 5634/4427/1958
f 5634/4428/1958 5629/4422/1953 5628/4423/1954 5633/4429/1959
f 5633/4429/1959 5628/4423/1954 5626/4424/1955 5631/4430/1960
f 5637/4431/1961 5632/4425/1956 5635/4426/1957 5640/4432/1962
f 5640/4432/1962 5635/4426/1957 5634/4427/1958 5639/4433/1963
f 5639/4434/1963 5634/4428/1958 5633/4429/1959 5638/4435/1964
f 5638/4435/1964 5633/4429/1959 5631/4430/1960 5636/4436/1965
f 5642/4437/1966 5637/4431/1961 5640/4432/1962 5645/4438/1967
f 5645/4438/1967 5640/4432/1962 5639/4433/1963 5644/4439/1968
f 5644/4440/1968 5639/4434/1963 5638/4435/1964 5643/4441/1969
f 5643/4441/1969 5638/4435/1964 5636/4436/1965 5641/4442/1970
f 5647/4443/1971 5642/4437/1966 5645/4438/1967 5650/4444/1972
f 5650/4444/1972 5645/4438/1967 5644/4439/1968 5649/4445/1973
f 5649/4446/1973 5644/4440/1968 5643/4441/1969 5648/4447/1974
f 5648/4447/1974 5643/4441/1969 5641/4442/1970 5646/4448/1975
f 5652/4449/1976 5647/4443/1971 5650/4444/1972 5655/4450/1977
f 5655/4450/1977 5650/4444/1972 5649/4445/1973 5654/4451/1978
f 5654/4452/1978 5649/4446/1973 5648/4447/1974 5653/4453/1979
f 5653/4453/1979 5648/4447/1974 5646/4448/1975 5651/4454/1980
f 5657/4455/1981 5652/4449/1976 5655/4450/1977 5660/4456/1982
f 5660/4456/1982 5655/4450/1977 5654/4451/1978 5659/4457/1983
f 5659/4458/1983 5654/4452/1978 5653/4453/1979 5658/4459/1984
f 5658/4459/1984 5653/4453/1979 5651/4454/1980 5656/4460/1985
f 5662/4461/1986 5657/4455/1981 5660/4456/1982 5665/4462/1987
f 5665/4462/1987 5660/4456/1982 5659/4457/1983 5664/4463/1988
f 5664/4464/1988 5659/4458/1983 5658/4459/1984 5663/4465/1989
f 5663/4465/1989 5658/4459/1984 5656/4460/1985 5661/4466/1990
f 5667/4467/1991 5662/4461/1986 5665/4462/1987 5670/4468/1992
f 5670/4468/1992 5665/4462/1987 5664/4463/1988 5669/4469/1993
f 5669/4470/1993 5664/4464/1988 5663/4465/1989 5668/4471/1994
f 5668/4471/1994 5663/4465/1989 5661/4466/1990 5666/4472/1995
f 5672/4473/1996 5667/4467/1991 5670/4468/1992 5675/4474/1997
f 5675/4474/1997 5670/4468/1992 5669/4469/1993 5674/4475/1998
f 5674/4476/1998 5669/4470/1993 5668/4471/1994 5673/4477/1999
f 5673/4477/1999 5668/4471/1994 5666/4472/1995 5671/4478/2000
f 5677/4479/2001 5672/4473/1996 5675/4474/1997 5680/4480/2002
f 5680/4480/2002 5675/4474/1997 5674/4475/1998 5679/4481/2003
f 5679/4482/2003 5674/4476/1998 5673/4477/1999 5678/4483/2004
f 5678/4483/2004 5673/4477/1999 5671/4478/2000 5676/4484/2005
f 5682/4485/2006 5677/4479/2001 5680/4480/2002 5685/4486/2007
f 5685/4486/2007 5680/4480/2002 5679/4481/2003 5684/4487/2008
f 5684/4488/2008 5679/4482/2003 5678/4483/2004 5683/4489/2009
f 5683/4489/2009 5678/4483/2004 5676/4484/2005 5681/4490/2010
f 5687/4491/2011 5682/4485/2006 5685/4486/2007 5690/4492/2012
f 5690/4492/2012 5685/4486/2007 5684/4487/2008 5689/4493/2013
f 5689/4494/2013 5684/4488/2008 5683/4489/2009 5688/4495/2014
f 5688/4495/2014 5683/4489/2009 5681/4490/2010 5686/4496/2015
f 5692/4497/2016 5687/4491/2011 5690/4492/2012 5695/4498/2017
f 5695/4498/2017 5690/4492/2012 5689/4493/2013 5694/4499/2018
f 5694/4500/2018 5689/4494/2013 5688/4495/2014 5693/4501/2019
f 5693/4501/2019 5688/4495/2014 5686/4496/2015 5691/4502/2020
f 5697/4503/2021 5692/4497/2016 5695/4498/2017 5700/4504/2022
f 5700/4504/2022 5695/4498/2017 5694/4499/2018 5699/4505/2023
f 5699/4506/2023 5694/4500/2018 5693/4501/2019 5698/4507/2024
f 5698/4507/2024 5693/4501/2019 5691/4502/2020 5696/4508/2025
f 5702/4509/2026 5697/4503/2021 5700/4504/2022 5705/4510/2027
f 5705/4510/2027 5700/4504/2022 5699/4505/2023 5704/4511/2028
f 5704/4512/2028 5699/4506/2023 5698/4507/2024 5703/4513/2029
f 5703/4513/2029 5698/4507/2024 5696/4508/2025 5701/4514/2030
f 5707/4515/2031 5702/4509/2026 5705/4510/2027 5710/4516/2032
f 5710/4516/2032 5705/4510/2027 5704/4511/2028 5709/4517/2033
f 5709/4518/2033 5704/4512/2028 5703/4513/2029 5708/4519/2034
f 5708/4519/2034 5703/4513/2029 5701/4514/2030 5706/4520/2035
f 5712/4521/2036 5707/4515/2031 5710/4516/2032 5715/4522/2037
f 5715/4522/2037 5710/4516/2032 5709/4517/2033 5714/4523/2038
f 5714/4524/2038 5709/4518/2033 5708/4519/2034 5713/4525/2039
f 5713/4525/2039 5708/4519/2034 5706/4520/2035 5711/4526/2040
f 5717/4527/2041 5712/4521/2036 5715/4522/2037 5720/4528/2042
f 5720/4528/2042 5715/4522/2037 5714/4523/2038 5719/4529/2043
f 5719/4530/2043 5714/4524/2038 5713/4525/2039 5718/4531/2044
f 5718/4531/2044 5713/4525/2039 5711/4526/2040 5716/4532/2045
f 5722/4533/2046 5717/4527/2041 5720/4528/2042 5725/4534/2047
f 5725/4534/2047 5720/4528/2042 5719/4529/2043 5724/4535/2048
f 5724/4536/2048 5719/4530/2043 5718/4531/2044 5723/4537/2049
f 5723/4537/2049 5718/4531/2044 5716/4532/2045 5721/4538/2050
f 5727/4539/2051 5722/4533/2046 5725/4534/2047 5730/4540/2052
f 5730/4540/2052 5725/4534/2047 5724/4535/2048 5729/4541/2053
f 5729/4542/2053 5724/4536/2048 5723/4537/2049 5728/4543/2054
f 5728/4543/2054 5723/4537/2049 5721/4538/2050 5726/4544/2055
f 5732/4545/2056 5727/4539/2051 5730/4540/2052 5735/4546/2057
f 5735/4546/2057 5730/4540/2052 5729/4541/2053 5734/4547/2058
f 5734/4548/2058 5729/4542/2053 5728/4543/2054 5733/4549/2059
f 5733/4549/2059 5728/4543/2054 5726/4544/2055 5731/4550/2060
f 5737/4551/2061 5732/4545/2056 5735/4546/2057 5740/4552/2062
f 5740/4552/2062 5735/4546/2057 5734/4547/2058 5739/4553/2063
f 5739/4554/2063 5734/4548/2058 5733/4549/2059 5738/4555/2064
f 5738/4555/2064 5733/4549/2059 5731/4550/2060 5736/4556/2065
f 5582/4557/1907 5737/4551/2061 5740/4552/2062 5585/4558/1908
f 5585/4558/1908 5740/4552/2062 5739/4553/2063 5584/4559/1910
f 5584/4372/1910 5739/4554/2063 5738/4555/2064 5583/4373/1912
f 5583/4373/1912 5738/4555/2064 5736/4556/2065 5581/4375/1914
f 5586/4376/1915 5581/4375/1914 5736/4556/2065 5731/4550/2060 5726/4544/2055 5721/4538/2050 5716/4532/2045 5711/4526/2040 5706/4520/2035 5701/4514/2030 5696/4508/2025 5691/4502/2020 5686/4496/2015 5681/4490/2010 5676/4484/2005 5671/4478/2000 5666/4472/1995 5661/4466/1990 5656/4460/1985 5651/4454/1980 5646/4448/1975 5641/4442/1970 5636/4436/1965 5631/4430/1960 5626/4424/1955 5621/4418/1950 5616/4412/1945 5611/4406/1940 5606/4400/1935 5601/4394/1930 5596/4388/1925 5591/4382/1920
f 5549/4560/2066 5582/4366/1907 5587/4365/1906 5550/4561/2067
f 5580/4562/2068 5737/4551/2061 5582/4557/1907 5549/4563/2066
f 5550/4561/2067 5587/4365/1906 5592/4377/1916 5551/4564/2069
f 5551/4564/2069 5592/4377/1916 5597/4383/1921 5552/4565/2070
f 5552/4565/2070 5597/4383/1921 5602/4389/1926 5553/4566/2071
f 5553/4566/2071 5602/4389/1926 5607/4395/1931 5554/4567/2072
f 5554/4567/2072 5607/4395/1931 5612/4401/1936 5555/4568/2073
f 5555/4568/2073 5612/4401/1936 5617/4407/1941 5556/4569/2074
f 5556/4569/2074 5617/4407/1941 5622/4413/1946 5557/4570/2075
f 5557/4570/2075 5622/4413/1946 5627/4419/1951 5558/4571/2076
f 5558/4571/2076 5627/4419/1951 5632/4425/1956 5559/4572/2077
f 5559/4572/2077 5632/4425/1956 5637/4431/1961 5560/4573/2078
f 5560/4573/2078 5637/4431/1961 5642/4437/1966 5561/4574/2079
f 5561/4574/2079 5642/4437/1966 5647/4443/1971 5562/4575/2080
f 5562/4575/2080 5647/4443/1971 5652/4449/1976 5563/4576/2081
f 5563/4576/2081 5652/4449/1976 5657/4455/1981 5564/4577/2082
f 5564/4577/2082 5657/4455/1981 5662/4461/1986 5565/4578/2083
f 5565/4578/2083 5662/4461/1986 5667/4467/1991 5566/4579/2084
f 5566/4579/2084 5667/4467/1991 5672/4473/1996 5567/4580/2085
f 5567/4580/2085 5672/4473/1996 5677/4479/2001 5568/4581/2086
f 5568/4581/2086 5677/4479/2001 5682/4485/2006 5569/4582/2087
f 5569/4582/2087 5682/4485/2006 5687/4491/2011 5570/4583/2088
f 5570/4583/2088 5687/4491/2011 5692/4497/2016 5571/4584/2089
f 5571/4584/2089 5692/4497/2016 5697/4503/2021 5572/4585/2090
f 5572/4585/2090 5697/4503/2021 5702/4509/2026 5573/4586/2091
f 5573/4586/2091 5702/4509/2026 5707/4515/2031 5574/4587/2092
f 5574/4587/2092 5707/4515/2031 5712/4521/2036 5575/4588/2093
f 5575/4588/2093 5712/4521/2036 5717/4527/2041 5576/4589/2094
f 5576/4589/2094 5717/4527/2041 5722/4533/2046 5577/4590/2095
f 5577/4590/2095 5722/4533/2046 5727/4539/2051 5578/4591/2096
f 5578/4591/2096 5727/4539/2051 5732/4545/2056 5579/4592/2097
f 5579/4592/2097 5732/4545/2056 5737/4551/2061 5580/4562/2068
o Cube.009
v 40.887501 32.652985 -24.511866
v 40.887501 40.328918 -24.511866
v 39.959553 32.652985 -24.511866
v 39.959553 40.328918 -24.511866
v 40.887501 32.652985 -32.187798
v 40.887501 40.328918 -32.187798
v 39.959553 32.652985 -32.187798
v 39.959553 40.328918 -32.187798
vn -0.0000 -0.0000 1.0000
vn -1.0000 -0.0000 -0.0000
vn -0.0000 -0.0000 -1.0000
vn 1.0000 -0.0000 -0.0000
vn -0.0000 -1.0000 -0.0000
vn -0.0000 1.0000 -0.0000
vt 0.375000 0.000000
vt 0.625000 0.000000
vt 0.625000 0.250000
vt 0.375000 0.250000
vt 0.625000 0.500000
vt 0.375000 0.500000
vt 0.625000 0.750000
vt 0.375000 0.750000
vt 0.625000 1.000000
vt 0.375000 1.000000
vt 0.125000 0.500000
vt 0.125000 0.750000
vt 0.875000 0.500000
vt 0.875000 0.750000
s 0
f 5741/4593/2098 5742/4594/2098 5744/4595/2098 5743/4596/2098
f 5743/4596/2099 5744/4595/2099 5748/4597/2099 5747/4598/2099
f 5747/4598/2100 5748/4597/2100 5746/4599/2100 5745/4600/2100
f 5745/4600/2101 5746/4599/2101 5742/4601/2101 5741/4602/2101
f 5743/4603/2102 5747/4598/2102 5745/4600/2102 5741/4604/2102
f 5748/4597/2103 5744/4605/2103 5742/4606/2103 5746/4599/2103
o Cube.017
v 40.075672 38.473625 -22.283688
v 40.075672 39.099648 -22.283688
v 40.075672 38.473625 -24.513287
v 40.075672 39.099648 -24.513287
v 40.701694 38.473625 -22.283688
v 40.701694 39.099648 -22.283688
v 40.701694 38.473625 -24.513287
v 40.701694 39.099648 -24.513287
vn -1.0000 -0.0000 -0.0000
vn -0.0000 -0.0000 -1.0000
vn 1.0000 -0.0000 -0.0000
vn -0.0000 -0.0000 1.0000
vn -0.0000 -1.0000 -0.0000
vn -0.0000 1.0000 -0.0000
vt 0.375000 0.000000
vt 0.625000 0.000000
vt 0.625000 0.250000
vt 0.375000 0.250000
vt 0.625000 0.500000
vt 0.375000 0.500000
vt 0.625000 0.750000
vt 0.375000 0.750000
vt 0.625000 1.000000
vt 0.375000 1.000000
vt 0.125000 0.500000
vt 0.125000 0.750000
vt 0.875000 0.500000
vt 0.875000 0.750000
s 0
f 5749/4607/2104 5750/4608/2104 5752/4609/2104 5751/4610/2104
f 5751/4610/2105 5752/4609/2105 5756/4611/2105 5755/4612/2105
f 5755/4612/2106 5756/4611/2106 5754/4613/2106 5753/4614/2106
f 5753/4614/2107 5754/4613/2107 5750/4615/2107 5749/4616/2107
f 5751/4617/2108 5755/4612/2108 5753/4614/2108 5749/4618/2108
f 5756/4611/2109 5752/4619/2109 5750/4620/2109 5754/4613/2109
o Cube.018
v 40.075672 34.850994 -22.283688
v 40.075672 35.477016 -22.283688
v 40.075672 34.850994 -24.513287
v 40.075672 35.477016 -24.513287
v 40.701694 34.850994 -22.283688
v 40.701694 35.477016 -22.283688
v 40.701694 34.850994 -24.513287
v 40.701694 35.477016 -24.513287
vn -1.0000 -0.0000 -0.0000
vn -0.0000 -0.0000 -1.0000
vn 1.0000 -0.0000 -0.0000
vn -0.0000 -0.0000 1.0000
vn -0.0000 -1.0000 -0.0000
vn -0.0000 1.0000 -0.0000
vt 0.375000 0.000000
vt 0.625000 0.000000
vt 0.625000 0.250000
vt 0.375000 0.250000
vt 0.625000 0.500000
vt 0.375000 0.500000
vt 0.625000 0.750000
vt 0.375000 0.750000
vt 0.625000 1.000000
vt 0.375000 1.000000
vt 0.125000 0.500000
vt 0.125000 0.750000
vt 0.875000 0.500000
vt 0.875000 0.750000
s 0
f 5757/4621/2110 5758/4622/2110 5760/4623/2110 5759/4624/2110
f 5759/4624/2111 5760/4623/2111 5764/4625/2111 5763/4626/2111
f 5763/4626/2112 5764/4625/2112 5762/4627/2112 5761/4628/2112
f 5761/4628/2113 5762/4627/2113 5758/4629/2113 5757/4630/2113
f 5759/4631/2114 5763/4626/2114 5761/4628/2114 5757/4632/2114
f 5764/4625/2115 5760/4633/2115 5758/4634/2115 5762/4627/2115
