# Blender 5.0.1
# www.blender.org
o Curve.004
v 174.661011 176.539154 -124.305321
v 174.661011 175.700745 -122.176941
v 174.661011 174.866425 -120.509346
v 174.661011 174.440536 -119.838058
v 174.661011 174.003326 -119.269623
v 174.661011 173.550705 -118.799919
v 174.661011 173.078537 -118.424850
v 174.661011 172.582718 -118.140282
v 174.661011 172.059128 -117.942116
v 174.661011 171.503662 -117.826241
v 174.661011 170.912216 -117.788528
v 174.661011 169.798203 -117.865669
v 174.661011 169.352768 -117.958618
v 174.661011 168.984467 -118.084747
v 174.661011 168.695328 -118.241730
v 174.661011 168.487442 -118.427254
v 174.661011 168.362854 -118.639008
v 174.661011 168.323593 -118.874664
v 174.661011 168.371765 -119.131935
v 174.661011 168.509384 -119.408478
v 174.661011 168.738525 -119.702003
v 174.661011 169.574799 -120.459641
v 174.661011 169.924347 -120.847397
v 174.661011 170.100098 -121.176521
v 174.661011 170.092300 -121.450111
v 174.661011 169.891174 -121.671242
v 174.661011 169.486969 -121.843010
v 174.661011 168.869888 -121.968491
v 174.661011 168.030182 -122.050774
v 174.661011 165.643799 -122.098083
v 174.661011 153.238876 -122.146774
v 174.661011 149.774139 -122.639099
v 174.661011 147.074463 -123.402962
v 174.661011 146.028229 -123.884148
v 174.661011 145.193329 -124.430130
v 174.661011 144.576416 -125.039879
v 174.661011 144.184204 -125.712372
v 174.661011 143.848633 -126.851295
v 174.661011 143.794342 -127.306854
v 174.661011 143.819504 -127.689896
v 174.661011 143.926910 -128.002991
v 174.661011 144.119431 -128.248734
v 174.661011 144.399857 -128.429657
v 174.661011 144.771027 -128.548370
v 174.661011 145.235794 -128.607422
v 174.661011 145.796951 -128.609390
v 174.661011 149.230164 -128.210999
v 174.661011 150.888840 -128.224716
v 174.661011 151.584366 -128.325943
v 174.661011 152.189651 -128.489395
v 174.661011 152.703934 -128.714554
v 174.661011 153.126450 -129.000916
v 174.661011 153.456406 -129.347961
v 174.661011 153.693054 -129.755173
v 174.661011 153.835602 -130.222046
v 174.661011 153.883286 -130.748062
v 174.661011 153.889282 -131.002274
v 174.661011 153.906601 -131.245178
v 174.661011 153.934189 -131.474716
v 174.661011 154.016113 -131.885437
v 174.661011 154.126831 -132.218002
v 174.661011 154.190414 -132.349823
v 174.661011 154.258118 -132.455933
v 174.661011 154.328888 -132.534271
v 174.661011 154.401733 -132.582779
v 174.661011 154.574020 -132.617493
v 174.661011 154.682983 -132.670044
v 174.661011 154.800674 -132.754471
v 174.661011 155.055099 -133.008682
v 174.661011 155.322891 -133.359589
v 174.661011 155.589661 -133.786606
v 174.661011 155.840988 -134.269150
v 174.661011 156.208664 -135.086761
v 174.661011 156.301117 -135.317444
v 174.661011 156.416122 -135.679581
v 174.661011 156.437622 -135.811539
v 174.661011 156.434464 -135.911087
v 174.661011 156.406097 -135.978500
v 174.661011 156.352020 -136.014038
v 174.661011 156.271729 -136.017929
v 174.661011 156.164703 -135.990463
v 174.661011 155.931610 -135.879028
v 174.661011 155.856979 -135.867081
v 174.661011 155.805984 -135.893692
v 174.661011 155.778137 -135.956558
v 174.661011 155.772903 -136.053360
v 174.661011 155.789795 -136.181793
v 174.661011 155.887817 -136.524292
v 174.661011 156.326569 -137.487000
v 174.661011 157.600616 -139.531006
v 174.661011 159.096512 -141.218872
v 174.661011 160.767746 -142.549316
v 174.661011 162.567764 -143.521072
v 174.661011 164.450058 -144.132843
v 174.661011 166.368088 -144.383331
v 174.661011 168.275314 -144.271271
v 174.661011 170.125214 -143.795349
v 174.661011 171.871246 -142.954315
v 174.661011 173.466888 -141.746872
v 174.661011 174.865616 -140.171707
v 174.661011 176.020889 -138.227570
v 174.661011 176.779099 -136.229462
v 174.661011 177.274063 -133.943375
v 174.661011 177.501663 -131.488602
v 174.661011 177.457794 -128.984467
v 174.661011 177.138321 -126.550270
v 174.661011 172.392990 -137.338913
v 174.661011 172.035263 -138.053604
v 174.661011 171.561081 -138.607086
v 174.661011 170.980469 -139.001648
v 174.661011 170.303452 -139.239624
v 174.661011 169.540054 -139.323318
v 174.661011 168.700302 -139.255051
v 174.661011 167.794235 -139.037140
v 174.661011 166.831848 -138.671875
v 174.661011 165.823196 -138.161591
v 174.661011 164.778305 -137.508606
v 174.661011 161.322052 -134.674240
v 174.661011 160.656464 -134.236847
v 174.661011 160.475052 -134.138367
v 174.661011 160.319870 -134.066116
v 174.661011 160.194504 -134.021637
v 174.661011 160.102554 -134.006470
v 174.661011 160.027176 -134.014343
v 174.661011 159.950012 -134.001663
v 174.661011 159.872330 -133.969421
v 174.661011 159.795425 -133.918686
v 174.661011 159.720566 -133.850464
v 174.661011 159.649063 -133.765778
v 174.661011 159.582184 -133.665665
v 174.661011 159.521210 -133.551163
v 174.661011 159.422150 -133.283051
v 174.661011 159.333115 -132.812790
v 174.661011 159.284012 -132.640213
v 174.661011 159.131821 -132.259323
v 174.661011 158.917923 -131.849625
v 174.661011 158.654678 -131.433746
v 174.661011 158.508408 -131.230576
v 174.661011 158.354416 -131.034332
v 174.661011 157.300430 -129.909882
v 174.661011 156.936234 -129.403503
v 174.661011 156.886322 -129.312912
v 174.661011 156.855423 -129.241852
v 174.661011 156.844849 -129.192917
v 174.661011 156.915802 -129.140503
v 174.661011 157.122482 -129.094513
v 174.661011 159.121536 -128.980011
v 174.661011 163.563858 -129.012375
v 174.661011 164.618912 -129.044815
v 174.661011 166.047424 -129.085175
v 174.661011 170.146973 -129.339233
v 174.661011 171.372040 -129.543396
v 174.661011 171.814392 -129.670166
v 174.661011 172.156998 -129.815445
v 174.661011 172.410126 -129.980774
v 174.661011 172.584091 -130.167709
v 174.661011 172.689148 -130.377777
v 174.661011 172.898575 -131.510544
v 174.661011 173.013062 -133.969437
v 174.661011 172.914001 -135.188583
v 174.661011 172.707993 -136.329575
v 178.588882 177.457794 -128.984467
v 178.588882 177.501663 -131.488602
v 178.588882 177.274063 -133.943375
v 178.588882 177.138321 -126.550270
v 178.588882 176.779099 -136.229462
v 178.588882 176.539154 -124.305321
v 178.588882 176.020889 -138.227570
v 178.588882 175.700745 -122.176941
v 178.588882 174.865616 -140.171707
v 178.588882 174.866425 -120.509346
v 178.588882 174.440536 -119.838058
v 178.588882 173.466888 -141.746872
v 178.588882 174.003326 -119.269623
v 178.588882 173.550705 -118.799919
v 178.588882 173.078537 -118.424850
v 178.588882 173.013062 -133.969437
v 178.588882 172.914001 -135.188583
v 178.588882 171.871246 -142.954315
v 178.588882 172.582718 -118.140282
v 178.588882 172.898575 -131.510544
v 178.588882 172.707993 -136.329575
v 178.588882 172.689148 -130.377777
v 178.588882 172.584091 -130.167709
v 178.588882 172.410126 -129.980774
v 178.588882 172.059128 -117.942116
v 178.588882 172.392990 -137.338913
v 178.588882 172.156998 -129.815445
v 178.588882 172.035263 -138.053604
v 178.588882 171.814392 -129.670166
v 178.588882 171.503662 -117.826241
v 178.588882 171.561081 -138.607086
v 178.588882 170.125214 -143.795349
v 178.588882 171.372040 -129.543396
v 178.588882 170.980469 -139.001648
v 178.588882 170.912216 -117.788528
v 178.588882 170.303452 -139.239624
v 178.588882 170.146973 -129.339233
v 178.588882 169.798203 -117.865669
v 178.588882 170.100098 -121.176521
v 178.588882 169.540054 -139.323318
v 178.588882 170.092300 -121.450111
v 178.588882 168.275314 -144.271271
v 178.588882 169.924347 -120.847397
v 178.588882 169.891174 -121.671242
v 178.588882 169.574799 -120.459641
v 178.588882 169.486969 -121.843010
v 178.588882 169.352768 -117.958618
v 178.588882 168.700302 -139.255051
v 178.588882 168.869888 -121.968491
v 178.588882 168.984467 -118.084747
v 178.588882 168.738525 -119.702003
v 178.588882 168.695328 -118.241730
v 178.588882 168.030182 -122.050774
v 178.588882 168.509384 -119.408478
v 178.588882 167.794235 -139.037140
v 178.588882 168.487442 -118.427254
v 178.588882 168.371765 -119.131935
v 178.588882 168.362854 -118.639008
v 178.588882 168.323593 -118.874664
v 178.588882 166.368088 -144.383331
v 178.588882 166.831848 -138.671875
v 178.588882 165.823196 -138.161591
v 178.588882 164.450058 -144.132843
v 178.588882 164.778305 -137.508606
v 178.588882 162.567764 -143.521072
v 178.588882 160.767746 -142.549316
v 178.588882 161.322052 -134.674240
v 178.588882 159.096512 -141.218872
v 178.588882 160.475052 -134.138367
v 178.588882 160.319870 -134.066116
v 178.588882 160.194504 -134.021637
v 178.588882 160.102554 -134.006470
v 178.588882 160.027176 -134.014343
v 178.588882 159.950012 -134.001663
v 178.588882 159.872330 -133.969421
v 178.588882 159.795425 -133.918686
v 178.588882 159.121536 -128.980011
v 178.588882 159.720566 -133.850464
v 178.588882 159.649063 -133.765778
v 178.588882 159.582184 -133.665665
v 178.588882 159.521210 -133.551163
v 178.588882 159.422150 -133.283051
v 178.588882 159.333115 -132.812790
v 178.588882 159.284012 -132.640213
v 178.588882 159.131821 -132.259323
v 178.588882 157.600616 -139.531006
v 178.588882 158.917923 -131.849625
v 178.588882 158.654678 -131.433746
v 178.588882 158.508408 -131.230576
v 178.588882 158.354416 -131.034332
v 178.588882 157.563248 -130.213470
v 178.588882 156.326569 -137.487000
v 178.588882 157.122482 -129.094513
v 178.588882 157.300430 -129.909882
v 178.588882 156.915802 -129.140503
v 178.588882 156.936234 -129.403503
v 178.588882 156.886322 -129.312912
v 178.588882 156.844849 -129.192917
v 178.588882 156.855423 -129.241852
v 178.588882 156.434464 -135.911087
v 178.588882 156.437622 -135.811539
v 178.588882 156.416122 -135.679581
v 178.588882 156.406097 -135.978500
v 178.588882 156.352020 -136.014038
v 178.588882 156.301117 -135.317444
v 178.588882 156.271729 -136.017929
v 178.588882 156.208664 -135.086761
v 178.588882 156.164703 -135.990463
v 178.588882 155.931610 -135.879028
v 178.588882 155.887817 -136.524292
v 178.588882 155.840988 -134.269150
v 178.588882 155.856979 -135.867081
v 178.588882 155.805984 -135.893692
v 178.588882 155.789795 -136.181793
v 178.588882 155.778137 -135.956558
v 178.588882 155.772903 -136.053360
v 178.588882 155.589661 -133.786606
v 178.588882 155.322891 -133.359589
v 178.588882 153.238876 -122.146774
v 178.588882 155.055099 -133.008682
v 178.588882 154.800674 -132.754471
v 178.588882 154.682983 -132.670044
v 178.588882 154.574020 -132.617493
v 178.588882 154.401733 -132.582779
v 178.588882 154.328888 -132.534271
v 178.588882 154.258118 -132.455933
v 178.588882 154.190414 -132.349823
v 178.588882 154.126831 -132.218002
v 178.588882 154.016113 -131.885437
v 178.588882 153.883286 -130.748062
v 178.588882 153.934189 -131.474716
v 178.588882 153.906601 -131.245178
v 178.588882 153.889282 -131.002274
v 178.588882 153.835602 -130.222046
v 178.588882 153.693054 -129.755173
v 178.588882 153.456406 -129.347961
v 178.588882 153.126450 -129.000916
v 178.588882 152.703934 -128.714554
v 178.588882 152.189651 -128.489395
v 178.588882 151.584366 -128.325943
v 178.588882 150.888840 -128.224716
v 178.588882 149.774139 -122.639099
v 178.588882 149.230164 -128.210999
v 178.588882 147.074463 -123.402962
v 178.588882 146.028229 -123.884148
v 178.588882 145.796951 -128.609390
v 178.588882 145.193329 -124.430130
v 178.588882 145.235794 -128.607422
v 178.588882 144.771027 -128.548370
v 178.588882 144.576416 -125.039879
v 178.588882 144.399857 -128.429657
v 178.588882 144.184204 -125.712372
v 178.588882 144.119431 -128.248734
v 178.588882 143.926910 -128.002991
v 178.588882 143.848633 -126.851295
v 178.588882 143.819504 -127.689896
v 178.588882 143.794342 -127.306854
v 174.661026 178.470749 75.788132
v 174.661026 178.380905 75.856964
v 174.661026 178.270996 75.921677
v 174.661026 178.143356 75.981750
v 174.661026 177.844116 76.085983
v 174.661026 177.501694 76.165512
v 174.661026 177.320068 76.194748
v 174.661026 177.134583 76.216263
v 174.661026 176.947556 76.229553
v 174.661026 176.761307 76.234100
v 174.661026 176.546722 76.253036
v 174.661026 176.346542 76.311569
v 174.661026 176.159729 76.412277
v 174.661026 175.985260 76.557739
v 174.661026 175.822113 76.750488
v 174.661026 175.669235 76.993149
v 174.661026 175.390213 77.638382
v 174.661026 175.262009 78.046112
v 174.661026 175.139984 78.514008
v 174.661026 174.243988 83.047104
v 174.661026 172.170898 81.417908
v 174.661026 171.875214 81.168533
v 174.661026 171.582352 80.903992
v 174.661026 171.295151 80.627594
v 174.661026 171.016434 80.342758
v 174.661026 170.749039 80.052750
v 174.661026 170.495773 79.760941
v 174.661026 170.259476 79.470673
v 174.661026 169.849091 78.908157
v 174.661026 169.540512 78.391907
v 174.661026 169.159302 77.582504
v 174.661026 168.998795 77.357635
v 174.661026 168.808990 77.172119
v 174.661026 168.580093 77.023636
v 174.661026 168.302368 76.909851
v 174.661026 167.966019 76.828461
v 174.661026 167.078415 76.753647
v 174.661026 163.703735 76.947205
v 174.661026 162.702164 77.100800
v 174.661026 162.320129 77.196381
v 174.661026 162.009064 77.307877
v 174.661026 161.762787 77.437912
v 174.661026 161.575119 77.589020
v 174.661026 161.439896 77.763779
v 174.661026 161.350952 77.964783
v 174.661026 161.302109 78.194565
v 174.661026 161.264145 78.952377
v 174.661026 161.195328 79.368042
v 174.661026 161.081268 79.701920
v 174.661026 160.922485 79.953262
v 174.661026 160.719482 80.121307
v 174.661026 160.472763 80.205261
v 174.661026 160.182861 80.204361
v 174.661026 159.850296 80.117828
v 174.661026 159.475555 79.944901
v 174.661026 159.059174 79.684830
v 174.661026 158.601654 79.336792
v 174.661026 158.103516 78.900055
v 174.661026 157.747421 78.584854
v 174.661026 157.377182 78.303848
v 174.661026 156.562424 77.833115
v 174.661026 155.595459 77.465256
v 174.661026 154.412552 77.177597
v 174.661026 153.720200 77.056793
v 174.661026 152.949951 76.947556
v 174.661026 152.093826 76.847046
v 174.661026 151.143875 76.752472
v 174.661026 149.891510 76.640503
v 174.661026 148.695450 76.492249
v 174.661026 147.565720 76.311615
v 174.661026 146.512329 76.102432
v 174.661026 144.674728 75.613876
v 174.661026 143.262848 75.057449
v 174.661026 142.741623 74.763412
v 174.661026 142.356903 74.463989
v 174.661026 142.118729 74.163010
v 174.661026 142.037109 73.864349
v 174.661026 142.105103 73.607132
v 174.661026 142.303436 73.355560
v 174.661026 142.623627 73.112244
v 174.661026 143.057190 72.879715
v 174.661026 144.230499 72.457321
v 174.661026 145.755493 72.108978
v 174.661026 147.564301 71.855286
v 174.661026 151.848953 71.555634
v 174.661026 152.815536 71.436752
v 174.661026 153.674911 71.291641
v 174.661026 155.077194 70.920685
v 174.661026 155.622665 70.693817
v 174.661026 156.066086 70.438660
v 174.661026 156.408737 70.154678
v 174.661026 156.651886 69.841415
v 174.661026 156.796829 69.498306
v 174.661026 157.050522 67.800110
v 174.661026 157.159790 67.295364
v 174.661026 157.289093 66.736603
v 174.661026 157.436920 66.131592
v 174.661026 157.601700 65.487976
v 174.661026 157.976013 64.115906
v 174.661026 158.182449 63.402878
v 174.661026 159.954498 57.572372
v 174.661026 161.166885 60.000397
v 174.661026 161.463028 60.830765
v 174.661026 161.685150 61.809250
v 174.661026 161.907272 64.144699
v 174.661026 161.916519 64.795425
v 174.661026 161.907272 65.468781
v 174.661026 161.879501 66.162689
v 174.661026 161.657379 70.605972
v 174.661026 168.228333 70.050537
v 174.661026 168.968033 69.873642
v 174.661026 169.530869 69.684387
v 174.661026 169.733093 69.588989
v 174.661026 169.875687 69.495132
v 174.661026 170.088089 69.236465
v 174.661026 170.316162 68.801910
v 174.661026 170.808029 67.454529
v 174.661026 173.203796 55.370102
v 174.661026 173.467941 54.492264
v 174.661026 173.555649 54.290833
v 174.661026 173.641052 54.141876
v 174.661026 173.722839 54.049484
v 174.661026 173.799744 54.017761
v 174.661026 173.888702 54.038895
v 174.661026 174.005417 54.100388
v 174.661026 174.146805 54.199432
v 174.661026 174.897476 54.914413
v 174.661026 175.340683 55.423630
v 174.661026 175.796234 56.003830
v 174.661026 176.396210 56.835739
v 174.661026 176.709549 57.307358
v 174.661026 176.963745 57.751724
v 174.661026 177.161652 58.192230
v 174.661026 177.306091 58.652298
v 174.661026 177.399887 59.155273
v 174.661026 177.446838 60.383713
v 174.661026 177.405670 61.155899
v 174.661026 176.849731 66.610458
v 174.661026 176.786758 67.500290
v 174.661026 176.753082 68.263641
v 174.661026 176.779816 69.476624
v 174.661026 176.843307 69.959183
v 174.661026 176.942291 70.381042
v 174.661026 177.078278 70.758698
v 174.661026 177.252838 71.108566
v 174.661026 178.334290 72.616394
v 174.661026 178.757614 73.384384
v 174.661026 178.898438 73.744186
v 174.661026 178.991730 74.086502
v 174.661026 179.037186 74.410339
v 174.661026 179.034576 74.714600
v 174.661026 178.983627 74.998306
v 174.661026 178.884094 75.260406
v 174.661026 178.735718 75.499893
v 178.588898 179.037186 74.410339
v 178.588898 179.034576 74.714600
v 178.588898 178.991730 74.086502
v 178.588898 178.983627 74.998306
v 178.588898 178.898438 73.744186
v 178.588898 178.884094 75.260406
v 178.588898 178.757614 73.384384
v 178.588898 178.735718 75.499893
v 178.588898 178.334290 72.616394
v 178.588898 178.470749 75.788132
v 178.588898 178.380905 75.856964
v 178.588898 178.270996 75.921677
v 178.588898 178.143356 75.981750
v 178.588898 177.844116 76.085983
v 178.588898 177.501694 76.165512
v 178.588898 177.320068 76.194748
v 178.588898 177.252838 71.108566
v 178.588898 177.446838 60.383713
v 178.588898 177.405670 61.155899
v 178.588898 177.399887 59.155273
v 178.588898 177.306091 58.652298
v 178.588898 177.134583 76.216263
v 178.588898 177.161652 58.192230
v 178.588898 177.078278 70.758698
v 178.588898 176.963745 57.751724
v 178.588898 176.947556 76.229553
v 178.588898 176.942291 70.381042
v 178.588898 176.709549 57.307358
v 178.588898 176.761307 76.234100
v 178.588898 176.843307 69.959183
v 178.588898 176.849731 66.610458
v 178.588898 176.786758 67.500290
v 178.588898 176.779816 69.476624
v 178.588898 176.753082 68.263641
v 178.588898 176.546722 76.253036
v 178.588898 176.396210 56.835739
v 178.588898 176.346542 76.311569
v 178.588898 176.159729 76.412277
v 178.588898 175.985260 76.557739
v 178.588898 175.796234 56.003830
v 178.588898 175.822113 76.750488
v 178.588898 175.669235 76.993149
v 178.588898 175.340683 55.423630
v 178.588898 175.390213 77.638382
v 178.588898 175.262009 78.046112
v 178.588898 175.139984 78.514008
v 178.588898 174.897476 54.914413
v 178.588898 174.146805 54.199432
v 178.588898 174.243988 83.047104
v 178.588898 172.170898 81.417908
v 178.588898 174.005417 54.100388
v 178.588898 173.888702 54.038895
v 178.588898 173.799744 54.017761
v 178.588898 173.722839 54.049484
v 178.588898 173.641052 54.141876
v 178.588898 173.555649 54.290833
v 178.588898 173.467941 54.492264
v 178.588898 173.203796 55.370102
v 178.588898 171.875214 81.168533
v 178.588898 171.582352 80.903992
v 178.588898 171.295151 80.627594
v 178.588898 171.016434 80.342758
v 178.588898 170.808029 67.454529
v 178.588898 170.749039 80.052750
v 178.588898 170.495773 79.760941
v 178.588898 170.316162 68.801910
v 178.588898 170.259476 79.470673
v 178.588898 170.088089 69.236465
v 178.588898 169.875687 69.495132
v 178.588898 169.849091 78.908157
v 178.588898 169.733093 69.588989
v 178.588898 169.530869 69.684387
v 178.588898 169.540512 78.391907
v 178.588898 169.159302 77.582504
v 178.588898 168.968033 69.873642
v 178.588898 168.998795 77.357635
v 178.588898 168.808990 77.172119
v 178.588898 168.580093 77.023636
v 178.588898 168.228333 70.050537
v 178.588898 168.302368 76.909851
v 178.588898 167.966019 76.828461
v 178.588898 167.078415 76.753647
v 178.588898 161.657379 70.605972
v 178.588898 163.703735 76.947205
v 178.588898 162.702164 77.100800
v 178.588898 162.320129 77.196381
v 178.588898 162.009064 77.307877
v 178.588898 161.762787 77.437912
v 178.588898 161.916519 64.795425
v 178.588898 161.907272 65.468781
v 178.588898 161.907272 64.144699
v 178.588898 161.879501 66.162689
v 178.588898 161.685150 61.809250
v 178.588898 161.575119 77.589020
v 178.588898 161.463028 60.830765
v 178.588898 161.439896 77.763779
v 178.588898 161.350952 77.964783
v 178.588898 161.302109 78.194565
v 178.588898 161.166885 60.000397
v 178.588898 161.264145 78.952377
v 178.588898 161.195328 79.368042
v 178.588898 161.081268 79.701920
v 178.588898 160.922485 79.953262
v 178.588898 159.954498 57.572372
v 178.588898 160.719482 80.121307
v 178.588898 160.472763 80.205261
v 178.588898 160.182861 80.204361
v 178.588898 159.850296 80.117828
v 178.588898 159.475555 79.944901
v 178.588898 159.059174 79.684830
v 178.588898 158.601654 79.336792
v 178.588898 158.103516 78.900055
v 178.588898 158.182449 63.402878
v 178.588898 157.976013 64.115906
v 178.588898 157.747421 78.584854
v 178.588898 157.601700 65.487976
v 178.588898 157.377182 78.303848
v 178.588898 157.436920 66.131592
v 178.588898 157.289093 66.736603
v 178.588898 157.159790 67.295364
v 178.588898 157.050522 67.800110
v 178.588898 156.562424 77.833115
v 178.588898 156.796829 69.498306
v 178.588898 156.651886 69.841415
v 178.588898 156.408737 70.154678
v 178.588898 156.066086 70.438660
v 178.588898 155.595459 77.465256
v 178.588898 155.622665 70.693817
v 178.588898 155.077194 70.920685
v 178.588898 154.412552 77.177597
v 178.588898 153.674911 71.291641
v 178.588898 153.720200 77.056793
v 178.588898 152.949951 76.947556
v 178.588898 152.815536 71.436752
v 178.588898 152.093826 76.847046
v 178.588898 151.848953 71.555634
v 178.588898 151.143875 76.752472
v 178.588898 149.891510 76.640503
v 178.588898 148.695450 76.492249
v 178.588898 147.565720 76.311615
v 178.588898 147.564301 71.855286
v 178.588898 146.512329 76.102432
v 178.588898 145.755493 72.108978
v 178.588898 144.674728 75.613876
v 178.588898 144.230499 72.457321
v 178.588898 143.262848 75.057449
v 178.588898 143.057190 72.879715
v 178.588898 142.741623 74.763412
v 178.588898 142.623627 73.112244
v 178.588898 142.356903 74.463989
v 178.588898 142.303436 73.355560
v 178.588898 142.118729 74.163010
v 178.588898 142.105103 73.607132
v 178.588898 142.037109 73.864349
v 174.661011 175.618301 -42.571198
v 174.661011 172.136429 -37.375893
v 174.661011 170.426346 -35.293030
v 174.661011 168.901352 -33.780998
v 174.661011 168.246826 -33.292412
v 174.661011 167.070770 -32.660461
v 174.661011 165.983154 -32.248108
v 174.661011 164.979858 -32.058937
v 174.661011 164.056778 -32.096565
v 174.661011 163.209778 -32.364586
v 174.661011 162.434769 -32.866592
v 174.661011 161.727631 -33.606194
v 174.661011 161.084259 -34.586990
v 174.661011 160.500519 -35.812569
v 174.661011 159.972305 -37.286545
v 174.661011 158.361267 -43.969955
v 174.661011 157.475540 -46.386330
v 174.661011 156.985382 -47.317833
v 174.661011 156.732071 -47.702728
v 174.661011 154.771759 -49.954659
v 174.661011 152.009232 -46.945206
v 174.661011 150.927521 -45.336662
v 174.661011 149.034561 -41.415039
v 174.661011 148.375504 -39.451653
v 174.661011 148.009506 -37.719688
v 174.661011 147.960190 -36.995125
v 174.661011 147.992065 -36.467484
v 174.661011 148.085648 -36.032417
v 174.661011 148.237839 -35.689911
v 174.661011 148.445557 -35.439980
v 174.661011 148.705719 -35.282608
v 174.661011 149.015244 -35.217819
v 174.661011 149.371033 -35.245590
v 174.661011 149.770020 -35.365921
v 174.661011 150.209122 -35.578835
v 174.661011 150.685226 -35.884300
v 174.661011 151.195282 -36.282349
v 174.661011 152.409378 -37.384254
v 174.661011 152.696365 -37.621117
v 174.661011 152.950958 -37.812469
v 174.661011 153.173676 -37.958565
v 174.661011 153.365021 -38.059662
v 174.661011 153.525528 -38.116013
v 174.661011 153.655701 -38.127884
v 174.661011 153.756042 -38.095528
v 174.661011 153.827087 -38.019203
v 174.661011 153.869324 -37.899162
v 174.661011 153.883301 -37.735672
v 174.661011 153.808136 -37.339554
v 174.661011 153.596741 -36.868614
v 174.661011 153.270157 -36.343674
v 174.661011 152.355820 -35.215111
v 174.661011 151.233749 -34.120499
v 174.661011 150.072601 -33.226440
v 174.661011 149.530090 -32.906700
v 174.661011 149.041031 -32.699585
v 174.661011 148.626541 -32.625916
v 174.661011 148.449631 -32.641045
v 174.661011 148.253952 -32.685226
v 174.661011 147.817596 -32.853569
v 174.661011 147.340118 -33.116531
v 174.661011 146.844116 -33.459717
v 174.661011 146.596252 -33.656883
v 174.661011 146.352249 -33.868721
v 174.661011 146.114914 -34.093414
v 174.661011 145.590652 -34.663567
v 174.661011 145.101593 -35.360138
v 174.661011 144.905396 -35.736206
v 174.661011 144.600677 -36.578575
v 174.661011 144.400848 -37.587563
v 174.661011 144.291504 -38.818718
v 174.661011 144.266266 -39.534958
v 174.661011 144.258255 -40.327576
v 174.661011 144.289444 -41.555000
v 174.661011 144.545151 -43.837059
v 174.661011 145.072327 -45.924728
v 174.661011 145.442871 -46.909157
v 174.661011 146.408112 -48.786240
v 174.661011 147.685974 -50.576912
v 174.661011 149.292892 -52.324394
v 174.661011 150.683167 -53.547668
v 174.661011 151.298874 -53.995247
v 174.661011 151.876022 -54.334839
v 174.661011 152.425400 -54.567459
v 174.661011 152.957809 -54.694145
v 174.661011 153.484055 -54.715912
v 174.661011 154.014923 -54.633797
v 174.661011 154.561218 -54.448837
v 174.661011 155.133728 -54.162041
v 174.661011 155.743256 -53.774460
v 174.661011 157.004364 -52.775063
v 174.661011 158.069962 -51.653275
v 174.661011 158.539505 -51.027077
v 174.661011 159.371414 -49.602898
v 174.661011 160.086105 -47.894844
v 174.661011 160.409119 -46.913795
v 174.661011 160.714401 -45.837090
v 174.661011 161.005798 -44.656502
v 174.661011 161.913589 -40.520126
v 174.661011 162.135361 -39.605843
v 174.661011 162.235962 -39.222244
v 174.661011 162.328339 -38.896240
v 174.661011 162.411469 -38.634262
v 174.661011 162.484314 -38.442741
v 174.661011 162.545837 -38.328110
v 174.661011 162.790192 -38.161446
v 174.661011 163.174133 -38.235199
v 174.661011 163.673767 -38.521339
v 174.661011 164.265182 -38.991852
v 174.661011 166.350998 -41.229294
v 174.661011 167.762100 -43.128914
v 174.661011 168.966522 -45.093330
v 174.661011 169.431442 -46.029762
v 174.661011 169.690659 -46.684639
v 174.661011 169.913376 -47.282181
v 174.661011 170.100098 -47.826744
v 174.661011 170.251358 -48.322708
v 174.661011 170.449478 -49.186340
v 174.661011 170.511856 -49.908028
v 174.661011 170.493439 -50.226570
v 174.661011 170.442612 -50.522743
v 174.661011 170.359924 -50.800926
v 174.661011 170.005585 -51.549225
v 174.661011 169.927734 -51.767830
v 174.661011 169.878418 -51.973320
v 174.661011 169.857895 -52.167496
v 174.661011 169.866425 -52.352165
v 174.661011 169.904251 -52.529114
v 174.661011 169.971649 -52.700150
v 174.661011 170.068878 -52.867081
v 174.661011 170.196167 -53.031685
v 174.661011 170.542023 -53.361160
v 174.661011 170.779144 -53.529243
v 174.661011 171.013672 -53.662865
v 174.661011 171.252335 -53.761520
v 174.661011 171.501785 -53.824692
v 174.661011 171.768723 -53.851860
v 174.661011 172.059814 -53.842514
v 174.661011 172.381760 -53.796143
v 174.661011 173.144943 -53.590263
v 174.661011 174.688202 -52.990891
v 174.661011 176.383896 -52.128632
v 174.661011 177.037781 -51.705345
v 174.661011 177.567490 -51.276665
v 174.661011 177.976883 -50.834610
v 174.661011 178.269821 -50.371208
v 174.661011 178.450165 -49.878502
v 174.661011 178.521759 -49.348503
v 174.661011 178.488464 -48.773254
v 174.661011 178.354141 -48.144775
v 174.661011 178.122650 -47.455101
v 178.588882 178.521759 -49.348503
v 178.588882 178.488464 -48.773254
v 178.588882 178.450165 -49.878502
v 178.588882 178.354141 -48.144775
v 178.588882 178.269821 -50.371208
v 178.588882 178.122650 -47.455101
v 178.588882 177.976883 -50.834610
v 178.588882 177.567490 -51.276665
v 178.588882 177.037781 -51.705345
v 178.588882 176.383896 -52.128632
v 178.588882 175.618301 -42.571198
v 178.588882 174.688202 -52.990891
v 178.588882 173.144943 -53.590263
v 178.588882 172.136429 -37.375893
v 178.588882 172.381760 -53.796143
v 178.588882 172.059814 -53.842514
v 178.588882 171.768723 -53.851860
v 178.588882 171.501785 -53.824692
v 178.588882 171.252335 -53.761520
v 178.588882 170.426346 -35.293030
v 178.588882 171.013672 -53.662865
v 178.588882 170.779144 -53.529243
v 178.588882 170.542023 -53.361160
v 178.588882 170.511856 -49.908028
v 178.588882 170.493439 -50.226570
v 178.588882 170.449478 -49.186340
v 178.588882 170.442612 -50.522743
v 178.588882 170.359924 -50.800926
v 178.588882 170.251358 -48.322708
v 178.588882 170.196167 -53.031685
v 178.588882 170.100098 -47.826744
v 178.588882 170.068878 -52.867081
v 178.588882 170.005585 -51.549225
v 178.588882 169.913376 -47.282181
v 178.588882 169.971649 -52.700150
v 178.588882 169.927734 -51.767830
v 178.588882 169.904251 -52.529114
v 178.588882 169.878418 -51.973320
v 178.588882 169.690659 -46.684639
v 178.588882 169.866425 -52.352165
v 178.588882 169.857895 -52.167496
v 178.588882 169.431442 -46.029762
v 178.588882 168.901352 -33.780998
v 178.588882 168.966522 -45.093323
v 178.588882 168.246826 -33.292412
v 178.588882 167.762100 -43.128914
v 178.588882 167.070770 -32.660461
v 178.588882 165.983154 -32.248108
v 178.588882 166.350998 -41.229294
v 178.588882 164.979858 -32.058937
v 178.588882 164.056778 -32.096565
v 178.588882 164.265182 -38.991852
v 178.588882 163.673767 -38.521339
v 178.588882 163.209778 -32.364586
v 178.588882 163.174133 -38.235199
v 178.588882 162.434769 -32.866592
v 178.588882 162.790192 -38.161446
v 178.588882 162.545837 -38.328110
v 178.588882 162.484314 -38.442741
v 178.588882 162.411469 -38.634262
v 178.588882 161.727631 -33.606194
v 178.588882 162.328339 -38.896240
v 178.588882 162.235962 -39.222244
v 178.588882 162.135361 -39.605843
v 178.588882 161.913589 -40.520126
v 178.588882 161.084259 -34.586990
v 178.588882 161.005798 -44.656502
v 178.588882 160.500519 -35.812569
v 178.588882 160.714401 -45.837090
v 178.588882 160.409119 -46.913795
v 178.588882 159.972305 -37.286545
v 178.588882 160.086105 -47.894844
v 178.588882 159.371414 -49.602898
v 178.588882 158.539505 -51.027077
v 178.588882 158.361267 -43.969955
v 178.588882 158.069962 -51.653275
v 178.588882 157.475540 -46.386330
v 178.588882 157.004364 -52.775063
v 178.588882 156.985382 -47.317833
v 178.588882 156.732071 -47.702728
v 178.588882 155.743256 -53.774460
v 178.588882 155.133728 -54.162041
v 178.588882 154.561218 -54.448837
v 178.588882 154.771759 -49.954659
v 178.588882 154.014923 -54.633797
v 178.588882 153.484055 -54.715912
v 178.588882 153.883301 -37.735672
v 178.588882 153.808136 -37.339554
v 178.588882 153.869324 -37.899162
v 178.588882 153.827087 -38.019203
v 178.588882 153.756042 -38.095528
v 178.588882 153.596741 -36.868614
v 178.588882 153.655701 -38.127884
v 178.588882 153.525528 -38.116013
v 178.588882 153.270157 -36.343674
v 178.588882 153.365021 -38.059662
v 178.588882 152.957809 -54.694145
v 178.588882 153.173676 -37.958565
v 178.588882 152.950958 -37.812469
v 178.588882 152.425400 -54.567459
v 178.588882 152.696365 -37.621117
v 178.588882 152.355820 -35.215111
v 178.588882 152.409378 -37.384254
v 178.588882 152.009232 -46.945206
v 178.588882 151.876022 -54.334839
v 178.588882 151.298874 -53.995247
v 178.588882 151.233749 -34.120499
v 178.588882 151.195282 -36.282349
v 178.588882 150.927521 -45.336662
v 178.588882 150.683167 -53.547668
v 178.588882 150.685226 -35.884300
v 178.588882 150.209122 -35.578835
v 178.588882 150.072601 -33.226440
v 178.588882 149.770020 -35.365921
v 178.588882 149.530090 -32.906700
v 178.588882 149.292892 -52.324394
v 178.588882 149.371033 -35.245590
v 178.588882 149.041031 -32.699585
v 178.588882 149.034561 -41.415039
v 178.588882 149.015244 -35.217819
v 178.588882 148.626541 -32.625916
v 178.588882 148.705719 -35.282608
v 178.588882 148.445557 -35.439980
v 178.588882 148.375504 -39.451653
v 178.588882 148.449631 -32.641045
v 178.588882 148.253952 -32.685226
v 178.588882 147.685974 -50.576912
v 178.588882 148.237839 -35.689911
v 178.588882 148.085648 -36.032417
v 178.588882 148.009506 -37.719688
v 178.588882 147.992065 -36.467484
v 178.588882 147.817596 -32.853569
v 178.588882 147.960190 -36.995125
v 178.588882 147.340118 -33.116531
v 178.588882 146.844116 -33.459717
v 178.588882 146.408112 -48.786240
v 178.588882 146.596252 -33.656883
v 178.588882 146.352249 -33.868721
v 178.588882 146.114914 -34.093414
v 178.588882 145.442871 -46.909157
v 178.588882 145.590652 -34.663567
v 178.588882 145.072327 -45.924728
v 178.588882 145.101593 -35.360138
v 178.588882 144.905396 -35.736206
v 178.588882 144.545151 -43.837059
v 178.588882 144.600677 -36.578575
v 178.588882 144.400848 -37.587563
v 178.588882 144.289444 -41.555000
v 178.588882 144.291504 -38.818718
v 178.588882 144.266266 -39.534958
v 178.588882 144.258255 -40.327576
v 174.661011 175.002701 27.780945
v 174.661011 173.175034 30.580704
v 174.661011 171.285675 32.963898
v 174.661011 169.400421 34.858536
v 174.661011 168.479919 35.600159
v 174.661011 167.585098 36.192642
v 174.661011 166.724228 36.626984
v 174.661011 165.905518 36.894180
v 174.661011 165.137192 36.985245
v 174.661011 164.368698 36.929199
v 174.661011 163.653687 36.758972
v 174.661011 162.990067 36.471512
v 174.661011 162.375824 36.063690
v 174.661011 161.808884 35.532455
v 174.661011 161.287186 34.874695
v 174.661011 160.808670 34.087357
v 174.661011 160.371292 33.167328
v 174.661011 159.611710 30.916901
v 174.661011 158.438049 25.473907
v 174.661011 158.007324 24.139755
v 174.661011 157.867676 23.836472
v 174.661011 157.732162 23.610336
v 174.661011 157.602036 23.465179
v 174.661011 157.478592 23.404877
v 174.661011 157.363129 23.433304
v 174.661011 157.171860 23.513519
v 174.661011 157.099365 23.530487
v 174.661011 157.042282 23.532028
v 174.661011 157.000641 23.518143
v 174.661011 156.974426 23.488831
v 174.661011 156.963623 23.444092
v 174.661011 156.968246 23.383926
v 174.661011 156.988297 23.308319
v 174.661011 157.242813 22.742538
v 174.661011 157.258240 22.455490
v 174.661011 157.196533 22.139648
v 174.661011 157.066971 21.806824
v 174.661011 156.878784 21.468872
v 174.661011 156.641251 21.137604
v 174.661011 156.363602 20.824829
v 174.661011 156.055099 20.542419
v 174.661011 155.725021 20.302170
v 174.661011 155.382584 20.115921
v 174.661011 155.037079 19.995499
v 174.661011 154.697723 19.952728
v 174.661011 154.160767 20.134048
v 174.661011 153.530243 20.644241
v 174.661011 152.832870 21.432663
v 174.661011 152.095398 22.448639
v 174.661011 150.607086 24.960663
v 174.661011 149.279175 27.775070
v 174.661011 148.325592 30.486633
v 174.661011 148.056000 31.677200
v 174.661011 147.960190 32.690094
v 174.661011 148.009247 33.028000
v 174.661011 148.149063 33.301392
v 174.661011 148.368561 33.510468
v 174.661011 148.656708 33.655548
v 174.661011 149.002441 33.736847
v 174.661011 149.394699 33.754623
v 174.661011 149.822433 33.709152
v 174.661011 150.274597 33.600693
v 174.661011 150.740128 33.429474
v 174.661011 151.207962 33.195786
v 174.661011 151.667068 32.899872
v 174.661011 153.088074 31.717453
v 174.661011 153.427490 31.529526
v 174.661011 153.666672 31.475052
v 174.661011 153.806091 31.541962
v 174.661011 153.846283 31.718140
v 174.661011 153.787750 31.991501
v 174.661011 153.631012 32.349991
v 174.661011 153.376602 32.781509
v 174.661011 153.024994 33.273956
v 174.661011 152.032333 34.393356
v 174.661011 151.431747 34.951965
v 174.661011 150.818573 35.406448
v 174.661011 150.198715 35.757568
v 174.661011 149.578079 36.006088
v 174.661011 148.962585 36.152786
v 174.661011 148.358154 36.198425
v 174.661011 147.770691 36.143784
v 174.661011 147.206100 35.989624
v 174.661011 146.670303 35.736740
v 174.661011 146.169205 35.385880
v 174.661011 145.708740 34.937836
v 174.661011 145.294800 34.393356
v 174.661011 144.871597 33.540527
v 174.661011 144.562286 32.520050
v 174.661011 144.363525 31.361740
v 174.661011 144.271973 30.095444
v 174.661011 144.397079 27.358185
v 174.661011 144.910889 24.546844
v 174.661011 145.786682 21.900085
v 174.661011 146.351944 20.712982
v 174.661011 146.997696 19.656509
v 174.661011 148.387634 17.871658
v 174.661011 149.750839 16.510559
v 174.661011 150.425629 15.986359
v 174.661011 151.097595 15.565002
v 174.661011 151.768005 15.245468
v 174.661011 152.438171 15.026733
v 174.661011 153.109360 14.907776
v 174.661011 153.782867 14.887543
v 174.661011 154.459976 14.965027
v 174.661011 155.141953 15.139191
v 174.661011 155.804199 15.436996
v 174.661011 156.454086 15.843048
v 174.661011 157.085480 16.348358
v 174.661011 157.692184 16.943924
v 174.661011 158.268036 17.620743
v 174.661011 159.302521 19.182144
v 174.661011 160.139572 20.960556
v 174.661011 160.729828 22.884003
v 174.661011 161.793884 28.755951
v 174.661011 162.090637 29.763565
v 174.661011 162.411041 30.479080
v 174.661011 162.767960 30.912781
v 174.661011 163.174225 31.074951
v 174.661011 163.642715 30.975876
v 174.661011 164.186264 30.625824
v 174.661011 164.817734 30.035110
v 174.661011 167.188431 27.146088
v 174.661011 168.526779 25.167786
v 174.661011 169.525803 23.322159
v 174.661011 170.173126 21.648315
v 174.661011 170.361053 20.888016
v 174.661011 170.456421 20.185303
v 174.661011 170.457703 19.545090
v 174.661011 170.363358 18.972244
v 174.661011 169.848557 17.725479
v 174.661011 169.720398 17.081406
v 174.661011 169.772720 16.542755
v 174.661011 169.990845 16.112869
v 174.661011 170.360153 15.795090
v 174.661011 170.865952 15.592773
v 174.661011 171.493607 15.509247
v 174.661011 172.228470 15.547852
v 174.661011 173.055878 15.711960
v 174.661011 173.961182 16.004883
v 174.661011 174.929718 16.429962
v 174.661011 176.642471 17.452698
v 174.661011 177.211349 17.923096
v 174.661011 177.653229 18.416092
v 174.661011 177.967850 18.946136
v 174.661011 178.154953 19.527603
v 174.661011 178.214294 20.174896
v 174.661011 178.145615 20.902405
v 174.661011 177.948654 21.724548
v 174.661011 177.168854 23.710312
v 178.588898 178.214294 20.174896
v 178.588898 178.145615 20.902405
v 178.588898 178.154953 19.527603
v 178.588898 177.967850 18.946136
v 178.588898 177.948654 21.724548
v 178.588898 177.653229 18.416092
v 178.588898 177.211349 17.923096
v 178.588898 177.168854 23.710312
v 178.588898 176.642471 17.452698
v 178.588898 174.929718 16.429962
v 178.588898 175.002701 27.780945
v 178.588898 173.961182 16.004883
v 178.588898 173.175034 30.580704
v 178.588898 173.055878 15.711960
v 178.588898 172.228470 15.547852
v 178.588898 171.285675 32.963898
v 178.588898 171.493607 15.509247
v 178.588898 170.865952 15.592773
v 178.588898 170.456421 20.185303
v 178.588898 170.457703 19.545090
v 178.588898 170.360153 15.795090
v 178.588898 170.363358 18.972244
v 178.588898 170.361053 20.888016
v 178.588898 170.173126 21.648315
v 178.588898 169.990845 16.112869
v 178.588898 169.400421 34.858536
v 178.588898 169.848557 17.725479
v 178.588898 169.772720 16.542755
v 178.588898 169.525803 23.322159
v 178.588898 169.720398 17.081406
v 178.588898 168.479919 35.600159
v 178.588898 168.526779 25.167786
v 178.588898 167.585098 36.192642
v 178.588898 167.188431 27.146088
v 178.588898 166.724228 36.626984
v 178.588898 165.905518 36.894180
v 178.588898 165.137192 36.985245
v 178.588898 164.817734 30.035110
v 178.588898 164.368698 36.929199
v 178.588898 164.186264 30.625824
v 178.588898 163.653687 36.758972
v 178.588898 163.642715 30.975876
v 178.588898 162.990067 36.471512
v 178.588898 163.174225 31.074951
v 178.588898 162.767960 30.912781
v 178.588898 162.375824 36.063690
v 178.588898 162.411041 30.479080
v 178.588898 162.090637 29.763565
v 178.588898 161.808884 35.532455
v 178.588898 161.793884 28.755951
v 178.588898 161.287186 34.874695
v 178.588898 160.808670 34.087357
v 178.588898 160.729828 22.884003
v 178.588898 160.371292 33.167328
v 178.588898 160.139572 20.960556
v 178.588898 159.611710 30.916901
v 178.588898 159.302521 19.182144
v 178.588898 158.268036 17.620743
v 178.588898 158.438049 25.473907
v 178.588898 157.692184 16.943924
v 178.588898 158.007324 24.139755
v 178.588898 157.867676 23.836472
v 178.588898 157.732162 23.610336
v 178.588898 157.602036 23.465179
v 178.588898 157.085480 16.348358
v 178.588898 157.478592 23.404877
v 178.588898 157.363129 23.433304
v 178.588898 157.258240 22.455490
v 178.588898 157.171860 23.513519
v 178.588898 157.242813 22.742538
v 178.588898 157.196533 22.139648
v 178.588898 157.066971 21.806824
v 178.588898 157.099365 23.530487
v 178.588898 157.042282 23.532028
v 178.588898 156.454086 15.843048
v 178.588898 156.878784 21.468872
v 178.588898 157.000641 23.518143
v 178.588898 156.988297 23.308319
v 178.588898 156.974426 23.488831
v 178.588898 156.968246 23.383926
v 178.588898 156.963623 23.444092
v 178.588898 156.641251 21.137604
v 178.588898 156.363602 20.824829
v 178.588898 155.804199 15.436996
v 178.588898 156.055099 20.542419
v 178.588898 155.725021 20.302170
v 178.588898 155.141953 15.139191
v 178.588898 155.382584 20.115921
v 178.588898 155.037079 19.995499
v 178.588898 154.459976 14.965027
v 178.588898 154.697723 19.952728
v 178.588898 154.160767 20.134048
v 178.588898 153.782867 14.887543
v 178.588898 153.530243 20.644241
v 178.588898 153.846283 31.718140
v 178.588898 153.787750 31.991501
v 178.588898 153.806091 31.541962
v 178.588898 153.666672 31.475052
v 178.588898 153.631012 32.349991
v 178.588898 153.109360 14.907776
v 178.588898 153.427490 31.529526
v 178.588898 153.376602 32.781509
v 178.588898 152.832870 21.432663
v 178.588898 153.088074 31.717453
v 178.588898 153.024994 33.273956
v 178.588898 152.438171 15.026733
v 178.588898 152.095398 22.448639
v 178.588898 152.032333 34.393356
v 178.588898 151.768005 15.245468
v 178.588898 151.667068 32.899872
v 178.588898 151.431747 34.951965
v 178.588898 151.097595 15.565002
v 178.588898 151.207962 33.195786
v 178.588898 150.818573 35.406448
v 178.588898 150.607086 24.960663
v 178.588898 150.740128 33.429474
v 178.588898 150.425629 15.986359
v 178.588898 150.198715 35.757568
v 178.588898 150.274597 33.600693
v 178.588898 149.750839 16.510559
v 178.588898 149.822433 33.709152
v 178.588898 149.578079 36.006088
v 178.588898 149.279175 27.775070
v 178.588898 149.394699 33.754623
v 178.588898 148.962585 36.152786
v 178.588898 149.002441 33.736847
v 178.588898 148.387634 17.871658
v 178.588898 148.656708 33.655548
v 178.588898 148.358154 36.198425
v 178.588898 148.325592 30.486633
v 178.588898 148.368561 33.510468
v 178.588898 148.149063 33.301392
v 178.588898 147.770691 36.143784
v 178.588898 148.056000 31.677200
v 178.588898 148.009247 33.028000
v 178.588898 147.960190 32.690094
v 178.588898 147.206100 35.989624
v 178.588898 146.997696 19.656509
v 178.588898 146.670303 35.736740
v 178.588898 146.351944 20.712982
v 178.588898 146.169205 35.385880
v 178.588898 145.786682 21.900085
v 178.588898 145.708740 34.937836
v 178.588898 145.294800 34.393356
v 178.588898 144.910889 24.546844
v 178.588898 144.871597 33.540527
v 178.588898 144.562286 32.520050
v 178.588898 144.397079 27.358185
v 178.588898 144.363525 31.361740
v 178.588898 144.271973 30.095444
v 174.661011 175.132431 -7.817696
v 174.661011 174.762070 -7.757736
v 174.661011 172.673904 -7.451057
v 174.661011 170.009872 -7.099129
v 174.661011 168.626450 -6.931915
v 174.661011 163.138153 -6.336609
v 174.661011 162.397766 2.327774
v 174.661011 168.831589 1.784348
v 174.661011 169.551758 1.741119
v 174.661011 170.160858 1.732590
v 174.661011 170.676392 1.763138
v 174.661011 171.115829 1.837158
v 174.661011 171.496643 1.959000
v 174.661011 171.836334 2.133026
v 174.661011 172.152374 2.363632
v 174.661011 172.462234 2.655182
v 174.661011 172.783417 3.012039
v 174.661011 173.133392 3.438583
v 174.661011 173.333603 3.706345
v 174.661011 173.708344 4.280945
v 174.661011 173.879257 4.579575
v 174.661011 174.036804 4.880249
v 174.661011 174.179184 5.178864
v 174.661011 174.304596 5.471313
v 174.661011 174.497314 6.021225
v 174.661011 174.600586 6.497101
v 174.661011 174.614166 6.696976
v 174.661011 174.597794 6.989120
v 174.661011 174.538757 7.238327
v 174.661011 174.422119 7.447937
v 174.661011 174.233002 7.621292
v 174.661011 173.956467 7.761719
v 174.661011 173.577621 7.872589
v 174.661011 173.081543 7.957230
v 174.661011 172.453323 8.018982
v 174.661011 171.678070 8.061188
v 174.661011 170.740845 8.087204
v 174.661011 169.626740 8.100372
v 174.661011 168.320862 8.104004
v 174.661011 162.027573 8.104004
v 174.661011 160.102554 12.917557
v 174.661011 157.729630 10.564484
v 174.661011 156.948975 9.951904
v 174.661011 156.534988 9.689316
v 174.661011 155.641724 9.242599
v 174.661011 154.637405 8.888443
v 174.661011 148.572174 7.825150
v 174.661011 146.956772 7.383484
v 174.661011 146.359100 7.132050
v 174.661011 145.889465 6.854385
v 174.661011 145.538849 6.546127
v 174.661011 145.298264 6.202896
v 174.661011 145.158707 5.820328
v 174.661011 145.111191 5.394043
v 174.661011 145.146729 4.919662
v 174.661011 145.210861 4.576263
v 174.661011 145.302002 4.283005
v 174.661011 145.434784 4.034485
v 174.661011 145.623856 3.825317
v 174.661011 145.883896 3.650070
v 174.661011 146.229538 3.503372
v 174.661011 147.236267 3.274017
v 174.661011 147.926651 3.180557
v 174.661011 148.761261 3.094025
v 174.661011 149.754730 3.009033
v 174.661011 150.921753 2.920212
v 174.661011 156.474655 2.549927
v 174.661011 156.696777 -0.412247
v 174.661011 156.722733 -0.815735
v 174.661011 156.762589 -1.208679
v 174.661011 156.814774 -1.586700
v 174.661011 156.877762 -1.945450
v 174.661011 156.949997 -2.280533
v 174.661011 157.029953 -2.587601
v 174.661011 157.206818 -3.100159
v 174.661011 157.300659 -3.296906
v 174.661011 157.396027 -3.448135
v 174.661011 157.491409 -3.549500
v 174.661011 157.693130 -3.641113
v 174.661011 157.794327 -3.699783
v 174.661011 157.888336 -3.771309
v 174.661011 157.974625 -3.854408
v 174.661011 158.052689 -3.947784
v 174.661011 158.122025 -4.050171
v 174.661011 158.182098 -4.160263
v 174.661011 158.232391 -4.276794
v 174.661011 158.272415 -4.398468
v 174.661011 158.301636 -4.523987
v 174.661011 158.319550 -4.652084
v 174.661011 158.325623 -4.781464
v 174.661011 158.285355 -4.943542
v 174.661011 158.163834 -5.096870
v 174.661011 157.960068 -5.241989
v 174.661011 157.672989 -5.379387
v 174.661011 156.844849 -5.633080
v 174.661011 147.821365 -6.827225
v 174.661011 146.434296 -7.147728
v 174.661011 146.147964 -7.251656
v 174.661011 145.962906 -7.351982
v 174.661011 145.887115 -7.447426
v 174.661011 145.838043 -7.555328
v 174.661011 145.766113 -7.656555
v 174.661011 145.673096 -7.750587
v 174.661011 145.560791 -7.836891
v 174.661011 145.431015 -7.914970
v 174.661011 145.285553 -7.984306
v 174.661011 144.954773 -8.094711
v 174.661011 144.582855 -8.163971
v 174.661011 143.822937 -8.206146
v 174.661011 143.490448 -8.259277
v 174.661011 143.203201 -8.345329
v 174.661011 143.081696 -8.400055
v 174.661011 142.977661 -8.462242
v 174.661011 142.893173 -8.531624
v 174.661011 142.830261 -8.607956
v 174.661011 142.791016 -8.690964
v 174.661011 142.777481 -8.780403
v 174.661011 142.859482 -9.044815
v 174.661011 143.094208 -9.315926
v 174.661011 143.464645 -9.588058
v 174.661011 143.953873 -9.855560
v 174.661011 144.544891 -10.112770
v 174.661011 145.964493 -10.573730
v 174.661011 147.587692 -10.925659
v 174.661011 149.278748 -11.123314
v 174.661011 152.937927 -11.214935
v 174.661011 155.180344 -11.421669
v 174.661011 156.900375 -11.788857
v 174.661011 157.585068 -12.038414
v 174.661011 158.163834 -12.335014
v 174.661011 158.644913 -12.680992
v 174.661011 159.036530 -13.078636
v 174.661011 159.346909 -13.530296
v 174.661011 160.160141 -15.327362
v 174.661011 160.242416 -15.452927
v 174.661011 160.306168 -15.500839
v 174.661011 160.354492 -15.471619
v 174.661011 160.390488 -15.365761
v 174.661011 160.553726 -13.330116
v 174.661011 160.598892 -13.152351
v 174.661011 160.657425 -13.024994
v 174.661011 160.731888 -12.945969
v 174.661011 160.824860 -12.913231
v 174.661011 160.938919 -12.924713
v 174.661011 161.076630 -12.978363
v 174.661011 161.240555 -13.072128
v 174.661011 162.205719 -13.788338
v 174.661011 162.340179 -13.865479
v 174.661011 162.453033 -13.911758
v 174.661011 162.545837 -13.927185
v 174.661011 162.620132 -13.911758
v 174.661011 162.677460 -13.865479
v 174.661011 162.719360 -13.788338
v 174.661011 162.747391 -13.680336
v 174.661011 162.767960 -13.371780
v 174.661011 162.801239 -13.217415
v 174.661011 162.904724 -13.087219
v 174.661011 163.083771 -12.980682
v 174.661011 163.343811 -12.897278
v 174.661011 164.128418 -12.797852
v 174.661011 164.663788 -12.780807
v 174.661011 165.301727 -12.784828
v 174.661011 166.047638 -12.809433
v 174.661011 166.906937 -12.854088
v 174.661011 171.539841 -13.206871
v 174.661011 172.514465 -13.264175
v 174.661011 173.317108 -13.286751
v 174.661011 173.969620 -13.271278
v 174.661011 174.493851 -13.214409
v 174.661011 174.911652 -13.112793
v 174.661011 175.244858 -12.963104
v 174.661011 175.515350 -12.761986
v 174.661011 175.744965 -12.506096
v 174.661011 175.955551 -12.192093
v 174.661011 176.168976 -11.816635
v 174.661011 176.521866 -11.139732
v 174.661011 176.801727 -10.548447
v 174.661011 177.006546 -10.035858
v 174.661011 177.134216 -9.595001
v 174.661011 177.182724 -9.218948
v 174.661011 177.149994 -8.900749
v 174.661011 177.033966 -8.633446
v 174.661011 176.832581 -8.410133
v 174.661011 176.543793 -8.223846
v 174.661011 176.165543 -8.067635
v 178.588898 177.182724 -9.218948
v 178.588898 177.149994 -8.900749
v 178.588898 177.134216 -9.595001
v 178.588898 177.033966 -8.633446
v 178.588898 177.006546 -10.035858
v 178.588898 176.832581 -8.410133
v 178.588898 176.801727 -10.548447
v 178.588898 176.543793 -8.223846
v 178.588898 176.521866 -11.139732
v 178.588898 176.165543 -8.067635
v 178.588898 176.168976 -11.816635
v 178.588898 175.955551 -12.192093
v 178.588898 175.744965 -12.506096
v 178.588898 175.515350 -12.761986
v 178.588898 175.132431 -7.817696
v 178.588898 175.244858 -12.963104
v 178.588898 174.911652 -13.112793
v 178.588898 174.762070 -7.757736
v 178.588898 174.493851 -13.214409
v 178.588898 174.614166 6.696976
v 178.588898 174.597794 6.989120
v 178.588898 174.600586 6.497101
v 178.588898 174.538757 7.238327
v 178.588898 174.497314 6.021225
v 178.588898 174.422119 7.447937
v 178.588898 173.969620 -13.271278
v 178.588898 174.233002 7.621292
v 178.588898 174.304596 5.471313
v 178.588898 174.179184 5.178864
v 178.588898 173.956467 7.761719
v 178.588898 174.036804 4.880249
v 178.588898 173.879257 4.579575
v 178.588898 173.317108 -13.286751
v 178.588898 173.577621 7.872589
v 178.588898 173.708344 4.280945
v 178.588898 173.081543 7.957230
v 178.588898 173.333603 3.706345
v 178.588898 173.133392 3.438583
v 178.588898 172.514465 -13.264175
v 178.588898 172.673904 -7.451057
v 178.588898 172.783417 3.012039
v 178.588898 172.453323 8.018982
v 178.588898 172.462234 2.655182
v 178.588898 171.539841 -13.206871
v 178.588898 172.152374 2.363632
v 178.588898 171.678070 8.061188
v 178.588898 171.836334 2.133026
v 178.588898 171.496643 1.959000
v 178.588898 170.740845 8.087204
v 178.588898 171.115829 1.837158
v 178.588898 170.676392 1.763138
v 178.588898 169.626740 8.100372
v 178.588898 170.009872 -7.099129
v 178.588898 170.160858 1.732590
v 178.588898 169.551758 1.741119
v 178.588898 168.320862 8.104004
v 178.588898 168.831589 1.784348
v 178.588898 168.626450 -6.931915
v 178.588898 166.906937 -12.854088
v 178.588898 162.397766 2.327774
v 178.588898 166.047638 -12.809433
v 178.588898 165.301727 -12.784828
v 178.588898 164.663788 -12.780807
v 178.588898 164.128418 -12.797852
v 178.588898 163.343811 -12.897278
v 178.588898 163.083771 -12.980682
v 178.588898 163.138153 -6.336609
v 178.588898 162.904724 -13.087219
v 178.588898 162.801239 -13.217415
v 178.588898 162.767960 -13.371780
v 178.588898 162.747391 -13.680336
v 178.588898 162.719360 -13.788338
v 178.588898 162.677460 -13.865479
v 178.588898 162.620132 -13.911758
v 178.588898 162.545837 -13.927185
v 178.588898 162.453033 -13.911758
v 178.588898 162.340179 -13.865479
v 178.588898 162.205719 -13.788338
v 178.588898 162.027573 8.104004
v 178.588882 161.240555 -13.072128
v 178.588882 161.076630 -12.978363
v 178.588882 160.938919 -12.924713
v 178.588898 160.102554 12.917557
v 178.588882 160.824860 -12.913231
v 178.588882 160.731888 -12.945969
v 178.588882 160.657425 -13.024994
v 178.588882 160.598892 -13.152351
v 178.588882 160.553726 -13.330116
v 178.588882 160.390488 -15.365761
v 178.588882 160.354492 -15.471619
v 178.588882 160.306168 -15.500839
v 178.588882 160.242416 -15.452927
v 178.588882 160.160141 -15.327362
v 178.588882 159.346909 -13.530296
v 178.588882 159.036530 -13.078636
v 178.588882 158.644913 -12.680992
v 178.588898 158.325623 -4.781464
v 178.588882 158.163834 -12.335014
v 178.588898 158.319550 -4.652077
v 178.588898 158.285355 -4.943542
v 178.588898 158.301636 -4.523987
v 178.588898 158.272415 -4.398468
v 178.588898 158.163834 -5.096870
v 178.588898 158.232391 -4.276794
v 178.588898 158.182098 -4.160263
v 178.588898 158.122025 -4.050171
v 178.588898 157.960068 -5.241989
v 178.588882 157.585068 -12.038414
v 178.588898 158.052689 -3.947784
v 178.588898 157.729630 10.564484
v 178.588898 157.974625 -3.854408
v 178.588898 157.888336 -3.771309
v 178.588898 157.672989 -5.379387
v 178.588898 157.794327 -3.699783
v 178.588898 157.693130 -3.641113
v 178.588898 157.491409 -3.549500
v 178.588882 156.900375 -11.788857
v 178.588898 157.396027 -3.448135
v 178.588898 157.300659 -3.296906
v 178.588898 156.948975 9.951904
v 178.588898 156.844849 -5.633080
v 178.588898 157.206818 -3.100159
v 178.588898 157.029953 -2.587601
v 178.588898 156.949997 -2.280533
v 178.588898 156.877762 -1.945450
v 178.588898 156.534988 9.689316
v 178.588898 156.814774 -1.586700
v 178.588898 156.762589 -1.208679
v 178.588898 156.722733 -0.815735
v 178.588898 156.696777 -0.412247
v 178.588898 156.474655 2.549927
v 178.588882 155.180344 -11.421669
v 178.588898 155.641724 9.242599
v 178.588898 154.637405 8.888443
v 178.588882 152.937927 -11.214935
v 178.588898 150.921753 2.920212
v 178.588898 149.754730 3.009033
v 178.588882 149.278748 -11.123314
v 178.588898 148.761261 3.094025
v 178.588898 148.572174 7.825150
v 178.588898 147.926651 3.180557
v 178.588882 147.587692 -10.925659
v 178.588882 147.821365 -6.827225
v 178.588898 147.236267 3.274017
v 178.588898 146.956772 7.383484
v 178.588898 146.359100 7.132050
v 178.588882 146.434296 -7.147728
v 178.588882 145.964493 -10.573730
v 178.588898 146.229538 3.503372
v 178.588882 146.147964 -7.251656
v 178.588898 145.889465 6.854385
v 178.588898 145.883896 3.650070
v 178.588882 145.962906 -7.351982
v 178.588882 145.887115 -7.447426
v 178.588898 145.538849 6.546127
v 178.588882 145.838043 -7.555328
v 178.588898 145.623856 3.825317
v 178.588882 145.766113 -7.656555
v 178.588882 145.673096 -7.750587
v 178.588882 145.560791 -7.836891
v 178.588898 145.434784 4.034485
v 178.588882 145.431015 -7.914970
v 178.588898 145.298264 6.202896
v 178.588898 145.302002 4.283005
v 178.588882 145.285553 -7.984306
v 178.588898 145.210861 4.576263
v 178.588898 145.158707 5.820328
v 178.588882 144.544891 -10.112770
v 178.588898 145.146729 4.919662
v 178.588898 145.111191 5.394043
v 178.588882 144.954773 -8.094711
v 178.588882 144.582855 -8.163971
v 178.588882 143.953873 -9.855560
v 178.588882 143.822937 -8.206146
v 178.588882 143.464645 -9.588058
v 178.588882 143.490448 -8.259277
v 178.588882 143.094208 -9.315926
v 178.588882 143.203201 -8.345329
v 178.588882 143.081696 -8.400055
v 178.588882 142.859482 -9.044815
v 178.588882 142.977661 -8.462242
v 178.588882 142.893173 -8.531624
v 178.588882 142.830261 -8.607956
v 178.588882 142.777481 -8.780403
v 178.588882 142.791016 -8.690964
v 174.661026 158.438995 50.906311
v 174.661011 154.367371 50.865097
v 174.661011 152.587616 50.787140
v 174.661011 150.980606 50.670624
v 174.661011 148.291046 50.320831
v 174.661011 146.311035 49.813675
v 174.661011 145.590942 49.500443
v 174.661011 145.246414 49.272491
v 174.661011 144.988007 49.003662
v 174.661011 144.812378 48.705505
v 174.661011 144.716187 48.389618
v 174.661011 144.696106 48.067566
v 174.661011 144.748749 47.750900
v 174.661011 144.870819 47.451218
v 174.661011 145.058960 47.180069
v 174.661011 145.309830 46.949036
v 174.661011 145.620087 46.769684
v 174.661011 145.986374 46.653595
v 174.661011 146.919022 46.581085
v 174.661011 147.022369 46.554718
v 174.661011 147.091782 46.519119
v 174.661011 147.127258 46.473480
v 174.661011 147.128799 46.417023
v 174.661011 147.096405 46.349014
v 174.661011 147.030075 46.268661
v 174.661011 146.929810 46.175201
v 174.661011 146.627487 45.945831
v 174.661011 146.562927 45.868851
v 174.661011 146.660049 45.786743
v 174.661011 146.910919 45.700516
v 174.661011 147.841980 45.519836
v 174.661026 164.281631 44.025894
v 174.661026 169.151398 42.965820
v 174.661026 170.027222 42.860992
v 174.661026 170.843658 42.841019
v 174.661026 171.603546 42.906433
v 174.661026 172.309692 43.057709
v 174.661026 172.964951 43.295380
v 174.661026 173.572128 43.619980
v 174.661026 174.134064 44.031982
v 174.661026 174.653580 44.531937
v 174.661026 175.133499 45.120346
v 174.661026 176.539169 47.584290
v 174.661026 176.777481 48.258881
v 174.661026 176.810638 48.809265
v 174.661026 176.606262 49.251663
v 174.661026 176.131958 49.602280
v 174.661026 175.355316 49.877274
v 174.661026 174.243958 50.092880
v 174.661026 172.765503 50.265289
v 174.661026 170.887543 50.410690
v 178.588898 176.810638 48.809265
v 178.588898 176.606262 49.251663
v 178.588898 176.777481 48.258881
v 178.588898 176.539169 47.584290
v 178.588898 176.131958 49.602280
v 178.588898 175.355316 49.877274
v 178.588898 175.133499 45.120346
v 178.588898 174.243958 50.092880
v 178.588898 174.653580 44.531937
v 178.588898 174.134064 44.031982
v 178.588898 172.765503 50.265289
v 178.588898 173.572128 43.619980
v 178.588898 172.964951 43.295380
v 178.588898 172.309692 43.057709
v 178.588898 170.887543 50.410690
v 178.588898 171.603546 42.906433
v 178.588898 170.843658 42.841019
v 178.588898 170.027222 42.860992
v 178.588898 169.151398 42.965820
v 178.588898 164.281631 44.025894
v 178.588898 158.438995 50.906311
v 178.588898 154.367371 50.865097
v 178.588898 152.587616 50.787140
v 178.588898 150.980606 50.670624
v 178.588898 148.291046 50.320831
v 178.588898 147.841980 45.519836
v 178.588898 147.128799 46.417023
v 178.588898 146.910919 45.700516
v 178.588898 146.311035 49.813675
v 178.588898 147.127258 46.473480
v 178.588898 147.096405 46.349014
v 178.588898 147.091782 46.519119
v 178.588898 147.030075 46.268661
v 178.588898 147.022369 46.554718
v 178.588898 146.929810 46.175201
v 178.588898 146.919022 46.581085
v 178.588898 146.660049 45.786743
v 178.588898 146.627487 45.945831
v 178.588898 146.562927 45.868866
v 178.588898 145.986374 46.653595
v 178.588898 145.590942 49.500443
v 178.588898 145.620087 46.769684
v 178.588898 145.309830 46.949036
v 178.588898 145.246414 49.272507
v 178.588898 145.058960 47.180069
v 178.588898 144.988007 49.003662
v 178.588898 144.870819 47.451218
v 178.588898 144.812378 48.705505
v 178.588898 144.748749 47.750900
v 178.588898 144.716187 48.389618
v 178.588898 144.696106 48.067566
v 174.661011 175.872818 -76.984528
v 174.661011 163.397202 -75.577835
v 174.661011 163.138153 -75.503441
v 174.661011 163.099716 -75.428787
v 174.661011 163.016678 -75.070686
v 174.661011 162.471802 -67.061234
v 174.661011 167.358353 -67.283394
v 174.661011 168.374252 -67.330666
v 174.661011 169.247726 -67.359161
v 174.661011 169.993683 -67.365547
v 174.661011 171.162704 -67.298607
v 174.661011 171.615585 -67.218597
v 174.661011 172.000610 -67.103104
v 174.661011 172.332672 -66.948784
v 174.661011 172.626678 -66.752289
v 174.661011 172.897552 -66.510284
v 174.661011 173.429535 -65.876366
v 174.661011 174.401642 -64.300995
v 174.661011 174.655807 -63.676712
v 174.661011 174.740295 -63.147316
v 174.661011 174.643814 -62.702263
v 174.661011 174.355026 -62.331009
v 174.661011 173.862640 -62.023003
v 174.661011 173.155319 -61.767715
v 174.661011 172.221786 -61.554588
v 174.661011 171.050705 -61.373093
v 174.661011 169.630768 -61.212685
v 174.661011 164.473160 -60.752716
v 174.661011 163.656418 -60.648666
v 174.661011 162.987762 -60.537415
v 174.661011 162.453293 -60.414841
v 174.661011 162.039139 -60.276848
v 174.661011 161.731415 -60.119316
v 174.661011 161.516235 -59.938118
v 174.661011 161.379730 -59.729156
v 174.661011 161.307999 -59.488312
v 174.661011 161.256836 -58.697845
v 174.661011 161.167892 -58.268303
v 174.661011 161.023422 -57.923615
v 174.661011 160.826492 -57.664551
v 174.661011 160.580215 -57.491882
v 174.661011 160.287659 -57.406387
v 174.661011 159.951904 -57.408829
v 174.661011 159.576065 -57.499985
v 174.661011 159.163193 -57.680618
v 174.661011 158.716385 -57.951508
v 174.661011 156.996704 -59.348259
v 174.661011 156.183990 -59.836815
v 174.661011 155.280777 -60.238968
v 174.661011 154.272690 -60.560898
v 174.661011 147.960190 -61.710114
v 174.661011 147.247192 -61.956017
v 174.661011 146.636749 -62.229179
v 174.661011 146.126572 -62.530113
v 174.661011 145.714355 -62.859329
v 174.661011 145.397766 -63.217346
v 174.661011 145.174484 -63.604675
v 174.661011 145.042221 -64.021828
v 174.661011 144.998642 -64.469330
v 174.661011 145.012009 -64.763016
v 174.661011 145.056229 -65.016846
v 174.661011 145.137466 -65.234169
v 174.661011 145.261887 -65.418320
v 174.661011 145.435684 -65.572639
v 174.661011 145.664993 -65.700478
v 174.661011 145.956009 -65.805176
v 174.661011 146.314880 -65.890068
v 174.661011 146.747803 -65.958511
v 174.661011 147.260941 -66.013840
v 174.661011 147.860443 -66.059387
v 174.661011 148.552505 -66.098518
v 174.661011 150.466553 -66.175323
v 174.661011 150.918060 -66.196449
v 174.661011 151.347473 -66.218864
v 174.661011 151.749115 -66.242821
v 174.661011 152.117340 -66.268578
v 174.661011 152.446487 -66.296394
v 174.661011 152.730896 -66.326515
v 174.661011 152.964935 -66.359215
v 174.661011 153.142914 -66.394745
v 174.661011 153.299774 -66.413261
v 174.661011 153.472321 -66.431770
v 174.661011 153.657715 -66.450287
v 174.661011 153.853134 -66.468796
v 174.661011 154.881668 -66.561363
v 174.661011 155.077866 -66.579880
v 174.661011 155.264282 -66.598396
v 174.661011 155.438110 -66.616913
v 174.661011 155.651154 -66.652519
v 174.661011 155.846695 -66.722839
v 174.661011 156.025803 -66.828659
v 174.661011 156.189468 -66.970718
v 174.661011 156.338745 -67.149811
v 174.661011 156.474655 -67.366707
v 174.661011 156.710480 -67.916977
v 174.661011 158.145325 -74.608955
v 174.661011 158.172928 -74.858932
v 174.661011 158.141907 -75.061852
v 174.661011 158.041977 -75.222610
v 174.661011 157.862885 -75.346069
v 174.661011 157.594330 -75.437134
v 174.661011 157.226013 -75.500687
v 174.661011 148.730667 -75.914978
v 174.661011 146.405380 -76.367409
v 174.661011 145.907928 -76.545990
v 174.661011 145.572449 -76.734589
v 174.661011 145.412796 -76.930908
v 174.661011 145.442871 -77.132629
v 174.661011 145.481735 -77.223526
v 174.661011 145.488464 -77.310570
v 174.661011 145.464859 -77.392975
v 174.661011 145.412704 -77.469994
v 174.661011 145.333832 -77.540833
v 174.661011 145.230011 -77.604736
v 174.661011 145.103058 -77.660919
v 174.661011 144.954773 -77.708618
v 174.661011 144.601364 -77.775467
v 174.661011 143.270294 -77.821114
v 174.661011 143.103790 -77.851242
v 174.661011 143.007217 -77.900909
v 174.661011 142.981079 -77.975006
v 174.661011 143.025909 -78.078415
v 174.661011 143.142181 -78.216026
v 174.661011 143.330460 -78.392715
v 174.661011 143.591217 -78.613380
v 174.661011 143.924988 -78.882904
v 174.661011 144.332291 -79.206161
v 174.661011 145.049713 -79.644997
v 174.661011 145.900818 -80.001556
v 174.661011 146.932907 -80.279945
v 174.661011 148.193283 -80.484283
v 174.661011 148.923859 -80.559967
v 174.661011 149.729248 -80.618683
v 174.661011 150.615356 -80.660942
v 174.661011 151.588104 -80.687256
v 174.661011 153.071869 -80.737228
v 174.661011 154.382370 -80.815475
v 174.661011 155.528351 -80.925613
v 174.661011 157.361664 -81.255943
v 174.661011 158.066498 -81.483337
v 174.661011 158.641754 -81.757011
v 174.661011 159.096176 -82.080566
v 174.661011 159.438522 -82.457611
v 174.661011 159.677521 -82.891739
v 174.661011 159.821915 -83.386551
v 174.661011 159.880447 -83.945641
v 174.661011 159.880447 -85.574844
v 174.661011 160.822723 -83.428635
v 174.661011 161.051346 -83.067963
v 174.661011 161.172485 -82.921059
v 174.661011 161.296432 -82.797806
v 174.661011 161.421936 -82.699234
v 174.661011 161.547684 -82.626381
v 174.661011 161.672409 -82.580269
v 174.661011 161.794830 -82.561920
v 174.661011 161.913635 -82.572372
v 174.661011 162.027573 -82.612656
v 174.661011 162.119904 -82.660530
v 174.661011 162.210953 -82.693230
v 174.661011 162.299423 -82.711014
v 174.661011 162.384048 -82.714142
v 174.661011 162.463531 -82.702873
v 174.661011 162.536591 -82.677460
v 174.661011 162.601929 -82.638161
v 174.661011 162.658264 -82.585236
v 174.661011 162.704330 -82.518936
v 174.661011 162.738815 -82.439529
v 174.661011 162.760452 -82.347260
v 174.661011 162.783081 -82.137482
v 174.661011 162.827255 -82.044907
v 174.661011 162.898682 -81.964691
v 174.661011 162.995560 -81.896805
v 174.661011 163.116089 -81.841263
v 174.661011 163.258469 -81.798065
v 174.661011 163.420898 -81.767212
v 174.661011 163.798706 -81.742523
v 174.661011 164.010498 -81.748703
v 174.661011 164.235153 -81.767212
v 174.661011 167.647568 -82.306030
v 174.661011 171.959991 -82.620934
v 174.661011 174.370102 -82.540329
v 174.661011 174.882126 -82.446259
v 174.661011 175.206467 -82.316452
v 174.661011 175.505203 -82.057388
v 174.661011 175.769989 -81.669502
v 174.661011 175.997757 -81.181335
v 174.661011 176.185425 -80.621429
v 174.661011 176.329910 -80.018311
v 174.661011 176.476959 -78.796677
v 174.661011 176.473358 -78.235229
v 174.661011 176.414230 -77.744743
v 174.661011 176.296494 -77.353775
v 174.661011 176.117050 -77.090851
v 178.588882 176.476959 -78.796677
v 178.588882 176.473358 -78.235229
v 178.588882 176.414230 -77.744743
v 178.588882 176.329910 -80.018311
v 178.588882 176.296494 -77.353775
v 178.588882 176.185425 -80.621429
v 178.588882 176.117050 -77.090851
v 178.588882 175.997757 -81.181335
v 178.588882 175.872818 -76.984528
v 178.588882 175.769989 -81.669502
v 178.588882 175.505203 -82.057388
v 178.588882 175.206467 -82.316452
v 178.588882 174.882126 -82.446259
v 178.588882 174.370102 -82.540329
v 178.588882 174.740295 -63.147316
v 178.588882 174.643814 -62.702263
v 178.588882 174.655807 -63.676712
v 178.588882 174.401642 -64.300995
v 178.588882 174.355026 -62.331009
v 178.588882 173.862640 -62.023003
v 178.588882 173.429535 -65.876366
v 178.588882 173.155319 -61.767715
v 178.588882 172.897552 -66.510284
v 178.588882 172.221786 -61.554588
v 178.588882 172.626678 -66.752289
v 178.588882 171.959991 -82.620934
v 178.588882 172.332672 -66.948784
v 178.588882 172.000610 -67.103104
v 178.588882 171.050705 -61.373093
v 178.588882 171.615585 -67.218597
v 178.588882 171.162704 -67.298607
v 178.588882 169.630768 -61.212685
v 178.588882 169.993683 -67.365547
v 178.588882 169.247726 -67.359161
v 178.588882 168.374252 -67.330666
v 178.588882 167.647568 -82.306030
v 178.588882 167.358353 -67.283394
v 178.588882 162.471802 -67.061234
v 178.588882 164.473160 -60.752716
v 178.588882 163.656418 -60.648666
v 178.588882 164.235153 -81.767212
v 178.588882 164.010498 -81.748703
v 178.588882 163.798706 -81.742523
v 178.588882 163.397202 -75.577835
v 178.588882 162.987762 -60.537415
v 178.588882 163.420898 -81.767212
v 178.588882 163.258469 -81.798065
v 178.588882 163.138153 -75.503441
v 178.588882 163.116089 -81.841263
v 178.588882 163.099716 -75.428787
v 178.588882 162.995560 -81.896805
v 178.588882 163.016678 -75.070686
v 178.588882 162.898682 -81.964691
v 178.588882 162.453293 -60.414841
v 178.588882 162.827255 -82.044907
v 178.588882 162.783081 -82.137482
v 178.588882 162.760452 -82.347260
v 178.588882 162.738815 -82.439529
v 178.588882 162.704330 -82.518936
v 178.588882 162.658264 -82.585236
v 178.588882 162.601929 -82.638161
v 178.588882 162.536575 -82.677460
v 178.588882 162.463531 -82.702873
v 178.588882 162.384048 -82.714142
v 178.588882 162.039139 -60.276848
v 178.588882 162.299423 -82.711014
v 178.588882 162.210953 -82.693230
v 178.588882 162.119904 -82.660530
v 178.588882 162.027573 -82.612656
v 178.588882 161.731415 -60.119316
v 178.588882 161.913635 -82.572372
v 178.588882 161.794830 -82.561920
v 178.588882 161.672409 -82.580269
v 178.588882 161.516235 -59.938118
v 178.588882 161.547684 -82.626381
v 178.588882 161.421936 -82.699234
v 178.588882 161.379730 -59.729156
v 178.588882 161.296432 -82.797806
v 178.588882 161.307999 -59.488312
v 178.588882 161.172485 -82.921059
v 178.588882 161.256836 -58.697845
v 178.588882 161.167892 -58.268303
v 178.588882 161.051346 -83.067963
v 178.588882 161.023422 -57.923615
v 178.588882 160.826492 -57.664551
v 178.588882 160.822723 -83.428635
v 178.588882 160.580215 -57.491882
v 178.588882 159.880447 -85.574844
v 178.588882 160.287659 -57.406387
v 178.588882 159.951904 -57.408829
v 178.588882 159.576065 -57.499985
v 178.588882 159.880447 -83.945641
v 178.588882 159.821915 -83.386551
v 178.588882 159.677521 -82.891739
v 178.588882 159.438522 -82.457611
v 178.588882 159.163193 -57.680618
v 178.588882 159.096176 -82.080566
v 178.588882 158.716385 -57.951508
v 178.588882 158.641754 -81.757011
v 178.588882 158.172928 -74.858932
v 178.588882 158.066498 -81.483337
v 178.588882 158.145325 -74.608955
v 178.588882 158.141907 -75.061852
v 178.588882 158.041977 -75.222610
v 178.588882 157.361664 -81.255943
v 178.588882 157.862885 -75.346069
v 178.588882 157.594330 -75.437134
v 178.588882 157.226013 -75.500687
v 178.588882 156.996704 -59.348259
v 178.588882 156.710480 -67.916977
v 178.588882 156.183990 -59.836815
v 178.588882 156.474655 -67.366707
v 178.588882 155.528351 -80.925613
v 178.588882 156.338745 -67.149811
v 178.588882 156.189468 -66.970718
v 178.588882 156.025803 -66.828659
v 178.588882 155.846695 -66.722839
v 178.588882 155.651154 -66.652519
v 178.588882 155.280777 -60.238968
v 178.588882 155.438110 -66.616913
v 178.588882 154.382370 -80.815475
v 178.588882 155.264282 -66.598396
v 178.588882 155.077866 -66.579880
v 178.588882 154.881668 -66.561363
v 178.588882 154.272690 -60.560898
v 178.588882 153.071869 -80.737228
v 178.588882 153.853134 -66.468796
v 178.588882 153.657715 -66.450287
v 178.588882 153.472321 -66.431770
v 178.588882 153.299774 -66.413261
v 178.588882 153.142914 -66.394745
v 178.588882 152.964935 -66.359215
v 178.588882 151.588104 -80.687256
v 178.588882 152.730896 -66.326515
v 178.588882 152.446487 -66.296394
v 178.588882 152.117340 -66.268578
v 178.588882 151.749115 -66.242821
v 178.588882 151.347473 -66.218864
v 178.588882 150.615356 -80.660942
v 178.588882 150.918060 -66.196449
v 178.588882 150.466553 -66.175323
v 178.588882 149.729248 -80.618683
v 178.588882 148.730667 -75.914978
v 178.588882 148.923859 -80.559967
v 178.588882 148.552505 -66.098518
v 178.588882 148.193283 -80.484283
v 178.588882 147.960190 -61.710114
v 178.588882 147.860443 -66.059387
v 178.588882 147.247192 -61.956017
v 178.588882 147.260941 -66.013840
v 178.588882 146.932907 -80.279945
v 178.588882 146.747803 -65.958511
v 178.588882 146.636749 -62.229179
v 178.588882 146.405380 -76.367409
v 178.588882 146.314880 -65.890068
v 178.588882 146.126572 -62.530113
v 178.588882 145.907928 -76.545990
v 178.588882 145.900818 -80.001556
v 178.588882 145.956009 -65.805176
v 178.588882 145.714355 -62.859329
v 178.588882 145.664993 -65.700478
v 178.588882 145.572449 -76.734589
v 178.588882 145.397766 -63.217346
v 178.588882 145.435684 -65.572639
v 178.588882 145.412796 -76.930908
v 178.588882 145.481735 -77.223526
v 178.588882 145.488464 -77.310570
v 178.588882 145.464859 -77.392975
v 178.588882 145.442871 -77.132629
v 178.588882 145.412704 -77.469994
v 178.588882 145.049713 -79.644997
v 178.588882 145.261887 -65.418320
v 178.588882 145.333832 -77.540833
v 178.588882 145.174484 -63.604675
v 178.588882 145.230011 -77.604736
v 178.588882 145.137466 -65.234169
v 178.588882 145.103058 -77.660919
v 178.588882 145.042221 -64.021828
v 178.588882 145.056229 -65.016846
v 178.588882 144.954773 -77.708618
v 178.588882 145.012009 -64.763016
v 178.588882 144.998642 -64.469330
v 178.588882 144.601364 -77.775467
v 178.588882 144.332291 -79.206161
v 178.588882 143.924988 -78.882904
v 178.588882 143.591217 -78.613380
v 178.588882 143.330460 -78.392715
v 178.588882 143.270294 -77.821114
v 178.588882 143.142181 -78.216026
v 178.588882 143.103790 -77.851242
v 178.588882 143.025909 -78.078415
v 178.588882 143.007217 -77.900909
v 178.588882 142.981079 -77.975006
v 174.661011 174.169922 -95.127861
v 174.661011 167.594360 -90.536484
v 174.661011 164.242386 -88.759521
v 174.661011 162.767960 -88.222290
v 174.661011 161.379898 -87.904129
v 174.661011 160.042236 -87.793732
v 174.661011 158.718964 -87.879791
v 174.661011 157.374100 -88.150986
v 174.661011 154.475616 -89.203522
v 174.661011 152.290771 -90.327019
v 174.661011 150.397995 -91.625366
v 174.661011 148.793137 -93.100624
v 174.661011 147.472092 -94.754852
v 174.661011 146.916702 -95.649719
v 174.661011 146.013672 -97.576248
v 174.661011 145.333527 -99.749069
v 174.661011 145.160431 -100.723091
v 174.661011 145.136475 -101.180405
v 174.661011 145.155975 -101.635399
v 174.661011 145.330444 -102.590912
v 174.661011 145.694122 -103.694527
v 174.661011 145.950134 -104.334656
v 174.661011 146.257309 -105.051163
v 174.661011 146.465057 -105.522614
v 174.661011 146.679260 -105.971695
v 174.661011 146.897049 -106.394554
v 174.661011 147.747635 -107.746567
v 174.661011 148.121002 -108.164917
v 174.661011 148.284805 -108.296181
v 174.661011 148.429581 -108.370361
v 174.661011 148.552505 -108.383606
v 174.661011 148.676926 -108.369255
v 174.661011 148.826035 -108.398354
v 174.661011 148.996735 -108.468079
v 174.661011 149.185944 -108.575607
v 174.661011 149.607559 -108.892738
v 174.661011 150.066193 -109.327126
v 174.661011 151.928131 -111.546005
v 174.661011 152.393265 -111.938217
v 174.661011 152.615677 -112.089073
v 174.661011 152.827560 -112.207008
v 174.661011 153.026062 -112.289978
v 174.661011 153.208374 -112.335922
v 174.661011 153.371674 -112.342781
v 174.661011 153.802063 -112.233757
v 174.661011 153.939987 -112.222870
v 174.661011 154.072510 -112.228951
v 174.661011 154.198868 -112.251495
v 174.661011 154.318283 -112.289978
v 174.661011 154.429977 -112.343887
v 174.661011 154.533203 -112.412720
v 174.661011 154.627151 -112.495941
v 174.661011 154.711090 -112.593048
v 174.661011 154.784241 -112.703529
v 174.661011 154.921295 -112.968811
v 174.661011 155.073410 -113.098404
v 174.661011 155.301605 -113.215660
v 174.661011 155.605392 -113.320572
v 174.661011 155.984238 -113.413139
v 174.661011 156.965073 -113.561249
v 174.661011 162.791260 -113.685699
v 174.661011 164.435196 -113.575645
v 174.661011 165.766525 -113.354515
v 174.661011 166.925095 -112.991440
v 174.661011 167.483307 -112.747032
v 174.661011 168.050751 -112.455574
v 174.661011 169.283371 -111.716049
v 174.661011 170.140640 -111.080078
v 174.661011 170.566315 -110.735992
v 174.661011 170.983521 -110.380341
v 174.661011 171.387344 -110.017479
v 174.661011 171.772919 -109.651794
v 174.661011 172.135361 -109.287651
v 174.661011 172.771286 -108.581474
v 174.661011 173.256058 -107.933922
v 174.661011 173.429535 -107.643066
v 174.661011 173.746689 -106.836777
v 174.661011 174.029388 -105.821182
v 174.661011 174.477051 -103.361618
v 174.661011 174.634811 -102.017410
v 174.661011 174.743729 -100.663437
v 174.661011 174.800201 -99.349564
v 174.661011 174.800629 -98.125702
v 174.661011 174.618958 -96.147484
v 174.661011 174.429657 -95.492905
v 174.661011 170.171829 -104.829010
v 174.661011 169.908463 -105.360291
v 174.661011 169.533249 -105.876396
v 174.661011 169.057785 -106.371414
v 174.661011 168.493622 -106.839447
v 174.661011 167.852341 -107.274551
v 174.661011 167.145493 -107.670837
v 174.661011 166.384674 -108.022385
v 174.661011 164.747330 -108.567596
v 174.661011 163.032867 -108.862869
v 174.661011 162.175644 -108.901993
v 174.661011 161.241806 -108.831841
v 174.661011 160.233154 -108.630806
v 174.661011 159.173599 -108.313034
v 174.661011 156.997421 -107.383835
v 174.661011 154.904541 -106.157394
v 174.661011 153.086227 -104.746849
v 174.661011 152.339798 -104.007889
v 174.661011 151.733734 -103.265335
v 174.661011 151.291946 -102.533318
v 174.661011 150.647537 -100.955551
v 174.661011 150.456696 -100.276970
v 174.661011 150.356857 -99.661652
v 174.661011 150.350601 -99.101875
v 174.661011 150.440491 -98.589920
v 174.661011 150.629105 -98.118080
v 174.661011 150.919006 -97.678635
v 174.661011 151.312759 -97.263885
v 174.661011 151.812958 -96.866096
v 174.661011 153.142914 -96.090584
v 174.661011 154.280365 -95.613342
v 174.661011 155.498779 -95.290375
v 174.661011 156.783539 -95.118607
v 174.661011 158.119965 -95.094948
v 174.661011 159.493408 -95.216316
v 174.661011 160.889221 -95.479614
v 174.661011 162.292740 -95.881775
v 174.661011 163.689331 -96.419701
v 174.661011 166.403046 -97.890503
v 174.661011 167.690887 -98.817223
v 174.661011 170.192657 -101.173721
v 174.661011 170.457016 -101.515747
v 174.661011 170.646317 -101.837212
v 174.661011 170.764145 -102.153786
v 174.661011 170.814102 -102.481163
v 174.661011 170.799789 -102.835022
v 174.661011 170.724808 -103.231049
v 174.661011 170.407242 -104.212357
v 178.588882 174.800629 -98.125702
v 178.588882 174.800201 -99.349564
v 178.588882 174.743729 -100.663437
v 178.588882 174.634811 -102.017410
v 178.588882 174.618958 -96.147484
v 178.588882 174.477051 -103.361618
v 178.588882 174.429657 -95.492905
v 178.588882 174.169922 -95.127861
v 178.588882 174.029388 -105.821182
v 178.588882 173.746689 -106.836777
v 178.588882 173.429535 -107.643066
v 178.588882 173.256058 -107.933922
v 178.588882 172.771286 -108.581474
v 178.588882 172.135361 -109.287651
v 178.588882 171.772919 -109.651794
v 178.588882 171.387344 -110.017479
v 178.588882 170.814102 -102.481163
v 178.588882 170.983521 -110.380341
v 178.588882 170.566315 -110.735992
v 178.588882 170.764145 -102.153786
v 178.588882 170.799789 -102.835022
v 178.588882 170.724808 -103.231049
v 178.588882 170.646317 -101.837212
v 178.588882 170.457016 -101.515747
v 178.588882 170.192657 -101.173721
v 178.588882 170.171829 -104.829010
v 178.588882 169.908463 -105.360291
v 178.588882 169.533249 -105.876396
v 178.588882 169.283371 -111.716049
v 178.588882 167.594360 -90.536484
v 178.588882 169.057785 -106.371414
v 178.588882 168.493622 -106.839447
v 178.588882 167.690887 -98.817223
v 178.588882 168.050751 -112.455574
v 178.588882 167.852341 -107.274551
v 178.588882 167.483307 -112.747032
v 178.588882 166.403046 -97.890503
v 178.588882 166.925095 -112.991440
v 178.588882 166.384674 -108.022385
v 178.588882 165.766525 -113.354515
v 178.588882 164.242386 -88.759521
v 178.588882 164.747330 -108.567596
v 178.588882 164.435196 -113.575645
v 178.588882 163.689331 -96.419701
v 178.588882 162.767960 -88.222290
v 178.588882 163.032867 -108.862869
v 178.588882 162.292740 -95.881775
v 178.588882 162.791260 -113.685699
v 178.588882 162.175644 -108.901993
v 178.588882 161.379898 -87.904129
v 178.588882 160.889221 -95.479614
v 178.588882 161.241806 -108.831841
v 178.588882 160.042236 -87.793732
v 178.588882 160.233154 -108.630806
v 178.588882 159.493408 -95.216316
v 178.588882 159.173599 -108.313034
v 178.588882 158.718964 -87.879791
v 178.588882 158.119965 -95.094948
v 178.588882 157.374100 -88.150986
v 178.588882 156.783539 -95.118607
v 178.588882 156.997437 -107.383835
v 178.588882 156.965073 -113.561249
v 178.588882 155.498779 -95.290375
v 178.588882 155.984238 -113.413139
v 178.588882 155.605392 -113.320572
v 178.588882 154.475616 -89.203522
v 178.588882 154.904541 -106.157394
v 178.588882 155.301605 -113.215660
v 178.588882 154.280365 -95.613342
v 178.588882 155.073410 -113.098404
v 178.588882 154.921295 -112.968811
v 178.588882 154.784241 -112.703529
v 178.588882 154.711090 -112.593048
v 178.588882 154.627151 -112.495941
v 178.588882 154.533203 -112.412720
v 178.588882 154.429977 -112.343887
v 178.588882 154.318283 -112.289978
v 178.588882 154.198868 -112.251495
v 178.588882 153.142914 -96.090584
v 178.588882 154.072510 -112.228951
v 178.588882 153.939987 -112.222870
v 178.588882 153.086227 -104.746849
v 178.588882 153.802063 -112.233757
v 178.588882 153.371674 -112.342781
v 178.588882 153.208374 -112.335922
v 178.588882 152.290771 -90.327019
v 178.588882 153.026062 -112.289978
v 178.588882 152.339798 -104.007889
v 178.588882 152.827560 -112.207008
v 178.588882 152.615677 -112.089073
v 178.588882 152.393265 -111.938217
v 178.588882 151.812958 -96.866096
v 178.588882 151.733734 -103.265335
v 178.588882 151.928131 -111.546005
v 178.588882 151.312759 -97.263885
v 178.588882 151.291946 -102.533318
v 178.588882 150.919006 -97.678635
v 178.588882 150.397995 -91.625366
v 178.588882 150.647537 -100.955551
v 178.588882 150.629105 -98.118080
v 178.588882 150.456696 -100.276970
v 178.588882 150.440491 -98.589920
v 178.588882 150.356857 -99.661652
v 178.588882 150.350601 -99.101875
v 178.588882 150.066193 -109.327126
v 178.588882 149.607559 -108.892738
v 178.588882 148.793137 -93.100624
v 178.588882 149.185944 -108.575607
v 178.588882 148.996735 -108.468079
v 178.588882 148.826035 -108.398354
v 178.588882 148.676926 -108.369255
v 178.588882 148.552505 -108.383606
v 178.588882 148.429581 -108.370361
v 178.588882 148.284805 -108.296181
v 178.588882 148.121002 -108.164917
v 178.588882 147.472092 -94.754852
v 178.588882 147.747635 -107.746567
v 178.588882 146.916702 -95.649719
v 178.588882 146.897049 -106.394554
v 178.588882 146.679260 -105.971695
v 178.588882 146.465057 -105.522614
v 178.588882 146.257309 -105.051163
v 178.588882 146.013672 -97.576248
v 178.588882 145.950134 -104.334656
v 178.588882 145.694122 -103.694527
v 178.588882 145.330444 -102.590904
v 178.588882 145.333527 -99.749069
v 178.588882 145.160431 -100.723091
v 178.588882 145.155975 -101.635399
v 178.588882 145.136475 -101.180405
vn 1.0000 -0.0000 -0.0000
vn -1.0000 -0.0000 -0.0000
vn -0.0000 0.9087 0.4174
vn -0.0000 0.9465 0.3228
vn -0.0000 0.8582 0.5134
vn -0.0000 0.7990 0.6013
vn -0.0000 0.8194 0.5733
vn -0.0000 0.8705 0.4922
vn -0.0000 0.8286 0.5598
vn -0.0000 0.8665 0.4993
vn -0.0000 0.9124 0.4092
vn -0.0000 -0.5753 0.8179
vn -0.0000 -0.4020 0.9157
vn -0.0000 -0.4839 0.8751
vn -0.0000 -0.3461 0.9382
vn -0.0000 0.8073 -0.5901
vn -0.0000 0.6789 -0.7343
vn -0.0000 0.9588 -0.2840
vn -0.0000 0.9007 -0.4344
vn -0.0000 -0.0587 0.9983
vn -0.0000 -0.1486 0.9889
vn -0.0000 0.7575 0.6528
vn -0.0000 -0.9989 -0.0473
vn -0.0000 -0.9984 -0.0570
vn -0.0000 -0.7080 -0.7062
vn -0.0000 -0.7325 -0.6807
vn -0.0000 0.6725 0.7401
vn -0.0000 -0.6283 0.7780
vn -0.0000 -0.8460 -0.5331
vn -0.0000 0.9883 -0.1522
vn -0.0000 0.2949 0.9555
vn -0.0000 0.1579 0.9875
vn -0.0000 0.5615 0.8275
vn -0.0000 0.0560 -0.9984
vn -0.0000 -0.0649 -0.9979
vn -0.0000 0.9133 0.4074
vn -0.0000 0.9499 0.3127
vn -0.0000 -0.7731 0.6342
vn -0.0000 -0.2162 -0.9763
vn -0.0000 -0.7902 0.6128
vn -0.0000 0.1582 0.9874
vn -0.0000 0.2978 0.9546
vn -0.0000 -0.9482 -0.3178
vn -0.0000 0.9732 0.2301
vn -0.0000 -0.9399 0.3414
vn -0.0000 -0.4271 -0.9042
vn 0.0072 0.4545 0.8907
vn -0.0000 0.4794 0.8776
vn 0.0003 0.5855 0.8107
vn -0.0000 0.9809 0.1944
vn -0.0000 0.9973 0.0739
vn -0.0000 -0.9182 0.3961
vn -0.0000 -0.4627 0.8865
vn -0.0000 -0.9999 -0.0100
vn -0.0000 0.5213 -0.8534
vn -0.0000 -0.6740 -0.7387
vn -0.0000 0.9636 0.2672
vn -0.0000 -0.9916 0.1295
vn -0.0000 -0.9999 0.0173
vn -0.0000 0.4272 0.9041
vn -0.0000 -0.9934 -0.1144
vn -0.0000 0.1546 -0.9880
vn -0.0000 -0.0356 -0.9994
vn -0.0000 -0.9724 0.2333
vn -0.0000 -0.9143 0.4050
vn -0.0000 -0.8788 -0.4772
vn -0.0000 0.4037 0.9149
vn -0.0000 -0.9993 -0.0384
vn -0.0000 -0.6882 -0.7255
vn -0.0000 -0.8013 -0.5982
vn -0.0000 -0.9791 -0.2033
vn -0.0000 -0.9805 -0.1967
vn -0.0000 -0.9712 0.2383
vn -0.0000 -0.8224 -0.5689
vn -0.0000 -0.7526 -0.6585
vn -0.0000 -0.9996 0.0265
vn -0.0000 -0.9796 0.2012
vn -0.0000 -0.2069 0.9784
vn -0.0000 0.4912 0.8711
vn -0.0298 -0.0313 -0.9991
vn -0.0266 -0.0364 -0.9990
vn -0.0074 -0.1060 -0.9943
vn -0.0000 -0.2202 -0.9754
vn -0.0008 -0.0727 0.9974
vn -0.0000 -0.0725 0.9974
vn -0.0000 0.5832 0.8123
vn -0.0000 -0.8812 -0.4728
vn -0.0000 -0.9383 -0.3459
vn -0.0000 -0.9482 -0.3177
vn -0.0000 -0.8216 -0.5701
vn -0.0000 0.8454 0.5342
vn -0.0000 0.7847 0.6198
vn 0.0019 0.7731 0.6342
vn -0.0000 -0.6442 -0.7649
vn -0.0000 0.2800 0.9600
vn -0.0000 -0.5105 -0.8599
vn -0.0000 -0.6470 -0.7625
vn -0.0000 -0.9726 -0.2324
vn -0.0000 -0.9413 -0.3376
vn -0.0000 -0.3937 -0.9192
vn -0.0000 -0.3184 -0.9479
vn -0.0000 -0.1370 0.9906
vn -0.0000 -0.0027 1.0000
vn -0.0000 -0.4705 -0.8824
vn 0.0005 0.7383 0.6745
vn -0.0000 -0.8330 0.5532
vn -0.0000 -0.9274 0.3740
vn -0.0000 -0.3336 -0.9427
vn -0.0000 -0.3831 -0.9237
vn -0.0000 -0.6532 -0.7572
vn -0.0026 -0.0544 0.9985
vn -0.0047 -0.0106 0.9999
vn -0.0000 0.1343 0.9909
vn -0.0000 -0.7953 -0.6062
vn -0.0000 -0.6666 0.7454
vn -0.0000 -0.5511 -0.8344
vn -0.0000 -0.8734 -0.4870
vn -0.0000 0.3432 -0.9393
vn -0.0000 -0.9266 -0.3759
vn -0.0066 0.0192 -0.9998
vn -0.0000 0.1376 -0.9905
vn -0.0000 0.0250 -0.9997
vn -0.0000 -0.2203 -0.9754
vn -0.0000 -0.4506 0.8927
vn -0.0000 0.4146 -0.9100
vn -0.0000 -0.2217 0.9751
vn -0.0000 -0.0763 -0.9971
vn -0.0000 0.0536 -0.9986
vn -0.0000 0.8974 0.4411
vn -0.0000 -0.9666 -0.2562
vn -0.0000 -0.9875 -0.1576
vn -0.0000 0.5941 -0.8044
vn -0.0000 0.9519 0.3065
vn -0.0000 -0.1133 -0.9936
vn -0.0000 -0.9814 -0.1922
vn -0.0000 -0.9166 -0.3999
vn -0.0000 -0.0140 0.9999
vn -0.0000 -0.8001 -0.5998
vn -0.0000 0.9774 0.2114
vn -0.0000 -0.9996 0.0285
vn -0.0000 -0.9734 -0.2289
vn -0.0000 -0.6466 -0.7628
vn -0.0000 0.9993 -0.0375
vn -0.0000 -0.9770 0.2134
vn -0.0000 -0.9979 -0.0648
vn -0.0000 0.3787 0.9255
vn -0.0000 -0.8998 -0.4362
vn -0.0000 -0.9203 -0.3912
vn -0.0000 -0.4831 -0.8756
vn -0.0000 0.2496 0.9684
vn -0.0000 -0.9217 0.3878
vn -0.0000 -0.8185 -0.5745
vn -0.0000 -0.3318 -0.9433
vn -0.0000 0.0297 0.9996
vn -0.0000 -0.5788 0.8155
vn -0.0000 -0.7398 0.6728
vn -0.0000 -0.2027 -0.9792
vn -0.0000 0.5925 0.8056
vn -0.0000 0.0294 0.9996
vn -0.0000 -0.5491 0.8357
vn -0.0000 0.2745 0.9616
vn -0.0000 -0.2967 0.9550
vn -0.0000 0.4691 0.8832
vn -0.0000 -0.2646 0.9643
vn -0.0000 0.1012 0.9949
vn -0.0000 -0.0485 0.9988
vn -0.0000 0.3416 0.9399
vn -0.0000 0.6140 0.7893
vn -0.0000 -0.8682 -0.4963
vn -0.0000 0.7204 0.6936
vn -0.0000 -0.8826 0.4702
vn -0.0000 -0.8340 0.5518
vn -0.0000 0.6747 0.7381
vn -0.0000 0.7967 0.6044
vn -0.0000 0.4671 0.8842
vn -0.0000 0.5589 0.8293
vn -0.0000 0.5588 0.8293
vn -0.0000 0.9372 0.3489
vn -0.0000 0.8846 0.4664
vn -0.0000 0.8846 0.4663
vn -0.0000 -0.8335 -0.5526
vn -0.0000 -0.6689 -0.7434
vn -0.0000 0.9874 -0.1583
vn -0.0000 0.9602 -0.2792
vn -0.0000 0.9602 -0.2791
vn -0.0000 -0.3123 0.9500
vn -0.0000 -0.2260 0.9741
vn -0.0000 0.3779 0.9258
vn -0.0000 0.4672 0.8842
vn -0.0000 -0.9837 -0.1798
vn -0.0000 -0.9627 -0.2706
vn -0.0000 -0.4895 -0.8720
vn -0.0000 -0.4894 -0.8720
vn -0.0000 -0.2042 0.9789
vn -0.0000 -0.2965 0.9550
vn -0.0000 0.1045 0.9945
vn -0.0000 -0.0134 0.9999
vn -0.0000 -0.8629 -0.5054
vn -0.0000 -0.3734 -0.9277
vn -0.0000 -0.3733 -0.9277
vn -0.0000 -0.7183 -0.6957
vn -0.0000 -0.3206 -0.9472
vn -0.0000 -0.2113 -0.9774
vn -0.0000 0.9990 0.0450
vn -0.0000 0.9996 0.0269
vn -0.0000 0.8590 0.5121
vn -0.0000 0.7139 0.7003
vn -0.0000 0.7139 0.7002
vn -0.0000 -0.5705 -0.8213
vn -0.0000 -0.9630 -0.2695
vn -0.0000 -0.9144 -0.4047
vn -0.0000 0.9514 0.3079
vn -0.0000 -0.9704 -0.2416
vn -0.0000 -0.8628 0.5056
vn -0.0000 -0.8826 0.4701
vn -0.0000 -0.4423 -0.8969
vn -0.0000 0.9916 0.1294
vn -0.0000 -0.4293 0.9032
vn -0.0000 -0.7594 0.6506
vn -0.0000 -0.2812 -0.9596
vn -0.0000 -0.4068 -0.9135
vn -0.0000 -0.6247 0.7809
vn -0.0000 -0.6314 0.7754
vn -0.0000 -0.6576 0.7534
vn -0.0000 -0.6314 0.7755
vn -0.0045 0.0462 0.9989
vn -0.0011 0.0925 0.9957
vn 0.0028 0.1352 0.9908
vn -0.0000 -0.2759 -0.9612
vn -0.0000 0.9697 0.2441
vn -0.0000 0.9943 0.1069
vn -0.0000 0.9943 0.1068
vn -0.0000 -0.4637 0.8860
vn -0.0000 -0.4300 0.9028
vn -0.0000 0.9020 0.4317
vn -0.0000 0.9938 -0.1111
vn -0.0000 0.9703 -0.2419
vn -0.0000 0.9703 -0.2418
vn -0.0000 -0.3080 0.9514
vn -0.0000 0.7509 0.6605
vn -0.0000 0.9021 0.4316
vn -0.0000 -0.1601 0.9871
vn -0.0000 0.1974 0.9803
vn -0.0000 0.9348 -0.3553
vn -0.0000 0.2780 0.9606
vn -0.0000 0.6335 -0.7738
vn -0.0000 0.5210 -0.8535
vn -0.0000 0.5209 -0.8536
vn -0.0000 0.4879 0.8729
vn -0.0000 0.7509 0.6604
vn -0.0000 0.7707 -0.6372
vn -0.0000 0.7990 -0.6014
vn -0.0000 0.8564 -0.5163
vn -0.0000 0.9194 -0.3933
vn -0.0000 0.3514 -0.9362
vn -0.0000 0.3515 -0.9362
vn -0.0000 0.9963 0.0860
vn -0.0000 0.9970 0.0773
vn -0.0000 0.1616 0.9868
vn -0.0000 0.4880 0.8728
vn -0.0000 0.2310 -0.9730
vn -0.0000 0.2313 -0.9729
vn -0.0000 -0.1285 0.9917
vn -0.0000 0.1618 0.9868
vn -0.0000 0.8911 -0.4537
vn -0.0000 0.9971 -0.0764
vn -0.0000 0.9999 0.0110
vn -0.0000 -0.3812 -0.9245
vn -0.0000 -0.5800 -0.8146
vn -0.0000 -0.3367 0.9416
vn -0.0000 -0.1284 0.9917
vn -0.0000 -0.8123 -0.5832
vn -0.0000 -0.8124 -0.5831
vn -0.0000 0.9588 -0.2841
vn -0.0000 -0.8936 -0.4490
vn -0.0000 -0.8935 -0.4490
vn -0.0000 -0.9389 -0.3443
vn -0.0000 -0.4753 0.8798
vn -0.0000 0.8509 -0.5253
vn -0.0000 0.9199 -0.3920
vn -0.0000 0.9837 -0.1797
vn -0.0000 -0.1443 -0.9895
vn -0.0000 -0.0960 -0.9954
vn -0.0000 -0.1810 -0.9835
vn -0.0000 -0.5682 0.8229
vn -0.0000 -0.4754 0.8798
vn -0.0000 1.0000 0.0075
vn -0.0000 0.9938 -0.1110
vn -0.0000 -0.6327 0.7744
vn -0.0000 -0.1763 0.9843
vn -0.0000 -0.1764 0.9843
vn -0.0000 -0.1405 0.9901
vn -0.0000 -0.1588 -0.9873
vn -0.0000 0.2904 0.9569
vn -0.0000 0.8457 -0.5337
vn -0.0000 0.4032 0.9151
vn -0.0000 -0.9729 -0.2314
vn -0.0000 -0.9758 -0.2185
vn -0.0000 -0.7920 0.6106
vn -0.0000 0.5496 0.8354
vn -0.0000 0.3796 0.9251
vn -0.0000 0.1852 0.9827
vn -0.0000 0.1851 0.9827
vn -0.0000 0.9054 -0.4245
vn -0.0000 0.5602 0.8284
vn -0.0000 0.3798 0.9251
vn -0.0000 -0.5543 0.8323
vn -0.0000 0.7044 0.7098
vn -0.0000 0.5603 0.8283
vn -0.0000 0.8947 -0.4467
vn -0.0000 0.9611 0.2762
vn -0.0000 0.9748 0.2232
vn -0.0000 -0.0842 -0.9964
vn -0.0000 -0.5405 -0.8413
vn -0.0000 -0.7042 0.7100
vn -0.0000 0.9957 0.0930
vn -0.0000 0.9979 -0.0654
vn -0.0000 0.8067 0.5910
vn -0.0000 0.7045 0.7097
vn -0.0000 0.9795 -0.2014
vn -0.0000 -0.7008 -0.7134
vn -0.0000 0.9637 0.2670
vn -0.0000 -0.8924 0.4512
vn -0.0000 0.9494 -0.3141
vn -0.0000 0.9494 -0.3142
vn -0.0000 0.9985 -0.0545
vn -0.0000 0.9874 -0.1584
vn -0.0000 -0.5535 0.8328
vn -0.0036 -0.5558 0.8313
vn -0.0000 -0.8947 -0.4466
vn -0.0000 -0.8947 -0.4467
vn -0.0000 0.8966 0.4429
vn -0.0000 -0.9646 0.2636
vn -0.0000 -0.9668 -0.2556
vn -0.0000 0.1928 0.9812
vn -0.0000 -0.7452 0.6668
vn -0.0000 -0.7250 0.6887
vn -0.0000 -0.7251 0.6887
vn -0.0000 0.7228 -0.6911
vn -0.0000 0.5495 0.8355
vn -0.0000 -0.8335 -0.5525
vn -0.0000 -0.7425 -0.6698
vn -0.0000 -0.8294 -0.5587
vn -0.0000 -0.9241 0.3822
vn -0.0000 -0.9339 0.3575
vn -0.0000 -0.7765 -0.6301
vn -0.0000 -0.8539 -0.5205
vn -0.0000 0.8674 0.4976
vn -0.0000 0.7855 0.6189
vn -0.0000 -0.7789 0.6271
vn -0.0000 -0.7123 0.7019
vn -0.0000 -0.7122 0.7020
vn -0.0000 -0.9571 0.2897
vn -0.0000 -0.9582 0.2863
vn -0.0000 0.7394 0.6732
vn -0.0000 0.8027 0.5963
vn -0.0000 0.4990 -0.8666
vn -0.0000 0.4082 -0.9129
vn -0.0000 0.7638 -0.6454
vn -0.0000 0.6747 -0.7381
vn -0.0000 -0.8999 -0.4362
vn -0.0000 -0.9586 0.2848
vn -0.0000 -0.4222 0.9065
vn -0.0000 -0.2909 0.9568
vn -0.0000 0.9666 -0.2562
vn -0.0000 0.9562 -0.2928
vn -0.0000 -0.3118 -0.9502
vn -0.0000 -0.4495 -0.8933
vn -0.0000 -0.9574 -0.2888
vn -0.0000 0.9910 0.1338
vn -0.0000 0.9993 -0.0382
vn -0.0000 -0.6545 -0.7561
vn -0.0000 -0.6441 -0.7649
vn -0.0000 -0.9855 0.1696
vn -0.0000 -0.6993 -0.7148
vn -0.0000 0.9707 -0.2402
vn -0.0000 0.9369 -0.3496
vn -0.0000 0.8949 -0.4462
vn -0.0000 0.9645 0.2640
vn -0.0000 -0.9839 -0.1785
vn -0.0000 -0.9977 -0.0684
vn -0.0000 -0.9918 -0.1280
vn -0.0000 0.8972 -0.4415
vn -0.0000 -0.6357 -0.7719
vn -0.0000 -0.9996 0.0296
vn -0.0000 0.9215 0.3883
vn -0.0000 0.8331 -0.5531
vn -0.0000 -0.5482 -0.8364
vn -0.0000 -0.5482 -0.8363
vn -0.0000 -0.9140 0.4058
vn -0.0000 -0.9141 -0.4055
vn -0.0000 -0.9542 -0.2990
vn -0.0000 0.7928 -0.6095
vn -0.0000 0.8617 0.5074
vn -0.0000 -0.5961 0.8029
vn -0.0000 -0.5264 0.8503
vn -0.0000 -0.5264 0.8502
vn -0.0000 -0.9155 0.4023
vn -0.0000 -0.8544 0.5197
vn -0.0000 -0.8543 0.5197
vn -0.0000 -0.9135 -0.4067
vn -0.0000 -0.8750 -0.4842
vn -0.0000 0.6831 -0.7303
vn -0.0000 -0.8285 -0.5601
vn -0.0000 -0.7683 -0.6401
vn -0.0000 0.9905 0.1377
vn -0.0000 0.9648 0.2629
vn -0.0000 0.7367 0.6762
vn -0.0000 -0.6789 -0.7342
vn -0.0000 -0.6250 -0.7807
vn -0.0000 0.5372 0.8434
vn -0.0000 0.6527 0.7576
vn -0.0000 0.7389 0.6738
vn -0.0000 0.8146 0.5800
vn -0.0000 0.5871 -0.8095
vn -0.0000 -0.7543 0.6566
vn -0.0000 -0.7966 0.6045
vn -0.0000 0.4148 0.9099
vn -0.0000 0.3117 -0.9502
vn -0.0000 0.5796 -0.8149
vn -0.0000 -0.9899 0.1416
vn -0.0000 -0.9634 0.2680
vn -0.0000 -0.5782 -0.8159
vn -0.0000 -0.4890 -0.8723
vn -0.0000 0.2709 0.9626
vn -0.0000 -0.9335 -0.3587
vn -0.0000 -0.9136 -0.4067
vn -0.0000 0.9261 0.3772
vn -0.0000 -0.8612 0.5083
vn -0.0000 -0.4221 0.9065
vn -0.0000 0.0727 0.9974
vn -0.0000 -0.3637 -0.9315
vn -0.0000 0.4498 0.8931
vn -0.0000 0.5600 0.8285
vn -0.0000 -0.1727 0.9850
vn -0.0000 0.0728 0.9973
vn -0.0000 -0.5614 -0.8275
vn -0.0000 -0.1844 -0.9829
vn -0.0000 -0.1843 -0.9829
vn -0.0000 -0.4265 0.9045
vn -0.0000 0.2843 0.9587
vn 0.0015 -0.6709 0.7416
vn -0.0019 -0.6383 0.7698
vn -0.0015 -0.5970 0.8023
vn -0.0000 -0.3475 -0.9377
vn -0.0000 -0.6375 0.7704
vn -0.0000 0.4929 -0.8701
vn -0.0000 0.0642 -0.9979
vn -0.0000 -0.1886 -0.9820
vn -0.0000 -0.1887 -0.9820
vn -0.0000 0.2019 -0.9794
vn -0.0000 0.0875 -0.9962
vn -0.0000 -0.9879 -0.1552
vn -0.0000 -0.9662 -0.2578
vn -0.0000 -0.7790 0.6271
vn -0.0000 0.0453 0.9990
vn -0.0000 0.5635 -0.8261
vn -0.0000 0.7436 -0.6687
vn -0.0000 -0.9997 0.0227
vn -0.0000 -1.0000 -0.0076
vn -0.0000 0.9098 -0.4151
vn -0.0000 -0.0347 -0.9994
vn -0.0000 0.3852 -0.9228
vn -0.0000 0.9443 -0.3291
vn -0.0000 -0.1738 -0.9848
vn -0.0000 0.3665 -0.9304
vn -0.0000 0.3664 -0.9305
vn -0.0000 -0.7827 0.6224
vn -0.0000 -0.3146 -0.9492
vn -0.0000 0.6524 -0.7579
vn -0.0000 0.6523 -0.7579
vn -0.0000 -0.1530 0.9882
vn -0.0000 -0.4394 -0.8983
vn -0.0000 -0.1531 0.9882
vn -0.0000 0.6553 0.7554
vn -0.0000 -0.5373 -0.8434
vn -0.0000 0.2377 -0.9713
vn -0.0000 0.8495 -0.5276
vn -0.0000 0.9539 0.3000
vn -0.0000 0.9987 0.0511
vn -0.0000 -0.9999 -0.0142
vn -0.0000 0.9777 -0.2102
vn -0.0000 0.8556 -0.5176
vn -0.0000 0.8557 -0.5175
vn -0.0000 -0.8715 0.4904
vn -0.0000 -0.9935 0.1136
vn -0.0000 0.9508 -0.3098
vn -0.0000 0.5368 -0.8437
vn -0.0000 0.5367 -0.8438
vn -0.0000 0.8827 0.4699
vn -0.0000 -0.9738 0.2274
vn -0.0000 0.9908 -0.1357
vn -0.0000 0.1103 -0.9939
vn -0.0000 0.1102 -0.9939
vn -0.0000 -0.2127 -0.9771
vn -0.0000 1.0000 0.0038
vn -0.0000 -0.9233 0.3842
vn -0.0000 -0.4003 -0.9164
vn -0.0000 -0.1370 -0.9906
vn -0.0000 -0.9981 0.0619
vn -0.0000 -0.5084 -0.8611
vn -0.0000 -0.5749 -0.8182
vn -0.0000 -0.5750 -0.8182
vn -0.0000 0.9528 -0.3036
vn -0.0000 0.9997 -0.0249
vn -0.0000 -0.6613 -0.7501
vn -0.0000 -0.7492 -0.6623
vn -0.0000 -0.9976 0.0696
vn -0.0000 -0.9718 -0.2360
vn -0.0000 -0.4951 -0.8688
vn -0.0000 -0.3966 -0.9180
vn -0.0000 0.2516 -0.9678
vn -0.0000 0.1238 -0.9923
vn -0.0000 -0.9316 0.3634
vn -0.0000 -0.9658 0.2593
vn -0.0000 0.1810 -0.9835
vn -0.0000 0.0419 -0.9991
vn -0.0000 -0.3464 0.9381
vn -0.0000 -0.1787 0.9839
vn -0.0000 -0.9605 0.2784
vn -0.0000 0.8833 0.4687
vn -0.0000 0.8357 0.5492
vn -0.0000 0.6914 0.7225
vn -0.0000 0.4821 0.8761
vn -0.0000 0.4820 0.8762
vn -0.0000 0.2150 0.9766
vn -0.0000 0.3815 0.9244
vn -0.0000 -0.4816 -0.8764
vn -0.0000 -0.5731 -0.8195
vn -0.0000 0.4333 0.9013
vn -0.0000 0.5452 0.8383
vn -0.0000 -0.9936 -0.1130
vn -0.0000 -0.9999 0.0133
vn -0.0000 1.0000 -0.0067
vn -0.0000 -0.9424 -0.3344
vn -0.0000 -0.0399 -0.9992
vn -0.0000 -0.5020 0.8649
vn -0.0000 -0.9049 0.4256
vn -0.0000 0.9750 -0.2224
vn -0.0000 0.0225 0.9997
vn -0.0000 -0.2897 -0.9571
vn -0.0000 -0.2536 -0.9673
vn -0.0000 0.1285 0.9917
vn -0.0000 0.3083 0.9513
vn -0.0000 0.3085 0.9512
vn -0.0000 0.9730 -0.2307
vn -0.0000 0.9717 -0.2363
vn -0.0000 -0.5645 -0.8254
vn -0.0000 -0.5918 -0.8061
vn -0.0000 0.4328 -0.9015
vn -0.0000 0.4326 -0.9016
vn -0.0000 -0.8792 -0.4764
vn -0.0000 0.8114 0.5846
vn -0.0000 0.8609 0.5087
vn -0.0000 0.8905 0.4551
vn -0.0000 0.9609 0.2768
vn -0.0000 0.9251 0.3797
vn -0.0000 -0.1527 0.9883
vn -0.0000 0.0226 0.9997
vn -0.0000 -0.1464 0.9892
vn -0.0000 0.1277 0.9918
vn -0.0000 -0.9968 0.0805
vn -0.0000 0.3139 0.9495
vn -0.0000 0.3137 0.9495
vn -0.0000 -0.1026 -0.9947
vn -0.0000 -0.1025 -0.9947
vn -0.0000 -0.9279 -0.3728
vn -0.0000 -0.1698 -0.9855
vn -0.0000 -0.1699 -0.9855
vn -0.0000 -0.9641 0.2657
vn -0.0000 -0.7488 0.6628
vn -0.0000 -0.7297 -0.6838
vn -0.0000 -0.6148 -0.7887
vn -0.0000 0.3026 0.9531
vn -0.0000 -0.2221 -0.9750
vn -0.0000 -0.3568 -0.9342
vn -0.0000 0.9865 0.1639
vn -0.0000 1.0000 0.0014
vn -0.0000 -0.3158 0.9488
vn -0.0000 -0.1526 0.9883
vn -0.0000 0.6635 -0.7481
vn -0.0000 0.5783 -0.8158
vn -0.0000 0.5784 -0.8158
vn -0.0000 -0.5189 -0.8549
vn -0.0000 -0.5189 -0.8548
vn -0.0000 0.8384 0.5450
vn -0.0000 -0.9618 0.2739
vn -0.0000 0.9798 -0.2000
vn -0.0000 0.8715 -0.4904
vn -0.0000 0.7991 -0.6012
vn -0.0000 0.7801 0.6257
vn -0.0000 0.6914 0.7224
vn -0.0000 -0.8497 0.5272
vn -0.0000 -0.3804 -0.9248
vn -0.0000 -0.3805 -0.9248
vn -0.0000 -0.8445 0.5355
vn -0.0000 0.9117 -0.4110
vn -0.0000 0.9116 -0.4110
vn -0.0000 -0.4772 0.8788
vn -0.0000 -0.3157 0.9488
vn -0.0000 -0.0303 -0.9995
vn -0.0000 -0.9823 -0.1875
vn -0.0000 -0.5489 0.8359
vn -0.0000 -0.1474 0.9891
vn -0.0000 -0.8549 -0.5188
vn -0.0000 -0.8015 -0.5980
vn -0.0000 -0.9536 -0.3009
vn -0.0000 -0.9079 -0.4192
vn -0.0000 0.7821 0.6231
vn -0.0000 -0.9296 0.3686
vn -0.0000 -0.2069 -0.9784
vn -0.0000 -0.2070 -0.9784
vn -0.0000 0.1541 0.9881
vn -0.0000 0.8061 -0.5917
vn -0.0000 0.8061 -0.5918
vn -0.0000 0.5766 -0.8170
vn -0.0000 0.4582 -0.8889
vn -0.0000 0.9327 -0.3605
vn -0.0000 0.3707 -0.9288
vn -0.0000 0.5900 -0.8074
vn -0.0000 0.5899 -0.8075
vn -0.0000 -0.8853 0.4649
vn -0.0000 -0.5494 0.8356
vn -0.0000 -0.2430 -0.9700
vn -0.0000 -0.9269 0.3752
vn -0.0000 -0.6206 0.7841
vn -0.0000 0.1378 -0.9905
vn -0.0000 -0.7870 -0.6170
vn -0.0000 -0.9732 0.2300
vn -0.0000 0.7155 0.6987
vn -0.0000 -0.9689 -0.2476
vn -0.0000 0.6929 -0.7210
vn -0.0000 0.6929 -0.7211
vn -0.0000 -0.9859 -0.1672
vn -0.0000 0.6691 0.7432
vn -0.0000 0.7474 0.6643
vn -0.0000 0.8500 -0.5268
vn -0.0000 -0.9968 0.0800
vn -0.0000 -0.8855 0.4646
vn -0.0000 -0.9968 0.0799
vn -0.0000 -0.9927 0.1208
vn -0.0000 0.9381 -0.3464
vn -0.0000 -0.7813 0.6241
vn -0.0000 -0.8446 0.5355
vn -0.0000 0.7318 -0.6815
vn -0.0000 0.5767 -0.8170
vn -0.0000 -0.7356 0.6774
vn -0.0000 0.3416 -0.9399
vn -0.0000 0.3417 -0.9398
vn -0.0000 0.9083 0.4183
vn -0.0000 -0.7125 0.7017
vn -0.0000 -0.7813 0.6242
vn -0.0000 -0.0087 1.0000
vn -0.0000 -0.9602 -0.2794
vn -0.0000 -0.8844 0.4668
vn -0.0000 -0.8206 0.5715
vn -0.0000 0.4711 -0.8821
vn -0.0000 -0.8048 0.5935
vn -0.0000 -0.6328 0.7743
vn -0.0000 -0.9988 0.0498
vn -0.0000 -0.9571 0.2898
vn -0.0000 -0.3710 -0.9286
vn -0.0000 0.5759 -0.8175
vn -0.0000 -0.6029 0.7978
vn -0.0000 -0.8049 0.5935
vn -0.0000 -0.5343 0.8453
vn -0.0000 -0.6329 0.7743
vn -0.0000 0.5904 0.8071
vn -0.0000 0.6691 0.7431
vn -0.0000 -0.8800 0.4750
vn -0.0000 0.3300 -0.9440
vn -0.0000 0.8014 -0.5981
vn -0.0000 0.8013 -0.5982
vn -0.0000 -0.4390 0.8985
vn -0.0000 0.6393 0.7690
vn -0.0000 0.7154 0.6987
vn -0.0000 -0.4048 0.9144
vn -0.0000 0.2391 0.9710
vn -0.0000 0.2388 0.9711
vn -0.0000 -0.2284 0.9736
vn -0.0000 0.9875 0.1578
vn -0.0000 0.3553 -0.9347
vn -0.0000 0.5021 0.8648
vn -0.0000 -0.4950 -0.8689
vn -0.0000 0.6392 0.7690
vn -0.0000 0.1000 0.9950
vn -0.0000 0.9964 0.0851
vn -0.0000 -0.1195 0.9928
vn -0.0000 -0.2504 0.9681
vn -0.0000 -0.6009 -0.7993
vn -0.0000 -0.7295 -0.6840
vn -0.0000 -0.7296 -0.6839
vn -0.0000 0.1331 0.9911
vn -0.0000 0.2249 0.9744
vn -0.0000 -0.8764 -0.4816
vn -0.0000 -0.4581 -0.8889
vn -0.0000 -0.5819 -0.8133
vn -0.0000 0.0788 -0.9969
vn -0.0000 0.2165 -0.9763
vn -0.0000 0.2164 -0.9763
vn -0.0000 -0.2607 -0.9654
vn -0.0000 -0.3544 -0.9351
vn -0.0000 -0.4100 0.9121
vn -0.0000 -0.2837 0.9589
vn -0.0000 -0.3496 0.9369
vn -0.0000 -0.2229 0.9748
vn -0.0000 -0.5872 0.8095
vn -0.0000 -0.4494 0.8933
vn -0.0000 -0.3265 0.9452
vn -0.0000 -0.2184 0.9758
vn -0.0000 -0.2184 0.9759
vn -0.0000 -0.3076 -0.9515
vn -0.0000 -0.4769 -0.8789
vn -0.0000 -0.4770 -0.8789
vn -0.0000 -0.6428 0.7660
vn -0.0000 -0.2535 0.9673
vn -0.0000 -0.3907 0.9205
vn -0.0000 -0.8531 0.5218
vn -0.0000 -0.6429 0.7660
vn -0.0000 -0.1784 0.9840
vn -0.0000 -0.8710 -0.4912
vn -0.0000 -0.7713 -0.6365
vn -0.0000 -0.7448 0.6672
vn -0.0000 -0.5872 0.8094
vn -0.0000 -0.6505 -0.7595
vn -0.0000 -0.8667 0.4989
vn -0.0000 -0.8531 0.5217
vn -0.0000 0.4110 -0.9116
vn -0.0000 0.4109 -0.9117
vn -0.0000 0.7149 -0.6992
vn -0.0000 0.6386 -0.7696
vn -0.0000 0.6386 -0.7695
vn -0.0000 -0.6552 -0.7555
vn -0.0000 -0.5214 -0.8533
vn -0.0000 -0.7655 0.6435
vn -0.0000 -0.8667 0.4988
vn -0.0000 -0.9957 -0.0928
vn -0.0000 -0.9952 0.0981
vn -0.0000 -0.6616 0.7498
vn -0.0000 -0.7656 0.6433
vn -0.0000 -0.8974 0.4411
vn -0.0000 0.6579 -0.7531
vn -0.0000 0.5243 -0.8515
vn -0.0000 -0.5633 0.8263
vn -0.0000 -0.6617 0.7498
vn -0.0000 0.9674 0.2532
vn -0.0000 0.9999 -0.0129
vn -0.0000 -0.9832 -0.1828
vn -0.0000 0.9790 -0.2037
vn -0.0000 0.9039 -0.4277
vn -0.0000 0.3816 -0.9243
vn -0.0000 -0.8180 -0.5752
vn -0.0000 0.8410 0.5410
vn -0.0000 -0.9629 -0.2699
vn -0.0000 -0.4734 0.8809
vn -0.0000 -0.5634 0.8262
vn -0.0000 -0.6887 0.7250
vn -0.0000 0.9903 -0.1390
vn -0.0000 -0.8867 0.4623
vn -0.0000 -0.7449 0.6672
vn -0.0000 0.9457 -0.3250
vn -0.0000 0.6480 0.7616
vn -0.0000 -0.9350 -0.3547
vn -0.0000 -0.1783 -0.9840
vn -0.0000 0.2360 -0.9718
vn -0.0000 -0.9226 -0.3857
vn -0.0000 -0.8989 -0.4381
vn -0.0000 -0.3741 0.9274
vn -0.0000 -0.4735 0.8808
vn -0.0000 0.9167 -0.3996
vn -0.0000 0.4638 0.8859
vn -0.0000 -0.8539 -0.5204
vn -0.0000 -0.5078 0.8615
vn -0.0000 0.9872 -0.1595
vn -0.0000 0.9302 -0.3669
vn -0.0000 0.9302 -0.3670
vn -0.0000 0.1128 -0.9936
vn -0.0000 -0.9706 -0.2406
vn -0.0000 -0.9736 0.2284
vn -0.0000 -0.0721 -0.9974
vn -0.0000 -0.0370 -0.9993
vn -0.0000 0.7683 -0.6401
vn -0.0000 0.3093 0.9509
vn -0.0000 -0.4000 -0.9165
vn -0.0000 0.8944 -0.4473
vn -0.0000 0.8770 -0.4805
vn -0.0000 0.4277 -0.9039
vn -0.0000 -0.7986 -0.6018
vn -0.0000 0.0200 -0.9998
vn -0.0000 0.0226 -0.9997
vn -0.0000 -0.2734 -0.9619
vn -0.0000 -0.2735 -0.9619
vn -0.0000 -0.9916 -0.1293
vn -0.0000 -0.2128 0.9771
vn -0.0000 -0.3633 0.9317
vn -0.0000 -0.7315 -0.6818
vn -0.0000 -0.7315 -0.6819
vn -0.0000 -0.9998 0.0181
vn -0.0000 0.0411 0.9992
vn -0.0000 0.0198 0.9998
vn -0.0000 -0.6507 -0.7594
vn -0.0000 -0.6507 -0.7593
vn -0.0000 0.8505 -0.5259
vn -0.0000 0.7893 -0.6140
vn -0.0000 0.7894 -0.6139
vn -0.0000 -0.4395 -0.8983
vn -0.0000 -0.4395 -0.8982
vn -0.0000 -0.5772 0.8166
vn -0.0000 -0.6618 0.7496
vn -0.0000 0.6738 -0.7389
vn -0.0000 0.6739 -0.7389
vn -0.0000 -0.5545 -0.8322
vn -0.0000 -0.5547 -0.8321
vn -0.0000 -0.5477 -0.8367
vn -0.0000 -0.0584 -0.9983
vn -0.0000 -0.0706 -0.9975
vn -0.0000 -0.5472 -0.8370
vn -0.0000 0.9623 -0.2719
vn -0.0000 0.9319 -0.3626
vn -0.0000 0.5062 -0.8624
vn -0.0000 -0.4921 0.8705
vn -0.0000 -0.4921 0.8706
vn -0.0000 0.3244 -0.9459
vn -0.0000 -0.4399 -0.8981
vn -0.0000 0.1725 -0.9850
vn -0.0000 0.1724 -0.9850
vn -0.0000 -0.9966 -0.0826
vn -0.0000 -0.9976 -0.0695
vn -0.0000 -0.1067 0.9943
vn -0.0000 -0.0712 -0.9975
vn -0.0000 -0.0806 -0.9967
vn -0.0000 0.9896 0.1438
vn -0.0000 1.0000 -0.0059
vn -0.0000 -0.2763 -0.9611
vn -0.0000 -0.5371 -0.8435
vn -0.0000 0.9901 -0.1403
vn -0.0000 -0.7907 -0.6122
vn -0.0000 -0.1068 0.9943
vn -0.0000 -0.9254 -0.3789
vn -0.0000 -0.9572 -0.2893
vn -0.0015 -0.9816 -0.1908
vn -0.0019 -0.9878 -0.1560
vn 0.0014 -0.9928 -0.1199
vn -0.0000 -0.8757 -0.4828
vn -0.0000 -0.4310 -0.9024
vn -0.0000 -0.4309 -0.9024
vn -0.0000 0.9323 0.3618
vn -0.0000 -0.2338 -0.9723
vn -0.0000 -0.2337 -0.9723
vn -0.0000 -0.0196 -0.9998
vn -0.0000 0.0128 -0.9999
vn -0.0000 -0.1642 -0.9864
vn -0.0000 0.7849 0.6196
vn -0.0000 0.9322 0.3618
vn -0.0000 -0.6783 -0.7348
vn -0.0000 0.1189 -0.9929
vn -0.0000 0.1188 -0.9929
vn -0.0000 0.8782 -0.4783
vn -0.0000 0.7872 -0.6167
vn -0.0000 0.7584 -0.6518
vn -0.0000 0.5454 -0.8382
vn -0.0000 0.5453 -0.8382
vn -0.0000 0.0658 -0.9978
vn -0.0000 0.8292 -0.5590
vn -0.0000 0.8291 -0.5591
vn -0.0000 0.5696 0.8220
vn -0.0000 0.7848 0.6197
vn -0.0000 -0.8741 -0.4857
vn -0.0000 0.1381 0.9904
vn -0.0000 0.1526 0.9883
vn -0.0000 0.9428 -0.3333
vn -0.0000 -0.5755 0.8178
vn -0.0000 -0.4626 0.8866
vn -0.0000 0.9865 -0.1637
vn -0.0000 -0.7065 0.7077
vn -0.0000 -0.5754 0.8179
vn -0.0000 -0.8443 0.5359
vn -0.0000 0.8531 -0.5217
vn -0.0000 0.8197 -0.5729
vn -0.0000 0.8197 -0.5728
vn -0.0000 0.3684 0.9297
vn -0.0000 0.5695 0.8220
vn -0.0000 -0.9972 -0.0752
vn -0.0000 -0.1506 -0.9886
vn -0.0000 -0.9565 0.2917
vn -0.0000 -0.8444 0.5357
vn -0.0000 -0.9565 0.2916
vn -0.0000 0.1976 0.9803
vn -0.0000 0.3094 0.9509
vn -0.0000 -0.7041 0.7101
vn -0.0000 0.9285 0.3713
vn -0.0000 0.9793 -0.2025
vn -0.0000 0.9468 -0.3219
vn -0.0000 0.5176 -0.8556
vn -0.0000 0.5174 -0.8558
vn -0.0000 -0.7967 0.6044
vn -0.0000 0.5327 -0.8463
vn -0.0000 0.4073 -0.9133
vn -0.0000 0.7754 0.6315
vn -0.0000 0.9827 0.1852
vn -0.0000 -0.1519 -0.9884
vn -0.0000 -0.1407 -0.9901
vn -0.0000 -0.2584 -0.9660
vn -0.0000 -0.4938 -0.8696
vn -0.0000 -0.4937 -0.8696
vn -0.0000 0.2759 -0.9612
vn -0.0000 0.9094 -0.4160
vn -0.0000 0.8246 -0.5657
vn -0.0000 0.9801 -0.1985
vn -0.0000 0.9801 -0.1986
vn -0.0000 -0.8791 -0.4765
vn -0.0000 -0.9622 -0.2723
vn -0.0000 -0.9840 0.1780
vn -0.0000 -0.9155 0.4022
vn -0.0000 -0.1889 0.9820
vn -0.0000 -0.1007 0.9949
vn -0.0000 0.4693 0.8831
vn -0.0000 -0.9987 -0.0512
vn -0.0000 0.1479 -0.9890
vn -0.0000 -0.7662 0.6426
vn -0.0000 -0.6896 0.7242
vn -0.0000 -0.6897 0.7241
vn -0.0000 0.0585 0.9983
vn -0.0000 0.0965 0.9953
vn -0.0000 -0.6456 -0.7637
vn -0.0000 -0.6454 -0.7638
vn -0.0000 0.0307 -0.9995
vn -0.0000 0.2628 0.9648
vn -0.0000 0.4692 0.8831
vn -0.0000 -0.9783 0.2071
vn -0.0000 -0.9996 -0.0273
vn -0.0000 -0.8434 0.5373
vn -0.0000 -0.9783 0.2072
vn -0.0000 -0.1630 -0.9866
vn -0.0000 -0.1911 -0.9816
vn -0.0000 -0.0717 -0.9974
vn -0.0000 -0.4771 0.8788
vn -0.0000 -0.3245 0.9459
vn -0.0000 -0.7896 -0.6136
vn -0.0000 -0.6380 -0.7700
vn -0.0000 -0.6381 -0.7699
vn -0.0000 -0.1660 -0.9861
vn -0.0000 -0.7282 0.6854
vn -0.0000 -0.8433 0.5374
vn -0.0000 -0.4037 -0.9149
vn -0.0000 0.1532 0.9882
vn -0.0000 -0.5925 -0.8056
vn -0.0000 -0.5925 -0.8055
vn -0.0000 -0.3539 -0.9353
vn -0.0000 -0.3541 -0.9352
vn -0.0000 -0.6403 0.7682
vn -0.0000 0.7355 -0.6775
vn -0.0000 -0.6440 0.7650
vn -0.0000 -0.7280 0.6856
vn -0.0000 0.6438 -0.7652
vn -0.0000 -0.7541 -0.6568
vn -0.0000 -0.6439 0.7651
vn -0.0000 -0.8792 -0.4765
vn -0.0000 -0.5986 0.8011
vn -0.0000 -0.7537 0.6572
vn -0.0000 0.4982 -0.8671
vn -0.0000 0.6648 -0.7470
vn -0.0000 0.7392 -0.6735
vn -0.0000 0.8096 -0.5869
vn -0.0000 0.2701 0.9628
vn -0.0000 0.1939 0.9810
vn -0.0000 -0.9151 0.4032
vn -0.0000 -0.8118 0.5839
vn -0.0000 -0.2422 0.9702
vn -0.0000 -0.3560 0.9345
vn -0.0000 0.8917 -0.4527
vn -0.0000 0.8106 -0.5855
vn -0.0000 0.8107 -0.5855
vn -0.0000 0.8661 0.4999
vn -0.0000 0.9552 0.2960
vn -0.0000 0.9552 0.2961
vn -0.0000 -0.2427 -0.9701
vn -0.0000 -0.1366 -0.9906
vn -0.0000 -0.4655 0.8850
vn -0.0000 0.1074 -0.9942
vn -0.0000 -0.0197 -0.9998
vn -0.0000 0.1880 0.9822
vn -0.0000 0.2815 0.9595
vn -0.0000 0.2816 0.9595
vn -0.0000 0.6934 0.7206
vn -0.0000 -0.7522 -0.6590
vn -0.0000 -0.8888 -0.4582
vn -0.0000 -0.8889 -0.4582
vn -0.0000 -0.3559 0.9345
vn -0.0000 -0.0777 -0.9970
vn -0.0000 -0.0776 -0.9970
vn -0.0000 -0.0466 -0.9989
vn -0.0000 0.8330 -0.5533
vn -0.0000 0.7180 -0.6961
vn -0.0000 0.6125 -0.7905
vn -0.0000 -0.9797 0.2007
vn -0.0000 0.4330 0.9014
vn -0.0000 -0.9651 -0.2620
vn 0.0007 -0.0559 -0.9984
vn 0.0003 -0.0496 -0.9988
vn -0.0002 -0.0436 -0.9990
vn -0.0000 -0.2465 0.9691
vn -0.0000 0.9621 -0.2728
vn -0.0000 0.4900 -0.8717
vn -0.0000 -0.9941 -0.1088
vn -0.0000 0.3553 -0.9348
vn -0.0000 0.8826 -0.4700
vn -0.0000 0.9977 0.0679
vn -0.0000 0.9891 0.1474
vn -0.0000 0.4331 0.9014
vn -0.0000 -0.3241 -0.9460
vn -0.0000 -0.4554 -0.8903
vn -0.0000 0.9984 -0.0567
vn -0.0000 0.9843 -0.1765
vn -0.0000 -0.9997 0.0258
vn -0.0000 -0.1223 0.9925
vn -0.0000 0.2310 -0.9729
vn -0.0000 -0.9871 -0.1599
vn -0.0000 -0.9529 -0.3032
vn -0.0000 0.9388 0.3444
vn -0.0000 0.9388 0.3445
vn -0.0000 -0.0206 -0.9998
vn -0.0000 -0.0395 -0.9992
vn -0.0000 -0.3195 0.9476
vn -0.0000 0.9858 -0.1681
vn -0.0000 0.9492 -0.3146
vn -0.0000 0.1158 -0.9933
vn -0.0000 -0.9986 -0.0521
vn -0.0000 -0.9812 -0.1929
vn -0.0000 -0.4618 0.8870
vn -0.0000 -0.5743 0.8187
vn -0.0000 0.8735 -0.4869
vn -0.0000 0.8735 -0.4868
vn -0.0000 -0.2105 -0.9776
vn -0.0000 0.7571 -0.6533
vn -0.0000 -0.8859 -0.4638
vn -0.0000 -0.8096 -0.5870
vn -0.0000 -0.7141 -0.7000
vn -0.0000 -0.5845 -0.8114
vn -0.0000 0.9156 -0.4020
vn -0.0000 0.0243 -0.9997
vn -0.0000 0.6034 -0.7974
vn -0.0000 0.6035 -0.7974
vn -0.0000 -0.1316 -0.9913
vn -0.0000 -0.3212 0.9470
vn -0.0000 -0.1065 0.9943
vn -0.0000 -0.1064 0.9943
vn -0.0000 -0.4254 -0.9050
vn -0.0000 -1.0000 -0.0000
vn -0.0000 0.4242 -0.9056
vn -0.0000 0.4243 -0.9055
vn 0.0019 -0.7243 -0.6895
vn -0.0000 -0.8498 -0.5272
vn -0.0000 -0.2527 -0.9676
vn -0.0000 -0.2526 -0.9676
vn -0.0000 -0.4573 0.8893
vn -0.0000 -0.3213 0.9470
vn -0.0000 -0.3676 0.9300
vn -0.0000 -0.2533 0.9674
vn -0.0000 -0.9235 -0.3835
vn -0.0000 -0.9431 0.3326
vn -0.0000 -0.9430 0.3327
vn -0.0000 -0.9175 -0.3976
vn -0.0000 -0.8137 -0.5812
vn -0.0000 -0.8138 -0.5812
vn -0.0000 0.9980 0.0631
vn -0.0000 -0.4606 0.8876
vn -0.0000 0.2356 -0.9718
vn -0.0000 0.9788 0.2048
vn -0.0000 0.9910 0.1340
vn -0.0000 0.9844 0.1761
vn -0.0000 -0.6640 -0.7477
vn -0.0000 -0.5758 0.8176
vn -0.0000 -0.4590 0.8884
vn -0.0000 0.9023 0.4311
vn -0.0000 -0.5067 -0.8621
vn -0.0000 0.9613 -0.2757
vn -0.0000 0.1005 0.9949
vn -0.0000 0.1327 0.9912
vn -0.0000 0.8260 0.5637
vn -0.0000 0.0520 -0.9986
vn -0.0000 0.0519 -0.9987
vn -0.0000 0.3870 0.9221
vn -0.0000 -0.1191 -0.9929
vn -0.0000 -0.0557 -0.9985
vn -0.0000 -0.0557 -0.9984
vn -0.0000 -0.3691 -0.9294
vn -0.0000 -0.5675 0.8234
vn -0.0000 0.9287 -0.3709
vn -0.0000 0.2585 0.9660
vn -0.0000 0.3992 0.9169
vn -0.0000 -0.1174 -0.9931
vn -0.0000 -0.4154 0.9096
vn -0.0000 -0.2652 0.9642
vn -0.0000 -0.9998 0.0209
vn -0.0000 -0.2683 -0.9633
vn -0.0000 0.8689 -0.4949
vn -0.0000 -0.9380 0.3466
vn -0.0000 -0.4001 -0.9165
vn -0.0000 -0.1933 -0.9811
vn -0.0000 -0.2848 -0.9586
vn -0.0000 -0.3978 -0.9175
vn -0.0000 -0.3977 -0.9175
vn -0.0000 -0.6892 0.7246
vn -0.0000 0.7467 -0.6651
vn -0.0000 -0.7237 0.6901
vn -0.0000 0.5534 0.8329
vn -0.0000 -0.1202 0.9928
vn -0.0000 -0.1096 0.9940
vn -0.0000 0.5206 -0.8538
vn -0.0000 -0.4141 -0.9102
vn -0.0000 -0.2122 -0.9772
vn -0.0000 0.0181 -0.9998
vn -0.0000 0.1262 -0.9920
vn -0.0000 0.1261 -0.9920
vn -0.0000 -0.6443 0.7648
vn -0.0000 0.2775 -0.9607
vn -0.0000 0.0305 -0.9995
vn -0.0000 -0.4487 0.8937
vn -0.0000 -0.7237 0.6902
vn -0.0014 -0.6380 -0.7701
vn -0.0018 -0.6646 -0.7472
vn -0.0000 -0.1104 0.9939
vn -0.0000 0.2488 -0.9686
vn -0.0000 -0.6891 0.7246
vn -0.0000 0.7486 0.6630
vn -0.0000 0.5535 0.8329
vn -0.0000 0.9059 0.4235
vn -0.0000 0.9996 0.0276
vn -0.0000 -0.5789 -0.8154
vn -0.0000 0.9631 -0.2691
vn -0.0000 0.4256 -0.9049
vn -0.0000 -0.7758 0.6309
vn -0.0000 -0.2463 0.9692
vn -0.0000 -0.4486 0.8937
vn -0.0000 0.2388 -0.9711
vn -0.0000 0.5609 -0.8279
vn -0.0000 0.2760 0.9612
vn -0.0000 0.1947 0.9809
vn -0.0000 0.6701 0.7423
vn -0.0000 0.9073 0.4205
vn -0.0000 -0.9949 0.1008
vn -0.0000 -0.9712 -0.2383
vn -0.0000 0.6625 -0.7490
vn -0.0000 0.6625 -0.7491
vn -0.0000 0.8891 0.4577
vn -0.0000 0.8891 0.4578
vn -0.0000 -0.9060 0.4233
vn -0.0000 0.9073 0.4206
vn -0.0000 -0.5728 -0.8197
vn -0.0000 -0.9621 -0.2725
vn -0.0000 -0.9891 -0.1475
vn -0.0000 0.4374 0.8993
vn -0.0000 -0.9622 -0.2725
vn -0.0000 0.7392 -0.6734
vn -0.0000 0.1948 -0.9809
vn -0.0000 0.3223 -0.9466
vn -0.0000 0.3506 -0.9365
vn -0.0000 0.2320 -0.9727
vn -0.0000 -0.3159 -0.9488
vn -0.0000 -0.4367 -0.8996
vn -0.0000 0.5558 -0.8313
vn -0.0000 0.4859 -0.8740
vn -0.0000 -0.6038 -0.7971
vn -0.0000 -0.7080 -0.7063
vn -0.0000 -0.4001 0.9165
vn -0.0000 -0.2703 0.9628
vn -0.0000 -0.3927 -0.9197
vn -0.0000 -0.5565 -0.8309
vn -0.0000 0.9967 -0.0812
vn -0.0000 0.9963 0.0859
vn -0.0000 0.0087 1.0000
vn -0.0000 -0.5243 -0.8515
vn -0.0000 -0.5244 -0.8515
vn -0.0000 -0.7832 -0.6218
vn -0.0000 -0.9985 -0.0555
vn -0.0000 -0.9679 -0.2512
vn -0.0000 0.2416 0.9704
vn -0.0000 0.1354 0.9908
vn -0.0000 -0.6363 -0.7715
vn -0.0000 -0.5314 -0.8471
vn -0.0000 -0.9935 0.1135
vn -0.0036 -0.5109 0.8596
vn -0.0011 -0.4546 0.8907
vn -0.0036 -0.3837 0.9235
vn -0.0000 -0.7312 0.6821
vn -0.0000 -0.6228 0.7824
vn -0.0000 0.8308 -0.5565
vn -0.0000 0.7726 -0.6349
vn -0.0000 0.9981 -0.0616
vn -0.0000 0.9951 -0.0984
vn -0.0000 -0.9935 0.1139
vn -0.0000 -0.9714 0.2373
vn -0.0000 -0.9689 0.2475
vn -0.0000 -0.2307 -0.9730
vn -0.0000 -0.1369 -0.9906
vn -0.0000 -0.6881 -0.7256
vn -0.0000 -0.7990 -0.6013
vn -0.0000 -0.5125 0.8587
vn -0.0000 0.8175 0.5760
vn -0.0000 0.7402 0.6724
vn 0.0016 0.5607 -0.8280
vn 0.0005 0.6123 -0.7906
vn 0.0017 0.6291 -0.7774
vn -0.0000 -0.8624 -0.5063
vn -0.0000 -0.9029 -0.4298
vn -0.0000 0.3405 0.9402
vn -0.0000 -0.5487 -0.8360
vn -0.0000 0.4500 0.8930
vn -0.0000 -0.7968 -0.6042
vn -0.0000 -0.1316 0.9913
vn -0.0000 0.4463 -0.8949
vn -0.0000 0.5645 -0.8254
vn -0.0000 0.1155 -0.9933
vn -0.0000 0.0227 -0.9997
vn -0.0000 -0.7114 -0.7028
vn -0.0000 -0.8281 -0.5606
vn -0.0000 -0.9320 0.3624
vn -0.0000 -0.7407 -0.6718
vn -0.0000 0.4063 0.9137
vn -0.0000 0.5214 0.8533
vn -0.0000 -0.6103 -0.7921
vn -0.0000 -0.9396 -0.3423
vn -0.0000 -0.9690 -0.2469
vn -0.0000 -0.0352 -0.9994
vn -0.0000 -0.4959 -0.8684
vn -0.0000 -0.4370 -0.8995
vn -0.0000 -0.4370 -0.8994
vn -0.0000 -0.2435 0.9699
vn -0.0000 -0.3683 0.9297
vn -0.0000 0.6755 -0.7374
vn -0.0000 0.9005 0.4349
vn -0.0000 0.9827 0.1855
vn -0.0000 -0.9171 -0.3986
vn -0.0000 -0.9239 -0.3827
vn -0.0000 0.8937 0.4488
vn -0.0000 -0.2862 -0.9582
vn -0.0000 0.7040 0.7102
vn -0.0000 -0.0855 -0.9963
vn -0.0000 -0.3716 -0.9284
vn -0.0000 -0.0389 -0.9992
vn -0.0000 0.5604 0.8282
vn -0.0000 -0.1079 0.9942
vn -0.0000 -0.2418 -0.9703
vn -0.0000 -0.2417 -0.9703
vn -0.0000 0.6783 -0.7348
vn -0.0000 0.6586 -0.7525
vn -0.0000 -0.4188 -0.9081
vn -0.0000 -0.8554 0.5179
vn -0.0024 -0.9217 0.3879
vn -0.0000 -0.9161 0.4009
vn -0.0000 0.0038 -1.0000
vn -0.0000 0.7830 -0.6220
vn -0.0000 0.0752 -0.9972
vn -0.0000 -0.1110 -0.9938
vn -0.0000 -0.2863 -0.9581
vn -0.0000 -0.7668 0.6419
vn -0.0000 0.9746 -0.2238
vn -0.0000 0.9482 -0.3175
vn -0.0000 -1.0000 0.0048
vn -0.0000 -0.7280 -0.6855
vn -0.0000 0.0164 -0.9999
vn -0.0000 0.0165 -0.9999
vn -0.0000 -0.5435 -0.8394
vn -0.0000 -0.5434 -0.8394
vn -0.0000 -0.9938 -0.1115
vn -0.0000 0.8977 -0.4406
vn -0.0000 -0.8170 0.5767
vn -0.0000 0.7262 -0.6875
vn -0.0000 0.2834 0.9590
vn -0.0000 0.1627 -0.9867
vn -0.0000 -0.1935 -0.9811
vn -0.0000 0.4292 -0.9032
vn -0.0000 -0.8685 -0.4957
vn -0.0000 0.9457 0.3249
vn -0.0000 0.8936 0.4488
vn -0.0000 -0.8791 0.4767
vn -0.0000 -0.6809 0.7323
vn -0.0022 -0.9668 0.2556
vn -0.0007 -0.9432 0.3324
vn -0.0000 0.8862 -0.4633
vn -0.0000 -0.3178 -0.9482
vn -0.0000 0.6594 0.7518
vn -0.0000 0.9890 -0.1479
vn -0.0000 0.9746 -0.2239
vn -0.0000 0.9990 0.0456
vn -0.0000 0.9764 0.2158
vn -0.0000 0.0147 0.9999
vn -0.0000 0.1029 -0.9947
vn -0.0000 -0.1439 -0.9896
vn -0.0000 -0.6007 0.7995
vn -0.0000 -0.2822 -0.9594
vn -0.0000 0.9619 -0.2735
vn -0.0000 -0.5257 0.8507
vn -0.0000 0.7993 0.6009
vn 0.0017 0.7581 0.6522
vn -0.0000 0.7543 0.6565
vn -0.0000 -0.9955 -0.0952
vn -0.0000 -0.9989 -0.0474
vn 0.0096 0.5090 0.8607
vn -0.0204 -0.0253 -0.9995
vn -0.0000 1.0000 -0.0002
vn -0.0000 0.9988 0.0499
vn -0.0000 -0.6820 0.7314
vn -0.0000 -0.6819 0.7314
vn -0.0000 -0.6576 0.7533
vn -0.0000 -0.6179 0.7863
vn -0.0000 -0.6179 0.7862
vn 0.0044 0.0946 0.9955
vn 0.0011 0.0484 0.9988
vn -0.0028 0.0581 0.9983
vn -0.0000 0.0561 0.9984
vn -0.0000 0.1926 0.9813
vn -0.0000 0.1371 0.9906
vn -0.0000 0.8222 -0.5693
vn -0.0000 0.9984 0.0573
vn -0.0000 -0.3815 -0.9244
vn -0.0000 -0.1044 -0.9945
vn -0.0000 -0.0959 -0.9954
vn -0.0000 -0.6610 0.7504
vn -0.0049 -0.6319 0.7750
vn 0.0035 -0.6590 0.7522
vn 0.0048 -0.6363 0.7714
vn -0.0000 -0.1562 0.9877
vn -0.0000 -0.1078 0.9942
vn -0.0000 -0.0941 0.9956
vn -0.0000 -0.1060 0.9944
vn -0.0000 -0.1061 0.9944
vn -0.0000 -0.9587 -0.2845
vn -0.0000 -0.9568 -0.2908
vn -0.0000 -0.9587 -0.2844
vn -0.0000 -0.9627 -0.2707
vn -0.0000 -0.9701 -0.2427
vn -0.0000 0.9810 0.1939
vn -0.0000 -0.9646 0.2637
vn -0.0000 -0.7654 0.6435
vn -0.0000 -0.7453 0.6667
vn -0.0000 0.9696 -0.2447
vn -0.0011 0.9646 -0.2638
vn 0.0007 0.9695 -0.2452
vn -0.0008 0.9579 -0.2870
vn -0.0000 0.9578 -0.2876
vn -0.0000 0.9743 -0.2251
vn -0.0000 0.9739 -0.2270
vn 0.0009 0.9649 -0.2626
vn -0.0000 -0.6188 -0.7855
vn -0.0000 0.8950 -0.4462
vn -0.0000 -0.9416 -0.3368
vn -0.0000 -0.9514 -0.3081
vn 0.0018 -0.6400 0.7683
vn -0.0000 -0.6717 0.7408
vn -0.0000 0.3708 -0.9287
vn -0.0000 -0.4388 0.8986
vn -0.0000 -0.6008 -0.7994
vn -0.0000 0.0789 -0.9969
vn -0.0000 -0.8710 -0.4913
vn -0.0000 0.7149 -0.6993
vn -0.0000 -0.0842 -0.9965
vn -0.0000 0.9110 -0.4123
vn -0.0000 0.0761 0.9971
vn -0.0000 0.0073 1.0000
vn -0.0000 0.0014 1.0000
vn -0.0000 -0.0000 1.0000
vn -0.0000 -0.0585 -0.9983
vn -0.0000 -0.9972 -0.0748
vn -0.0000 -0.9929 -0.1188
vn -0.0000 -0.1187 -0.9929
vn -0.0000 -0.1186 -0.9929
vn -0.0000 -0.0942 -0.9956
vn -0.0000 -0.0665 -0.9978
vn 0.0018 -0.9881 -0.1538
vn -0.0000 -0.9814 -0.1919
vn -0.0000 -0.0639 -0.9980
vn -0.0000 -0.0673 -0.9977
vn -0.0000 -0.0434 -0.9991
vn -0.0000 -0.0022 -1.0000
vn -0.0000 -0.0424 -0.9991
vn -0.0000 0.8955 -0.4451
vn -0.0000 0.1139 0.9935
vn -0.0000 0.1078 0.9942
vn -0.0000 0.1255 0.9921
vn -0.0000 -0.7661 0.6427
vn -0.0000 -0.0580 0.9983
vn -0.0000 -0.0581 0.9983
vn -0.0000 -0.0269 0.9996
vn -0.0000 0.0148 0.9999
vn -0.0000 0.1533 0.9882
vn 1.0000 -0.0000 0.0001
vn 1.0000 -0.0000 -0.0005
vn -0.0000 -0.0879 -0.9961
vn -0.0000 -0.0602 -0.9982
vn -0.0000 -0.0373 -0.9993
vn -0.0000 -0.0304 -0.9995
vn 0.0339 -0.1567 -0.9871
vn 0.0435 -0.1697 -0.9845
vn 0.0009 -0.1352 -0.9908
vn 0.0104 -0.1136 -0.9935
vn 0.0052 -0.1041 -0.9945
vn 0.0020 -0.0975 -0.9952
vn -0.0002 -0.0925 -0.9957
vn -0.0011 -0.0916 -0.9958
vn -0.0006 -0.0962 -0.9954
vn 0.0059 -0.1154 -0.9933
vn -0.0002 -0.1023 -0.9948
vn -0.0000 -0.1355 -0.9908
vn -0.0020 -0.1037 -0.9946
vn -0.0095 -0.0912 -0.9958
vn -0.0062 -0.0974 -0.9952
vn -0.0167 -0.0754 -0.9970
vn -0.0107 -0.0912 -0.9958
vn -0.0098 -0.0926 -0.9957
vn -0.0206 -0.0637 -0.9978
vn -0.0076 -0.0955 -0.9954
vn -0.0227 -0.0552 -0.9982
vn -0.0020 -0.1009 -0.9949
vn -0.0061 -0.0554 -0.9984
vn 0.0071 -0.1087 -0.9941
vn -0.0000 -0.0661 -0.9978
vn -0.0000 -0.0483 -0.9988
vn -0.0000 -0.0915 -0.9958
vn 0.0314 -0.1436 -0.9891
vn -0.0000 -0.1317 -0.9913
vn 0.0508 -0.1757 -0.9831
vn 0.0255 -0.1264 -0.9917
vn 0.0125 -0.0973 -0.9952
vn 0.0056 -0.0784 -0.9969
vn 0.0020 -0.0654 -0.9979
vn -0.0000 -0.0454 -0.9990
vn -0.0000 -0.0459 -0.9989
vn -0.0000 -0.7253 -0.6885
vn -0.0000 -0.4574 0.8893
vn -0.0000 0.1076 0.9942
vn -0.0000 0.1453 0.9894
vn -0.0000 -0.1145 -0.9934
vn -0.0000 0.0180 -0.9998
vn 0.0024 -0.6664 -0.7456
vn -0.0000 -0.6372 -0.7707
vn -0.0000 -0.7759 0.6309
vn -0.0000 0.2760 0.9611
vn -0.0000 0.9998 -0.0217
vn -0.0000 0.6387 -0.7694
vn -0.0000 -0.9089 -0.4169
vn -0.0000 -0.8959 -0.4442
vn -0.0000 0.6985 -0.7156
vt 0.403053 0.104609
vt 0.398488 0.105753
vt 0.439170 0.124405
vt 0.397341 0.255301
vt 0.399320 0.254840
vt 0.399472 0.298216
vt 0.392214 0.141478
vt 0.370444 0.103366
vt 0.383483 0.107443
vt 0.370444 0.103366
vt 0.429141 0.128396
vt 0.432223 0.126795
vt 0.934948 0.882004
vt 0.923698 0.886853
vt 0.933933 0.880473
vt 0.930210 0.876429
vt 0.921185 0.884498
vt 0.929489 0.875876
vt 0.915754 0.632404
vt 0.916608 0.643556
vt 0.913022 0.633115
vt 0.926139 0.889610
vt 0.925285 0.888643
vt 0.936825 0.885674
vt 0.930931 0.877032
vt 0.921525 0.884692
vt 0.937308 0.634938
vt 0.934210 0.646392
vt 0.936437 0.634619
vt 0.993358 0.695672
vt 0.981308 0.697282
vt 0.991447 0.691676
vt 0.874879 0.680876
vt 0.885805 0.685717
vt 0.875518 0.687583
vt 0.877050 0.667073
vt 0.885945 0.675430
vt 0.875427 0.673726
vt 0.953869 0.641002
vt 0.944682 0.646008
vt 0.951836 0.639276
vt 0.918289 0.631971
vt 0.918495 0.643070
vt 0.948994 0.701201
vt 0.949924 0.700997
vt 0.950387 0.713480
vt 0.941970 0.644439
vt 0.941263 0.636264
vt 0.943897 0.636587
vt 0.920638 0.631765
vt 0.920225 0.642766
vt 0.994534 0.699468
vt 0.982905 0.699837
vt 0.939642 0.646260
vt 0.940421 0.636073
vt 0.879920 0.660227
vt 0.887258 0.670464
vt 0.892630 0.867320
vt 0.892139 0.878319
vt 0.889179 0.868197
vt 0.922826 0.631745
vt 0.921818 0.642625
vt 0.978748 0.718365
vt 0.981926 0.708660
vt 0.981470 0.718422
vt 0.907518 0.635207
vt 0.906821 0.647969
vt 0.901141 0.638448
vt 0.938005 0.635211
vt 0.935281 0.646731
vt 0.982708 0.709124
vt 0.983911 0.718129
vt 0.995069 0.703020
vt 0.983968 0.702048
vt 0.929379 0.717524
vt 0.927446 0.706137
vt 0.929593 0.717452
vt 0.938831 0.646621
vt 0.939721 0.635875
vt 0.923286 0.886519
vt 0.933229 0.879603
vt 0.938586 0.635450
vt 0.936261 0.646919
vt 0.983263 0.709424
vt 0.986104 0.717568
vt 0.922704 0.872350
vt 0.918078 0.883596
vt 0.915240 0.882673
vt 0.895043 0.642505
vt 0.897013 0.655332
vt 0.889195 0.647594
vt 0.995062 0.706358
vt 0.984556 0.703941
vt 0.929215 0.717588
vt 0.927505 0.706227
vt 0.939130 0.635669
vt 0.937161 0.646960
vt 0.938009 0.646858
vt 0.886995 0.690189
vt 0.877231 0.693788
vt 0.983643 0.709576
vt 0.988104 0.716801
vt 0.922463 0.885480
vt 0.931932 0.878043
vt 0.874879 0.887837
vt 0.884732 0.889970
vt 0.875239 0.892155
vt 0.924888 0.631877
vt 0.923304 0.642631
vt 0.886655 0.895736
vt 0.877537 0.899377
vt 0.883477 0.704456
vt 0.894578 0.700896
vt 0.887820 0.708785
vt 0.912119 0.645296
vt 0.929018 0.717656
vt 0.927562 0.706314
vt 0.983903 0.709576
vt 0.989983 0.715837
vt 0.896474 0.866873
vt 0.894325 0.878127
vt 0.928739 0.717735
vt 0.927579 0.706415
vt 0.910841 0.718093
vt 0.917839 0.707857
vt 0.917465 0.718422
vt 0.935934 0.883756
vt 0.924453 0.887704
vt 0.928363 0.717824
vt 0.927526 0.706541
vt 0.984090 0.709394
vt 0.991795 0.714626
vt 0.875275 0.883760
vt 0.884641 0.887484
vt 0.940200 0.715148
vt 0.938868 0.701898
vt 0.941643 0.714867
vt 0.993556 0.713072
vt 0.984311 0.708310
vt 0.994341 0.710721
vt 0.984226 0.708987
vt 0.976274 0.690693
vt 0.986300 0.683936
vt 0.900664 0.866921
vt 0.896866 0.878148
vt 0.910898 0.908974
vt 0.905889 0.909667
vt 0.893315 0.898282
vt 0.898259 0.703481
vt 0.892840 0.712355
vt 0.969943 0.682011
vt 0.979587 0.675205
vt 0.905133 0.867515
vt 0.899748 0.878425
vt 0.924316 0.718209
vt 0.926707 0.706960
vt 0.927338 0.717966
vt 0.879611 0.902924
vt 0.887852 0.898132
vt 0.880865 0.904257
vt 0.921870 0.884914
vt 0.938497 0.895884
vt 0.929017 0.892897
vt 0.938483 0.893219
vt 0.888104 0.898178
vt 0.882258 0.905509
vt 0.887722 0.898047
vt 0.926868 0.632138
vt 0.924719 0.642774
vt 0.943300 0.714565
vt 0.940218 0.701784
vt 0.940923 0.701821
vt 0.931918 0.716988
vt 0.929892 0.703886
vt 0.933124 0.716701
vt 0.902444 0.705508
vt 0.898427 0.715109
vt 0.941550 0.701900
vt 0.943701 0.714499
vt 0.934056 0.633821
vt 0.928952 0.644012
vt 0.930751 0.632995
vt 0.888527 0.898202
vt 0.883853 0.906694
vt 0.984715 0.705584
vt 0.928461 0.892386
vt 0.877627 0.877309
vt 0.885249 0.883081
vt 0.876290 0.880119
vt 0.924034 0.707398
vt 0.889177 0.898208
vt 0.885728 0.907790
vt 0.944277 0.714402
vt 0.942831 0.702114
vt 0.944576 0.714348
vt 0.945829 0.647708
vt 0.958438 0.646353
vt 0.928809 0.632514
vt 0.926103 0.643049
vt 0.943397 0.702154
vt 0.944929 0.714284
vt 0.879280 0.874894
vt 0.885801 0.881752
vt 0.901809 0.651250
vt 0.907101 0.706936
vt 0.904465 0.717017
vt 0.944010 0.702162
vt 0.945344 0.714211
vt 0.888896 0.694219
vt 0.879916 0.699434
vt 0.944671 0.702140
vt 0.945820 0.714129
vt 0.925631 0.895125
vt 0.935362 0.902652
vt 0.929036 0.905749
vt 0.890109 0.898184
vt 0.887960 0.908745
vt 0.927405 0.706682
vt 0.881230 0.872801
vt 0.886567 0.880701
vt 0.927500 0.643458
vt 0.884819 0.885130
vt 0.929773 0.893663
vt 0.937151 0.901352
vt 0.883502 0.870983
vt 0.887551 0.879867
vt 0.963272 0.714131
vt 0.971671 0.703496
vt 0.968320 0.715459
vt 0.938563 0.897372
vt 0.929404 0.893752
vt 0.946914 0.713984
vt 0.947215 0.701550
vt 0.948207 0.713818
vt 0.929698 0.893635
vt 0.938623 0.900183
vt 0.938596 0.898807
vt 0.929511 0.893732
vt 0.892544 0.909667
vt 0.951996 0.713349
vt 0.953341 0.700091
vt 0.953458 0.713257
vt 0.886140 0.869437
vt 0.888782 0.879203
vt 0.912222 0.707727
vt 0.955172 0.699861
vt 0.954850 0.713209
vt 0.929602 0.893689
vt 0.947659 0.637200
vt 0.942747 0.643801
vt 0.946591 0.636993
vt 0.957119 0.699800
vt 0.956253 0.713214
vt 0.892699 0.659984
vt 0.884007 0.653584
vt 0.942313 0.702040
vt 0.931229 0.717124
vt 0.927960 0.704284
vt 0.931517 0.717071
vt 0.923689 0.872723
vt 0.891442 0.697796
vt 0.936804 0.715856
vt 0.930857 0.703732
vt 0.933672 0.702929
vt 0.959209 0.699922
vt 0.957746 0.713286
vt 0.928579 0.704213
vt 0.924553 0.873087
vt 0.918620 0.883754
vt 0.945863 0.701905
vt 0.931030 0.717154
vt 0.927449 0.704333
vt 0.942446 0.643998
vt 0.945367 0.636786
vt 0.961460 0.700239
vt 0.959390 0.713447
vt 0.925297 0.873422
vt 0.919057 0.883866
vt 0.948781 0.637526
vt 0.942988 0.643829
vt 0.963879 0.700763
vt 0.961224 0.713721
vt 0.918832 0.871102
vt 0.902938 0.878998
vt 0.919653 0.883954
vt 0.919383 0.883927
vt 0.930858 0.717178
vt 0.927332 0.704738
vt 0.966466 0.701504
vt 0.925985 0.873753
vt 0.919934 0.884007
vt 0.950147 0.638164
vt 0.943317 0.644146
vt 0.926671 0.874106
vt 0.920227 0.884087
vt 0.935360 0.634247
vt 0.931704 0.645334
vt 0.930639 0.717216
vt 0.927341 0.705103
vt 0.927503 0.705800
vt 0.930332 0.717280
vt 0.928063 0.874910
vt 0.927363 0.874490
vt 0.890299 0.878685
vt 0.942822 0.714645
vt 0.938562 0.715482
vt 0.937281 0.702142
vt 0.928772 0.875371
vt 0.920534 0.884195
vt 0.943858 0.644846
vt 0.927425 0.705449
vt 0.885416 0.680800
vt 0.933017 0.645919
vt 0.889547 0.665205
vt 0.920854 0.884332
vt 0.465626 0.960966
vt 0.474754 0.960322
vt 0.479528 0.956395
vt 0.794171 0.858087
vt 0.786175 0.853217
vt 0.794655 0.856768
vt 0.793801 0.823103
vt 0.789279 0.825593
vt 0.793167 0.822347
vt 0.794517 0.824097
vt 0.789305 0.826708
vt 0.794164 0.823583
vt 0.796884 0.835225
vt 0.789061 0.835406
vt 0.796767 0.833609
vt 0.769624 0.835249
vt 0.773896 0.837660
vt 0.769202 0.834933
vt 0.732939 0.859668
vt 0.737943 0.866845
vt 0.731157 0.862137
vt 0.760556 0.964071
vt 0.756328 0.946737
vt 0.767055 0.958721
vt 0.794856 0.824646
vt 0.789218 0.827126
vt 0.736108 0.890754
vt 0.749374 0.892359
vt 0.736923 0.895489
vt 0.773725 0.838405
vt 0.768804 0.834453
vt 0.790191 0.929042
vt 0.777704 0.917305
vt 0.792578 0.923972
vt 0.792885 0.877604
vt 0.780690 0.865464
vt 0.793528 0.866505
vt 0.749815 0.894096
vt 0.736458 0.896347
vt 0.773443 0.839224
vt 0.768285 0.834064
vt 0.750156 0.896055
vt 0.735940 0.897427
vt 0.734112 0.902941
vt 0.750222 0.910296
vt 0.733221 0.909100
vt 0.742005 0.851284
vt 0.748389 0.859418
vt 0.746989 0.860503
vt 0.794482 0.885598
vt 0.779281 0.886923
vt 0.794177 0.884888
vt 0.750388 0.898298
vt 0.735377 0.898828
vt 0.769852 0.834770
vt 0.774082 0.835200
vt 0.769948 0.835442
vt 0.794800 0.886322
vt 0.779584 0.887992
vt 0.760896 0.825341
vt 0.773517 0.832599
vt 0.793413 0.860120
vt 0.785196 0.854213
vt 0.750496 0.900873
vt 0.734769 0.900642
vt 0.795139 0.887124
vt 0.779971 0.888966
vt 0.750469 0.903816
vt 0.779280 0.913677
vt 0.794362 0.919502
vt 0.793422 0.860707
vt 0.783610 0.855482
vt 0.731818 0.954014
vt 0.747515 0.955356
vt 0.733880 0.960181
vt 0.793462 0.861309
vt 0.782856 0.856456
vt 0.796767 0.849218
vt 0.790152 0.847867
vt 0.790589 0.847213
vt 0.788873 0.830731
vt 0.788939 0.830168
vt 0.795916 0.827041
vt 0.772546 0.840632
vt 0.767140 0.834217
vt 0.796358 0.891644
vt 0.782050 0.891903
vt 0.795863 0.889932
vt 0.793514 0.861974
vt 0.782082 0.857515
vt 0.754651 0.967673
vt 0.751898 0.952131
vt 0.796772 0.893181
vt 0.782777 0.893034
vt 0.769229 0.817521
vt 0.768105 0.821546
vt 0.768378 0.817458
vt 0.793566 0.862760
vt 0.781651 0.859020
vt 0.797115 0.894578
vt 0.783276 0.894030
vt 0.793616 0.863727
vt 0.781278 0.860645
vt 0.793049 0.880970
vt 0.779389 0.876647
vt 0.767637 0.821523
vt 0.767561 0.817478
vt 0.795286 0.825476
vt 0.789134 0.827569
vt 0.761608 0.820561
vt 0.763550 0.822328
vt 0.761349 0.821061
vt 0.797399 0.895900
vt 0.783572 0.894936
vt 0.763072 0.819074
vt 0.765264 0.821775
vt 0.764675 0.821897
vt 0.783259 0.819772
vt 0.782600 0.825964
vt 0.782617 0.820002
vt 0.763507 0.822343
vt 0.761135 0.821551
vt 0.775926 0.824981
vt 0.770529 0.822192
vt 0.771889 0.818179
vt 0.797628 0.897246
vt 0.783683 0.895809
vt 0.763480 0.822348
vt 0.760953 0.822028
vt 0.797791 0.898730
vt 0.783614 0.896715
vt 0.767169 0.821530
vt 0.766755 0.817574
vt 0.780780 0.820671
vt 0.778106 0.826215
vt 0.779219 0.820673
vt 0.763458 0.822354
vt 0.760790 0.822506
vt 0.797872 0.900445
vt 0.783363 0.897725
vt 0.763437 0.822385
vt 0.760651 0.823020
vt 0.781785 0.826175
vt 0.782006 0.820237
vt 0.763425 0.822441
vt 0.760553 0.823579
vt 0.763427 0.822523
vt 0.760512 0.824185
vt 0.797843 0.902458
vt 0.782896 0.898860
vt 0.766680 0.821564
vt 0.765941 0.817753
vt 0.736516 0.867423
vt 0.729918 0.864571
vt 0.780920 0.826331
vt 0.781401 0.820466
vt 0.732531 0.913009
vt 0.749831 0.914435
vt 0.749294 0.918981
vt 0.730557 0.946181
vt 0.747190 0.950861
vt 0.797677 0.904814
vt 0.782402 0.900302
vt 0.770818 0.817839
vt 0.768599 0.821607
vt 0.779984 0.826429
vt 0.781478 0.904287
vt 0.781928 0.902113
vt 0.797345 0.907539
vt 0.770726 0.955248
vt 0.758941 0.943548
vt 0.761815 0.940028
vt 0.771236 0.842262
vt 0.765509 0.834692
vt 0.793303 0.882203
vt 0.778967 0.880862
vt 0.786334 0.825065
vt 0.786233 0.819537
vt 0.793584 0.883245
vt 0.778898 0.882715
vt 0.745605 0.885019
vt 0.746142 0.886615
vt 0.736098 0.889414
vt 0.787194 0.852172
vt 0.795220 0.855265
vt 0.793878 0.884125
vt 0.778934 0.884323
vt 0.796659 0.830512
vt 0.788753 0.831929
vt 0.796567 0.829793
vt 0.787839 0.819584
vt 0.796721 0.831236
vt 0.788733 0.832564
vt 0.751166 0.968941
vt 0.748422 0.956026
vt 0.796758 0.831982
vt 0.788749 0.833218
vt 0.732885 0.869181
vt 0.728297 0.870417
vt 0.796815 0.836259
vt 0.790138 0.838810
vt 0.789782 0.837797
vt 0.751546 0.844195
vt 0.747319 0.956790
vt 0.735686 0.963278
vt 0.474754 0.960322
vt 0.747885 0.969618
vt 0.747572 0.957273
vt 0.791222 0.820753
vt 0.789006 0.823559
vt 0.790470 0.820342
vt 0.796773 0.832770
vt 0.788807 0.833902
vt 0.788625 0.823898
vt 0.789657 0.820007
vt 0.788910 0.834629
vt 0.747125 0.957777
vt 0.737683 0.965842
vt 0.791919 0.821227
vt 0.789098 0.824019
vt 0.780442 0.889885
vt 0.744835 0.969852
vt 0.747026 0.958081
vt 0.788172 0.824255
vt 0.788781 0.819752
vt 0.737381 0.855185
vt 0.739740 0.865860
vt 0.780388 0.910262
vt 0.795743 0.915334
vt 0.746920 0.958357
vt 0.739781 0.967965
vt 0.792565 0.821759
vt 0.789172 0.824510
vt 0.741959 0.969776
vt 0.746764 0.958505
vt 0.746727 0.958580
vt 0.795681 0.826391
vt 0.789105 0.828284
vt 0.787640 0.824632
vt 0.789231 0.825033
vt 0.788223 0.850688
vt 0.788728 0.849959
vt 0.796051 0.852667
vt 0.780960 0.862431
vt 0.762374 0.819682
vt 0.763614 0.822307
vt 0.763692 0.822985
vt 0.779064 0.885714
vt 0.774052 0.836590
vt 0.789395 0.826316
vt 0.241173 0.844087
vt 0.172998 0.836797
vt 0.176293 0.831624
vt 0.078771 0.758336
vt 0.055788 0.736349
vt 0.042491 0.775906
vt 0.682938 0.648967
vt 0.691906 0.646054
vt 0.682951 0.649331
vt 0.682095 0.651844
vt 0.692597 0.655556
vt 0.681086 0.653508
vt 0.688738 0.783362
vt 0.677285 0.784334
vt 0.679634 0.779532
vt 0.663591 0.778210
vt 0.656277 0.769345
vt 0.666106 0.772824
vt 0.655568 0.810563
vt 0.656721 0.817040
vt 0.654641 0.811091
vt 0.663498 0.737840
vt 0.641669 0.723361
vt 0.652975 0.716822
vt 0.643884 0.684690
vt 0.635478 0.672225
vt 0.646973 0.677174
vt 0.671716 0.642076
vt 0.678982 0.633893
vt 0.676018 0.643311
vt 0.680778 0.753490
vt 0.691481 0.754394
vt 0.682079 0.756938
vt 0.692186 0.646982
vt 0.682928 0.649671
vt 0.682334 0.651407
vt 0.692872 0.652833
vt 0.652360 0.812045
vt 0.651412 0.817358
vt 0.651873 0.812138
vt 0.684770 0.732281
vt 0.685899 0.735724
vt 0.674680 0.740353
vt 0.683850 0.766896
vt 0.692473 0.769302
vt 0.683435 0.767950
vt 0.692412 0.647900
vt 0.682870 0.649997
vt 0.664499 0.642400
vt 0.659765 0.633684
vt 0.665221 0.641503
vt 0.639957 0.805137
vt 0.640405 0.802523
vt 0.646435 0.803744
vt 0.682525 0.651016
vt 0.692876 0.651752
vt 0.681549 0.774211
vt 0.661853 0.632815
vt 0.665963 0.641227
vt 0.686828 0.738788
vt 0.678234 0.748023
vt 0.675879 0.743165
vt 0.663732 0.643544
vt 0.657668 0.634890
vt 0.669663 0.795251
vt 0.673108 0.807761
vt 0.665157 0.799561
vt 0.692593 0.648820
vt 0.682787 0.650322
vt 0.663967 0.632218
vt 0.666772 0.641115
vt 0.682650 0.648073
vt 0.691566 0.645107
vt 0.682674 0.650658
vt 0.692827 0.650731
vt 0.662923 0.644980
vt 0.655550 0.636505
vt 0.680062 0.751933
vt 0.690482 0.750470
vt 0.692732 0.649759
vt 0.692201 0.770993
vt 0.682822 0.769184
vt 0.666871 0.745928
vt 0.652152 0.743420
vt 0.674606 0.788859
vt 0.681894 0.797321
vt 0.673223 0.790940
vt 0.666161 0.631860
vt 0.667701 0.641144
vt 0.655310 0.659246
vt 0.653428 0.638609
vt 0.653642 0.811661
vt 0.653382 0.817458
vt 0.652956 0.811887
vt 0.656966 0.809414
vt 0.659675 0.815966
vt 0.656525 0.809844
vt 0.683614 0.794410
vt 0.674636 0.668935
vt 0.686437 0.677379
vt 0.673242 0.672433
vt 0.668489 0.631745
vt 0.668805 0.641308
vt 0.670070 0.680020
vt 0.680300 0.693105
vt 0.666826 0.688127
vt 0.651654 0.797286
vt 0.645942 0.788304
vt 0.654447 0.793703
vt 0.659306 0.759851
vt 0.670617 0.760813
vt 0.662563 0.698729
vt 0.691852 0.772909
vt 0.682761 0.770342
vt 0.641300 0.692429
vt 0.630517 0.687705
vt 0.641869 0.690532
vt 0.647403 0.809406
vt 0.642407 0.811767
vt 0.646111 0.808040
vt 0.670988 0.631901
vt 0.670133 0.641614
vt 0.632339 0.680760
vt 0.658280 0.753235
vt 0.668584 0.751869
vt 0.640884 0.695726
vt 0.630170 0.690729
vt 0.679524 0.644636
vt 0.673674 0.632372
vt 0.692368 0.758403
vt 0.683203 0.760510
vt 0.658915 0.806947
vt 0.662186 0.814790
vt 0.657897 0.808380
vt 0.646692 0.802842
vt 0.640808 0.800441
vt 0.646947 0.802070
vt 0.640723 0.698432
vt 0.629970 0.695142
vt 0.688750 0.671234
vt 0.687833 0.673751
vt 0.675556 0.666554
vt 0.648578 0.783684
vt 0.657585 0.788905
vt 0.657450 0.752736
vt 0.668074 0.749707
vt 0.652337 0.817445
vt 0.640854 0.700657
vt 0.630197 0.698941
vt 0.641005 0.799578
vt 0.647203 0.801431
vt 0.650748 0.811976
vt 0.647606 0.815977
vt 0.650181 0.811670
vt 0.641273 0.702537
vt 0.630743 0.702217
vt 0.675944 0.705819
vt 0.661318 0.702181
vt 0.641190 0.798822
vt 0.647462 0.800926
vt 0.642007 0.704230
vt 0.631534 0.705100
vt 0.651232 0.812169
vt 0.648601 0.816492
vt 0.654299 0.811304
vt 0.655244 0.817313
vt 0.654519 0.817384
vt 0.675640 0.707570
vt 0.660602 0.705167
vt 0.643116 0.705909
vt 0.632541 0.707752
vt 0.692644 0.760303
vt 0.683653 0.761889
vt 0.641362 0.798155
vt 0.647726 0.800550
vt 0.675556 0.708641
vt 0.660444 0.707543
vt 0.680917 0.645369
vt 0.686588 0.637897
vt 0.681335 0.645713
vt 0.678956 0.658060
vt 0.690724 0.664902
vt 0.677824 0.660699
vt 0.658140 0.816576
vt 0.651619 0.812244
vt 0.649519 0.816867
vt 0.675574 0.709358
vt 0.660801 0.709379
vt 0.660765 0.803309
vt 0.670137 0.810574
vt 0.668112 0.811533
vt 0.675633 0.709456
vt 0.661200 0.710504
vt 0.687501 0.638768
vt 0.681665 0.646053
vt 0.692806 0.761994
vt 0.683966 0.763070
vt 0.675745 0.709833
vt 0.661708 0.711840
vt 0.688306 0.639653
vt 0.681927 0.646397
vt 0.641524 0.797549
vt 0.648003 0.800297
vt 0.644697 0.707749
vt 0.633783 0.710345
vt 0.689029 0.640563
vt 0.682140 0.646757
vt 0.641693 0.796954
vt 0.648306 0.800151
vt 0.677938 0.802536
vt 0.651730 0.812199
vt 0.650331 0.817122
vt 0.689691 0.641511
vt 0.682323 0.647147
vt 0.650853 0.817251
vt 0.648810 0.810666
vt 0.643964 0.813288
vt 0.690305 0.642516
vt 0.682489 0.647581
vt 0.692876 0.763526
vt 0.684145 0.764102
vt 0.690876 0.643596
vt 0.692871 0.764955
vt 0.684189 0.765041
vt 0.641892 0.796313
vt 0.648669 0.800022
vt 0.645238 0.807095
vt 0.640844 0.809640
vt 0.645020 0.806769
vt 0.689980 0.748358
vt 0.679842 0.656024
vt 0.691580 0.661797
vt 0.640666 0.809265
vt 0.644968 0.806752
vt 0.654162 0.773591
vt 0.660553 0.815628
vt 0.640527 0.808927
vt 0.644955 0.806788
vt 0.646772 0.709978
vt 0.635303 0.713037
vt 0.680170 0.655089
vt 0.692181 0.659229
vt 0.642154 0.795567
vt 0.649151 0.799729
vt 0.640412 0.808610
vt 0.644978 0.806868
vt 0.645609 0.807525
vt 0.641224 0.810259
vt 0.680608 0.654252
vt 0.692376 0.657946
vt 0.642509 0.794670
vt 0.649769 0.799233
vt 0.640307 0.808288
vt 0.645033 0.806981
vt 0.655901 0.750422
vt 0.640206 0.807933
vt 0.645107 0.807059
vt 0.692512 0.656730
vt 0.650541 0.798497
vt 0.643737 0.792057
vt 0.641742 0.810976
vt 0.649536 0.712829
vt 0.637134 0.715980
vt 0.642985 0.793582
vt 0.640110 0.807523
vt 0.645193 0.807063
vt 0.685535 0.637038
vt 0.644380 0.653566
vt 0.692802 0.766349
vt 0.684094 0.765949
vt 0.645773 0.814765
vt 0.660106 0.804871
vt 0.664082 0.813712
vt 0.640028 0.807046
vt 0.645294 0.806984
vt 0.639278 0.719342
vt 0.690673 0.777426
vt 0.639969 0.806494
vt 0.645413 0.806815
vt 0.692672 0.767775
vt 0.683379 0.685148
vt 0.438095 0.447682
vt 0.436225 0.398922
vt 0.465513 0.439461
vt 0.308250 0.493242
vt 0.357754 0.497934
vt 0.359809 0.492677
vt 0.860149 0.770947
vt 0.855159 0.781800
vt 0.859019 0.770433
vt 0.820532 0.735685
vt 0.830104 0.725665
vt 0.826043 0.737440
vt 0.789525 0.755692
vt 0.791317 0.769996
vt 0.788482 0.756199
vt 0.866001 0.777221
vt 0.863441 0.781932
vt 0.865555 0.776579
vt 0.702937 0.741787
vt 0.699463 0.736241
vt 0.703738 0.740927
vt 0.778376 0.757908
vt 0.777717 0.772487
vt 0.773290 0.759439
vt 0.807696 0.734859
vt 0.808264 0.722992
vt 0.809359 0.734536
vt 0.867342 0.769917
vt 0.874624 0.769994
vt 0.867495 0.770761
vt 0.790788 0.755194
vt 0.792343 0.769820
vt 0.833323 0.760700
vt 0.818964 0.770613
vt 0.823433 0.756829
vt 0.814296 0.753554
vt 0.807926 0.768341
vt 0.810668 0.752506
vt 0.735404 0.773490
vt 0.731684 0.780937
vt 0.733970 0.773044
vt 0.816324 0.734682
vt 0.820854 0.723283
vt 0.818339 0.735098
vt 0.867618 0.774121
vt 0.872854 0.776032
vt 0.867581 0.775001
vt 0.853214 0.752742
vt 0.867266 0.749821
vt 0.859271 0.757946
vt 0.867497 0.778626
vt 0.868896 0.781410
vt 0.867496 0.778667
vt 0.786545 0.757198
vt 0.700937 0.735264
vt 0.704485 0.740277
vt 0.867105 0.769050
vt 0.874758 0.768599
vt 0.792260 0.754705
vt 0.793498 0.769619
vt 0.868498 0.781607
vt 0.867514 0.778678
vt 0.736668 0.773702
vt 0.733692 0.781405
vt 0.862557 0.781935
vt 0.865060 0.775885
vt 0.702352 0.734580
vt 0.705160 0.739823
vt 0.784495 0.757730
vt 0.787090 0.770525
vt 0.784124 0.757686
vt 0.751497 0.743093
vt 0.776283 0.747523
vt 0.756543 0.756040
vt 0.867440 0.778667
vt 0.865080 0.781826
vt 0.866321 0.777873
vt 0.868107 0.781775
vt 0.867539 0.778683
vt 0.832497 0.739809
vt 0.841418 0.730137
vt 0.835777 0.741320
vt 0.717441 0.764370
vt 0.706623 0.767344
vt 0.711251 0.760479
vt 0.867497 0.778524
vt 0.869346 0.781147
vt 0.866784 0.768118
vt 0.874791 0.767107
vt 0.852251 0.767876
vt 0.839038 0.777069
vt 0.843381 0.764511
vt 0.737946 0.773749
vt 0.735536 0.781719
vt 0.823851 0.723867
vt 0.784834 0.757744
vt 0.787435 0.770503
vt 0.710162 0.742168
vt 0.714297 0.735285
vt 0.711188 0.742826
vt 0.786313 0.770639
vt 0.783394 0.757440
vt 0.810592 0.722775
vt 0.810997 0.734359
vt 0.845588 0.732404
vt 0.839141 0.743140
vt 0.861648 0.781919
vt 0.864520 0.775146
vt 0.759631 0.778532
vt 0.755130 0.766457
vt 0.866343 0.767123
vt 0.874699 0.765494
vt 0.736245 0.756112
vt 0.741807 0.746509
vt 0.739153 0.757414
vt 0.867643 0.773252
vt 0.873330 0.774920
vt 0.867632 0.781927
vt 0.867520 0.778689
vt 0.700443 0.752431
vt 0.693698 0.754286
vt 0.699722 0.751528
vt 0.739158 0.773659
vt 0.737389 0.781925
vt 0.800072 0.737926
vt 0.798698 0.725020
vt 0.802206 0.736868
vt 0.703689 0.734136
vt 0.705760 0.739552
vt 0.867472 0.778320
vt 0.869843 0.780787
vt 0.709348 0.741578
vt 0.712909 0.734905
vt 0.693167 0.752476
vt 0.699524 0.750708
vt 0.788963 0.742427
vt 0.790464 0.727633
vt 0.795115 0.740549
vt 0.818617 0.755017
vt 0.810856 0.768767
vt 0.865772 0.766018
vt 0.874453 0.763740
vt 0.743142 0.746504
vt 0.741708 0.758348
vt 0.793914 0.754226
vt 0.794787 0.769399
vt 0.692903 0.750694
vt 0.699462 0.749907
vt 0.740353 0.773423
vt 0.739186 0.782026
vt 0.860729 0.781896
vt 0.863938 0.774376
vt 0.715852 0.735779
vt 0.712437 0.743560
vt 0.701382 0.753444
vt 0.694560 0.756148
vt 0.785148 0.757727
vt 0.787725 0.770491
vt 0.721923 0.748815
vt 0.731376 0.742529
vt 0.727360 0.751577
vt 0.867018 0.782038
vt 0.713917 0.744375
vt 0.721429 0.738074
vt 0.717450 0.746395
vt 0.867399 0.777987
vt 0.870368 0.780303
vt 0.864707 0.764358
vt 0.874014 0.761821
vt 0.744067 0.746276
vt 0.744008 0.758892
vt 0.867635 0.772414
vt 0.873750 0.773764
vt 0.692876 0.748896
vt 0.699521 0.749076
vt 0.699996 0.747141
vt 0.695209 0.741300
vt 0.701299 0.744276
vt 0.717588 0.736401
vt 0.782712 0.744817
vt 0.784264 0.729736
vt 0.744931 0.745915
vt 0.746430 0.758945
vt 0.785453 0.757677
vt 0.787973 0.770487
vt 0.812972 0.722681
vt 0.812695 0.734318
vt 0.752509 0.780587
vt 0.748595 0.769517
vt 0.741593 0.773028
vt 0.740980 0.782038
vt 0.859815 0.781877
vt 0.863313 0.773606
vt 0.704966 0.733880
vt 0.706298 0.739449
vt 0.863274 0.762435
vt 0.873072 0.759256
vt 0.867507 0.776732
vt 0.870904 0.779672
vt 0.846353 0.747649
vt 0.860951 0.743580
vt 0.693094 0.747041
vt 0.699697 0.748167
vt 0.788766 0.770449
vt 0.786105 0.757465
vt 0.728381 0.770527
vt 0.718898 0.775416
vt 0.723229 0.767813
vt 0.746272 0.745363
vt 0.749309 0.758455
vt 0.785768 0.757590
vt 0.788207 0.770483
vt 0.788462 0.770472
vt 0.853501 0.737597
vt 0.814611 0.769527
vt 0.861446 0.760276
vt 0.871686 0.756368
vt 0.748419 0.744467
vt 0.752700 0.757357
vt 0.795719 0.753761
vt 0.796189 0.769168
vt 0.793350 0.726687
vt 0.797715 0.739149
vt 0.693590 0.745111
vt 0.742945 0.772453
vt 0.742837 0.781965
vt 0.858921 0.781868
vt 0.862640 0.772860
vt 0.704105 0.755890
vt 0.695816 0.758060
vt 0.712821 0.771707
vt 0.797638 0.753316
vt 0.797670 0.768939
vt 0.867594 0.771582
vt 0.874111 0.772563
vt 0.726018 0.740142
vt 0.770995 0.734771
vt 0.706240 0.733770
vt 0.706809 0.739509
vt 0.779838 0.757577
vt 0.782443 0.771187
vt 0.869774 0.753195
vt 0.744535 0.771704
vt 0.744832 0.781800
vt 0.801191 0.724340
vt 0.804149 0.736017
vt 0.781060 0.757351
vt 0.783620 0.770977
vt 0.799634 0.752900
vt 0.799189 0.768726
vt 0.707344 0.739749
vt 0.709100 0.733995
vt 0.707955 0.740210
vt 0.815449 0.722720
vt 0.814456 0.734424
vt 0.858046 0.781872
vt 0.861908 0.772160
vt 0.707593 0.733799
vt 0.782042 0.757273
vt 0.784574 0.770828
vt 0.699062 0.761496
vt 0.801670 0.752536
vt 0.800700 0.768539
vt 0.730466 0.771556
vt 0.724450 0.778295
vt 0.796090 0.725808
vt 0.746385 0.770734
vt 0.747047 0.781532
vt 0.803586 0.723777
vt 0.805956 0.735334
vt 0.857169 0.781878
vt 0.861091 0.771528
vt 0.782797 0.757307
vt 0.785301 0.770733
vt 0.867542 0.775880
vt 0.871752 0.778108
vt 0.711662 0.734626
vt 0.803714 0.752254
vt 0.802160 0.768388
vt 0.874405 0.771309
vt 0.785837 0.770681
vt 0.805759 0.752081
vt 0.803529 0.768279
vt 0.855991 0.769256
vt 0.848177 0.779986
vt 0.818064 0.722912
vt 0.696528 0.739234
vt 0.702112 0.742862
vt 0.828844 0.773749
vt 0.732334 0.772411
vt 0.727070 0.779410
vt 0.864285 0.781899
vt 0.749571 0.781138
vt 0.805943 0.723325
vt 0.856235 0.781864
vt 0.872327 0.777097
vt 0.807782 0.752051
vt 0.804780 0.768214
vt 0.852036 0.781032
vt 0.697973 0.737554
vt 0.805910 0.768191
vt 0.729481 0.780282
vt 0.739379 0.689964
vt 0.732125 0.676684
vt 0.739653 0.671643
vt 0.975767 0.406819
vt 0.974255 0.401826
vt 0.972031 0.424958
vt 0.876064 0.254007
vt 0.849355 0.244929
vt 0.863736 0.242604
vt 0.843313 0.660780
vt 0.856373 0.652927
vt 0.844281 0.661679
vt 0.758010 0.651175
vt 0.760781 0.637855
vt 0.758348 0.651555
vt 0.760684 0.716140
vt 0.759737 0.722533
vt 0.759989 0.716329
vt 0.761132 0.637805
vt 0.758794 0.652074
vt 0.866659 0.682826
vt 0.873942 0.686297
vt 0.866650 0.683211
vt 0.736829 0.644591
vt 0.739618 0.631854
vt 0.739245 0.644495
vt 0.823101 0.649406
vt 0.834725 0.633290
vt 0.828696 0.650978
vt 0.847910 0.666177
vt 0.855055 0.659916
vt 0.848618 0.666869
vt 0.839255 0.657601
vt 0.853957 0.646860
vt 0.840214 0.658345
vt 0.828633 0.698365
vt 0.831298 0.708880
vt 0.827391 0.699092
vt 0.825867 0.699822
vt 0.824689 0.711442
vt 0.821663 0.701271
vt 0.838534 0.690720
vt 0.840926 0.700978
vt 0.837323 0.691081
vt 0.847407 0.665617
vt 0.855065 0.659202
vt 0.805164 0.705298
vt 0.805310 0.716231
vt 0.802273 0.706519
vt 0.847114 0.665200
vt 0.855216 0.658589
vt 0.856950 0.662216
vt 0.851441 0.669164
vt 0.765840 0.654073
vt 0.769966 0.638549
vt 0.768880 0.654206
vt 0.829643 0.697626
vt 0.832865 0.707989
vt 0.771897 0.638266
vt 0.771993 0.654141
vt 0.846864 0.664787
vt 0.855507 0.658109
vt 0.740718 0.631956
vt 0.740042 0.644473
vt 0.756348 0.706353
vt 0.748036 0.710306
vt 0.756006 0.705321
vt 0.840434 0.701455
vt 0.836275 0.691502
vt 0.774059 0.637901
vt 0.775093 0.653780
vt 0.846581 0.664366
vt 0.855789 0.657605
vt 0.867804 0.680958
vt 0.874708 0.678428
vt 0.874792 0.679086
vt 0.846265 0.663933
vt 0.856046 0.657057
vt 0.868334 0.680873
vt 0.868094 0.680948
vt 0.741603 0.632074
vt 0.740611 0.644426
vt 0.747638 0.709561
vt 0.755618 0.704364
vt 0.845916 0.663488
vt 0.856270 0.656459
vt 0.700135 0.657619
vt 0.693681 0.659341
vt 0.699495 0.657139
vt 0.867497 0.680973
vt 0.874848 0.679744
vt 0.693161 0.657493
vt 0.700094 0.656389
vt 0.742348 0.632203
vt 0.741027 0.644375
vt 0.747241 0.708859
vt 0.755155 0.703445
vt 0.839998 0.701943
vt 0.835340 0.691992
vt 0.700797 0.657999
vt 0.694390 0.661025
vt 0.874877 0.680402
vt 0.867174 0.680992
vt 0.845533 0.663030
vt 0.856457 0.655805
vt 0.868476 0.680769
vt 0.874566 0.677708
vt 0.743060 0.632347
vt 0.741472 0.644417
vt 0.830476 0.696851
vt 0.834154 0.707136
vt 0.692876 0.655441
vt 0.700686 0.655493
vt 0.701519 0.658350
vt 0.695256 0.662585
vt 0.874879 0.681058
vt 0.866827 0.681034
vt 0.843740 0.699634
vt 0.841261 0.690337
vt 0.746803 0.708144
vt 0.754587 0.702526
vt 0.839537 0.702469
vt 0.834467 0.692566
vt 0.874856 0.681711
vt 0.866817 0.681378
vt 0.845116 0.662561
vt 0.856604 0.655090
vt 0.692890 0.653164
vt 0.701331 0.654406
vt 0.702384 0.658665
vt 0.696300 0.664067
vt 0.874807 0.682359
vt 0.866819 0.681723
vt 0.868505 0.680616
vt 0.874359 0.676945
vt 0.742359 0.644488
vt 0.744783 0.632742
vt 0.742663 0.644533
vt 0.746280 0.707366
vt 0.753884 0.701569
vt 0.838985 0.703064
vt 0.833664 0.693247
vt 0.831191 0.696006
vt 0.835253 0.706311
vt 0.750695 0.698161
vt 0.744808 0.705454
vt 0.743782 0.704257
vt 0.745263 0.632903
vt 0.742885 0.644558
vt 0.703442 0.658965
vt 0.697575 0.665493
vt 0.776529 0.637457
vt 0.778373 0.653231
vt 0.751639 0.716817
vt 0.751156 0.716074
vt 0.757549 0.711635
vt 0.745696 0.633064
vt 0.743068 0.644588
vt 0.874735 0.683000
vt 0.866763 0.681952
vt 0.808043 0.715686
vt 0.746131 0.633234
vt 0.743275 0.644662
vt 0.745629 0.706480
vt 0.753017 0.700540
vt 0.746613 0.633427
vt 0.743531 0.644787
vt 0.838295 0.703748
vt 0.832851 0.694031
vt 0.867447 0.679550
vt 0.873585 0.675177
vt 0.868403 0.680408
vt 0.874638 0.683635
vt 0.866720 0.682177
vt 0.831904 0.695066
vt 0.836256 0.705489
vt 0.762921 0.715390
vt 0.766255 0.722160
vt 0.764195 0.722523
vt 0.837248 0.704641
vt 0.874518 0.684262
vt 0.866688 0.682399
vt 0.703427 0.650772
vt 0.695797 0.644445
vt 0.703985 0.650082
vt 0.874046 0.676105
vt 0.747170 0.633653
vt 0.743854 0.644967
vt 0.798737 0.708241
vt 0.799637 0.717165
vt 0.796963 0.709343
vt 0.696814 0.642933
vt 0.704553 0.649490
vt 0.874375 0.684881
vt 0.866667 0.682616
vt 0.747813 0.633922
vt 0.744254 0.645208
vt 0.872243 0.673550
vt 0.795291 0.634265
vt 0.810035 0.632377
vt 0.810327 0.648183
vt 0.874211 0.685493
vt 0.747347 0.646982
vt 0.758231 0.714472
vt 0.752679 0.718198
vt 0.757885 0.713464
vt 0.697957 0.641522
vt 0.705174 0.648962
vt 0.802891 0.716713
vt 0.799745 0.707879
vt 0.699286 0.640162
vt 0.705909 0.648460
vt 0.839324 0.634121
vt 0.831138 0.652031
vt 0.856706 0.654313
vt 0.700891 0.638818
vt 0.706836 0.647951
vt 0.864236 0.687478
vt 0.868163 0.693803
vt 0.867095 0.694489
vt 0.841264 0.659128
vt 0.855910 0.651373
vt 0.850218 0.690077
vt 0.850854 0.697818
vt 0.848626 0.698187
vt 0.758685 0.715874
vt 0.755001 0.720434
vt 0.758533 0.715509
vt 0.779370 0.636936
vt 0.781893 0.652493
vt 0.843597 0.635291
vt 0.833204 0.653110
vt 0.754442 0.719982
vt 0.758523 0.715245
vt 0.873702 0.686938
vt 0.866605 0.683450
vt 0.854420 0.648474
vt 0.866367 0.684109
vt 0.872203 0.689667
vt 0.865899 0.684975
vt 0.870862 0.691394
vt 0.870052 0.692241
vt 0.864619 0.686988
vt 0.873396 0.687640
vt 0.866510 0.683751
vt 0.751971 0.635435
vt 0.747976 0.647370
vt 0.758819 0.716142
vt 0.755707 0.720928
vt 0.752397 0.635621
vt 0.748517 0.647677
vt 0.732564 0.631799
vt 0.734871 0.631745
vt 0.735152 0.644572
vt 0.818072 0.631745
vt 0.816795 0.648457
vt 0.758971 0.716318
vt 0.756401 0.721346
vt 0.847441 0.636656
vt 0.834838 0.654147
vt 0.873013 0.688395
vt 0.752719 0.635772
vt 0.748981 0.647905
vt 0.694089 0.647974
vt 0.694884 0.646112
vt 0.702851 0.651590
vt 0.756976 0.708741
vt 0.749556 0.713227
vt 0.748966 0.712105
vt 0.752989 0.635907
vt 0.749398 0.648058
vt 0.838743 0.657271
vt 0.853524 0.645297
vt 0.702873 0.637490
vt 0.708044 0.647418
vt 0.753288 0.636048
vt 0.749839 0.648189
vt 0.759183 0.716410
vt 0.757103 0.721708
vt 0.850815 0.638068
vt 0.836023 0.655083
vt 0.710449 0.670944
vt 0.704144 0.669407
vt 0.707170 0.659818
vt 0.753682 0.636215
vt 0.750384 0.648377
vt 0.838272 0.656960
vt 0.853557 0.644288
vt 0.754205 0.636415
vt 0.751057 0.648624
vt 0.837845 0.656671
vt 0.853595 0.643295
vt 0.801744 0.716755
vt 0.744227 0.632580
vt 0.837465 0.656402
vt 0.853644 0.642322
vt 0.757437 0.710946
vt 0.749916 0.713944
vt 0.757125 0.709489
vt 0.759505 0.716415
vt 0.757856 0.722028
vt 0.853797 0.639463
vt 0.836793 0.655901
vt 0.788834 0.651217
vt 0.837126 0.656150
vt 0.853702 0.641367
vt 0.853760 0.640422
vt 0.706023 0.659620
vt 0.699144 0.666854
vt 0.753583 0.719180
vt 0.793161 0.719107
vt 0.793086 0.713644
vt 0.758716 0.722309
vt 0.783715 0.716770
vt 0.783454 0.707861
vt 0.757195 0.650601
vt 0.760668 0.638033
vt 0.757686 0.650911
vt 0.829380 0.709796
vt 0.760683 0.637939
vt 0.018141 0.311201
vt 0.027738 0.302776
vt 0.080644 0.376492
vt 0.018141 0.311201
vt 0.027738 0.302776
vt 0.027136 0.302839
vt 0.813253 0.819131
vt 0.818295 0.827924
vt 0.811655 0.820227
vt 0.830361 0.914742
vt 0.824556 0.906147
vt 0.832388 0.912880
vt 0.808353 0.918887
vt 0.812753 0.912677
vt 0.810538 0.919745
vt 0.827437 0.884150
vt 0.836189 0.832612
vt 0.839311 0.883812
vt 0.835360 0.829372
vt 0.824055 0.831213
vt 0.834765 0.828204
vt 0.825461 0.904875
vt 0.834211 0.910742
vt 0.814544 0.912242
vt 0.823078 0.918632
vt 0.815768 0.920398
vt 0.813491 0.912536
vt 0.812948 0.920279
vt 0.819995 0.817823
vt 0.819788 0.827136
vt 0.818334 0.817568
vt 0.814909 0.818213
vt 0.818656 0.827515
vt 0.803715 0.832032
vt 0.812664 0.844000
vt 0.800860 0.840708
vt 0.806142 0.917576
vt 0.812193 0.912212
vt 0.816630 0.817458
vt 0.819030 0.827255
vt 0.826263 0.903444
vt 0.835819 0.908310
vt 0.834234 0.827455
vt 0.823847 0.831375
vt 0.833705 0.826800
vt 0.808590 0.900767
vt 0.809184 0.905155
vt 0.799358 0.907861
vt 0.819409 0.827130
vt 0.823915 0.831243
vt 0.826955 0.901825
vt 0.837181 0.905564
vt 0.824196 0.831501
vt 0.803810 0.915509
vt 0.811595 0.911483
vt 0.831119 0.823787
vt 0.822260 0.831408
vt 0.830620 0.823361
vt 0.831645 0.824268
vt 0.822457 0.831372
vt 0.822412 0.831046
vt 0.826280 0.820281
vt 0.828903 0.822021
vt 0.827534 0.900027
vt 0.838252 0.902488
vt 0.808626 0.823073
vt 0.816841 0.831046
vt 0.806759 0.825703
vt 0.822322 0.831356
vt 0.830109 0.822944
vt 0.827970 0.897997
vt 0.838965 0.899075
vt 0.832207 0.824832
vt 0.822693 0.831315
vt 0.821122 0.828408
vt 0.824748 0.819443
vt 0.801465 0.912363
vt 0.810874 0.910226
vt 0.820832 0.827897
vt 0.823197 0.818759
vt 0.822380 0.831236
vt 0.829545 0.822499
vt 0.817948 0.828500
vt 0.817622 0.829274
vt 0.821207 0.909247
vt 0.825705 0.917638
vt 0.832804 0.825497
vt 0.822972 0.831248
vt 0.822433 0.908315
vt 0.828134 0.916331
vt 0.820508 0.827519
vt 0.821615 0.818221
vt 0.814788 0.836378
vt 0.810113 0.821528
vt 0.823280 0.831179
vt 0.823548 0.907287
vt 0.820157 0.827266
vt 0.782145 0.149119
vt 0.780566 0.143968
vt 0.780210 0.184235
vt 0.577891 0.137623
vt 0.668748 0.115859
vt 0.722959 0.136132
vt 0.705486 0.961896
vt 0.715203 0.966568
vt 0.705252 0.962066
vt 0.716934 0.854649
vt 0.728285 0.856279
vt 0.716840 0.855129
vt 0.715047 0.865974
vt 0.724395 0.870555
vt 0.714960 0.866645
vt 0.646415 0.906813
vt 0.635879 0.907191
vt 0.646268 0.905182
vt 0.669514 0.951766
vt 0.660381 0.957554
vt 0.668748 0.950977
vt 0.653460 0.928218
vt 0.642750 0.932202
vt 0.651654 0.925759
vt 0.641362 0.878062
vt 0.640986 0.868389
vt 0.645731 0.876974
vt 0.642947 0.914650
vt 0.635258 0.914693
vt 0.643435 0.913965
vt 0.705378 0.893184
vt 0.722194 0.897678
vt 0.706761 0.900536
vt 0.705725 0.961674
vt 0.715750 0.966375
vt 0.714832 0.828623
vt 0.724719 0.830634
vt 0.716333 0.833151
vt 0.638617 0.882797
vt 0.630262 0.880380
vt 0.638248 0.881126
vt 0.642601 0.915239
vt 0.635174 0.915773
vt 0.674972 0.955764
vt 0.664743 0.961668
vt 0.674362 0.955080
vt 0.705966 0.961399
vt 0.716318 0.966115
vt 0.707739 0.905300
vt 0.723448 0.902192
vt 0.724824 0.907566
vt 0.728297 0.856936
vt 0.716722 0.855583
vt 0.647884 0.876594
vt 0.643893 0.867024
vt 0.648929 0.876399
vt 0.670292 0.952408
vt 0.661301 0.958505
vt 0.642392 0.915768
vt 0.635139 0.916786
vt 0.664276 0.961290
vt 0.673685 0.954443
vt 0.671020 0.975349
vt 0.670739 0.974289
vt 0.679629 0.970356
vt 0.706209 0.961073
vt 0.716910 0.965781
vt 0.728293 0.857581
vt 0.716579 0.856020
vt 0.644756 0.866656
vt 0.649957 0.876130
vt 0.663742 0.960841
vt 0.672926 0.953829
vt 0.645630 0.866272
vt 0.651004 0.875761
vt 0.723665 0.871835
vt 0.714630 0.867861
vt 0.668947 0.860868
vt 0.685128 0.853013
vt 0.687332 0.862167
vt 0.642325 0.916272
vt 0.635158 0.917773
vt 0.711572 0.939436
vt 0.727253 0.945385
vt 0.711052 0.943073
vt 0.707871 0.824766
vt 0.709874 0.817458
vt 0.709924 0.824995
vt 0.671509 0.953068
vt 0.662203 0.959401
vt 0.642411 0.916780
vt 0.635248 0.918782
vt 0.663123 0.960295
vt 0.646569 0.865835
vt 0.652109 0.875265
vt 0.693809 0.993225
vt 0.681996 0.982469
vt 0.695013 0.986020
vt 0.684357 0.853334
vt 0.688663 0.861383
vt 0.657559 0.871555
vt 0.651964 0.862741
vt 0.653886 0.861563
vt 0.642663 0.917313
vt 0.635433 0.919859
vt 0.716305 0.856696
vt 0.728172 0.859171
vt 0.716152 0.857112
vt 0.647620 0.865307
vt 0.653309 0.874618
vt 0.708904 0.875141
vt 0.718437 0.881558
vt 0.707298 0.876443
vt 0.649877 0.923622
vt 0.640186 0.928038
vt 0.648106 0.921780
vt 0.728116 0.859764
vt 0.716023 0.857519
vt 0.711823 0.935272
vt 0.727867 0.940994
vt 0.728049 0.860339
vt 0.715917 0.857917
vt 0.681168 0.982122
vt 0.677800 0.988694
vt 0.680995 0.981980
vt 0.677153 0.988157
vt 0.680881 0.981821
vt 0.676571 0.987607
vt 0.680820 0.981642
vt 0.720810 0.877292
vt 0.712068 0.873431
vt 0.650300 0.863727
vt 0.655925 0.872730
vt 0.727971 0.860902
vt 0.715834 0.858310
vt 0.711703 0.930346
vt 0.728241 0.935941
vt 0.728218 0.858552
vt 0.707914 0.956211
vt 0.720205 0.960149
vt 0.707778 0.956542
vt 0.676037 0.987041
vt 0.680805 0.981438
vt 0.718723 0.880641
vt 0.727881 0.861461
vt 0.715778 0.858730
vt 0.708489 0.953874
vt 0.722866 0.957835
vt 0.708267 0.955098
vt 0.675538 0.986452
vt 0.680827 0.981201
vt 0.708022 0.956079
vt 0.720929 0.959450
vt 0.665228 0.945856
vt 0.654671 0.950396
vt 0.664132 0.943970
vt 0.718376 0.882488
vt 0.705611 0.878034
vt 0.708123 0.956100
vt 0.721591 0.958911
vt 0.722223 0.958449
vt 0.642992 0.867408
vt 0.678527 0.989216
vt 0.718509 0.883511
vt 0.705025 0.880830
vt 0.707049 0.825394
vt 0.706270 0.817705
vt 0.643099 0.917886
vt 0.635748 0.921033
vt 0.727778 0.862021
vt 0.715765 0.859270
vt 0.706354 0.826020
vt 0.703944 0.818290
vt 0.644071 0.913146
vt 0.635547 0.911616
vt 0.645195 0.911546
vt 0.718788 0.884722
vt 0.704732 0.883585
vt 0.643743 0.918507
vt 0.636228 0.922320
vt 0.666221 0.947477
vt 0.656014 0.952267
vt 0.705845 0.826606
vt 0.701826 0.819162
vt 0.719202 0.886241
vt 0.704685 0.886536
vt 0.636912 0.923726
vt 0.712239 0.817784
vt 0.710913 0.825366
vt 0.630835 0.890723
vt 0.630121 0.886644
vt 0.639295 0.885092
vt 0.705550 0.827125
vt 0.699963 0.820210
vt 0.727660 0.862588
vt 0.715701 0.859670
vt 0.646410 0.908151
vt 0.635991 0.908377
vt 0.727549 0.850119
vt 0.727759 0.851032
vt 0.717399 0.851071
vt 0.719768 0.888187
vt 0.704904 0.889698
vt 0.667126 0.948855
vt 0.657246 0.953890
vt 0.714456 0.818445
vt 0.711859 0.825799
vt 0.705419 0.827611
vt 0.698348 0.821335
vt 0.727525 0.863166
vt 0.715622 0.860082
vt 0.702691 0.963819
vt 0.710147 0.969069
vt 0.701935 0.964990
vt 0.695026 0.986432
vt 0.727371 0.863757
vt 0.715525 0.860505
vt 0.716453 0.819373
vt 0.712704 0.826276
vt 0.694940 0.986761
vt 0.695105 0.992984
vt 0.727197 0.864364
vt 0.715412 0.860939
vt 0.677058 0.959525
vt 0.666494 0.963358
vt 0.676566 0.958384
vt 0.727000 0.864988
vt 0.715279 0.861385
vt 0.667961 0.950014
vt 0.658376 0.955290
vt 0.718188 0.820486
vt 0.713405 0.826774
vt 0.694795 0.987004
vt 0.696289 0.992644
vt 0.646270 0.909239
vt 0.635996 0.909301
vt 0.707582 0.973514
vt 0.699571 0.970019
vt 0.700900 0.990022
vt 0.694323 0.986905
vt 0.719662 0.821707
vt 0.713942 0.827276
vt 0.666028 0.962814
vt 0.676061 0.957390
vt 0.726771 0.865655
vt 0.715148 0.861884
vt 0.717248 0.851776
vt 0.728048 0.853306
vt 0.717143 0.852887
vt 0.703336 0.963019
vt 0.711040 0.968250
vt 0.720932 0.823021
vt 0.714341 0.827790
vt 0.720515 0.890661
vt 0.726524 0.866311
vt 0.715056 0.862389
vt 0.694629 0.987136
vt 0.697419 0.992223
vt 0.724977 0.953994
vt 0.724248 0.955667
vt 0.706642 0.960193
vt 0.717523 0.965367
vt 0.726254 0.866971
vt 0.714999 0.862907
vt 0.718361 0.964307
vt 0.659415 0.956499
vt 0.722233 0.824793
vt 0.646012 0.910128
vt 0.635931 0.910014
vt 0.638548 0.878808
vt 0.633658 0.873406
vt 0.639117 0.878528
vt 0.665591 0.962380
vt 0.675533 0.956524
vt 0.635010 0.872071
vt 0.640024 0.878302
vt 0.725954 0.867647
vt 0.715160 0.864149
vt 0.703858 0.962599
vt 0.711832 0.967658
vt 0.694468 0.987119
vt 0.698551 0.991694
vt 0.728141 0.854107
vt 0.717046 0.853477
vt 0.636757 0.870738
vt 0.725622 0.868344
vt 0.715148 0.864725
vt 0.689279 0.860666
vt 0.681794 0.853793
vt 0.690158 0.859486
vt 0.638234 0.879249
vt 0.632580 0.874771
vt 0.645651 0.910877
vt 0.635824 0.910581
vt 0.704797 0.962261
vt 0.713651 0.966898
vt 0.704565 0.962320
vt 0.728209 0.854870
vt 0.716984 0.854070
vt 0.696904 0.822527
vt 0.725254 0.869063
vt 0.715110 0.865334
vt 0.682938 0.853785
vt 0.705023 0.962186
vt 0.714162 0.966810
vt 0.635693 0.911087
vt 0.726445 0.949349
vt 0.710313 0.946415
vt 0.704307 0.962424
vt 0.712502 0.967293
vt 0.638133 0.879981
vt 0.631660 0.876283
vt 0.644195 0.934712
vt 0.728256 0.855593
vt 0.713132 0.966993
vt 0.714676 0.966707
vt 0.699714 0.990990
vt 0.641436 0.930004
vt 0.724846 0.869801
vt 0.630865 0.878106
vt 0.635390 0.913514
vt 0.665171 0.962015
vt 0.180732 0.226857
vt 0.178619 0.228870
vt 0.201245 0.254136
vt 0.147626 0.236744
vt 0.113092 0.267385
vt 0.141650 0.235806
vt 0.244606 0.112163
vt 0.183311 0.134008
vt 0.179135 0.121839
vt 0.099797 0.063969
vt 0.103950 0.062036
vt 0.088941 0.024938
vt 0.884135 0.824227
vt 0.890602 0.834622
vt 0.881106 0.827875
vt 0.882711 0.783143
vt 0.894024 0.779136
vt 0.885247 0.786409
vt 0.921937 0.811326
vt 0.924030 0.799454
vt 0.922889 0.811476
vt 0.878172 0.774585
vt 0.890741 0.773760
vt 0.880196 0.779023
vt 0.925066 0.811688
vt 0.927029 0.799856
vt 0.927242 0.811730
vt 0.964257 0.740408
vt 0.949949 0.739835
vt 0.958519 0.732559
vt 0.910560 0.806931
vt 0.917150 0.796907
vt 0.911454 0.807466
vt 0.875485 0.850873
vt 0.887686 0.847256
vt 0.877090 0.853298
vt 0.951523 0.726139
vt 0.942241 0.733553
vt 0.947483 0.723670
vt 0.924653 0.799615
vt 0.923934 0.811600
vt 0.917682 0.797041
vt 0.912212 0.807893
vt 0.945274 0.820833
vt 0.934711 0.827198
vt 0.943567 0.819352
vt 0.923522 0.864890
vt 0.922400 0.853132
vt 0.927099 0.863529
vt 0.925351 0.799748
vt 0.926961 0.812554
vt 0.920450 0.823148
vt 0.921378 0.811730
vt 0.946059 0.822835
vt 0.935031 0.827638
vt 0.934613 0.841145
vt 0.943364 0.849015
vt 0.932408 0.844898
vt 0.972633 0.761343
vt 0.959859 0.757828
vt 0.970827 0.754352
vt 0.875206 0.754046
vt 0.886841 0.757759
vt 0.874931 0.757053
vt 0.895035 0.737690
vt 0.893064 0.740668
vt 0.883016 0.734239
vt 0.969989 0.790754
vt 0.959588 0.783444
vt 0.971180 0.787055
vt 0.946708 0.825012
vt 0.935290 0.828195
vt 0.900963 0.813753
vt 0.901228 0.826394
vt 0.896151 0.815651
vt 0.946045 0.809845
vt 0.942893 0.797804
vt 0.947982 0.809086
vt 0.957709 0.752166
vt 0.968071 0.747370
vt 0.889252 0.863318
vt 0.896715 0.853987
vt 0.892749 0.864741
vt 0.889220 0.770150
vt 0.876870 0.771045
vt 0.887822 0.765799
vt 0.918457 0.797085
vt 0.913261 0.808431
vt 0.934295 0.826820
vt 0.941738 0.818044
vt 0.919601 0.865888
vt 0.920029 0.854023
vt 0.938565 0.811198
vt 0.938736 0.799072
vt 0.940462 0.811001
vt 0.911979 0.866873
vt 0.917378 0.854738
vt 0.918822 0.797134
vt 0.913844 0.808728
vt 0.955179 0.729080
vt 0.945057 0.735300
vt 0.888912 0.837153
vt 0.876376 0.836985
vt 0.878628 0.831843
vt 0.888311 0.789705
vt 0.899547 0.784781
vt 0.892254 0.793255
vt 0.919186 0.797202
vt 0.914423 0.809006
vt 0.933739 0.826465
vt 0.939726 0.816873
vt 0.961174 0.777424
vt 0.972890 0.779488
vt 0.932997 0.826109
vt 0.937468 0.815846
vt 0.937821 0.720145
vt 0.925495 0.729313
vt 0.926396 0.718422
vt 0.919550 0.797290
vt 0.915002 0.809268
vt 0.962438 0.800398
vt 0.955977 0.789432
vt 0.965433 0.797394
vt 0.898040 0.828087
vt 0.891704 0.818064
vt 0.919912 0.797400
vt 0.915582 0.809516
vt 0.939266 0.798963
vt 0.941417 0.810884
vt 0.937533 0.856183
vt 0.941454 0.851771
vt 0.886889 0.841925
vt 0.875522 0.839866
vt 0.900843 0.718930
vt 0.902840 0.729600
vt 0.897890 0.719981
vt 0.950471 0.793899
vt 0.952204 0.792673
vt 0.960382 0.802127
vt 0.886184 0.861609
vt 0.894597 0.853117
vt 0.939692 0.798834
vt 0.942269 0.810755
vt 0.904454 0.728885
vt 0.903288 0.718422
vt 0.905747 0.803605
vt 0.920274 0.797532
vt 0.916169 0.809751
vt 0.940009 0.798688
vt 0.943021 0.810622
vt 0.947594 0.737373
vt 0.903869 0.728976
vt 0.904107 0.866843
vt 0.911291 0.855554
vt 0.933049 0.860042
vt 0.929532 0.848154
vt 0.920634 0.797686
vt 0.916767 0.809975
vt 0.887262 0.763004
vt 0.887514 0.764402
vt 0.875663 0.766855
vt 0.912274 0.823292
vt 0.911377 0.811730
vt 0.948020 0.834635
vt 0.936393 0.833211
vt 0.947975 0.831932
vt 0.896373 0.781786
vt 0.940245 0.798552
vt 0.943690 0.810490
vt 0.886694 0.843121
vt 0.875040 0.842659
vt 0.895185 0.830056
vt 0.887681 0.820941
vt 0.920994 0.797862
vt 0.917380 0.810188
vt 0.940499 0.798446
vt 0.944353 0.810341
vt 0.947771 0.837444
vt 0.936412 0.834575
vt 0.954668 0.746456
vt 0.877428 0.745787
vt 0.887492 0.752706
vt 0.876222 0.749356
vt 0.969168 0.792865
vt 0.958652 0.785813
vt 0.936355 0.811345
vt 0.921345 0.798054
vt 0.918012 0.810390
vt 0.940884 0.798372
vt 0.945130 0.810132
vt 0.967844 0.794561
vt 0.958191 0.786697
vt 0.886970 0.754886
vt 0.875461 0.752459
vt 0.941402 0.798278
vt 0.973541 0.768367
vt 0.961265 0.763455
vt 0.886938 0.760317
vt 0.874879 0.760497
vt 0.886913 0.755644
vt 0.942953 0.721656
vt 0.935298 0.730904
vt 0.921650 0.798219
vt 0.918668 0.810583
vt 0.957639 0.787521
vt 0.914698 0.795800
vt 0.908339 0.805459
vt 0.881401 0.781169
vt 0.891441 0.775213
vt 0.952854 0.806810
vt 0.881361 0.857866
vt 0.892858 0.852131
vt 0.961879 0.771731
vt 0.973621 0.772313
vt 0.947199 0.840336
vt 0.936248 0.836068
vt 0.937286 0.799230
vt 0.935513 0.828925
vt 0.947603 0.829031
vt 0.886679 0.844203
vt 0.874879 0.845387
vt 0.908411 0.823964
vt 0.906066 0.812427
vt 0.892698 0.832247
vt 0.896614 0.865783
vt 0.905009 0.855537
vt 0.880735 0.738375
vt 0.888380 0.750084
vt 0.899123 0.732792
vt 0.892014 0.723503
vt 0.879032 0.855635
vt 0.889553 0.849495
vt 0.930267 0.861895
vt 0.926155 0.850985
vt 0.920298 0.810974
vt 0.923032 0.799060
vt 0.921075 0.811156
vt 0.961873 0.769070
vt 0.946280 0.843268
vt 0.935894 0.837680
vt 0.915660 0.796292
vt 0.909521 0.806268
vt 0.886827 0.845217
vt 0.875021 0.848103
vt 0.939027 0.732091
vt 0.923489 0.799268
vt 0.922651 0.798834
vt 0.888477 0.848345
vt 0.904705 0.825004
vt 0.899161 0.854690
vt 0.945002 0.846183
vt 0.935349 0.839384
vt 0.916478 0.796660
vt 0.924431 0.852104
vt 0.887147 0.846221
vt 0.383358 0.105014
vt 0.384764 0.103278
vt 0.383617 0.101592
vt 0.385015 0.102674
vt 0.384421 0.101831
vt 0.384894 0.102191
vt 0.382503 0.101476
vt 0.379424 0.101612
vt 0.382912 0.105859
vt 0.382783 0.106542
vt 0.437215 0.124750
vt 0.383483 0.107443
vt 0.438077 0.124512
vt 0.353267 0.174417
vt 0.384059 0.151044
vt 0.333482 0.119162
vt 0.390270 0.144996
vt 0.392214 0.141478
vt 0.391190 0.143836
vt 0.391816 0.142871
vt 0.392128 0.142128
vt 0.392476 0.140855
vt 0.392903 0.140266
vt 0.350688 0.109973
vt 0.318930 0.130545
vt 0.307136 0.143732
vt 0.393485 0.139721
vt 0.399582 0.137860
vt 0.403717 0.138056
vt 0.405267 0.137990
vt 0.408777 0.137476
vt 0.412654 0.136501
vt 0.416681 0.135123
vt 0.418684 0.134301
vt 0.420645 0.133400
vt 0.397127 0.138154
vt 0.396042 0.138436
vt 0.395065 0.138798
vt 0.298205 0.158335
vt 0.345673 0.181893
vt 0.292241 0.173965
vt 0.339352 0.189352
vt 0.334344 0.196713
vt 0.289348 0.190234
vt 0.289631 0.206752
vt 0.330689 0.203896
vt 0.328426 0.210823
vt 0.327595 0.217413
vt 0.293195 0.223131
vt 0.300143 0.238981
vt 0.328235 0.223586
vt 0.310580 0.253914
vt 0.330387 0.229264
vt 0.324611 0.267542
vt 0.339381 0.238812
vt 0.339894 0.277938
vt 0.347238 0.243491
vt 0.358128 0.286698
vt 0.366478 0.250803
vt 0.378320 0.293549
vt 0.387392 0.254785
vt 0.397341 0.255301
vt 0.420591 0.300423
vt 0.440680 0.299898
vt 0.476206 0.249273
vt 0.460269 0.297125
vt 0.477661 0.251410
vt 0.475974 0.293461
vt 0.479947 0.252026
vt 0.482478 0.291228
vt 0.488138 0.288693
vt 0.492999 0.285831
vt 0.497104 0.282613
vt 0.500495 0.279014
vt 0.503215 0.275009
vt 0.505306 0.270569
vt 0.483069 0.251209
vt 0.506813 0.265670
vt 0.508404 0.256144
vt 0.487034 0.249049
vt 0.508518 0.252210
vt 0.495088 0.243537
vt 0.508198 0.248859
vt 0.507459 0.246111
vt 0.500621 0.241599
vt 0.506316 0.243989
vt 0.504785 0.242515
vt 0.502882 0.241711
vt 0.498018 0.242200
vt 0.356422 0.247518
vt 0.394209 0.139229
vt 0.475574 0.245528
vt 0.476755 0.232856
vt 0.505692 0.108241
vt 0.436383 0.143984
vt 0.508518 0.078107
vt 0.457041 0.081898
vt 0.459291 0.076251
vt 0.462742 0.062326
vt 0.507522 0.053861
vt 0.505578 0.044093
vt 0.502664 0.035972
vt 0.466295 0.032646
vt 0.498775 0.029557
vt 0.493907 0.024905
vt 0.485002 0.019792
vt 0.481279 0.018419
vt 0.468871 0.024138
vt 0.478006 0.017861
vt 0.475156 0.018135
vt 0.472702 0.019260
vt 0.470616 0.021255
vt 0.467440 0.027929
vt 0.475759 0.240085
vt 0.411190 0.236005
vt 0.454449 0.086661
vt 0.451521 0.090534
vt 0.439439 0.126938
vt 0.439468 0.125107
vt 0.334089 0.234365
vt 0.448262 0.093512
vt 0.444680 0.095590
vt 0.440778 0.096762
vt 0.436565 0.097022
vt 0.432044 0.096365
vt 0.429893 0.095905
vt 0.427815 0.095562
vt 0.425829 0.095332
vt 0.414269 0.099227
vt 0.422209 0.095196
vt 0.419189 0.095458
vt 0.417953 0.095728
vt 0.416924 0.096084
vt 0.414930 0.098417
vt 0.416123 0.096522
vt 0.415568 0.097037
vt 0.413322 0.100048
vt 0.410672 0.101676
vt 0.399320 0.254840
vt 0.401242 0.253752
vt 0.407181 0.103223
vt 0.403142 0.251956
vt 0.405053 0.249366
vt 0.407009 0.245900
vt 0.382973 0.107069
vt 0.384314 0.107670
vt 0.438737 0.124395
vt 0.385468 0.107754
vt 0.388745 0.107515
vt 0.390872 0.107201
vt 0.378320 0.293549
vt 0.387392 0.254785
vt 0.339894 0.277938
vt 0.324611 0.267541
vt 0.347238 0.243491
vt 0.339381 0.238811
vt 0.310580 0.253914
vt 0.300143 0.238981
vt 0.330387 0.229263
vt 0.334089 0.234365
vt 0.293195 0.223130
vt 0.328235 0.223586
vt 0.289631 0.206752
vt 0.327595 0.217413
vt 0.289348 0.190234
vt 0.330689 0.203896
vt 0.292241 0.173965
vt 0.334344 0.196713
vt 0.339352 0.189352
vt 0.298205 0.158335
vt 0.345673 0.181893
vt 0.353267 0.174417
vt 0.318930 0.130545
vt 0.389077 0.146324
vt 0.384059 0.151043
vt 0.440680 0.299898
vt 0.420591 0.300423
vt 0.477661 0.251410
vt 0.476205 0.249273
vt 0.475974 0.293461
vt 0.479947 0.252025
vt 0.482478 0.291228
vt 0.488138 0.288693
vt 0.492999 0.285830
vt 0.497104 0.282613
vt 0.483069 0.251209
vt 0.503214 0.275009
vt 0.500495 0.279014
vt 0.506813 0.265670
vt 0.505306 0.270569
vt 0.508518 0.252210
vt 0.508404 0.256144
vt 0.495088 0.243538
vt 0.487034 0.249048
vt 0.507459 0.246111
vt 0.508198 0.248858
vt 0.504786 0.242515
vt 0.506316 0.243989
vt 0.500621 0.241598
vt 0.502882 0.241711
vt 0.328426 0.210823
vt 0.407009 0.245900
vt 0.403142 0.251955
vt 0.475574 0.245528
vt 0.475759 0.240085
vt 0.411190 0.236005
vt 0.476755 0.232856
vt 0.424783 0.190096
vt 0.481156 0.212687
vt 0.421571 0.202031
vt 0.356422 0.247518
vt 0.505578 0.044093
vt 0.507522 0.053861
vt 0.462742 0.062326
vt 0.508518 0.078106
vt 0.457041 0.081898
vt 0.436383 0.143984
vt 0.459291 0.076251
vt 0.427177 0.181287
vt 0.498775 0.029557
vt 0.502664 0.035972
vt 0.466295 0.032646
vt 0.485002 0.019792
vt 0.493907 0.024905
vt 0.478006 0.017861
vt 0.472702 0.019260
vt 0.475156 0.018134
vt 0.470616 0.021255
vt 0.467440 0.027929
vt 0.439439 0.126938
vt 0.439468 0.125107
vt 0.439170 0.124405
vt 0.454449 0.086661
vt 0.451521 0.090534
vt 0.438737 0.124395
vt 0.448262 0.093513
vt 0.438077 0.124512
vt 0.444680 0.095590
vt 0.437215 0.124750
vt 0.432223 0.126795
vt 0.420645 0.133400
vt 0.418684 0.134301
vt 0.413322 0.100047
vt 0.440778 0.096762
vt 0.432044 0.096366
vt 0.436565 0.097022
vt 0.416681 0.135122
vt 0.412654 0.136501
vt 0.408777 0.137476
vt 0.403717 0.138056
vt 0.399582 0.137859
vt 0.429893 0.095905
vt 0.422209 0.095196
vt 0.425829 0.095332
vt 0.414930 0.098416
vt 0.417953 0.095728
vt 0.419189 0.095458
vt 0.416123 0.096522
vt 0.416924 0.096084
vt 0.415568 0.097037
vt 0.396042 0.138436
vt 0.414268 0.099227
vt 0.395065 0.138797
vt 0.394209 0.139229
vt 0.393484 0.139721
vt 0.392903 0.140266
vt 0.407181 0.103224
vt 0.403053 0.104609
vt 0.392476 0.140855
vt 0.392128 0.142128
vt 0.391816 0.142871
vt 0.398488 0.105753
vt 0.390872 0.107201
vt 0.391190 0.143836
vt 0.390270 0.144996
vt 0.333482 0.119162
vt 0.350688 0.109973
vt 0.379424 0.101611
vt 0.382783 0.106543
vt 0.382503 0.101476
vt 0.383358 0.105014
vt 0.384421 0.101831
vt 0.384764 0.103278
vt 0.384894 0.102191
vt 0.385015 0.102674
vt 0.382912 0.105859
vt 0.388745 0.107515
vt 0.385468 0.107754
vt 0.382973 0.107069
vt 0.937358 0.886995
vt 0.937806 0.888350
vt 0.927199 0.890380
vt 0.926673 0.890004
vt 0.948905 0.713703
vt 0.948090 0.701386
vt 0.949634 0.713589
vt 0.951598 0.700476
vt 0.940436 0.645787
vt 0.980876 0.708003
vt 0.921649 0.871974
vt 0.914941 0.908872
vt 0.929736 0.893840
vt 0.933906 0.716526
vt 0.935524 0.702493
vt 0.462327 0.776626
vt 0.448447 0.775915
vt 0.463319 0.816968
vt 0.444266 0.775972
vt 0.427709 0.811603
vt 0.439626 0.776101
vt 0.434588 0.776304
vt 0.429217 0.776579
vt 0.417730 0.777348
vt 0.422159 0.810710
vt 0.411742 0.777842
vt 0.411653 0.808586
vt 0.362639 0.782550
vt 0.379959 0.796064
vt 0.386072 0.799745
vt 0.393479 0.803077
vt 0.416801 0.809703
vt 0.465282 0.776026
vt 0.468158 0.774599
vt 0.470961 0.772336
vt 0.473697 0.769227
vt 0.527467 0.779873
vt 0.528834 0.788135
vt 0.476372 0.765263
vt 0.527082 0.770026
vt 0.481564 0.754732
vt 0.527234 0.764339
vt 0.527603 0.758053
vt 0.484094 0.748146
vt 0.528179 0.751099
vt 0.486588 0.740668
vt 0.448372 0.868212
vt 0.517357 0.828763
vt 0.500752 0.693208
vt 0.495838 0.707153
vt 0.531223 0.705619
vt 0.530072 0.733294
vt 0.531194 0.714313
vt 0.530815 0.723566
vt 0.528952 0.743410
vt 0.505962 0.681667
vt 0.530295 0.690255
vt 0.513736 0.669969
vt 0.511196 0.673036
vt 0.526648 0.673553
vt 0.528145 0.678161
vt 0.518495 0.666648
vt 0.516181 0.667818
vt 0.524889 0.670021
vt 0.522883 0.667648
vt 0.520645 0.666521
vt 0.445782 0.873798
vt 0.443378 0.877960
vt 0.442296 0.879411
vt 0.531262 0.795355
vt 0.537494 0.806727
vt 0.534828 0.802075
vt 0.522198 0.826340
vt 0.532898 0.798743
vt 0.441323 0.880392
vt 0.539521 0.810916
vt 0.524099 0.826321
vt 0.541688 0.817887
vt 0.540917 0.814637
vt 0.530173 0.827236
vt 0.541383 0.822966
vt 0.541841 0.820665
vt 0.538662 0.826130
vt 0.540321 0.824789
vt 0.533581 0.827356
vt 0.536413 0.826987
vt 0.520460 0.826724
vt 0.518857 0.827516
vt 0.515930 0.830508
vt 0.514547 0.832798
vt 0.513175 0.835675
vt 0.510350 0.843376
vt 0.503401 0.869841
vt 0.502571 0.877003
vt 0.502677 0.879803
vt 0.438930 0.881662
vt 0.503134 0.882189
vt 0.435116 0.882775
vt 0.489350 0.939211
vt 0.503945 0.884243
vt 0.423637 0.884516
vt 0.323912 0.884140
vt 0.363078 0.926760
vt 0.316524 0.884828
vt 0.317580 0.896848
vt 0.343374 0.921954
vt 0.336778 0.917793
vt 0.430101 0.935142
vt 0.505113 0.886047
vt 0.347214 0.923505
vt 0.314785 0.885201
vt 0.313111 0.889745
vt 0.330420 0.911821
vt 0.333660 0.915064
vt 0.313466 0.885640
vt 0.312602 0.886140
vt 0.312252 0.887439
vt 0.312552 0.888464
vt 0.312227 0.886700
vt 0.320909 0.901181
vt 0.324782 0.905726
vt 0.339955 0.920070
vt 0.356886 0.925848
vt 0.407248 0.931099
vt 0.437017 0.937881
vt 0.433828 0.936419
vt 0.516051 0.895280
vt 0.512450 0.892004
vt 0.497088 0.937208
vt 0.506639 0.887681
vt 0.491521 0.938387
vt 0.439795 0.939566
vt 0.487559 0.940196
vt 0.414409 0.932026
vt 0.519856 0.899439
vt 0.523689 0.904257
vt 0.521780 0.901779
vt 0.500529 0.936845
vt 0.527374 0.909512
vt 0.525561 0.906843
vt 0.504437 0.936627
vt 0.530736 0.914982
vt 0.529106 0.912234
vt 0.541841 0.936790
vt 0.532240 0.917728
vt 0.420520 0.932984
vt 0.486125 0.941347
vt 0.442291 0.941512
vt 0.452520 0.952512
vt 0.484241 0.944162
vt 0.457934 0.957102
vt 0.483747 0.945834
vt 0.485027 0.942668
vt 0.460563 0.958797
vt 0.463129 0.960086
vt 0.468044 0.961434
vt 0.470377 0.961484
vt 0.472616 0.961115
vt 0.477466 0.958682
vt 0.478156 0.958080
vt 0.478846 0.957311
vt 0.480835 0.954188
vt 0.482015 0.951599
vt 0.482538 0.950204
vt 0.483006 0.948767
vt 0.483412 0.947305
vt 0.789483 0.836843
vt 0.746596 0.888133
vt 0.775452 0.921481
vt 0.744338 0.862506
vt 0.738825 0.853854
vt 0.740371 0.852551
vt 0.745635 0.861536
vt 0.757514 0.852343
vt 0.796486 0.850906
vt 0.796285 0.851783
vt 0.789220 0.849243
vt 0.789695 0.848545
vt 0.796649 0.850048
vt 0.792833 0.845075
vt 0.797872 0.844926
vt 0.796119 0.827710
vt 0.796294 0.828384
vt 0.788807 0.831300
vt 0.796438 0.829059
vt 0.789071 0.829072
vt 0.789005 0.829614
vt 0.765107 0.818024
vt 0.766153 0.821623
vt 0.763919 0.818535
vt 0.764193 0.822022
vt 0.783385 0.825703
vt 0.778429 0.820685
vt 0.777051 0.825634
vt 0.777577 0.820559
vt 0.769775 0.821944
vt 0.747105 0.944764
vt 0.730334 0.937094
vt 0.747439 0.937289
vt 0.731873 0.917529
vt 0.796809 0.910645
vt 0.796324 0.913011
vt 0.781053 0.906816
vt 0.780749 0.908580
vt 0.788576 0.932092
vt 0.786648 0.935343
vt 0.774039 0.923801
vt 0.784370 0.938807
vt 0.772359 0.926354
vt 0.781706 0.942492
vt 0.770380 0.929160
vt 0.778076 0.947088
vt 0.768074 0.932235
vt 0.774406 0.951353
vt 0.764884 0.936234
vt 0.734399 0.881163
vt 0.741773 0.877176
vt 0.734780 0.882456
vt 0.742504 0.878790
vt 0.735738 0.885268
vt 0.744326 0.881688
vt 0.735923 0.886632
vt 0.744997 0.883371
vt 0.736039 0.888027
vt 0.796713 0.837333
vt 0.505962 0.681667
vt 0.530295 0.690255
vt 0.513736 0.669969
vt 0.481564 0.754732
vt 0.527234 0.764339
vt 0.527082 0.770026
vt 0.476372 0.765263
vt 0.473697 0.769227
vt 0.534828 0.802074
vt 0.537494 0.806727
vt 0.465282 0.776026
vt 0.539521 0.810916
vt 0.524099 0.826321
vt 0.530173 0.827236
vt 0.541841 0.820665
vt 0.541383 0.822966
vt 0.462327 0.776626
vt 0.444266 0.775972
vt 0.448447 0.775914
vt 0.427709 0.811602
vt 0.463319 0.816967
vt 0.429217 0.776579
vt 0.362639 0.782549
vt 0.379959 0.796063
vt 0.393479 0.803077
vt 0.416801 0.809703
vt 0.520460 0.826724
vt 0.518857 0.827516
vt 0.448372 0.868212
vt 0.445782 0.873797
vt 0.514547 0.832797
vt 0.513175 0.835675
vt 0.503401 0.869841
vt 0.435116 0.882775
vt 0.316524 0.884828
vt 0.317580 0.896848
vt 0.423637 0.884516
vt 0.363078 0.926760
vt 0.343374 0.921954
vt 0.347214 0.923505
vt 0.430101 0.935141
vt 0.505113 0.886046
vt 0.314785 0.885201
vt 0.313111 0.889745
vt 0.333660 0.915063
vt 0.312602 0.886140
vt 0.312252 0.887439
vt 0.312227 0.886700
vt 0.312552 0.888464
vt 0.324782 0.905726
vt 0.356886 0.925848
vt 0.439795 0.939566
vt 0.497088 0.937208
vt 0.525561 0.906843
vt 0.504437 0.936627
vt 0.527374 0.909512
vt 0.530736 0.914982
vt 0.532240 0.917728
vt 0.541841 0.936790
vt 0.452520 0.952512
vt 0.485027 0.942668
vt 0.470377 0.961484
vt 0.472616 0.961115
vt 0.478846 0.957311
vt 0.480835 0.954188
vt 0.795510 0.854419
vt 0.787710 0.851428
vt 0.795790 0.853549
vt 0.179531 0.630399
vt 0.192577 0.632178
vt 0.189366 0.670513
vt 0.203214 0.634810
vt 0.197100 0.670351
vt 0.202699 0.670954
vt 0.212025 0.638474
vt 0.215929 0.640750
vt 0.223097 0.646302
vt 0.228901 0.652167
vt 0.207282 0.672167
vt 0.231174 0.654804
vt 0.210850 0.673958
vt 0.233306 0.657507
vt 0.235280 0.660243
vt 0.238684 0.665693
vt 0.213406 0.676293
vt 0.241243 0.670905
vt 0.214951 0.679140
vt 0.242816 0.675633
vt 0.243188 0.677737
vt 0.243261 0.679627
vt 0.242269 0.684001
vt 0.215485 0.682467
vt 0.239821 0.689102
vt 0.236147 0.694715
vt 0.215012 0.686239
vt 0.226052 0.706623
vt 0.213532 0.690424
vt 0.211046 0.694990
vt 0.213843 0.718016
vt 0.207558 0.699904
vt 0.201376 0.727180
vt 0.203067 0.705132
vt 0.195627 0.730393
vt 0.190734 0.717500
vt 0.190510 0.732407
vt 0.185906 0.723049
vt 0.188070 0.720435
vt 0.186257 0.733008
vt 0.184240 0.725346
vt 0.184524 0.732778
vt 0.183069 0.727331
vt 0.183268 0.732269
vt 0.182491 0.731474
vt 0.182197 0.730390
vt 0.182388 0.729011
vt 0.171922 0.629772
vt 0.170752 0.673541
vt 0.150415 0.629008
vt 0.163492 0.629290
vt 0.103524 0.635153
vt 0.126003 0.630587
vt 0.149530 0.679572
vt 0.072406 0.647935
vt 0.092863 0.638603
vt 0.106852 0.697753
vt 0.033313 0.676862
vt 0.052712 0.660637
vt 0.089194 0.708458
vt 0.014529 0.697372
vt 0.019600 0.691044
vt 0.055788 0.736349
vt 0.007877 0.709073
vt 0.010627 0.703344
vt 0.005767 0.720264
vt 0.006262 0.714675
vt 0.008071 0.731860
vt 0.006376 0.725954
vt 0.014655 0.744776
vt 0.010836 0.738096
vt 0.036063 0.770596
vt 0.024659 0.758696
vt 0.057230 0.785471
vt 0.042491 0.775906
vt 0.078771 0.758336
vt 0.082740 0.761224
vt 0.085326 0.797859
vt 0.075048 0.793930
vt 0.092407 0.766906
vt 0.109048 0.805337
vt 0.096631 0.801646
vt 0.117676 0.777540
vt 0.152609 0.817067
vt 0.162227 0.819884
vt 0.187990 0.798027
vt 0.166259 0.821147
vt 0.169682 0.822293
vt 0.172428 0.823308
vt 0.174429 0.824179
vt 0.028911 0.896719
vt 0.031198 0.897657
vt 0.011649 0.902458
vt 0.038984 0.901802
vt 0.024693 0.895776
vt 0.026749 0.896091
vt 0.020822 0.896088
vt 0.022724 0.895774
vt 0.017143 0.897671
vt 0.018968 0.896720
vt 0.015328 0.898943
vt 0.008202 0.907327
vt 0.009742 0.904898
vt 0.006236 0.912439
vt 0.007033 0.909817
vt 0.005767 0.918369
vt 0.005814 0.915266
vt 0.007909 0.930042
vt 0.006100 0.921818
vt 0.041903 0.902821
vt 0.021842 0.965239
vt 0.013515 0.946764
vt 0.048409 0.903865
vt 0.030315 0.978260
vt 0.026019 0.972409
vt 0.063249 0.988198
vt 0.039599 0.986187
vt 0.034815 0.982838
vt 0.050356 0.989380
vt 0.044752 0.988353
vt 0.056494 0.989313
vt 0.123927 0.961875
vt 0.070703 0.986080
vt 0.070763 0.900525
vt 0.076651 0.898811
vt 0.083121 0.896740
vt 0.203972 0.910267
vt 0.180953 0.927423
vt 0.142843 0.863931
vt 0.121923 0.877997
vt 0.226352 0.888076
vt 0.220825 0.894797
vt 0.167695 0.842855
vt 0.238597 0.864510
vt 0.233665 0.875878
vt 0.241112 0.853929
vt 0.233791 0.826442
vt 0.238745 0.834940
vt 0.216159 0.811210
vt 0.226274 0.818547
vt 0.177270 0.827575
vt 0.203410 0.804385
vt 0.175618 0.824892
vt 0.045029 0.903510
vt 0.056120 0.903563
vt 0.065409 0.901886
vt 0.090219 0.894309
vt 0.100416 0.889830
vt 0.021842 0.965239
vt 0.048409 0.903865
vt 0.026019 0.972409
vt 0.070703 0.986080
vt 0.056120 0.903562
vt 0.030315 0.978260
vt 0.056494 0.989313
vt 0.034815 0.982838
vt 0.039599 0.986187
vt 0.044752 0.988352
vt 0.050356 0.989380
vt 0.063249 0.988198
vt 0.123927 0.961874
vt 0.070763 0.900525
vt 0.180953 0.927422
vt 0.121923 0.877996
vt 0.142843 0.863931
vt 0.203972 0.910267
vt 0.220825 0.894796
vt 0.167695 0.842855
vt 0.226352 0.888076
vt 0.233665 0.875878
vt 0.238597 0.864510
vt 0.172998 0.836797
vt 0.241112 0.853929
vt 0.241173 0.844087
vt 0.238745 0.834940
vt 0.233791 0.826442
vt 0.176293 0.831624
vt 0.226274 0.818547
vt 0.216159 0.811210
vt 0.177270 0.827575
vt 0.203410 0.804385
vt 0.175618 0.824891
vt 0.187990 0.798027
vt 0.117676 0.777540
vt 0.152609 0.817067
vt 0.174429 0.824179
vt 0.007909 0.930042
vt 0.045029 0.903510
vt 0.005767 0.918369
vt 0.006100 0.921818
vt 0.041903 0.902821
vt 0.006236 0.912440
vt 0.005814 0.915266
vt 0.008202 0.907326
vt 0.007033 0.909817
vt 0.011649 0.902459
vt 0.009742 0.904898
vt 0.017143 0.897671
vt 0.015328 0.898943
vt 0.020822 0.896088
vt 0.018968 0.896720
vt 0.024693 0.895776
vt 0.022724 0.895774
vt 0.028911 0.896719
vt 0.026749 0.896091
vt 0.038984 0.901802
vt 0.031198 0.897657
vt 0.092407 0.766906
vt 0.096631 0.801646
vt 0.190734 0.717500
vt 0.201376 0.727180
vt 0.188070 0.720436
vt 0.195627 0.730393
vt 0.185906 0.723049
vt 0.184240 0.725346
vt 0.190510 0.732407
vt 0.183068 0.727331
vt 0.186257 0.733009
vt 0.182388 0.729011
vt 0.182197 0.730390
vt 0.184524 0.732778
vt 0.182491 0.731474
vt 0.183268 0.732268
vt 0.226052 0.706623
vt 0.207557 0.699904
vt 0.236147 0.694715
vt 0.213532 0.690424
vt 0.239821 0.689101
vt 0.215012 0.686239
vt 0.211046 0.694990
vt 0.242269 0.684001
vt 0.215485 0.682467
vt 0.243261 0.679627
vt 0.242816 0.675633
vt 0.243188 0.677737
vt 0.241243 0.670905
vt 0.214951 0.679141
vt 0.238684 0.665693
vt 0.213406 0.676293
vt 0.235280 0.660243
vt 0.233306 0.657507
vt 0.210850 0.673958
vt 0.231173 0.654804
vt 0.228901 0.652166
vt 0.223097 0.646302
vt 0.207282 0.672167
vt 0.215929 0.640750
vt 0.202699 0.670954
vt 0.212025 0.638474
vt 0.203214 0.634810
vt 0.192577 0.632178
vt 0.197100 0.670350
vt 0.179531 0.630399
vt 0.189366 0.670513
vt 0.171922 0.629772
vt 0.170752 0.673541
vt 0.163492 0.629290
vt 0.150415 0.629008
vt 0.126003 0.630587
vt 0.149530 0.679572
vt 0.103524 0.635153
vt 0.106852 0.697753
vt 0.072406 0.647935
vt 0.052712 0.660637
vt 0.089194 0.708459
vt 0.033313 0.676862
vt 0.019600 0.691044
vt 0.014529 0.697372
vt 0.010627 0.703344
vt 0.007877 0.709074
vt 0.005767 0.720264
vt 0.006376 0.725955
vt 0.008071 0.731860
vt 0.010836 0.738096
vt 0.024659 0.758696
vt 0.036063 0.770596
vt 0.057230 0.785471
vt 0.075048 0.793931
vt 0.082740 0.761224
vt 0.085326 0.797859
vt 0.109048 0.805337
vt 0.162227 0.819884
vt 0.166259 0.821147
vt 0.169682 0.822293
vt 0.172428 0.823308
vt 0.065409 0.901886
vt 0.076651 0.898811
vt 0.083121 0.896740
vt 0.090219 0.894309
vt 0.100416 0.889830
vt 0.686407 0.788995
vt 0.663699 0.716877
vt 0.662969 0.715048
vt 0.676620 0.712374
vt 0.662303 0.713363
vt 0.675935 0.710463
vt 0.665203 0.720338
vt 0.671502 0.733629
vt 0.677729 0.715200
vt 0.676224 0.711316
vt 0.673202 0.737168
vt 0.683400 0.728431
vt 0.645713 0.806188
vt 0.645552 0.806551
vt 0.639942 0.805860
vt 0.640606 0.801422
vt 0.688583 0.743948
vt 0.676556 0.703455
vt 0.683370 0.635745
vt 0.676411 0.664386
vt 0.677163 0.662441
vt 0.689533 0.668924
vt 0.690188 0.666816
vt 0.653964 0.811494
vt 0.655980 0.817198
vt 0.662547 0.801779
vt 0.666466 0.812254
vt 0.384651 0.723218
vt 0.364534 0.730049
vt 0.359752 0.654181
vt 0.356264 0.731625
vt 0.348995 0.731969
vt 0.342583 0.731076
vt 0.336887 0.728944
vt 0.331761 0.725567
vt 0.327063 0.720942
vt 0.322649 0.715063
vt 0.313274 0.697549
vt 0.346348 0.654516
vt 0.309497 0.687716
vt 0.307006 0.678573
vt 0.340693 0.653311
vt 0.305759 0.670266
vt 0.305718 0.662938
vt 0.328531 0.647608
vt 0.306842 0.656733
vt 0.322184 0.646033
vt 0.309090 0.651796
vt 0.312424 0.648271
vt 0.316802 0.646302
vt 0.454857 0.686695
vt 0.426154 0.703569
vt 0.403180 0.637931
vt 0.384355 0.647008
vt 0.499172 0.651142
vt 0.479445 0.669012
vt 0.453328 0.603306
vt 0.423484 0.625541
vt 0.513290 0.633707
vt 0.506978 0.642331
vt 0.459499 0.597300
vt 0.521052 0.617326
vt 0.518012 0.625346
vt 0.522117 0.602055
vt 0.522316 0.609726
vt 0.463235 0.592056
vt 0.518207 0.588127
vt 0.520757 0.594863
vt 0.509417 0.575940
vt 0.514437 0.581827
vt 0.464439 0.587442
vt 0.495508 0.565316
vt 0.503117 0.570443
vt 0.463015 0.583325
vt 0.464528 0.551930
vt 0.486560 0.560536
vt 0.458867 0.579572
vt 0.410932 0.537716
vt 0.442014 0.572629
vt 0.451899 0.576051
vt 0.352717 0.654802
vt 0.367402 0.652666
vt 0.397861 0.532809
vt 0.384099 0.559306
vt 0.392224 0.523493
vt 0.392021 0.524207
vt 0.390066 0.522285
vt 0.391134 0.526071
vt 0.392147 0.522505
vt 0.392266 0.522926
vt 0.391428 0.522102
vt 0.391868 0.522231
vt 0.390827 0.522121
vt 0.384319 0.524553
vt 0.390798 0.527207
vt 0.381456 0.524572
vt 0.391340 0.528463
vt 0.378343 0.523811
vt 0.365241 0.552537
vt 0.392723 0.529825
vt 0.394909 0.531279
vt 0.375093 0.522367
vt 0.371819 0.520337
vt 0.347941 0.543381
vt 0.332892 0.532362
vt 0.365653 0.514912
vt 0.326427 0.526318
vt 0.360751 0.508316
vt 0.368634 0.517820
vt 0.320786 0.520005
vt 0.359058 0.504823
vt 0.316054 0.513488
vt 0.358022 0.501329
vt 0.312318 0.506834
vt 0.309665 0.500107
vt 0.308250 0.493242
vt 0.307795 0.486471
vt 0.308311 0.479780
vt 0.359809 0.492677
vt 0.309807 0.473159
vt 0.312296 0.466595
vt 0.315787 0.460075
vt 0.320292 0.453587
vt 0.365178 0.486643
vt 0.325821 0.447119
vt 0.339996 0.434193
vt 0.373346 0.480074
vt 0.358400 0.421200
vt 0.383797 0.473212
vt 0.369210 0.415269
vt 0.381282 0.410200
vt 0.409479 0.459578
vt 0.408020 0.402722
vt 0.463513 0.398955
vt 0.476066 0.400457
vt 0.487496 0.402974
vt 0.477482 0.437334
vt 0.497503 0.406527
vt 0.487602 0.436854
vt 0.505789 0.411134
vt 0.490941 0.437499
vt 0.511012 0.415506
vt 0.493595 0.439018
vt 0.515254 0.420296
vt 0.518510 0.425444
vt 0.495573 0.441299
vt 0.520776 0.430892
vt 0.522046 0.436580
vt 0.496881 0.444233
vt 0.522316 0.442449
vt 0.521580 0.448441
vt 0.497529 0.447710
vt 0.519834 0.454495
vt 0.497523 0.451620
vt 0.517072 0.460552
vt 0.496871 0.455854
vt 0.513290 0.466555
vt 0.508483 0.472442
vt 0.495581 0.460301
vt 0.493661 0.464852
vt 0.502646 0.478156
vt 0.491048 0.487508
vt 0.487960 0.473826
vt 0.491118 0.469397
vt 0.485985 0.490776
vt 0.481574 0.493106
vt 0.475535 0.487410
vt 0.477935 0.494498
vt 0.475188 0.494952
vt 0.473507 0.490698
vt 0.473454 0.494470
vt 0.472854 0.493052
vt 0.362987 0.511711
vt 0.340693 0.653310
vt 0.328531 0.647608
vt 0.305759 0.670266
vt 0.322184 0.646033
vt 0.305718 0.662938
vt 0.316802 0.646302
vt 0.309090 0.651796
vt 0.306842 0.656734
vt 0.307006 0.678573
vt 0.309497 0.687716
vt 0.346348 0.654516
vt 0.313274 0.697548
vt 0.322649 0.715063
vt 0.327063 0.720941
vt 0.356264 0.731625
vt 0.331761 0.725567
vt 0.342583 0.731076
vt 0.336887 0.728944
vt 0.348995 0.731969
vt 0.364534 0.730049
vt 0.359752 0.654181
vt 0.384651 0.723218
vt 0.426154 0.703569
vt 0.384355 0.647008
vt 0.454857 0.686695
vt 0.403180 0.637931
vt 0.367402 0.652666
vt 0.479445 0.669012
vt 0.423484 0.625540
vt 0.453328 0.603306
vt 0.506978 0.642331
vt 0.513290 0.633707
vt 0.459499 0.597300
vt 0.518012 0.625346
vt 0.521052 0.617326
vt 0.522316 0.609726
vt 0.463235 0.592056
vt 0.522117 0.602055
vt 0.520757 0.594863
vt 0.518207 0.588128
vt 0.514437 0.581827
vt 0.464439 0.587442
vt 0.503117 0.570443
vt 0.495508 0.565316
vt 0.486560 0.560536
vt 0.463015 0.583325
vt 0.464528 0.551930
vt 0.458867 0.579572
vt 0.410932 0.537716
vt 0.394909 0.531279
vt 0.451899 0.576051
vt 0.442015 0.572629
vt 0.332892 0.532362
vt 0.347941 0.543381
vt 0.365653 0.514912
vt 0.371819 0.520337
vt 0.375093 0.522367
vt 0.359058 0.504823
vt 0.312318 0.506834
vt 0.316054 0.513488
vt 0.358022 0.501329
vt 0.309665 0.500108
vt 0.308311 0.479780
vt 0.307795 0.486470
vt 0.320292 0.453587
vt 0.365178 0.486643
vt 0.339997 0.434193
vt 0.373346 0.480073
vt 0.369210 0.415269
vt 0.358400 0.421199
vt 0.383797 0.473212
vt 0.408020 0.402722
vt 0.381283 0.410200
vt 0.409479 0.459578
vt 0.463513 0.398955
vt 0.436225 0.398923
vt 0.487496 0.402974
vt 0.476066 0.400456
vt 0.477482 0.437334
vt 0.505789 0.411134
vt 0.493595 0.439018
vt 0.522316 0.442449
vt 0.522046 0.436580
vt 0.496881 0.444233
vt 0.497523 0.451620
vt 0.513290 0.466555
vt 0.517072 0.460552
vt 0.496871 0.455854
vt 0.495581 0.460301
vt 0.502646 0.478156
vt 0.508483 0.472442
vt 0.485985 0.490776
vt 0.491048 0.487508
vt 0.487960 0.473826
vt 0.477935 0.494498
vt 0.475535 0.487410
vt 0.473454 0.494470
vt 0.475188 0.494952
vt 0.391340 0.528463
vt 0.384319 0.524552
vt 0.391134 0.526072
vt 0.392021 0.524206
vt 0.390066 0.522285
vt 0.392224 0.523493
vt 0.392266 0.522926
vt 0.391428 0.522103
vt 0.392147 0.522505
vt 0.390827 0.522120
vt 0.368634 0.517820
vt 0.789129 0.770410
vt 0.837327 0.728303
vt 0.740003 0.746168
vt 0.777712 0.732120
vt 0.733694 0.693107
vt 0.784730 0.332996
vt 0.758371 0.346062
vt 0.792987 0.375806
vt 0.775065 0.428232
vt 0.840051 0.395340
vt 0.771377 0.439120
vt 0.826256 0.450483
vt 0.768314 0.448439
vt 0.804775 0.479907
vt 0.765862 0.456320
vt 0.800225 0.481608
vt 0.764005 0.462899
vt 0.785643 0.485028
vt 0.762731 0.468308
vt 0.762023 0.472681
vt 0.770568 0.485120
vt 0.761868 0.476153
vt 0.762250 0.478856
vt 0.763156 0.480926
vt 0.764570 0.482494
vt 0.766477 0.483696
vt 0.768864 0.484664
vt 0.774826 0.485615
vt 0.779956 0.485576
vt 0.782750 0.485364
vt 0.788596 0.484572
vt 0.791570 0.483998
vt 0.797424 0.482513
vt 0.808662 0.478248
vt 0.811973 0.476497
vt 0.814794 0.474521
vt 0.817212 0.472187
vt 0.819311 0.469361
vt 0.821179 0.465912
vt 0.822902 0.461704
vt 0.824565 0.456606
vt 0.792056 0.328237
vt 0.795422 0.325536
vt 0.801688 0.319367
vt 0.855068 0.345365
vt 0.841908 0.252313
vt 0.833628 0.264512
vt 0.874158 0.272361
vt 0.807498 0.312010
vt 0.867797 0.298053
vt 0.872502 0.279560
vt 0.845704 0.248050
vt 0.875345 0.266344
vt 0.852921 0.242886
vt 0.849355 0.244929
vt 0.860050 0.241786
vt 0.856465 0.241859
vt 0.867587 0.244251
vt 0.863736 0.242604
vt 0.872448 0.247357
vt 0.870265 0.245763
vt 0.876301 0.257304
vt 0.875344 0.251342
vt 0.874140 0.249171
vt 0.876064 0.254007
vt 0.870380 0.288078
vt 0.885559 0.358467
vt 0.882399 0.357017
vt 0.879112 0.355651
vt 0.903172 0.373146
vt 0.903372 0.374156
vt 0.891368 0.361525
vt 0.888559 0.359979
vt 0.896284 0.364622
vt 0.893954 0.363081
vt 0.901422 0.368897
vt 0.900050 0.367555
vt 0.902983 0.371205
vt 0.902410 0.370122
vt 0.910120 0.426181
vt 0.899450 0.473596
vt 0.957675 0.462568
vt 0.896903 0.485597
vt 0.953680 0.476137
vt 0.955755 0.468852
vt 0.892248 0.508791
vt 0.943426 0.515736
vt 0.888856 0.527060
vt 0.939030 0.530768
vt 0.888301 0.530316
vt 0.912018 0.551351
vt 0.887441 0.539634
vt 0.901442 0.552245
vt 0.887665 0.543230
vt 0.888395 0.546166
vt 0.894135 0.551386
vt 0.889681 0.548479
vt 0.891578 0.550207
vt 0.897406 0.552053
vt 0.906295 0.551998
vt 0.918662 0.550339
vt 0.922397 0.549630
vt 0.937043 0.536160
vt 0.925613 0.548770
vt 0.928398 0.547586
vt 0.930844 0.545906
vt 0.933040 0.543556
vt 0.935076 0.540365
vt 0.941128 0.524018
vt 0.905358 0.377884
vt 0.903700 0.375143
vt 0.904147 0.376099
vt 0.904703 0.377015
vt 0.959458 0.457242
vt 0.961124 0.452831
vt 0.964187 0.446578
vt 0.906104 0.378698
vt 0.965622 0.444649
vt 0.967020 0.443461
vt 0.906931 0.379449
vt 0.907831 0.380129
vt 0.968399 0.442970
vt 0.969780 0.443132
vt 0.972409 0.443839
vt 0.973388 0.443914
vt 0.909810 0.381244
vt 0.908794 0.380730
vt 0.974150 0.443784
vt 0.974699 0.443439
vt 0.975039 0.442864
vt 0.975175 0.442047
vt 0.975111 0.440974
vt 0.974851 0.439635
vt 0.971633 0.429555
vt 0.910870 0.381663
vt 0.971319 0.427922
vt 0.912335 0.381789
vt 0.913958 0.381213
vt 0.915748 0.379929
vt 0.971264 0.426623
vt 0.917710 0.377929
vt 0.971493 0.425640
vt 0.964446 0.289342
vt 0.957826 0.299984
vt 0.992633 0.309709
vt 0.922181 0.371753
vt 0.979806 0.355102
vt 0.973303 0.389745
vt 0.973432 0.396160
vt 0.966127 0.287253
vt 0.970588 0.285225
vt 0.975143 0.374371
vt 0.968501 0.285637
vt 0.967490 0.285997
vt 0.969539 0.285536
vt 0.972901 0.424563
vt 0.974129 0.424438
vt 0.977964 0.411213
vt 0.975738 0.424568
vt 0.993161 0.429005
vt 0.993497 0.426977
vt 0.994145 0.429007
vt 0.994309 0.428020
vt 0.994526 0.428688
vt 0.980843 0.415085
vt 0.982089 0.267984
vt 0.980700 0.270603
vt 0.993232 0.271554
vt 0.978184 0.276813
vt 0.994067 0.276391
vt 0.984426 0.264980
vt 0.983624 0.265837
vt 0.990429 0.264965
vt 0.992019 0.267693
vt 0.986059 0.263784
vt 0.985240 0.264291
vt 0.987677 0.263387
vt 0.986874 0.263478
vt 0.988461 0.263529
vt 0.994526 0.282047
vt 0.994324 0.295185
vt 0.971636 0.284718
vt 0.976548 0.279714
vt 0.989464 0.324359
vt 0.973694 0.283169
vt 0.974686 0.282155
vt 0.972674 0.284028
vt 0.922181 0.371753
vt 0.957826 0.299984
vt 0.979806 0.355102
vt 0.964446 0.289342
vt 0.992633 0.309709
vt 0.989464 0.324359
vt 0.966127 0.287253
vt 0.969539 0.285536
vt 0.967490 0.285997
vt 0.970588 0.285225
vt 0.971636 0.284718
vt 0.972674 0.284028
vt 0.994324 0.295185
vt 0.973694 0.283169
vt 0.974686 0.282155
vt 0.976548 0.279714
vt 0.978184 0.276813
vt 0.980699 0.270603
vt 0.994067 0.276391
vt 0.993231 0.271553
vt 0.983624 0.265836
vt 0.992019 0.267692
vt 0.984426 0.264980
vt 0.985240 0.264291
vt 0.986059 0.263784
vt 0.986874 0.263478
vt 0.987677 0.263387
vt 0.988461 0.263529
vt 0.973303 0.389745
vt 0.917710 0.377929
vt 0.973432 0.396160
vt 0.915747 0.379929
vt 0.974255 0.401826
vt 0.913958 0.381213
vt 0.975767 0.406819
vt 0.912335 0.381789
vt 0.977964 0.411213
vt 0.975738 0.424568
vt 0.980843 0.415085
vt 0.993497 0.426977
vt 0.994309 0.428020
vt 0.993161 0.429005
vt 0.994526 0.428688
vt 0.910870 0.381663
vt 0.994145 0.429007
vt 0.909810 0.381243
vt 0.908794 0.380730
vt 0.974129 0.424438
vt 0.907831 0.380129
vt 0.972901 0.424563
vt 0.972031 0.424958
vt 0.971493 0.425640
vt 0.971264 0.426622
vt 0.971319 0.427923
vt 0.968399 0.442970
vt 0.971633 0.429555
vt 0.974851 0.439635
vt 0.975111 0.440975
vt 0.969780 0.443132
vt 0.975175 0.442046
vt 0.974150 0.443784
vt 0.975039 0.442863
vt 0.974699 0.443439
vt 0.973388 0.443914
vt 0.972409 0.443839
vt 0.906931 0.379449
vt 0.967020 0.443461
vt 0.906104 0.378698
vt 0.910120 0.426181
vt 0.905358 0.377884
vt 0.964187 0.446578
vt 0.961124 0.452831
vt 0.959458 0.457242
vt 0.904703 0.377015
vt 0.840051 0.395339
vt 0.957675 0.462568
vt 0.955755 0.468852
vt 0.899450 0.473596
vt 0.953680 0.476137
vt 0.943426 0.515735
vt 0.896903 0.485597
vt 0.941128 0.524018
vt 0.892248 0.508791
vt 0.904147 0.376099
vt 0.939030 0.530768
vt 0.937043 0.536160
vt 0.888856 0.527060
vt 0.935076 0.540365
vt 0.918662 0.550339
vt 0.933040 0.543556
vt 0.930844 0.545905
vt 0.928398 0.547586
vt 0.925613 0.548770
vt 0.906295 0.551998
vt 0.901442 0.552245
vt 0.887441 0.539634
vt 0.894135 0.551386
vt 0.891578 0.550207
vt 0.889681 0.548479
vt 0.887665 0.543230
vt 0.826256 0.450483
vt 0.775065 0.428232
vt 0.824565 0.456605
vt 0.771377 0.439120
vt 0.822902 0.461704
vt 0.821179 0.465911
vt 0.819311 0.469361
vt 0.817212 0.472187
vt 0.811973 0.476497
vt 0.808662 0.478248
vt 0.804775 0.479907
vt 0.800225 0.481608
vt 0.768314 0.448439
vt 0.797424 0.482513
vt 0.791570 0.483999
vt 0.788596 0.484572
vt 0.765862 0.456320
vt 0.785643 0.485028
vt 0.903700 0.375143
vt 0.782750 0.485364
vt 0.779956 0.485576
vt 0.764005 0.462899
vt 0.774826 0.485615
vt 0.762731 0.468308
vt 0.770568 0.485120
vt 0.762023 0.472681
vt 0.768864 0.484664
vt 0.766477 0.483696
vt 0.764570 0.482494
vt 0.763156 0.480926
vt 0.762250 0.478857
vt 0.761868 0.476153
vt 0.792987 0.375806
vt 0.758371 0.346062
vt 0.784730 0.332996
vt 0.903372 0.374156
vt 0.888559 0.359979
vt 0.902410 0.370122
vt 0.902983 0.371205
vt 0.903172 0.373146
vt 0.792056 0.328237
vt 0.900050 0.367554
vt 0.896284 0.364622
vt 0.795422 0.325536
vt 0.855068 0.345365
vt 0.801688 0.319367
vt 0.893954 0.363081
vt 0.901422 0.368897
vt 0.891368 0.361525
vt 0.882399 0.357017
vt 0.885559 0.358467
vt 0.879112 0.355651
vt 0.807498 0.312009
vt 0.833628 0.264512
vt 0.867797 0.298053
vt 0.841908 0.252313
vt 0.874158 0.272361
vt 0.872502 0.279560
vt 0.845704 0.248050
vt 0.875345 0.266344
vt 0.852921 0.242886
vt 0.856465 0.241859
vt 0.860050 0.241786
vt 0.867587 0.244251
vt 0.870265 0.245763
vt 0.872448 0.247358
vt 0.874140 0.249171
vt 0.875344 0.251342
vt 0.876301 0.257304
vt 0.870380 0.288078
vt 0.760964 0.722670
vt 0.736836 0.631764
vt 0.826539 0.632042
vt 0.841544 0.700498
vt 0.768184 0.638737
vt 0.748468 0.711141
vt 0.751961 0.699411
vt 0.757777 0.712901
vt 0.752148 0.717528
vt 0.757664 0.712289
vt 0.750702 0.715310
vt 0.761643 0.715833
vt 0.762440 0.722681
vt 0.764513 0.714763
vt 0.766539 0.713968
vt 0.768638 0.721567
vt 0.769052 0.713003
vt 0.771356 0.720742
vt 0.797351 0.649696
vt 0.786328 0.635732
vt 0.751417 0.635205
vt 0.861496 0.696944
vt 0.859990 0.690690
vt 0.863824 0.687955
vt 0.869151 0.693049
vt 0.843081 0.690087
vt 0.845080 0.699106
vt 0.845125 0.689885
vt 0.846700 0.698616
vt 0.847562 0.689954
vt 0.864986 0.686474
vt 0.865325 0.685962
vt 0.865631 0.685458
vt 0.871580 0.690532
vt 0.728131 0.644631
vt 0.714264 0.645806
vt 0.712028 0.634113
vt 0.711700 0.646298
vt 0.708362 0.635058
vt 0.709632 0.646861
vt 0.705334 0.636215
vt 0.730810 0.644578
vt 0.726889 0.632235
vt 0.733149 0.644563
vt 0.729904 0.631951
vt 0.702032 0.653127
vt 0.693272 0.650665
vt 0.756665 0.707486
vt 0.725475 0.662761
vt 0.721460 0.671900
vt 0.720667 0.661821
vt 0.718077 0.671910
vt 0.712821 0.660752
vt 0.702336 0.668618
vt 0.760478 0.638077
vt 0.008087 0.550413
vt 0.008482 0.540969
vt 0.089454 0.553359
vt 0.015779 0.488067
vt 0.008548 0.559151
vt 0.019301 0.301104
vt 0.025470 0.301907
vt 0.024388 0.300914
vt 0.020015 0.298353
vt 0.021687 0.297874
vt 0.020812 0.297247
vt 0.009876 0.567215
vt 0.026383 0.302549
vt 0.012076 0.574634
vt 0.015157 0.581438
vt 0.023994 0.593319
vt 0.019127 0.587656
vt 0.036448 0.603096
vt 0.029765 0.598455
vt 0.089454 0.573542
vt 0.071338 0.618063
vt 0.063934 0.616075
vt 0.087451 0.601531
vt 0.088835 0.589479
vt 0.081802 0.615413
vt 0.077245 0.617962
vt 0.085156 0.610055
vt 0.084452 0.419957
vt 0.078339 0.357543
vt 0.028196 0.302359
vt 0.075765 0.340471
vt 0.069803 0.312027
vt 0.028519 0.301588
vt 0.058805 0.283860
vt 0.062747 0.291293
vt 0.052999 0.277829
vt 0.056085 0.280367
vt 0.046215 0.275433
vt 0.049669 0.276199
vt 0.039418 0.276309
vt 0.042757 0.275485
vt 0.033576 0.280096
vt 0.036317 0.277861
vt 0.029656 0.286430
vt 0.031315 0.282967
vt 0.028715 0.300462
vt 0.028718 0.290439
vt 0.009876 0.567215
vt 0.012076 0.574634
vt 0.015157 0.581438
vt 0.019127 0.587656
vt 0.023994 0.593319
vt 0.063933 0.616075
vt 0.088835 0.589479
vt 0.087451 0.601531
vt 0.077245 0.617962
vt 0.081802 0.615413
vt 0.080644 0.376492
vt 0.075765 0.340471
vt 0.058805 0.283860
vt 0.056085 0.280367
vt 0.052999 0.277829
vt 0.049669 0.276200
vt 0.036317 0.277861
vt 0.028718 0.290439
vt 0.028715 0.300463
vt 0.008548 0.559151
vt 0.019301 0.301104
vt 0.024388 0.300914
vt 0.020015 0.298353
vt 0.021688 0.297874
vt 0.020812 0.297247
vt 0.026383 0.302550
vt 0.824549 0.833785
vt 0.819872 0.910088
vt 0.799620 0.846239
vt 0.811685 0.848642
vt 0.798782 0.852305
vt 0.810812 0.853853
vt 0.797872 0.865210
vt 0.809520 0.865833
vt 0.797872 0.901781
vt 0.810025 0.908164
vt 0.821369 0.829064
vt 0.654379 0.013619
vt 0.650581 0.013431
vt 0.664638 0.026386
vt 0.646928 0.014022
vt 0.643412 0.015411
vt 0.664676 0.030093
vt 0.640025 0.017617
vt 0.636762 0.020659
vt 0.633614 0.024555
vt 0.630574 0.029324
vt 0.664144 0.039525
vt 0.627636 0.034985
vt 0.610221 0.086374
vt 0.661169 0.068894
vt 0.664504 0.034454
vt 0.656819 0.014094
vt 0.660606 0.015726
vt 0.658888 0.014777
vt 0.663069 0.018639
vt 0.661993 0.016994
vt 0.664371 0.023279
vt 0.663855 0.020715
vt 0.661894 0.061471
vt 0.663617 0.045363
vt 0.661512 0.065274
vt 0.606282 0.094410
vt 0.659667 0.098884
vt 0.660873 0.072284
vt 0.660634 0.075396
vt 0.601801 0.101469
vt 0.660460 0.078184
vt 0.596710 0.107664
vt 0.582900 0.120325
vt 0.594480 0.144803
vt 0.580081 0.123728
vt 0.592554 0.143905
vt 0.596059 0.146203
vt 0.660360 0.080601
vt 0.660345 0.082599
vt 0.660325 0.086934
vt 0.578060 0.126959
vt 0.586004 0.142500
vt 0.576833 0.129990
vt 0.577891 0.137623
vt 0.576398 0.132796
vt 0.576751 0.135349
vt 0.579815 0.139590
vt 0.582520 0.141225
vt 0.660164 0.090165
vt 0.660383 0.085467
vt 0.660422 0.084132
vt 0.660250 0.088507
vt 0.597309 0.148227
vt 0.659580 0.100548
vt 0.598247 0.150996
vt 0.659504 0.102131
vt 0.598890 0.154631
vt 0.659444 0.103608
vt 0.599254 0.159254
vt 0.659479 0.105434
vt 0.599359 0.164985
vt 0.654469 0.162999
vt 0.659826 0.107157
vt 0.660489 0.108786
vt 0.599220 0.171947
vt 0.596694 0.215663
vt 0.650289 0.204154
vt 0.596282 0.227740
vt 0.647720 0.226302
vt 0.596353 0.237761
vt 0.631015 0.253206
vt 0.596982 0.245834
vt 0.616635 0.259391
vt 0.598244 0.252067
vt 0.611098 0.260746
vt 0.600212 0.256567
vt 0.602961 0.259442
vt 0.606565 0.260799
vt 0.636976 0.249539
vt 0.639335 0.247572
vt 0.643044 0.242768
vt 0.641343 0.245355
vt 0.644486 0.239689
vt 0.645715 0.235999
vt 0.648588 0.220054
vt 0.649429 0.212711
vt 0.661476 0.110331
vt 0.662789 0.111801
vt 0.664436 0.113206
vt 0.720802 0.177456
vt 0.722959 0.136132
vt 0.668748 0.115859
vt 0.723695 0.178593
vt 0.724272 0.179007
vt 0.724574 0.181266
vt 0.720925 0.287373
vt 0.775608 0.225138
vt 0.721513 0.289548
vt 0.723490 0.291374
vt 0.772914 0.261604
vt 0.725016 0.136672
vt 0.726616 0.292842
vt 0.730646 0.293943
vt 0.735339 0.294667
vt 0.745740 0.294946
vt 0.750964 0.294483
vt 0.769261 0.281667
vt 0.755880 0.293605
vt 0.760246 0.292302
vt 0.767841 0.285835
vt 0.763818 0.290567
vt 0.766354 0.288388
vt 0.775318 0.195925
vt 0.726752 0.136663
vt 0.728220 0.136026
vt 0.775441 0.194023
vt 0.775651 0.192243
vt 0.729474 0.134680
vt 0.730568 0.132546
vt 0.776324 0.189113
vt 0.752178 0.040091
vt 0.745519 0.058985
vt 0.761920 0.033490
vt 0.731555 0.129543
vt 0.779037 0.122045
vt 0.762628 0.033149
vt 0.776783 0.187792
vt 0.754286 0.036150
vt 0.758118 0.032484
vt 0.756279 0.033577
vt 0.760481 0.033422
vt 0.759769 0.032985
vt 0.777320 0.186654
vt 0.777934 0.185715
vt 0.761201 0.033586
vt 0.778621 0.184988
vt 0.779535 0.137791
vt 0.779381 0.184490
vt 0.781993 0.184305
vt 0.785606 0.180897
vt 0.782791 0.184238
vt 0.783498 0.184047
vt 0.763318 0.032577
vt 0.784110 0.183744
vt 0.784622 0.183338
vt 0.785032 0.182840
vt 0.785335 0.182260
vt 0.785527 0.181609
vt 0.785566 0.180135
vt 0.785405 0.179333
vt 0.785119 0.178501
vt 0.763981 0.031787
vt 0.764608 0.030795
vt 0.783204 0.040361
vt 0.765191 0.029613
vt 0.781273 0.032800
vt 0.768671 0.014304
vt 0.768213 0.015660
vt 0.771676 0.015076
vt 0.766187 0.026739
vt 0.774445 0.019324
vt 0.778488 0.026256
vt 0.779532 0.112322
vt 0.784923 0.177498
vt 0.784982 0.176492
vt 0.772921 0.016870
vt 0.780496 0.101262
vt 0.776287 0.022449
vt 0.769858 0.013431
vt 0.769206 0.013558
vt 0.770668 0.013933
vt 0.784409 0.060136
vt 0.784257 0.049339
vt 0.783635 0.073152
vt 0.784140 0.066341
vt 0.781912 0.088787
vt 0.782894 0.080617
vt 0.785287 0.175490
vt 0.785827 0.174504
vt 0.793434 0.169430
vt 0.812553 0.164199
vt 0.798924 0.162186
vt 0.794319 0.161005
vt 0.790134 0.170897
vt 0.790358 0.159186
vt 0.788755 0.171729
vt 0.787021 0.156650
vt 0.787571 0.172614
vt 0.786591 0.173542
vt 0.784290 0.153320
vt 0.785405 0.179333
vt 0.785527 0.181609
vt 0.785566 0.180135
vt 0.785606 0.180897
vt 0.785335 0.182260
vt 0.785032 0.182840
vt 0.784622 0.183338
vt 0.783498 0.184047
vt 0.781993 0.184305
vt 0.780210 0.184234
vt 0.784923 0.177498
vt 0.779381 0.184490
vt 0.784982 0.176492
vt 0.778621 0.184988
vt 0.785287 0.175490
vt 0.785827 0.174504
vt 0.784290 0.153320
vt 0.775318 0.195925
vt 0.775608 0.225138
vt 0.724574 0.181266
vt 0.772914 0.261604
vt 0.720925 0.287373
vt 0.769261 0.281667
vt 0.767841 0.285835
vt 0.750964 0.294483
vt 0.763818 0.290567
vt 0.760246 0.292302
vt 0.735339 0.294667
vt 0.730646 0.293943
vt 0.726616 0.292842
vt 0.723491 0.291374
vt 0.721513 0.289548
vt 0.775651 0.192243
vt 0.724272 0.179007
vt 0.776324 0.189113
vt 0.776783 0.187792
vt 0.723695 0.178593
vt 0.777320 0.186654
vt 0.720802 0.177456
vt 0.782145 0.149119
vt 0.650289 0.204154
vt 0.649429 0.212711
vt 0.596694 0.215663
vt 0.648588 0.220054
vt 0.599220 0.171947
vt 0.599359 0.164985
vt 0.647720 0.226302
vt 0.645715 0.235999
vt 0.596282 0.227740
vt 0.644486 0.239689
vt 0.643044 0.242768
vt 0.641343 0.245355
vt 0.639335 0.247572
vt 0.636976 0.249539
vt 0.631015 0.253206
vt 0.616635 0.259391
vt 0.596353 0.237761
vt 0.611098 0.260746
vt 0.596982 0.245834
vt 0.602961 0.259442
vt 0.600212 0.256567
vt 0.598244 0.252067
vt 0.786591 0.173542
vt 0.787571 0.172614
vt 0.788755 0.171729
vt 0.787021 0.156650
vt 0.599254 0.159254
vt 0.790134 0.170897
vt 0.798924 0.162186
vt 0.812553 0.164199
vt 0.793434 0.169430
vt 0.790358 0.159186
vt 0.598890 0.154631
vt 0.598247 0.150996
vt 0.794319 0.161006
vt 0.597309 0.148227
vt 0.596059 0.146203
vt 0.594480 0.144802
vt 0.592554 0.143905
vt 0.586004 0.142500
vt 0.582520 0.141225
vt 0.579815 0.139590
vt 0.780566 0.143968
vt 0.576751 0.135349
vt 0.576398 0.132796
vt 0.576833 0.129990
vt 0.578060 0.126959
vt 0.582900 0.120325
vt 0.596710 0.107664
vt 0.779535 0.137791
vt 0.661476 0.110331
vt 0.601801 0.101469
vt 0.659479 0.105434
vt 0.659504 0.102131
vt 0.606282 0.094410
vt 0.659580 0.100548
vt 0.783635 0.073151
vt 0.782894 0.080617
vt 0.763982 0.031787
vt 0.781912 0.088787
vt 0.784409 0.060136
vt 0.783204 0.040361
vt 0.764608 0.030794
vt 0.781273 0.032800
vt 0.765191 0.029613
vt 0.766187 0.026739
vt 0.774445 0.019324
vt 0.776287 0.022449
vt 0.769858 0.013431
vt 0.770668 0.013933
vt 0.769206 0.013558
vt 0.780496 0.101262
vt 0.779532 0.112322
vt 0.779037 0.122045
vt 0.610221 0.086374
vt 0.627636 0.034985
vt 0.661169 0.068894
vt 0.630574 0.029324
vt 0.663617 0.045363
vt 0.660634 0.075396
vt 0.633614 0.024555
vt 0.636762 0.020659
vt 0.640025 0.017617
vt 0.643412 0.015411
vt 0.646928 0.014022
vt 0.650581 0.013431
vt 0.654379 0.013619
vt 0.664371 0.023279
vt 0.656819 0.014094
vt 0.658888 0.014778
vt 0.663069 0.018639
vt 0.660606 0.015726
vt 0.661993 0.016994
vt 0.663855 0.020715
vt 0.664638 0.026386
vt 0.664144 0.039525
vt 0.661894 0.061471
vt 0.660873 0.072284
vt 0.661512 0.065274
vt 0.659667 0.098884
vt 0.660360 0.080601
vt 0.731555 0.129544
vt 0.762628 0.033149
vt 0.660345 0.082599
vt 0.660383 0.085467
vt 0.761920 0.033490
vt 0.761201 0.033586
vt 0.752178 0.040091
vt 0.660164 0.090165
vt 0.660422 0.084132
vt 0.760481 0.033422
vt 0.758118 0.032484
vt 0.759769 0.032984
vt 0.754286 0.036150
vt 0.756279 0.033576
vt 0.659444 0.103608
vt 0.730568 0.132546
vt 0.729474 0.134680
vt 0.659826 0.107157
vt 0.660489 0.108786
vt 0.725016 0.136672
vt 0.662789 0.111801
vt 0.664436 0.113206
vt 0.629970 0.883206
vt 0.728297 0.930001
vt 0.711506 0.927286
vt 0.728122 0.926357
vt 0.711184 0.923951
vt 0.727726 0.922442
vt 0.710714 0.920319
vt 0.727094 0.918271
vt 0.710075 0.916364
vt 0.726223 0.913866
vt 0.708880 0.910570
vt 0.680457 0.976159
vt 0.680488 0.976563
vt 0.675063 0.985829
vt 0.680502 0.976910
vt 0.680524 0.977285
vt 0.680550 0.977680
vt 0.680568 0.978086
vt 0.681169 0.980137
vt 0.681079 0.980434
vt 0.680390 0.975628
vt 0.680984 0.980696
vt 0.680882 0.980920
vt 0.674788 0.985360
vt 0.680302 0.974980
vt 0.674506 0.984859
vt 0.680190 0.974236
vt 0.673128 0.981962
vt 0.674233 0.984334
vt 0.680063 0.973390
vt 0.672897 0.981415
vt 0.679926 0.972452
vt 0.672696 0.980895
vt 0.679779 0.971431
vt 0.672526 0.980412
vt 0.678508 0.963902
vt 0.678753 0.965732
vt 0.668598 0.967202
vt 0.669133 0.968689
vt 0.668055 0.965947
vt 0.672389 0.979975
vt 0.678022 0.962279
vt 0.677542 0.960821
vt 0.667515 0.964902
vt 0.666991 0.964046
vt 0.672235 0.979482
vt 0.672043 0.978860
vt 0.671819 0.978121
vt 0.671569 0.977280
vt 0.670450 0.973187
vt 0.671301 0.976351
vt 0.666609 0.853646
vt 0.679945 0.989907
vt 0.661387 0.868590
vt 0.659378 0.870175
vt 0.656100 0.860183
vt 0.723540 0.956930
vt 0.640315 0.888086
vt 0.645443 0.900904
vt 0.635134 0.903873
vt 0.645951 0.903224
vt 0.635613 0.905703
vt 0.717587 0.842361
vt 0.726850 0.841202
vt 0.717567 0.850342
vt 0.727932 0.851930
vt 0.708807 0.952408
vt 0.709215 0.950681
vt 0.709720 0.948685
vt 0.725721 0.951899
vt 0.135423 0.234091
vt 0.129044 0.231653
vt 0.117726 0.268725
vt 0.087642 0.256595
vt 0.092611 0.259225
vt 0.104173 0.264400
vt 0.122401 0.269945
vt 0.127059 0.271032
vt 0.131647 0.271973
vt 0.136106 0.272755
vt 0.144417 0.273787
vt 0.147626 0.236744
vt 0.151541 0.274022
vt 0.153248 0.236851
vt 0.154518 0.273808
vt 0.161943 0.272032
vt 0.170707 0.268951
vt 0.158415 0.236074
vt 0.190737 0.259777
vt 0.172750 0.232008
vt 0.211577 0.248092
vt 0.221354 0.241871
vt 0.183792 0.221419
vt 0.230199 0.235700
vt 0.184930 0.217784
vt 0.243576 0.224408
vt 0.189335 0.187820
vt 0.247350 0.219738
vt 0.248677 0.216019
vt 0.248677 0.145347
vt 0.175990 0.230552
vt 0.182425 0.224409
vt 0.122614 0.228545
vt 0.129044 0.231653
vt 0.104173 0.264400
vt 0.164058 0.234664
vt 0.116236 0.224822
vt 0.083060 0.253795
vt 0.104037 0.215742
vt 0.074592 0.247256
vt 0.066278 0.238752
vt 0.057189 0.227430
vt 0.093254 0.204845
vt 0.028696 0.184707
vt 0.080806 0.183445
vt 0.024817 0.176873
vt 0.024598 0.162441
vt 0.084442 0.191747
vt 0.088646 0.198848
vt 0.023575 0.173669
vt 0.022800 0.170945
vt 0.022496 0.168704
vt 0.023890 0.164623
vt 0.022665 0.166952
vt 0.024320 0.163537
vt 0.077757 0.174187
vt 0.024725 0.161342
vt 0.024702 0.160249
vt 0.073492 0.153776
vt 0.024528 0.159170
vt 0.024203 0.158113
vt 0.071794 0.132467
vt 0.023729 0.157086
vt 0.072812 0.112213
vt 0.024483 0.113500
vt 0.023104 0.156098
vt 0.017845 0.138147
vt 0.074386 0.103092
vt 0.025308 0.107995
vt 0.022330 0.155156
vt 0.019371 0.152597
vt 0.018009 0.149833
vt 0.018596 0.151382
vt 0.076693 0.094967
vt 0.025472 0.103349
vt 0.017607 0.147981
vt 0.017390 0.145855
vt 0.017358 0.143487
vt 0.079753 0.088082
vt 0.031640 0.072101
vt 0.087902 0.075467
vt 0.039789 0.058575
vt 0.091842 0.070664
vt 0.049262 0.045300
vt 0.025295 0.101440
vt 0.024937 0.099855
vt 0.029683 0.075808
vt 0.095784 0.066839
vt 0.061899 0.034649
vt 0.033804 0.068288
vt 0.069810 0.030985
vt 0.036162 0.064409
vt 0.024395 0.098630
vt 0.024206 0.088775
vt 0.023664 0.097804
vt 0.023139 0.096849
vt 0.022945 0.095429
vt 0.023067 0.093583
vt 0.043123 0.053495
vt 0.055285 0.039219
vt 0.058475 0.036783
vt 0.107416 0.021743
vt 0.103950 0.062036
vt 0.116683 0.021241
vt 0.112948 0.060896
vt 0.135300 0.022441
vt 0.117931 0.061649
vt 0.108310 0.061019
vt 0.154055 0.026593
vt 0.135641 0.068953
vt 0.172985 0.033719
vt 0.144828 0.074763
vt 0.123328 0.063256
vt 0.192125 0.043837
vt 0.153308 0.081937
vt 0.214352 0.059469
vt 0.161031 0.090353
vt 0.223096 0.067817
vt 0.167944 0.099890
vt 0.230394 0.076944
vt 0.173996 0.110425
vt 0.236345 0.087166
vt 0.241049 0.098800
vt 0.248677 0.145346
vt 0.186470 0.146812
vt 0.189335 0.187820
vt 0.189533 0.173840
vt 0.184930 0.217784
vt 0.221355 0.241871
vt 0.211577 0.248092
vt 0.190737 0.259777
vt 0.178619 0.228870
vt 0.175990 0.230552
vt 0.172750 0.232008
vt 0.161943 0.272032
vt 0.151541 0.274022
vt 0.136106 0.272755
vt 0.117726 0.268725
vt 0.183310 0.134008
vt 0.192125 0.043837
vt 0.153308 0.081937
vt 0.154055 0.026593
vt 0.116683 0.021241
vt 0.058474 0.036783
vt 0.031640 0.072101
vt 0.024206 0.088775
vt 0.025308 0.107995
vt 0.017607 0.147981
vt 0.022330 0.155157
vt 0.024817 0.176873
vt 0.080806 0.183445
vt 0.074592 0.247256
vt 0.116236 0.224822
vt 0.084442 0.191747
vt 0.892178 0.776537
vt 0.924477 0.823633
vt 0.885707 0.730274
vt 0.888738 0.726644
vt 0.897098 0.735017
vt 0.891272 0.743824
vt 0.876200 0.768974
vt 0.887287 0.840583
vt 0.953640 0.791557
vt 0.958027 0.803880
vt 0.956287 0.804991
vt 0.949336 0.794636
vt 0.954556 0.805967
vt 0.948210 0.795303
vt 0.947112 0.795894
vt 0.912351 0.794413
vt 0.875001 0.762588
vt 0.887070 0.761634
vt 0.875262 0.764717
vt 0.935517 0.799324
s 1
f 278/1/1 272/2/1 259/3/1
f 157/4/2 156/5/2 105/6/2
f 124/7/2 89/8/2 77/9/2
f 253/10/1 252/11/1 255/12/1
f 135/13/3 245/14/4 134/15/4
f 130/16/5 240/17/6 129/18/6
f 4/19/7 171/20/8 3/21/8
f 249/22/9 248/23/10 137/24/9
f 131/25/11 241/26/5 130/16/5
f 15/27/12 211/28/13 14/29/13
f 34/30/14 305/31/15 33/32/15
f 100/33/16 173/34/17 99/35/17
f 102/36/18 168/37/19 101/38/19
f 29/39/20 210/40/21 28/41/21
f 5/42/22 172/43/7 4/19/7
f 294/44/23 291/45/24 56/46/24
f 206/47/25 21/48/26 22/49/25
f 6/50/27 174/51/22 5/42/22
f 35/52/28 306/53/14 34/30/14
f 21/48/26 215/54/29 20/55/29
f 103/56/30 166/57/18 102/36/18
f 114/58/31 209/59/32 113/60/32
f 7/61/33 175/62/27 6/50/27
f 46/63/34 309/64/35 45/65/35
f 2/66/36 167/67/37 1/68/37
f 16/69/38 213/70/12 15/27/12
f 45/65/35 310/71/39 44/72/39
f 36/73/40 308/74/28 35/52/28
f 83/75/41 270/76/42 82/77/42
f 20/55/29 218/78/43 19/79/43
f 134/15/4 244/80/44 133/81/44
f 17/82/45 217/83/38 16/69/38
f 44/72/39 312/84/46 43/85/46
f 120/86/47 230/87/48 228/88/49
f 106/89/50 162/90/51 105/91/51
f 37/92/52 311/93/40 36/73/40
f 84/94/53 273/95/53 83/75/53
f 18/96/54 219/97/45 17/82/45
f 19/79/43 220/98/54 18/96/54
f 99/35/17 179/99/55 98/100/55
f 43/85/46 314/101/56 42/102/56
f 133/81/44 243/103/57 132/104/57
f 160/105/58 177/106/59 159/107/59
f 8/108/60 176/109/33 7/61/33
f 159/107/59 181/110/61 158/111/61
f 96/112/62 221/113/63 95/114/63
f 3/21/8 169/115/36 2/66/36
f 85/116/64 274/117/65 84/94/65
f 42/102/56 315/118/66 41/119/66
f 115/120/67 216/121/31 114/58/31
f 86/122/68 276/123/64 85/116/64
f 91/124/69 247/125/70 90/126/70
f 136/127/10 246/128/3 135/13/3
f 87/129/71 277/130/68 86/122/68
f 41/119/66 317/131/72 40/132/72
f 161/133/73 178/134/58 160/105/58
f 70/135/74 281/136/75 69/137/75
f 39/138/76 316/139/77 38/140/77
f 40/132/72 318/141/76 39/138/76
f 33/32/15 303/142/78 32/143/78
f 116/144/79 222/145/67 115/120/67
f 149/146/80 150/147/81 198/148/82
f 95/114/63 224/149/83 94/150/83
f 32/143/78 280/151/84 31/152/85
f 117/153/86 223/154/79 116/144/79
f 89/155/87 271/156/88 88/157/88
f 157/158/89 184/159/90 156/160/90
f 132/104/57 242/161/11 131/25/11
f 141/162/91 255/163/92 140/164/93
f 156/160/90 185/165/94 155/166/94
f 158/111/61 183/167/89 157/158/89
f 9/168/95 180/169/60 8/108/60
f 67/170/96 282/171/97 283/172/96
f 75/173/98 266/174/99 74/175/99
f 94/150/83 226/176/100 93/177/100
f 67/170/96 284/178/101 66/179/101
f 12/180/102 196/181/103 11/182/103
f 155/166/94 188/183/104 154/184/104
f 38/140/77 313/185/52 37/92/52
f 140/164/93 255/163/92 252/186/105
f 108/187/106 187/188/107 107/189/107
f 90/126/70 253/190/87 89/155/87
f 154/184/104 190/191/108 153/192/108
f 65/193/109 286/194/110 64/195/110
f 214/196/111 30/197/112 280/151/84
f 10/198/113 186/199/95 9/168/95
f 64/195/110 287/200/114 63/201/114
f 109/202/115 189/203/106 108/187/106
f 1/68/37 165/204/50 106/89/50
f 93/177/100 227/205/116 92/206/116
f 63/201/114 288/207/117 62/208/117
f 98/100/55 193/209/118 97/210/118
f 62/208/117 289/211/119 61/212/119
f 238/213/120 146/214/121 147/215/122
f 153/192/108 194/216/123 152/217/123
f 88/157/88 275/218/71 87/129/71
f 110/219/124 192/220/115 109/202/115
f 11/182/103 191/221/113 10/198/113
f 107/189/107 182/222/73 161/133/73
f 146/214/121 256/223/125 145/224/125
f 111/225/126 195/226/124 110/219/124
f 48/227/127 304/228/128 47/229/128
f 142/230/129 257/231/91 141/162/91
f 60/232/130 292/233/131 59/234/131
f 145/224/125 259/235/132 144/236/132
f 143/237/133 258/238/129 142/230/129
f 152/217/123 198/148/82 151/239/134
f 55/240/135 296/241/136 54/242/136
f 112/243/137 197/244/126 111/225/126
f 92/206/116 229/245/69 91/124/69
f 54/242/136 297/246/138 53/247/138
f 144/236/139 260/248/133 143/237/133
f 25/249/140 200/250/141 24/251/141
f 53/247/138 298/252/142 52/253/142
f 105/91/51 163/254/143 104/255/143
f 66/179/101 285/256/109 65/193/109
f 77/257/144 262/258/145 76/259/145
f 121/260/146 230/87/48 120/86/47
f 97/210/118 203/261/62 96/112/62
f 72/262/147 268/263/148 272/264/147
f 52/253/142 299/265/149 51/266/149
f 76/259/145 263/267/98 75/173/98
f 122/268/150 231/269/146 121/260/146
f 61/212/119 290/270/130 60/232/130
f 78/271/151 261/272/144 77/257/144
f 24/251/141 204/273/152 23/274/152
f 51/266/149 300/275/153 50/276/153
f 123/277/154 232/278/150 122/268/150
f 26/279/155 202/280/156 25/249/156
f 50/276/153 301/281/157 49/282/157
f 118/283/158 225/284/86 117/153/86
f 123/277/154 234/285/159 233/286/154
f 79/287/160 264/288/160 78/271/160
f 23/274/152 206/47/25 22/49/25
f 49/282/157 302/289/127 48/227/127
f 124/290/159 235/291/161 234/285/159
f 27/292/162 205/293/155 26/279/155
f 125/294/161 236/295/163 235/291/161
f 13/296/164 199/297/102 12/180/102
f 80/298/165 265/299/166 79/287/166
f 82/77/42 269/300/167 81/301/167
f 127/302/168 236/295/163 126/303/163
f 113/60/32 201/304/137 112/243/137
f 69/137/75 282/171/97 68/305/97
f 71/306/169 279/307/74 70/135/74
f 128/308/170 237/309/168 127/302/168
f 28/41/21 207/310/162 27/292/162
f 81/301/167 267/311/165 80/298/165
f 101/38/19 170/312/16 100/33/16
f 304/228/128 46/63/34 47/229/128
f 14/29/13 208/313/164 13/296/164
f 104/255/143 164/314/30 103/56/30
f 129/18/6 239/315/170 128/308/170
f 473/316/1 480/317/1 485/318/1
f 348/319/171 542/320/172 347/321/172
f 319/322/173 480/323/174 472/324/174
f 321/325/175 483/326/176 320/327/177
f 335/328/178 514/329/179 334/330/180
f 433/331/181 541/332/182 432/333/182
f 422/334/183 567/335/184 421/336/185
f 390/337/186 614/338/187 389/339/187
f 322/340/188 484/341/189 321/325/175
f 412/342/190 595/343/191 411/344/191
f 432/333/182 543/345/192 431/346/193
f 381/347/194 599/348/195 380/349/195
f 356/350/196 554/351/197 355/352/197
f 411/344/191 596/353/198 410/354/198
f 431/346/193 544/355/199 430/356/200
f 410/354/198 597/357/201 409/358/201
f 406/359/202 603/360/203 405/361/203
f 426/362/204 564/363/204 562/364/205
f 362/365/206 566/366/207 361/367/208
f 409/358/201 598/368/209 408/369/209
f 435/370/210 538/371/211 434/372/211
f 363/373/212 568/374/206 362/365/206
f 436/375/213 535/376/210 435/370/210
f 349/377/214 545/378/215 348/319/171
f 408/369/209 600/379/216 407/380/216
f 364/381/217 569/382/212 363/373/212
f 407/380/216 601/383/202 406/359/202
f 380/349/195 594/384/218 379/385/218
f 350/386/219 546/387/214 349/377/214
f 400/388/220 619/389/221 399/390/221
f 351/391/222 548/392/219 350/386/219
f 339/393/223 531/394/224 522/395/225
f 498/396/226 494/397/227 325/398/228
f 430/356/200 547/399/229 429/400/229
f 366/401/230 572/402/231 365/403/232
f 352/404/233 549/405/222 351/391/222
f 391/406/234 616/407/186 390/337/186
f 367/408/235 573/409/230 366/401/230
f 453/410/236 493/411/237 452/412/238
f 353/413/239 550/414/233 352/404/233
f 368/415/240 574/416/241 367/408/235
f 354/417/242 552/418/239 353/413/239
f 357/419/243 556/420/196 356/350/196
f 452/412/238 495/421/244 451/422/244
f 323/423/245 485/424/188 322/340/188
f 444/425/246 523/426/247 443/427/248
f 369/428/249 575/429/250 368/415/240
f 446/430/251 512/431/252 515/432/251
f 463/433/253 496/434/254 462/435/254
f 443/427/248 524/436/255 442/437/256
f 503/438/257 491/439/258 455/440/258
f 370/441/259 577/442/260 369/428/249
f 442/437/256 525/443/261 441/444/262
f 371/445/263 578/446/264 370/441/259
f 451/422/244 497/447/265 450/448/265
f 459/449/266 506/450/267 458/451/267
f 441/444/268 526/452/269 440/453/269
f 372/454/270 579/455/271 371/445/263
f 440/453/269 527/456/272 439/457/273
f 462/435/254 499/458/274 461/459/274
f 439/457/273 528/460/275 438/461/276
f 438/461/276 529/462/277 437/463/277
f 373/464/278 580/465/270 372/454/270
f 450/448/265 500/466/279 449/467/279
f 421/336/185 571/468/280 420/469/280
f 461/459/274 502/470/281 460/471/281
f 404/472/282 606/473/282 608/474/283
f 401/475/284 617/476/220 400/388/220
f 374/477/285 581/478/286 373/464/278
f 454/479/287 492/480/288 453/410/236
f 460/471/281 505/481/266 459/449/266
f 583/482/289 582/483/285 375/484/289
f 388/485/290 612/486/291 611/487/292
f 429/400/229 551/488/293 428/489/293
f 358/490/294 557/491/243 357/419/243
f 481/492/295 463/433/253 464/493/295
f 359/494/296 558/495/294 358/490/294
f 591/496/297 592/497/298 413/498/298
f 347/321/172 539/499/299 346/500/299
f 360/501/300 559/502/296 359/494/296
f 330/503/301 507/504/302 329/505/303
f 465/506/304 481/492/295 464/493/295
f 331/507/305 509/508/306 330/503/301
f 392/509/307 618/510/234 391/406/234
f 332/511/308 510/512/309 331/507/305
f 420/469/280 576/513/310 419/514/310
f 336/515/311 518/516/312 517/517/311
f 551/488/293 427/518/313 428/489/293
f 399/390/221 621/519/314 398/520/314
f 322/318/2 472/521/2 468/316/2
f 393/522/315 620/523/307 392/509/307
f 469/524/316 473/525/317 468/526/317
f 333/527/318 511/528/319 332/511/308
f 468/526/317 475/529/320 467/530/320
f 334/330/180 513/531/318 333/527/318
f 398/520/314 623/532/321 397/533/321
f 470/534/322 474/535/316 469/524/316
f 365/403/232 570/536/217 364/381/217
f 394/537/323 622/538/315 393/522/315
f 467/530/320 477/539/324 466/540/325
f 423/541/326 565/542/327 422/334/183
f 379/385/218 589/543/328 378/544/329
f 397/533/321 625/545/330 396/546/331
f 471/547/332 476/548/322 470/534/322
f 395/549/333 624/550/323 394/537/323
f 396/546/331 626/551/334 395/549/334
f 324/552/335 486/553/245 323/423/245
f 466/540/325 479/554/304 465/506/304
f 472/324/174 478/555/332 471/547/332
f 536/556/336 534/557/337 343/558/338
f 355/352/197 553/559/242 354/417/242
f 445/560/339 520/561/246 444/425/246
f 437/463/277 530/562/213 436/375/213
f 361/367/208 560/563/340 360/501/300
f 434/372/211 540/564/341 433/331/181
f 320/327/177 482/565/173 319/322/173
f 635/566/2 734/567/2 733/568/2
f 857/569/1 861/570/1 851/571/1
f 757/572/342 809/573/343 756/574/343
f 749/575/344 805/576/345 748/577/345
f 904/578/346 704/579/347 705/580/346
f 648/581/348 881/582/349 647/583/349
f 692/584/350 916/585/351 691/586/352
f 642/587/353 848/588/354 641/589/354
f 629/590/355 791/591/356 628/592/356
f 768/593/357 789/594/358 767/595/358
f 718/596/359 855/597/360 717/598/360
f 756/574/343 812/599/147 755/600/361
f 750/601/362 810/602/344 749/575/344
f 686/603/363 903/604/364 685/605/364
f 846/606/365 847/607/366 722/608/366
f 710/609/367 882/610/368 709/611/368
f 755/600/361 814/612/369 754/613/369
f 775/614/370 778/615/371 774/616/371
f 880/617/372 885/618/373 663/619/373
f 751/620/374 813/621/362 750/601/362
f 706/622/375 904/578/346 705/580/346
f 774/616/371 780/623/376 773/624/376
f 849/625/377 720/626/378 721/627/377
f 776/628/379 779/629/370 775/614/370
f 701/630/380 925/631/381 700/632/381
f 754/613/369 817/633/382 753/634/382
f 773/624/376 782/635/383 772/636/383
f 758/637/384 807/638/342 757/572/342
f 752/639/385 815/640/374 751/620/374
f 777/641/386 781/642/379 776/628/379
f 719/643/387 853/644/359 718/596/359
f 753/634/382 818/645/385 752/639/385
f 709/611/368 883/646/388 708/647/389
f 643/648/390 852/649/353 642/587/353
f 703/650/391 919/651/392 702/652/392
f 772/636/383 784/653/393 771/654/393
f 627/655/394 783/656/386 777/641/386
f 688/657/395 911/658/396 687/659/397
f 694/660/398 920/661/399 693/662/400
f 704/579/347 917/663/391 703/650/391
f 739/664/401 821/665/402 738/666/402
f 771/654/393 785/667/403 770/668/403
f 737/669/404 826/670/405 736/671/405
f 651/672/406 901/673/407 650/674/407
f 647/583/349 861/675/408 646/676/408
f 826/670/405 735/677/409 736/671/405
f 708/647/389 887/678/410 707/679/410
f 631/680/411 820/681/412 630/682/412
f 678/683/413 872/684/414 677/685/414
f 770/668/403 786/686/415 769/687/415
f 630/682/412 797/688/355 629/590/355
f 646/676/416 857/689/417 645/690/417
f 632/691/418 822/692/411 631/680/411
f 789/594/358 766/693/419 767/595/358
f 769/687/415 787/694/357 768/593/357
f 717/598/360 858/695/420 716/696/420
f 696/697/421 923/698/422 695/699/422
f 662/700/423 889/701/424 661/702/424
f 633/703/425 824/704/418 632/691/418
f 816/705/426 819/706/427 740/707/426
f 650/674/407 896/708/428 649/709/428
f 645/690/417 856/710/429 644/711/429
f 687/659/397 909/712/430 686/603/363
f 634/713/431 825/714/425 633/703/425
f 661/702/424 891/715/432 660/716/432
f 681/717/433 890/718/434 680/719/434
f 635/720/435 827/721/436 634/713/431
f 735/677/409 830/722/437 734/723/437
f 660/716/432 894/724/438 659/725/439
f 636/726/440 828/727/435 635/720/435
f 682/728/441 892/729/433 681/717/433
f 690/730/442 914/731/443 912/732/444
f 734/723/437 832/733/445 733/734/445
f 637/735/446 831/736/440 636/726/440
f 716/696/420 859/737/447 715/738/447
f 659/725/439 897/739/448 658/740/448
f 733/734/445 834/741/449 732/742/450
f 765/743/451 793/744/452 764/745/452
f 744/746/453 806/747/454 743/748/454
f 693/662/400 918/749/455 692/584/350
f 683/750/456 895/751/441 682/728/441
f 732/742/457 835/752/458 731/753/458
f 698/754/459 928/755/460 927/756/459
f 731/753/458 836/757/461 730/758/461
f 764/745/452 794/759/462 763/760/462
f 715/738/447 860/761/463 714/762/463
f 730/758/461 837/763/464 729/764/464
f 763/760/462 795/765/465 762/766/465
f 658/740/448 899/767/466 657/768/467
f 638/769/468 833/770/446 637/735/446
f 762/766/465 796/771/469 761/772/469
f 657/768/467 900/773/470 656/774/471
f 702/652/392 922/775/380 701/630/380
f 684/776/472 898/777/456 683/750/456
f 761/772/469 798/778/473 760/779/473
f 685/605/364 902/780/474 684/776/472
f 679/781/475 879/782/413 678/683/413
f 760/779/473 799/783/476 759/784/476
f 714/762/463 862/785/477 713/786/477
f 759/784/476 800/787/384 758/637/384
f 713/786/477 863/788/34 712/789/34
f 656/774/471 905/790/478 655/791/478
f 675/792/479 864/793/480 674/794/480
f 720/626/378 851/795/387 719/643/387
f 745/796/481 803/797/453 744/746/453
f 674/794/480 866/798/482 673/799/482
f 649/709/428 886/800/348 648/581/348
f 695/699/422 921/801/398 694/660/398
f 673/799/482 867/802/483 672/803/484
f 639/804/485 838/805/468 638/769/468
f 746/806/486 801/807/481 745/796/481
f 655/791/478 906/808/487 654/809/487
f 672/803/484 868/810/488 671/811/489
f 676/812/490 865/813/479 675/792/479
f 747/814/491 802/815/486 746/806/486
f 654/809/487 908/816/492 653/817/492
f 671/811/489 870/818/493 670/819/494
f 644/711/429 854/820/390 643/648/390
f 670/819/494 871/821/495 669/822/495
f 748/577/345 804/823/491 747/814/491
f 652/824/496 907/825/406 651/672/406
f 677/685/414 869/826/490 676/812/490
f 640/827/497 843/828/485 639/804/485
f 653/817/492 910/829/496 652/824/496
f 669/822/495 873/830/498 668/831/498
f 766/693/419 792/832/451 765/743/451
f 628/592/356 788/833/394 627/655/394
f 712/789/34 874/834/499 711/835/499
f 680/719/434 884/836/475 679/781/475
f 697/837/500 924/838/421 696/697/421
f 668/831/498 875/839/501 667/840/501
f 641/589/354 845/841/497 640/827/497
f 707/679/410 893/842/375 706/622/375
f 667/840/501 876/843/502 666/844/503
f 711/835/499 877/845/367 710/609/367
f 737/669/404 821/665/402 823/846/404
f 979/847/2 1020/848/2 980/849/2
f 1168/850/1 1169/851/1 1170/852/1
f 983/853/504 1214/854/505 982/855/505
f 1026/856/506 1205/857/507 1025/858/507
f 963/859/508 1148/860/509 962/861/509
f 992/862/510 1194/863/511 991/864/511
f 1067/865/512 1093/866/513 1066/867/513
f 948/868/514 1137/869/515 947/870/515
f 1033/871/516 1171/872/517 1032/873/517
f 1011/874/518 1211/875/519 1010/876/519
f 964/877/520 1146/878/508 963/859/508
f 978/879/521 1185/880/522 977/881/522
f 975/882/523 1170/883/524 974/884/525
f 936/885/526 1113/886/527 935/887/527
f 1028/888/528 1195/889/529 1027/890/529
f 1006/891/530 1192/892/531 1005/893/531
f 1020/894/532 1228/895/533 1019/896/533
f 999/897/133 1173/898/534 998/899/534
f 1148/860/509 961/900/535 962/861/509
f 1066/867/513 1095/901/536 1065/902/536
f 1012/903/537 1215/904/518 1011/874/518
f 965/905/538 1149/906/520 964/877/520
f 998/899/534 1175/907/539 997/908/539
f 937/909/540 1114/910/526 936/885/526
f 991/864/511 1197/911/541 990/912/541
f 1065/902/536 1096/913/542 1064/914/542
f 955/915/543 1147/916/544 954/917/545
f 1128/918/546 1042/919/547 1043/920/546
f 994/921/548 1188/922/549 993/923/549
f 997/908/550 1176/924/551 996/925/550
f 1024/926/74 1218/927/552 1023/928/552
f 930/929/553 1089/930/554 929/931/554
f 1000/932/555 1174/933/133 999/897/133
f 1013/934/446 1217/935/537 1012/903/537
f 980/936/556 1201/937/557 979/938/557
f 938/939/558 1115/940/559 937/909/540
f 1205/857/507 1024/926/74 1025/858/507
f 1027/890/529 1198/941/506 1026/856/506
f 956/942/560 1151/943/561 955/915/543
f 1057/944/562 1097/945/381 1056/946/381
f 954/917/545 1145/947/563 953/948/564
f 1032/873/517 1178/949/565 1031/950/566
f 1023/928/552 1220/951/567 1022/952/567
f 990/912/541 1199/953/568 989/954/569
f 947/870/515 1134/955/570 946/956/570
f 1014/957/571 1219/958/446 1013/934/446
f 1050/959/572 1118/960/573 1049/961/573
f 1007/962/574 1196/963/530 1006/891/530
f 996/925/575 1179/964/576 995/965/576
f 1076/966/577 1079/967/578 1075/968/578
f 939/969/579 1117/970/580 938/939/558
f 1037/971/581 1153/972/582 1036/973/583
f 1064/914/542 1099/974/584 1063/975/585
f 1001/976/586 1177/977/555 1000/932/555
f 1058/978/587 1098/979/562 1057/944/562
f 1075/968/578 1081/980/588 1074/981/588
f 1040/982/589 1136/983/590 1039/984/590
f 976/985/591 1172/986/592 975/882/523
f 1015/987/593 1221/988/571 1014/957/571
f 1049/961/573 1120/989/594 1048/990/595
f 966/991/596 1150/992/538 965/905/538
f 1074/981/588 1082/993/597 1073/994/598
f 940/995/599 1119/996/600 939/969/579
f 989/954/569 1202/997/601 988/998/601
f 1056/946/381 1101/999/602 1055/1000/602
f 1077/1001/479 1080/1002/577 1076/966/577
f 957/1003/603 1152/1004/604 956/942/560
f 1052/1005/605 1112/1006/606 1051/1007/606
f 995/965/576 1182/1008/548 994/921/548
f 1054/1009/607 1107/1010/608 1053/1011/608
f 1002/1012/609 1180/1013/586 1001/976/586
f 1016/1014/610 1222/1015/593 1015/987/593
f 1048/990/595 1122/1016/611 1047/1017/612
f 1008/1018/613 1200/1019/574 1007/962/574
f 1073/994/598 1084/1020/614 1072/1021/615
f 1070/1022/616 1088/1023/617 1069/1024/617
f 1055/1000/602 1102/1025/607 1054/1009/607
f 1041/1026/618 1135/1027/589 1040/982/589
f 1047/1017/619 1123/1028/620 1046/1029/621
f 958/1030/622 1155/1031/623 957/1003/603
f 1031/950/566 1184/1032/624 1030/1033/624
f 946/956/570 1132/1034/625 945/1035/625
f 941/1036/626 1121/1037/599 940/995/599
f 988/998/601 1204/1038/121 987/1039/627
f 1063/975/585 1103/1040/628 1062/1041/628
f 1017/1042/629 1224/1043/610 1016/1014/610
f 1003/1044/630 1183/1045/609 1002/1012/609
f 1021/1046/631 1226/1047/532 1020/894/532
f 1072/1021/615 1085/1048/632 1071/1049/633
f 961/900/535 1158/1050/634 960/1051/634
f 932/1052/635 1094/1053/636 931/1054/636
f 1046/1029/621 1125/1055/637 1045/1056/637
f 959/1057/638 1157/1058/639 958/1030/622
f 960/1051/634 1159/1059/640 959/1057/638
f 1022/952/567 1223/1060/631 1021/1046/631
f 977/881/522 1181/1061/591 976/985/591
f 1018/1062/641 1225/1063/629 1017/1042/629
f 1045/1056/637 1126/1064/642 1044/1065/642
f 967/1066/643 1154/1067/644 966/991/596
f 1039/984/590 1138/1068/645 1038/1069/645
f 1071/1049/633 1087/1070/646 1070/1022/616
f 942/1071/647 1124/1072/626 941/1036/626
f 987/1039/627 1206/1073/648 986/1074/649
f 1078/1075/650 1083/1076/479 1077/1001/479
f 931/1054/636 1091/1077/553 930/929/553
f 968/1078/651 1160/1079/652 967/1066/643
f 1009/1080/653 1203/1081/613 1008/1018/613
f 1053/1011/608 1110/1082/605 1052/1005/605
f 1131/1083/547 1041/1026/618 1042/919/547
f 1062/1041/628 1106/1084/654 1061/1085/654
f 949/1086/655 1139/1087/514 948/868/514
f 1019/896/533 1227/1088/641 1018/1062/641
f 1044/1065/642 1128/918/546 1043/920/546
f 943/1089/656 1127/1090/647 942/1071/647
f 1036/973/583 1162/1091/657 1035/1092/657
f 950/1093/658 1140/1094/655 949/1086/655
f 969/1095/659 1161/1096/651 968/1078/651
f 1060/1097/660 1105/1098/661 1059/1099/661
f 1030/1033/624 1187/1100/662 1029/1101/662
f 986/1074/649 1209/1102/663 985/1103/663
f 1061/1085/654 1108/1104/660 1060/1097/660
f 951/1105/664 1141/1106/665 950/1093/658
f 929/931/554 1086/1107/650 1078/1075/650
f 970/1108/666 1163/1109/667 969/1095/659
f 1112/1006/606 1050/959/572 1051/1007/606
f 933/1110/668 1104/1111/669 932/1052/635
f 1038/1069/645 1143/1112/581 1037/971/581
f 944/1113/670 1129/1114/656 943/1089/656
f 1035/1092/657 1165/1115/671 1034/1116/671
f 985/1103/663 1210/1117/672 984/1118/673
f 952/1119/674 1142/1120/664 951/1105/664
f 1004/1121/675 1186/1122/676 1003/1044/630
f 1059/1099/661 1100/1123/587 1058/978/587
f 971/1124/677 1164/1125/666 970/1108/666
f 1010/876/519 1207/1126/653 1009/1080/653
f 953/948/564 1144/1127/678 952/1119/679
f 972/1128/680 1166/1129/677 971/1124/677
f 981/1130/681 1208/1131/556 980/936/556
f 1029/1101/662 1190/1132/528 1028/888/528
f 1069/1024/617 1090/1133/682 1068/1134/682
f 979/938/557 1193/1135/521 978/879/521
f 934/1136/683 1109/1137/668 933/1110/668
f 993/923/549 1191/1138/684 992/862/510
f 945/1035/625 1130/1139/670 944/1113/670
f 1034/1116/671 1168/1140/516 1033/871/516
f 984/1118/673 1213/1141/504 983/853/504
f 1005/893/531 1189/1142/685 1004/1121/675
f 973/1143/686 1167/1144/680 972/1128/680
f 982/855/505 1212/1145/681 981/1130/681
f 1068/1134/682 1092/1146/512 1067/865/512
f 974/884/525 1169/1147/686 973/1143/686
f 935/887/527 1111/1148/683 934/1136/683
f 1235/1149/687 1480/1150/687 1234/1151/687
f 1359/1152/2 1358/1153/2 1370/1154/2
f 1565/1155/1 1564/1156/1 1583/1157/1
f 1336/1158/688 1584/1159/689 1335/1160/689
f 1364/1161/690 1505/1162/691 1363/1163/692
f 1262/1164/693 1447/1165/694 1261/1166/694
f 1363/1163/692 1506/1167/695 1362/1168/695
f 1307/1169/696 1529/1170/697 1306/1171/697
f 1388/1172/698 1478/1173/699 1387/1174/700
f 1351/1175/701 1581/1176/702 1350/1177/702
f 1326/1178/703 1560/1179/704 1325/1180/704
f 1339/1181/705 1589/1182/706 1338/1183/706
f 1278/1184/707 1559/1185/708 1277/1186/708
f 1276/1187/709 1553/1188/710 1275/1189/711
f 1289/1190/712 1565/1191/713 1288/1192/714
f 1327/1193/715 1563/1194/703 1326/1178/703
f 1274/1195/716 1546/1196/717 1273/1197/717
f 1328/1198/718 1566/1199/719 1327/1193/715
f 1325/1180/704 1556/1200/720 1324/1201/720
f 1361/1202/721 1508/1203/722 1360/1204/722
f 1279/1205/723 1564/1206/724 1278/1184/707
f 1360/1204/722 1509/1207/725 1359/1208/725
f 1329/1209/726 1567/1210/727 1328/1198/718
f 1387/1174/700 1479/1211/728 1386/1212/729
f 1244/1213/730 1458/1214/731 1243/1215/732
f 1288/1192/714 1570/1216/733 1287/1217/733
f 1359/1208/725 1511/1218/734 1358/1219/734
f 1330/1220/735 1569/1221/736 1329/1209/726
f 1317/1222/737 1510/1223/738 1512/1224/737
f 1331/1225/739 1571/1226/740 1330/1220/735
f 1319/1227/741 1510/1223/738 1318/1228/738
f 1386/1212/729 1481/1229/742 1385/1230/742
f 1243/1215/732 1460/1231/743 1242/1232/743
f 1332/1233/744 1572/1234/745 1331/1225/739
f 1409/1235/746 1414/1236/747 1408/1237/747
f 1316/1238/748 1512/1224/737 1514/1239/748
f 1408/1237/747 1416/1240/749 1407/1241/749
f 1385/1230/742 1482/1242/750 1384/1243/750
f 1242/1232/743 1461/1244/751 1241/1245/751
f 1287/1217/733 1574/1246/752 1286/1247/752
f 1410/1248/753 1415/1249/746 1409/1235/746
f 1316/1238/748 1515/1250/754 1315/1251/754
f 1333/1252/755 1573/1253/756 1332/1233/744
f 1320/1254/757 1513/1255/741 1319/1227/741
f 1384/1243/750 1483/1256/758 1383/1257/758
f 1280/1258/759 1568/1259/760 1279/1205/723
f 1407/1241/749 1418/1260/761 1406/1261/761
f 1411/1262/762 1417/1263/753 1410/1248/753
f 1315/1251/754 1517/1264/763 1314/1265/763
f 1557/1266/764 1289/1190/712 1290/1267/764
f 1241/1245/751 1463/1268/765 1240/1269/765
f 1286/1247/752 1577/1270/766 1285/1271/766
f 1314/1265/763 1518/1272/767 1313/1273/767
f 1334/1274/768 1575/1275/769 1333/1252/755
f 1406/1261/761 1420/1276/770 1405/1277/770
f 1412/1278/771 1419/1279/762 1411/1262/762
f 1313/1273/767 1519/1280/772 1312/1281/772
f 1321/1282/773 1516/1283/757 1320/1254/757
f 1382/1284/774 1485/1285/775 1381/1286/776
f 1240/1269/765 1464/1287/777 1239/1288/777
f 1285/1271/766 1579/1289/778 1284/1290/778
f 1281/1291/779 1576/1292/759 1280/1258/759
f 1236/1293/780 1468/1294/781 1470/1295/780
f 1381/1286/776 1486/1296/782 1380/1297/782
f 1413/1298/783 1421/1299/771 1412/1278/771
f 1358/1219/734 1521/1300/784 1357/1301/784
f 1444/1302/785 1445/1303/786 1249/1304/786
f 1380/1297/782 1487/1305/787 1379/1306/787
f 1312/1281/772 1522/1307/788 1311/1308/788
f 1275/1189/711 1547/1309/716 1274/1195/716
f 1379/1306/787 1488/1310/789 1378/1311/789
f 1239/1288/777 1467/1312/790 1238/1313/790
f 1378/1311/789 1489/1314/791 1377/1315/792
f 1284/1290/778 1582/1316/793 1283/1317/793
f 1323/1318/794 1526/1319/795 1322/1320/795
f 1311/1308/788 1524/1321/796 1310/1322/797
f 1282/1323/798 1580/1324/779 1281/1291/779
f 1264/1325/799 1462/1326/800 1459/1327/799
f 1283/1317/793 1583/1328/798 1282/1323/798
f 1310/1322/797 1525/1329/801 1309/1330/802
f 1402/1331/803 1426/1332/804 1401/1333/805
f 1322/1320/795 1520/1334/773 1321/1282/773
f 1377/1315/792 1490/1335/806 1376/1336/807
f 1271/1337/808 1523/1338/809 1270/1339/809
f 1401/1333/805 1427/1340/810 1400/1341/811
f 1309/1330/802 1527/1342/812 1308/1343/813
f 1376/1336/807 1491/1344/814 1375/1345/814
f 1324/1201/720 1534/1346/794 1323/1318/794
f 1548/1347/815 1551/1348/816 1353/1349/816
f 1308/1343/813 1528/1350/696 1307/1169/696
f 1491/1344/814 1374/1351/817 1375/1345/814
f 1253/1352/818 1441/1353/819 1252/1354/819
f 1400/1341/811 1429/1355/820 1399/1356/820
f 1273/1197/717 1539/1357/821 1272/1358/822
f 1399/1356/820 1430/1359/823 1398/1360/823
f 1350/1177/702 1586/1361/824 1349/1362/824
f 1335/1160/689 1578/1363/768 1334/1274/768
f 1398/1360/823 1432/1364/825 1397/1365/826
f 1297/1366/827 1542/1367/827 1543/1368/828
f 1337/1369/829 1585/1370/688 1336/1158/688
f 1294/1371/830 1549/1372/830 1550/1373/831
f 1256/1374/832 1433/1375/833 1255/1376/833
f 1357/1301/784 1530/1377/834 1356/1378/834
f 1349/1362/824 1588/1379/835 1348/1380/835
f 1255/1376/833 1435/1381/836 1254/1382/836
f 1306/1171/697 1531/1383/837 1305/1384/837
f 1338/1183/706 1587/1385/838 1337/1369/829
f 1303/1386/839 1536/1387/840 1302/1388/840
f 1538/1389/841 1540/1390/842 1298/1391/843
f 1305/1384/837 1532/1392/844 1304/1393/844
f 1374/1351/817 1494/1394/845 1373/1395/846
f 1257/1396/847 1434/1397/832 1256/1374/832
f 1373/1395/846 1495/1398/848 1372/1399/849
f 1475/1400/850 1476/1401/851 1389/1402/851
f 1555/1403/852 1351/1175/701 1352/1404/852
f 1258/1405/853 1436/1406/854 1257/1396/847
f 1348/1380/835 1590/1407/855 1347/1408/855
f 1304/1393/844 1535/1409/839 1303/1386/839
f 1372/1399/849 1497/1410/856 1371/1411/857
f 1424/1412/858 1425/1413/803 1403/1414/858
f 1506/1167/695 1361/1202/721 1362/1168/695
f 1246/1415/859 1451/1416/859 1454/1417/860
f 1371/1411/857 1498/1418/861 1370/1419/862
f 1340/1420/53 1591/1421/705 1339/1181/705
f 1397/1365/826 1439/1422/863 1396/1423/863
f 1370/1419/862 1499/1424/864 1369/1425/865
f 1259/1426/866 1438/1427/867 1258/1405/853
f 1347/1408/855 1593/1428/868 1346/1429/868
f 1453/1430/869 1431/1431/870 1230/1432/870
f 1369/1425/865 1500/1433/871 1368/1434/871
f 1341/1435/872 1592/1436/873 1340/1420/53
f 1368/1434/871 1501/1437/874 1367/1438/874
f 1342/1439/875 1594/1440/876 1341/1435/872
f 1272/1358/822 1533/1441/808 1271/1337/808
f 1383/1257/758 1484/1442/774 1382/1284/774
f 1343/1443/877 1595/1444/875 1342/1439/875
f 1248/1445/878 1450/1446/879 1247/1447/880
f 1260/1448/881 1440/1449/882 1259/1426/866
f 1346/1429/868 1597/1450/883 1345/1451/883
f 1530/1377/834 1355/1452/884 1356/1378/834
f 1344/1453/885 1596/1454/886 1343/1443/877
f 1345/1451/883 1598/1455/887 1344/1453/885
f 1229/1456/888 1423/1457/889 1413/1298/783
f 1254/1382/836 1437/1458/818 1253/1352/818
f 1270/1339/809 1496/1459/890 1269/1460/890
f 1261/1166/694 1443/1461/881 1260/1448/881
f 1269/1460/891 1492/1462/891 1268/1463/891
f 1501/1437/874 1366/1464/892 1367/1438/874
f 1366/1464/892 1503/1465/893 1365/1466/893
f 1277/1186/708 1558/1467/709 1276/1187/709
f 1365/1466/894 1504/1468/895 1364/1161/894
f 1629/1469/2 1620/1470/2 1600/1471/2
f 1675/1472/1 1679/1473/1 1676/1474/1
f 1608/1475/398 1695/1476/896 1607/1477/896
f 1637/1478/897 1662/1479/898 1636/1480/898
f 1644/1481/899 1650/1482/900 1643/1483/900
f 1669/1484/901 1629/1485/902 1630/1486/901
f 1628/1487/903 1686/1488/904 1627/1489/905
f 1636/1480/898 1663/1490/906 1635/1491/906
f 1653/1492/907 1640/1493/908 1641/1494/907
f 1643/1483/900 1652/1495/909 1642/1496/910
f 1612/1497/911 1698/1498/912 1611/1499/912
f 1609/1500/913 1697/1501/914 1608/1475/398
f 1642/1496/910 1653/1492/907 1641/1494/907
f 1603/1502/915 1673/1503/916 1602/1504/916
f 1645/1505/917 1651/1506/899 1644/1481/899
f 1610/1507/918 1699/1508/913 1609/1500/913
f 1635/1491/906 1665/1509/919 1634/1510/919
f 1626/1511/920 1687/1512/921 1625/1513/922
f 1664/1514/923 1660/1515/924 1648/1516/924
f 1611/1499/912 1700/1517/918 1610/1507/918
f 1627/1489/905 1688/1518/925 1626/1511/926
f 1634/1510/919 1666/1519/927 1633/1520/927
f 1629/1485/902 1677/1521/903 1628/1487/903
f 1646/1522/928 1654/1523/929 1645/1505/917
f 1621/1524/930 1679/1525/931 1620/1526/931
f 1622/1527/932 1676/1528/933 1621/1524/930
f 1685/1529/934 1616/1530/935 1617/1531/934
f 1633/1520/927 1667/1532/936 1632/1533/936
f 1605/1534/937 1678/1535/938 1604/1536/938
f 1620/1526/939 1681/1537/940 1619/1538/941
f 1632/1533/936 1668/1539/942 1631/1540/942
f 1623/1541/943 1680/1542/944 1622/1527/932
f 1616/1530/935 1691/1543/945 1615/1544/945
f 1647/1545/946 1655/1546/928 1646/1522/928
f 1668/1539/942 1630/1486/901 1631/1540/942
f 1615/1544/945 1692/1547/947 1614/1548/948
f 1619/1538/941 1683/1549/949 1618/1550/950
f 1605/1534/937 1693/1551/951 1690/1552/937
f 1640/1493/908 1658/1553/952 1639/1554/952
f 1624/1555/953 1682/1556/954 1623/1541/943
f 1639/1554/952 1659/1557/955 1638/1558/955
f 1614/1548/948 1694/1559/956 1613/1560/956
f 1604/1536/938 1674/1561/915 1603/1502/915
f 1618/1550/950 1685/1529/934 1617/1531/934
f 1606/1562/951 1695/1476/896 1693/1551/951
f 1625/1513/922 1684/1563/957 1624/1555/953
f 1638/1558/955 1661/1564/897 1637/1478/897
f 1613/1560/956 1696/1565/958 1612/1497/911
f 1841/1566/2 1840/1567/2 1869/1568/2
f 1978/1569/1 2003/1570/1 1995/1571/1
f 1813/1572/959 2063/1573/960 1812/1574/960
f 1872/1575/961 1946/1576/962 1871/1577/962
f 1850/1578/963 1976/1579/964 1849/1580/964
f 1731/1581/965 1938/1582/966 1730/1583/966
f 1757/1584/967 2056/1585/968 1756/1586/968
f 1750/1587/969 2012/1588/970 1749/1589/970
f 1718/1590/971 1914/1591/972 1717/1592/973
f 1739/1593/974 1975/1594/975 1738/1595/976
f 1839/1596/977 2006/1597/978 1838/1598/978
f 1814/1599/979 2066/1600/959 1813/1572/959
f 1881/1601/980 1919/1602/981 1880/1603/981
f 1725/1604/982 1915/1605/983 1724/1606/984
f 1740/1607/985 1977/1608/974 1739/1593/974
f 1763/1609/986 2069/1610/987 1762/1611/988
f 1815/1612/989 2068/1613/979 1814/1599/979
f 1837/1614/990 2014/1615/991 2019/1616/992
f 1871/1577/962 1948/1617/993 1870/1618/993
f 1716/1619/994 1918/1620/995 1715/1621/995
f 1758/1622/996 2067/1623/967 1757/1584/967
f 1741/1624/997 1978/1625/985 1740/1607/985
f 1762/1611/988 2072/1626/998 1761/1627/998
f 2031/1628/999 2033/1629/1000 1772/1630/1001
f 1816/1631/1002 2070/1632/970 1815/1612/989
f 1870/1618/993 1949/1633/1003 1869/1634/1003
f 1715/1621/995 1920/1635/1004 1714/1636/1004
f 1761/1627/998 2074/1637/1005 1760/1638/1005
f 1714/1636/1004 1921/1639/682 1713/1640/1006
f 1849/1580/964 1979/1641/1007 1848/1642/1007
f 1706/1643/1008 1945/1644/1009 1705/1645/1009
f 1742/1646/869 1980/1647/1010 1741/1624/997
f 1829/1648/1011 2064/1649/1012 1828/1650/1012
f 1889/1651/1013 1897/1652/1014 1888/1653/1014
f 1759/1654/1015 2071/1655/996 1758/1622/996
f 1743/1656/1016 1982/1657/869 1742/1646/869
f 1760/1638/1005 2075/1658/1015 1759/1654/1015
f 1713/1640/1006 1923/1659/1017 1712/1660/1017
f 1995/1661/1018 1795/1662/1019 1796/1663/1018
f 1705/1645/1009 1943/1664/1020 1704/1665/1021
f 1709/1666/1022 1927/1667/1022 1928/1668/1023
f 1744/1669/1024 1983/1670/1016 1743/1656/1016
f 1868/1671/1025 1951/1672/1026 1867/1673/1026
f 1712/1660/1017 1924/1674/1027 1711/1675/1027
f 1846/1676/1028 1986/1677/1029 1845/1678/1029
f 1748/1679/1030 2002/1680/1031 1747/1681/1031
f 1867/1673/1026 1952/1682/1032 1866/1683/1033
f 1830/1684/1034 2051/1685/1011 1829/1648/1011
f 1866/1683/1033 1953/1686/1035 1865/1687/1035
f 1794/1688/1036 2007/1689/1037 1793/1690/1037
f 1793/1690/1037 2008/1691/1038 1792/1692/1038
f 1792/1692/1038 2009/1693/1039 1791/1694/1039
f 1848/1642/1007 1981/1695/1040 1847/1696/1040
f 1711/1675/1027 1926/1697/1041 1710/1698/1041
f 1865/1687/1035 1954/1699/1042 1864/1700/1043
f 1831/1701/1044 2044/1702/1034 1830/1684/1034
f 1869/1634/1003 1950/1703/1025 1868/1671/1025
f 1819/1704/1045 2081/1705/1046 1818/1706/1047
f 1791/1694/1039 2010/1707/1048 1790/1708/1048
f 1847/1696/1049 1985/1709/1028 1846/1676/1028
f 1864/1700/1043 1955/1710/1050 1863/1711/1051
f 1823/1712/1052 2084/1713/1053 1822/1714/1053
f 1790/1708/1048 2011/1715/1054 1789/1716/1055
f 1820/1717/1056 2083/1718/1057 1819/1704/1045
f 1752/1719/1058 2040/1720/1059 1751/1721/1059
f 1845/1678/1029 1987/1722/1060 1844/1723/1060
f 1821/1724/1061 2085/1725/1062 1820/1717/1061
f 1822/1714/1053 2086/1726/1063 1821/1724/1063
f 1717/1592/973 1916/1727/994 1716/1619/994
f 1795/1662/1019 2005/1728/1036 1794/1688/1036
f 1844/1723/1060 1988/1729/1064 1843/1730/1065
f 1890/1731/1066 1894/1732/1013 1889/1651/1013
f 1745/1733/1067 1984/1734/1024 1744/1669/1024
f 1863/1711/1051 1956/1735/1068 1862/1736/1068
f 1891/1737/1069 1895/1738/1066 1890/1731/1066
f 1737/1739/1070 1972/1740/1071 1736/1741/1071
f 1843/1730/1065 1990/1742/1072 1842/1743/1072
f 1746/1744/1073 1989/1745/1067 1745/1733/1067
f 1753/1746/1074 2042/1747/1058 1752/1719/1058
f 1892/1748/1075 1896/1749/1069 1891/1737/1069
f 1842/1743/1072 1992/1750/1076 1841/1751/1076
f 1747/1681/1031 1991/1752/1073 1746/1744/1073
f 1888/1653/1014 1899/1753/1077 1887/1754/1077
f 1925/1755/1078 1922/1756/1079 1726/1757/1079
f 1893/1758/1080 1898/1759/1075 1892/1748/1075
f 1862/1736/1068 1957/1760/1081 1861/1761/1082
f 1732/1762/1083 1947/1763/965 1731/1581/965
f 1934/1764/1084 1935/1765/1085 1877/1766/1086
f 1841/1751/1076 1994/1767/1087 1840/1768/1087
f 1754/1769/1088 2046/1770/1074 1753/1746/1074
f 1887/1754/1077 1901/1771/1089 1886/1772/1089
f 1701/1773/1090 1900/1774/1091 1893/1758/1091
f 1861/1761/1082 1959/1775/1092 1860/1776/1092
f 1805/1777/1093 2047/1778/1094 1804/1779/1094
f 1797/1780/1095 1995/1661/1018 1796/1663/1018
f 1860/1776/1092 1960/1781/1096 1859/1782/1096
f 1886/1772/1089 1903/1783/1097 1885/1784/1097
f 1798/1785/1098 1993/1786/1095 1797/1780/1095
f 1859/1782/1096 1961/1787/784 1858/1788/1099
f 1767/1789/1100 2052/1790/1101 1766/1791/1101
f 1858/1788/1099 1962/1792/1102 1857/1793/1103
f 1755/1794/1104 2049/1795/1088 1754/1769/1088
f 1885/1784/1097 1904/1796/1105 1884/1797/1105
f 1799/1798/1106 1996/1799/1098 1798/1785/1098
f 1733/1800/1107 1958/1801/1083 1732/1762/1083
f 1804/1779/1094 2036/1802/1108 1803/1803/1108
f 1803/1803/1108 2001/1804/1109 1802/1805/1109
f 1884/1797/1105 1905/1806/1110 1883/1807/1110
f 1766/1791/1101 2054/1808/1111 1765/1809/1111
f 1857/1793/1103 1964/1810/1112 1856/1811/1112
f 1876/1812/1113 1939/1813/1114 1875/1814/1115
f 1806/1815/1116 2050/1816/1093 1805/1777/1093
f 1883/1807/1110 1906/1817/1117 1882/1818/1117
f 1840/1768/1087 1998/1819/977 1839/1596/977
f 1856/1811/1112 1965/1820/1118 1855/1821/1118
f 1800/1822/1119 1997/1823/1120 1799/1798/1106
f 2079/1824/1121 2080/1825/1122 1823/1712/1052
f 1817/1826/1123 2073/1827/1002 1816/1631/1002
f 1855/1821/1118 1966/1828/1124 1854/1829/1124
f 1818/1706/1047 2076/1830/1123 1817/1826/1123
f 1756/1586/968 2053/1831/1125 1755/1794/1104
f 1882/1818/1117 1907/1832/980 1881/1601/980
f 1734/1833/1126 1963/1834/1127 1733/1800/1107
f 1721/1835/1128 1908/1836/1129 1720/1837/1129
f 1765/1809/1111 2057/1838/1130 1764/1839/1130
f 1720/1837/1129 1910/1840/1131 1719/1841/1131
f 1854/1829/1124 1968/1842/1132 1853/1843/1132
f 1807/1844/1133 2055/1845/1116 1806/1815/1116
f 1801/1846/1134 1999/1847/1135 1800/1822/1119
f 1875/1814/1115 1940/1848/1136 1874/1849/1136
f 1719/1841/1131 1911/1850/971 1718/1590/971
f 1853/1843/1132 1969/1851/1137 1852/1852/1137
f 1703/1853/1138 1937/1854/1139 1702/1855/1139
f 1722/1856/1140 1909/1857/1128 1721/1835/1128
f 1735/1858/1141 1967/1859/1126 1734/1833/1126
f 1810/1860/1142 2059/1861/1143 1809/1862/1143
f 1874/1849/1136 1942/1863/1006 1873/1864/1006
f 1702/1855/1139 1902/1865/1090 1701/1773/1090
f 1852/1852/1137 1971/1866/1144 1851/1867/1145
f 1704/1665/1021 1941/1868/1146 1703/1853/1147
f 1811/1869/1148 2060/1870/1142 1810/1860/1142
f 1736/1741/1071 1970/1871/1149 1735/1858/1141
f 1828/1650/1012 2077/1872/1150 1827/1873/1150
f 1808/1874/1151 2058/1875/1152 1807/1844/1152
f 1723/1876/1153 1912/1877/1140 1722/1856/1140
f 1751/1721/1059 2018/1878/969 1750/1587/969
f 1873/1864/1006 1944/1879/961 1872/1575/961
f 1809/1862/1143 2062/1880/1154 1808/1874/1151
f 1812/1574/960 2061/1881/1148 1811/1869/1148
f 1802/1805/1109 2000/1882/1134 1801/1846/1134
f 1749/1589/970 2004/1883/1030 1748/1679/1030
f 1851/1867/1145 1973/1884/1155 1850/1578/963
f 1724/1606/984 1913/1885/1153 1723/1876/1153
f 1738/1595/976 1974/1886/1070 1737/1739/1070
f 1764/1839/1130 2065/1887/986 1763/1609/986
f 2239/1888/1 2236/1889/1 2223/1890/1
f 2174/1891/2 2154/1892/2 2175/1893/2
f 2089/1894/2 2208/1895/2 2207/1896/2
f 2323/1897/1 2321/1898/1 2342/1899/1
f 2203/1900/1156 2288/1901/1157 2202/1902/1157
f 2150/1903/1158 2259/1904/1159 2149/1905/1159
f 2128/1906/1160 2308/1907/1161 2127/1908/1161
f 2153/1909/1162 2253/1910/1163 2152/1911/1163
f 2125/1912/1164 2313/1913/1165 2124/1914/1165
f 2095/1915/1166 2278/1916/1167 2094/1917/1167
f 2143/1918/1168 2289/1919/1169 2142/1920/1169
f 2195/1921/1170 2322/1922/1171 2194/1923/1171
f 2092/1924/1172 2269/1925/946 2091/1926/946
f 2127/1908/1161 2309/1927/1173 2126/1928/1174
f 2142/1920/1169 2290/1929/1175 2141/1930/1175
f 2216/1931/1176 2239/1932/1177 2215/1933/1177
f 2184/1934/1178 2271/1935/1179 2183/1936/1179
f 2126/1928/1174 2310/1937/1164 2125/1912/1164
f 2211/1938/1180 2256/1939/1181 2210/1940/1181
f 2217/1941/1182 2236/1942/1176 2216/1931/1176
f 2254/1943/1183 2178/1944/1184 2258/1945/1185
f 2098/1946/1186 2317/1947/1187 2097/1948/1187
f 2161/1949/1188 2232/1950/1189 2160/1951/1189
f 2222/1952/1190 2223/1953/1191 2166/1954/1191
f 2103/1955/1192 2346/1956/1193 2102/1957/1193
f 2218/1958/1194 2240/1959/1182 2217/1941/1182
f 2207/1960/1195 2274/1961/1196 2206/1962/1196
f 2114/1963/1197 2336/1964/1198 2113/1965/1198
f 2097/1948/1187 2305/1966/1199 2096/1967/1199
f 2190/1968/1200 2307/1969/1201 2189/1970/1201
f 2248/1971/1202 2154/1972/1203 2238/1973/1204
f 2141/1930/1175 2291/1974/1205 2140/1975/1205
f 2215/1933/1177 2242/1976/1206 2214/1977/1206
f 2185/1978/1207 2273/1979/1178 2184/1934/1178
f 2122/1980/926 2327/1981/1208 2121/1982/1208
f 2186/1983/1209 2275/1984/1207 2185/1978/1207
f 2140/1975/1205 2292/1985/1210 2139/1986/1210
f 2093/1987/1211 2272/1988/1172 2092/1924/1172
f 2298/1989/1212 2200/1990/1213 2201/1991/1212
f 2148/1992/1214 2267/1993/1215 2147/1994/1215
f 2139/1986/1210 2293/1995/1216 2138/1996/1216
f 2214/1977/1206 2243/1997/1217 2213/1998/1217
f 2102/1957/1193 2342/1999/1218 2101/2000/1218
f 2244/2001/1219 2211/1938/1180 2212/2002/1219
f 2089/2003/1220 2249/2004/1221 2088/2005/1221
f 2138/1996/1216 2294/2006/1222 2137/2007/1222
f 2107/2008/1223 2345/2009/1224 2106/2010/1224
f 2206/1962/1196 2277/2011/1225 2205/2012/1225
f 2137/2007/1222 2295/2013/1226 2136/2014/1226
f 2121/1982/1208 2328/2015/1227 2120/2016/1228
f 2180/2017/1229 2258/1945/1185 2179/2018/1230
f 2200/1990/1213 2314/2019/1231 2199/2020/1231
f 2171/2021/1232 2224/2022/1233 2170/2023/1233
f 2341/2024/1234 2343/2025/1235 2108/2026/1235
f 2191/2027/1236 2312/2028/1200 2190/1968/1200
f 2120/2016/1228 2329/2029/1237 2119/2030/1237
f 2213/1998/1217 2244/2001/1219 2212/2002/1219
f 2088/2005/1221 2227/2031/1238 2087/2032/1238
f 2267/1993/1215 2146/2033/1239 2147/1994/1215
f 2136/2014/1226 2296/2034/1240 2135/2035/1240
f 2119/2030/1237 2330/2036/1241 2118/2037/1241
f 2094/1917/1167 2276/2038/1211 2093/1987/1211
f 2087/2032/1238 2226/2039/1232 2171/2021/1232
f 2187/2040/1242 2280/2041/1209 2186/1983/1209
f 2181/2042/1243 2261/2043/1229 2180/2017/1229
f 2135/2035/1240 2297/2044/1244 2134/2045/1245
f 2235/2046/1246 2237/2047/1247 2156/2048/1247
f 2210/1940/1181 2263/2049/1248 2209/2050/1248
f 2173/2051/1249 2245/2052/1250 2172/2053/1251
f 2149/1905/1159 2262/2054/1214 2148/1992/1214
f 2202/1902/1157 2298/1989/1212 2201/1991/1212
f 2118/2037/1241 2331/2055/1252 2117/2056/1252
f 2199/2020/1231 2316/2057/1253 2198/2058/1253
f 2205/2012/1225 2279/2059/1254 2204/2060/1254
f 2134/2045/1245 2299/2061/1255 2133/2062/1255
f 2117/2056/1252 2332/2063/1256 2116/2064/1256
f 2174/2065/1257 2246/2066/1249 2173/2051/1249
f 2096/1967/1199 2285/2067/1166 2095/1915/1166
f 2164/2068/1258 2229/2069/1259 2163/2070/1259
f 2104/2071/1260 2347/2072/1192 2103/1955/1192
f 2313/1913/1165 2123/2073/1261 2124/1914/1165
f 2133/2062/1255 2300/2074/1262 2132/2075/1263
f 2116/2064/1256 2333/2076/1264 2115/2077/1265
f 2105/2078/1266 2349/2079/1260 2104/2071/1260
f 2163/2070/1259 2230/2080/1267 2162/2081/1267
f 2115/2077/1265 2334/2082/1197 2114/1963/1197
f 2099/2083/1268 2326/2084/1186 2098/1946/1186
f 2160/1951/1189 2233/2085/1269 2159/2086/1269
f 2162/2081/1267 2231/2087/1188 2161/1949/1188
f 2090/2088/1270 2260/2089/1220 2089/2003/1220
f 2132/2075/1263 2302/2090/1271 2131/2091/1271
f 2106/2010/1224 2348/2092/1266 2105/2078/1266
f 2146/2033/1239 2283/2093/1272 2145/2094/1272
f 2151/2095/1273 2253/1910/1163 2255/2096/1273
f 2336/1964/1198 2112/2097/1274 2113/1965/1198
f 2192/2098/1275 2315/2099/1276 2191/2027/1236
f 2101/2000/1218 2337/2100/1277 2100/2101/1277
f 2175/2102/1278 2247/2103/1257 2174/2065/1257
f 2123/2073/1261 2325/2104/926 2122/1980/926
f 2241/2105/1279 2219/2106/1280 2245/2052/1250
f 2198/2058/1253 2319/2107/1281 2197/2108/1281
f 2209/2050/1248 2266/2109/1282 2208/2110/1282
f 2204/2060/1254 2282/2111/1156 2203/1900/1156
f 2188/2112/1283 2286/2113/1242 2187/2040/1242
f 2165/2114/1284 2228/2115/1285 2164/2068/1258
f 2170/2023/1233 2220/2116/1286 2169/2117/1286
f 2193/2118/1287 2318/2119/1275 2192/2098/1275
f 2182/2120/1288 2265/2121/1243 2181/2042/1243
f 2130/2122/1289 2304/2123/1290 2129/2124/1290
f 2100/2101/1277 2335/2125/1268 2099/2083/1268
f 2176/2126/1291 2250/2127/1278 2175/2102/1278
f 2145/2094/1272 2284/2128/1292 2144/2129/1292
f 2197/2108/1281 2321/2130/1293 2196/2131/1293
f 2091/1926/946 2264/2132/1270 2090/2088/1270
f 2129/2124/1290 2306/2133/1160 2128/1906/1160
f 2131/2091/1271 2303/2134/1289 2130/2122/1289
f 2194/1923/1171 2320/2135/1287 2193/2118/1287
f 2208/2110/1282 2270/2136/1195 2207/1960/1195
f 2189/1970/1201 2301/2137/1283 2188/2112/1283
f 2177/2138/1294 2251/2139/1291 2176/2126/1291
f 2144/2129/1292 2287/2140/1168 2143/1918/1168
f 2183/1936/1179 2268/2141/1288 2182/2120/1288
f 2196/2131/1293 2323/2142/1170 2195/1921/1170
f 269/2143/1 270/2144/1 277/2145/1
f 270/2144/1 273/2146/1 276/2147/1
f 273/2146/1 274/2148/1 276/2147/1
f 276/2147/1 277/2145/1 270/2144/1
f 277/2145/1 275/2149/1 269/2143/1
f 275/2149/1 271/2150/1 267/2151/1
f 271/2150/1 253/10/1 265/2152/1
f 267/2151/1 271/2150/1 265/2152/1
f 253/10/1 257/2153/1 261/2154/1
f 257/2153/1 258/2155/1 261/2154/1
f 267/2151/1 269/2143/1 275/2149/1
f 225/2156/1 228/2157/1 229/2158/1
f 228/2157/1 230/2159/1 234/2160/1
f 230/2159/1 231/2161/1 234/2160/1
f 231/2161/1 232/2162/1 234/2160/1
f 232/2162/1 233/2163/1 234/2160/1
f 228/2157/1 234/2160/1 229/2158/1
f 234/2160/1 235/2164/1 229/2158/1
f 235/2164/1 236/2165/1 247/2166/1
f 225/2156/1 227/2167/1 226/2168/1
f 227/2167/1 225/2156/1 229/2158/1
f 236/2165/1 237/2169/1 247/2166/1
f 243/2170/1 244/2171/1 245/2172/1
f 245/2172/1 246/2173/1 243/2170/1
f 246/2173/1 248/2174/1 243/2170/1
f 248/2174/1 249/2175/1 250/2176/1
f 250/2176/1 251/2177/1 252/11/1
f 252/11/1 247/2166/1 243/2170/1
f 247/2166/1 229/2158/1 235/2164/1
f 243/2170/1 247/2166/1 242/2178/1
f 241/2179/1 247/2166/1 240/2180/1
f 226/2168/1 224/2181/1 223/2182/1
f 224/2181/1 221/2183/1 222/2184/1
f 222/2184/1 221/2183/1 216/2185/1
f 221/2183/1 203/2186/1 216/2185/1
f 203/2186/1 193/2187/1 209/2188/1
f 201/2189/1 193/2187/1 197/2190/1
f 193/2187/1 179/2191/1 197/2190/1
f 179/2191/1 173/2192/1 195/2193/1
f 173/2192/1 170/2194/1 192/2195/1
f 170/2194/1 168/2196/1 187/2197/1
f 173/2192/1 192/2195/1 195/2193/1
f 168/2196/1 166/2198/1 182/2199/1
f 166/2198/1 164/2200/1 177/2201/1
f 164/2200/1 163/2202/1 181/2203/1
f 163/2202/1 162/6/1 183/2204/1
f 183/2204/1 165/2205/1 167/2206/1
f 162/6/1 165/2205/1 183/2204/1
f 205/2207/1 169/2208/1 202/2209/1
f 167/2206/1 169/2208/1 205/2207/1
f 169/2208/1 171/2210/1 202/2209/1
f 202/2209/1 171/2210/1 200/2211/1
f 171/2210/1 172/2212/1 200/2211/1
f 172/2212/1 174/2213/1 200/2211/1
f 174/2213/1 175/2214/1 200/2211/1
f 175/2214/1 176/2215/1 200/2211/1
f 176/2215/1 180/2216/1 200/2211/1
f 180/2216/1 186/2217/1 200/2211/1
f 186/2217/1 191/2218/1 204/2219/1
f 191/2218/1 196/2220/1 204/2219/1
f 186/2217/1 204/2219/1 200/2211/1
f 196/2220/1 199/2221/1 206/2222/1
f 199/2221/1 208/2223/1 212/2224/1
f 206/2222/1 199/2221/1 212/2224/1
f 208/2223/1 211/2225/1 212/2224/1
f 211/2225/1 213/2226/1 218/2227/1
f 213/2226/1 217/2228/1 218/2227/1
f 217/2228/1 219/2229/1 218/2227/1
f 219/2229/1 220/2230/1 218/2227/1
f 218/2227/1 215/2231/1 211/2225/1
f 215/2231/1 212/2224/1 211/2225/1
f 166/2198/1 177/2201/1 178/2232/1
f 179/2191/1 195/2193/1 197/2190/1
f 193/2187/1 201/2189/1 209/2188/1
f 247/2166/1 241/2179/1 242/2178/1
f 248/2174/1 250/2176/1 243/2170/1
f 250/2176/1 252/11/1 243/2170/1
f 183/2204/1 167/2206/1 205/2207/1
f 240/2180/1 247/2166/1 239/2233/1
f 239/2233/1 247/2166/1 237/2169/1
f 196/2220/1 206/2222/1 204/2219/1
f 163/2202/1 183/2204/1 181/2203/1
f 205/2207/1 207/2234/1 183/2204/1
f 223/2182/1 225/2156/1 226/2168/1
f 214/2235/1 280/2236/1 238/2237/1
f 280/2236/1 303/2238/1 301/2239/1
f 302/2240/1 303/2238/1 304/2241/1
f 303/2238/1 305/2242/1 304/2241/1
f 305/2242/1 306/2243/1 304/2241/1
f 306/2243/1 308/2244/1 307/2245/1
f 308/2244/1 311/2246/1 307/2245/1
f 311/2246/1 313/2247/1 307/2245/1
f 313/2247/1 316/2248/1 307/2245/1
f 316/2248/1 318/2249/1 310/2250/1
f 318/2249/1 317/2251/1 310/2250/1
f 317/2251/1 315/2252/1 314/2253/1
f 314/2253/1 312/2254/1 317/2251/1
f 312/2254/1 310/2250/1 317/2251/1
f 310/2250/1 309/2255/1 316/2248/1
f 309/2255/1 307/2245/1 316/2248/1
f 307/2245/1 304/2241/1 306/2243/1
f 303/2238/1 302/2240/1 301/2239/1
f 210/2256/1 214/2235/1 198/2257/1
f 222/2184/1 223/2182/1 224/2181/1
f 280/2236/1 301/2239/1 300/2258/1
f 209/2188/1 216/2185/1 203/2186/1
f 207/2234/1 210/2256/1 198/2257/1
f 280/2236/1 300/2258/1 299/2259/1
f 254/2260/1 280/2236/1 256/2261/1
f 280/2236/1 254/2260/1 238/2237/1
f 214/2235/1 238/2237/1 198/2257/1
f 280/2236/1 299/2259/1 256/2261/1
f 192/2195/1 170/2194/1 189/2262/1
f 189/2262/1 170/2194/1 187/2197/1
f 299/2259/1 298/2263/1 256/2261/1
f 298/2263/1 297/2264/1 256/2261/1
f 297/2264/1 296/2265/1 256/2261/1
f 296/2265/1 295/2266/1 256/2261/1
f 182/2199/1 187/2197/1 168/2196/1
f 178/2232/1 182/2199/1 166/2198/1
f 295/2266/1 291/2267/1 259/3/1
f 256/2261/1 295/2266/1 259/3/1
f 291/2267/1 294/2268/1 293/2269/1
f 293/2269/1 292/2270/1 283/2271/1
f 292/2270/1 290/2272/1 283/2271/1
f 290/2272/1 289/2273/1 283/2271/1
f 289/2273/1 288/2274/1 283/2271/1
f 288/2274/1 287/2275/1 284/2276/1
f 287/2275/1 286/2277/1 284/2276/1
f 286/2277/1 285/2278/1 284/2276/1
f 181/2203/1 177/2201/1 164/2200/1
f 291/2267/1 293/2269/1 283/2271/1
f 288/2274/1 284/2276/1 283/2271/1
f 291/2267/1 283/2271/1 282/2279/1
f 291/2267/1 282/2279/1 259/3/1
f 282/2279/1 281/2280/1 259/3/1
f 184/2281/1 183/2204/1 207/2234/1
f 185/2282/1 184/2281/1 207/2234/1
f 281/2280/1 279/2283/1 259/3/1
f 279/2283/1 278/1/1 259/3/1
f 188/2284/1 185/2282/1 207/2234/1
f 190/2285/1 188/2284/1 207/2234/1
f 194/2286/1 190/2285/1 207/2234/1
f 198/2257/1 194/2286/1 207/2234/1
f 264/2287/1 265/2152/1 253/10/1
f 261/2154/1 264/2287/1 253/10/1
f 261/2154/1 258/2155/1 262/2288/1
f 258/2155/1 260/2289/1 262/2288/1
f 262/2288/1 260/2289/1 263/2290/1
f 260/2289/1 259/3/1 263/2290/1
f 266/2291/1 263/2290/1 259/3/1
f 268/2292/1 266/2291/1 259/3/1
f 272/2/1 268/2292/1 259/3/1
f 105/6/2 104/2293/2 157/4/2
f 104/2293/2 103/2200/2 158/2294/2
f 158/2294/2 103/2200/2 159/2201/2
f 103/2200/2 102/2295/2 159/2201/2
f 102/2295/2 101/2296/2 161/2297/2
f 107/2298/2 101/2296/2 100/2299/2
f 100/2299/2 99/2300/2 109/2301/2
f 108/2302/2 100/2299/2 109/2301/2
f 99/2300/2 98/2303/2 110/2304/2
f 98/2303/2 97/2305/2 111/2306/2
f 99/2300/2 110/2304/2 109/2301/2
f 97/2305/2 96/2307/2 113/2308/2
f 96/2307/2 95/2309/2 114/2310/2
f 114/2310/2 95/2309/2 115/2311/2
f 95/2309/2 94/2312/2 115/2311/2
f 94/2312/2 93/2168/2 116/2313/2
f 116/2313/2 93/2168/2 117/2314/2
f 93/2168/2 92/2315/2 117/2314/2
f 92/2315/2 119/2316/2 118/2317/2
f 117/2314/2 92/2315/2 118/2317/2
f 100/2299/2 108/2302/2 107/2298/2
f 101/2296/2 107/2298/2 161/2297/2
f 1/2318/2 106/2319/2 153/2285/2
f 106/2319/2 105/6/2 155/2282/2
f 25/2320/2 2/2208/2 26/2321/2
f 3/2322/2 2/2208/2 25/2320/2
f 2/2208/2 1/2318/2 26/2321/2
f 3/2322/2 24/2323/2 4/2324/2
f 5/2325/2 4/2324/2 24/2323/2
f 5/2325/2 24/2323/2 6/2326/2
f 7/2327/2 6/2326/2 23/2328/2
f 23/2328/2 6/2326/2 24/2323/2
f 9/2329/2 8/2330/2 23/2328/2
f 8/2330/2 7/2327/2 23/2328/2
f 11/2331/2 10/2332/2 23/2328/2
f 10/2332/2 9/2329/2 23/2328/2
f 13/2333/2 12/2334/2 21/2335/2
f 12/2334/2 11/2331/2 22/2336/2
f 22/2336/2 11/2331/2 23/2328/2
f 15/2337/2 14/2338/2 21/2335/2
f 14/2338/2 13/2333/2 21/2335/2
f 17/2339/2 16/2340/2 19/2341/2
f 16/2340/2 15/2337/2 19/2341/2
f 19/2341/2 18/2342/2 17/2339/2
f 21/2335/2 20/2231/2 15/2337/2
f 20/2231/2 19/2341/2 15/2337/2
f 22/2336/2 21/2335/2 12/2334/2
f 24/2323/2 3/2322/2 25/2320/2
f 94/2312/2 116/2313/2 115/2311/2
f 96/2307/2 114/2310/2 113/2308/2
f 97/2305/2 113/2308/2 112/2343/2
f 26/2321/2 1/2318/2 152/2344/2
f 1/2318/2 153/2285/2 152/2344/2
f 153/2285/2 106/2319/2 154/2345/2
f 97/2305/2 112/2343/2 111/2306/2
f 111/2306/2 110/2304/2 98/2303/2
f 27/2346/2 26/2321/2 152/2344/2
f 28/2347/2 27/2346/2 151/2348/2
f 29/2349/2 28/2347/2 151/2348/2
f 27/2346/2 152/2344/2 151/2348/2
f 149/2350/2 30/2351/2 150/2352/2
f 30/2351/2 29/2349/2 150/2352/2
f 102/2295/2 161/2297/2 160/2353/2
f 150/2352/2 29/2349/2 151/2348/2
f 102/2295/2 160/2353/2 159/2201/2
f 154/2345/2 106/2319/2 155/2282/2
f 104/2293/2 158/2294/2 157/4/2
f 156/5/2 155/2282/2 105/6/2
f 34/2354/2 33/2355/2 47/2356/2
f 33/2355/2 32/2357/2 47/2356/2
f 32/2357/2 31/2236/2 49/2358/2
f 31/2236/2 30/2351/2 147/2359/2
f 32/2357/2 49/2358/2 48/2360/2
f 30/2351/2 149/2350/2 148/2361/2
f 30/2351/2 148/2361/2 147/2359/2
f 36/2362/2 35/2363/2 46/2364/2
f 35/2363/2 34/2354/2 46/2364/2
f 38/2365/2 37/2366/2 46/2364/2
f 37/2366/2 36/2362/2 46/2364/2
f 40/2367/2 39/2249/2 44/2250/2
f 39/2249/2 38/2365/2 44/2250/2
f 42/2368/2 41/2369/2 40/2367/2
f 44/2250/2 43/2370/2 40/2367/2
f 43/2370/2 42/2368/2 40/2367/2
f 46/2364/2 45/2371/2 38/2365/2
f 45/2371/2 44/2250/2 38/2365/2
f 47/2356/2 46/2364/2 34/2354/2
f 32/2357/2 48/2360/2 47/2356/2
f 147/2359/2 146/2372/2 31/2236/2
f 146/2372/2 145/2373/2 31/2236/2
f 145/2373/2 144/2374/2 31/2236/2
f 49/2358/2 31/2236/2 50/2375/2
f 31/2236/2 144/2374/2 51/2376/2
f 50/2375/2 31/2236/2 51/2376/2
f 144/2374/2 143/2377/2 51/2376/2
f 51/2376/2 143/2377/2 52/2378/2
f 143/2377/2 142/2379/2 52/2378/2
f 52/2378/2 142/2379/2 53/2380/2
f 142/2379/2 141/2381/2 53/2380/2
f 140/2382/2 139/2383/2 69/2280/2
f 139/2383/2 138/2384/2 69/2280/2
f 140/2382/2 69/2280/2 68/2385/2
f 53/2380/2 141/2381/2 54/2386/2
f 141/2381/2 140/2382/2 56/2387/2
f 54/2386/2 141/2381/2 55/2388/2
f 55/2388/2 141/2381/2 56/2387/2
f 138/2384/2 137/2389/2 69/2280/2
f 137/2389/2 136/2390/2 69/2280/2
f 136/2390/2 135/2391/2 69/2280/2
f 135/2391/2 134/2172/2 133/2392/2
f 135/2391/2 133/2392/2 69/2280/2
f 133/2392/2 132/2393/2 69/2280/2
f 58/2269/2 57/2394/2 140/2382/2
f 57/2394/2 56/2387/2 140/2382/2
f 132/2393/2 131/2178/2 69/2280/2
f 60/2395/2 59/2396/2 66/2397/2
f 59/2396/2 58/2269/2 66/2397/2
f 62/2398/2 61/2399/2 66/2397/2
f 61/2399/2 60/2395/2 66/2397/2
f 64/2400/2 63/2401/2 66/2397/2
f 63/2401/2 62/2398/2 66/2397/2
f 66/2397/2 65/2402/2 64/2400/2
f 58/2269/2 140/2382/2 68/2385/2
f 131/2178/2 130/2403/2 69/2280/2
f 67/2404/2 66/2397/2 58/2269/2
f 130/2403/2 129/2405/2 69/2280/2
f 129/2405/2 128/2406/2 69/2280/2
f 68/2385/2 67/2404/2 58/2269/2
f 128/2406/2 127/2407/2 69/2280/2
f 127/2407/2 126/2408/2 69/2280/2
f 70/2409/2 69/2280/2 126/2408/2
f 70/2409/2 126/2408/2 71/2410/2
f 126/2408/2 125/2411/2 71/2410/2
f 124/7/2 123/2412/2 122/2413/2
f 71/2410/2 125/2411/2 72/2414/2
f 125/2411/2 124/7/2 73/2415/2
f 72/2414/2 125/2411/2 73/2415/2
f 124/7/2 122/2413/2 121/2416/2
f 121/2416/2 120/2417/2 124/7/2
f 120/2417/2 119/2316/2 124/7/2
f 119/2316/2 92/2315/2 91/2418/2
f 91/2418/2 90/2419/2 119/2316/2
f 90/2419/2 89/8/2 119/2316/2
f 89/8/2 88/2420/2 79/2421/2
f 88/2420/2 87/2422/2 81/2423/2
f 87/2422/2 86/2145/2 81/2423/2
f 86/2145/2 85/2424/2 82/2425/2
f 81/2423/2 86/2145/2 82/2425/2
f 85/2424/2 84/2426/2 83/2427/2
f 83/2427/2 82/2425/2 85/2424/2
f 88/2420/2 81/2423/2 80/2428/2
f 74/2429/2 73/2415/2 124/7/2
f 124/7/2 119/2316/2 89/8/2
f 88/2420/2 80/2428/2 79/2421/2
f 75/2430/2 74/2429/2 124/7/2
f 76/2288/2 75/2430/2 124/7/2
f 89/8/2 79/2421/2 78/2431/2
f 77/9/2 76/2288/2 124/7/2
f 89/8/2 78/2431/2 77/9/2
f 255/12/1 257/2153/1 253/10/1
f 253/10/1 247/2166/1 252/11/1
f 135/13/3 246/128/3 245/14/4
f 130/16/5 241/26/5 240/17/6
f 4/19/7 172/43/7 171/20/8
f 138/2432/1295 139/2433/1296 251/2434/1297
f 138/2432/1295 251/2434/1297 250/2435/1295
f 248/23/10 136/127/10 137/24/9
f 137/24/9 138/2432/1295 249/22/9
f 138/2432/1295 250/2435/1295 249/22/9
f 131/25/11 242/161/11 241/26/5
f 15/27/12 213/70/12 211/28/13
f 34/30/14 306/53/14 305/31/15
f 100/33/16 170/312/16 173/34/17
f 102/36/18 166/57/18 168/37/19
f 29/39/20 214/196/111 210/40/21
f 5/42/22 174/51/22 172/43/7
f 58/2436/1298 59/234/131 292/233/131
f 58/2436/1298 292/233/131 293/2437/1298
f 57/2438/1299 58/2436/1298 293/2437/1298
f 57/2438/1299 293/2437/1298 294/44/23
f 295/2439/135 55/240/135 56/46/24
f 56/46/24 57/2438/1299 294/44/23
f 291/45/24 295/2439/135 56/46/24
f 206/47/25 212/2440/26 21/48/26
f 6/50/27 175/62/27 174/51/22
f 35/52/28 308/74/28 306/53/14
f 21/48/26 212/2440/26 215/54/29
f 103/56/30 164/314/30 166/57/18
f 114/58/31 216/121/31 209/59/32
f 7/61/33 176/109/33 175/62/27
f 46/63/34 307/2441/34 309/64/35
f 2/66/36 169/115/36 167/67/37
f 16/69/38 217/83/38 213/70/12
f 45/65/35 309/64/35 310/71/39
f 36/73/40 311/93/40 308/74/28
f 83/75/41 273/95/41 270/76/42
f 20/55/29 215/54/29 218/78/43
f 134/15/4 245/14/4 244/80/44
f 17/82/45 219/97/45 217/83/38
f 44/72/39 310/71/39 312/84/46
f 118/283/158 119/2442/1300 228/88/49
f 119/2442/1300 120/86/47 228/88/49
f 106/89/50 165/204/50 162/90/51
f 37/92/52 313/185/52 311/93/40
f 84/94/53 274/117/53 273/95/53
f 18/96/54 220/98/54 219/97/45
f 19/79/43 218/78/43 220/98/54
f 99/35/17 173/34/17 179/99/55
f 43/85/46 312/84/46 314/101/56
f 133/81/44 244/80/44 243/103/57
f 160/105/58 178/134/58 177/106/59
f 8/108/60 180/169/60 176/109/33
f 159/107/59 177/106/59 181/110/61
f 96/112/62 203/261/62 221/113/63
f 3/21/8 171/20/8 169/115/36
f 85/116/64 276/123/64 274/117/65
f 42/102/56 314/101/56 315/118/66
f 115/120/67 222/145/67 216/121/31
f 86/122/68 277/130/68 276/123/64
f 91/124/69 229/245/69 247/125/70
f 136/127/10 248/23/10 246/128/3
f 87/129/71 275/218/71 277/130/68
f 41/119/66 315/118/66 317/131/72
f 161/133/73 182/222/73 178/134/58
f 70/135/74 279/307/74 281/136/75
f 39/138/76 318/141/76 316/139/77
f 40/132/72 317/131/72 318/141/76
f 33/32/15 305/31/15 303/142/78
f 116/144/79 223/154/79 222/145/67
f 150/147/81 151/239/134 198/148/82
f 198/148/82 238/213/120 149/146/80
f 238/213/120 147/215/122 148/2443/1301
f 149/146/80 238/213/120 148/2443/1301
f 95/114/63 221/113/63 224/149/83
f 32/143/78 303/142/78 280/151/84
f 117/153/86 225/284/86 223/154/79
f 89/155/87 253/190/87 271/156/88
f 157/158/89 183/167/89 184/159/90
f 132/104/57 243/103/57 242/161/11
f 141/162/91 257/231/91 255/163/92
f 156/160/90 184/159/90 185/165/94
f 158/111/61 181/110/61 183/167/89
f 9/168/95 186/199/95 180/169/60
f 67/170/96 68/305/97 282/171/97
f 75/173/98 263/267/98 266/174/99
f 94/150/83 224/149/83 226/176/100
f 67/170/96 283/172/96 284/178/101
f 12/180/102 199/297/102 196/181/103
f 155/166/94 185/165/94 188/183/104
f 38/140/77 316/139/77 313/185/52
f 251/2434/1297 139/2433/1296 252/186/105
f 139/2433/1296 140/164/93 252/186/105
f 108/187/106 189/203/106 187/188/107
f 90/126/70 247/125/70 253/190/87
f 154/184/104 188/183/104 190/191/108
f 65/193/109 285/256/109 286/194/110
f 29/39/20 30/197/112 214/196/111
f 30/197/112 31/152/85 280/151/84
f 10/198/113 191/221/113 186/199/95
f 64/195/110 286/194/110 287/200/114
f 109/202/115 192/220/115 189/203/106
f 1/68/37 167/67/37 165/204/50
f 93/177/100 226/176/100 227/205/116
f 63/201/114 287/200/114 288/207/117
f 98/100/55 179/99/55 193/209/118
f 62/208/117 288/207/117 289/211/119
f 238/213/120 254/2444/121 146/214/121
f 153/192/108 190/191/108 194/216/123
f 88/157/88 271/156/88 275/218/71
f 110/219/124 195/226/124 192/220/115
f 11/182/103 196/181/103 191/221/113
f 107/189/107 187/188/107 182/222/73
f 146/214/121 254/2444/121 256/223/125
f 111/225/126 197/244/126 195/226/124
f 48/227/127 302/289/127 304/228/128
f 142/230/129 258/238/129 257/231/91
f 60/232/130 290/270/130 292/233/131
f 145/224/125 256/223/125 259/235/132
f 143/237/133 260/248/133 258/238/129
f 152/217/123 194/216/123 198/148/82
f 55/240/135 295/2439/135 296/241/136
f 112/243/137 201/304/137 197/244/126
f 92/206/116 227/205/116 229/245/69
f 54/242/136 296/241/136 297/246/138
f 144/236/139 259/235/139 260/248/133
f 25/249/140 202/280/140 200/250/141
f 53/247/138 297/246/138 298/252/142
f 105/91/51 162/90/51 163/254/143
f 66/179/101 284/178/101 285/256/109
f 77/257/144 261/272/144 262/258/145
f 121/260/146 231/269/146 230/87/48
f 97/210/118 193/209/118 203/261/62
f 73/2445/148 74/175/99 266/174/99
f 73/2445/148 266/174/99 268/263/148
f 278/2446/169 71/306/169 72/262/147
f 72/262/147 73/2445/148 268/263/148
f 272/264/147 278/2446/169 72/262/147
f 52/253/142 298/252/142 299/265/149
f 76/259/145 262/258/145 263/267/98
f 122/268/150 232/278/150 231/269/146
f 61/212/119 289/211/119 290/270/130
f 78/271/151 264/288/151 261/272/144
f 24/251/141 200/250/141 204/273/152
f 51/266/149 299/265/149 300/275/153
f 123/277/154 233/286/154 232/278/150
f 26/279/155 205/293/155 202/280/156
f 50/276/153 300/275/153 301/281/157
f 118/283/158 228/88/49 225/284/86
f 123/277/154 124/290/159 234/285/159
f 79/287/160 265/299/160 264/288/160
f 23/274/152 204/273/152 206/47/25
f 49/282/157 301/281/157 302/289/127
f 124/290/159 125/294/161 235/291/161
f 27/292/162 207/310/162 205/293/155
f 125/294/161 126/303/163 236/295/163
f 13/296/164 208/313/164 199/297/102
f 80/298/165 267/311/165 265/299/166
f 82/77/42 270/76/42 269/300/167
f 127/302/168 237/309/168 236/295/163
f 113/60/32 209/59/32 201/304/137
f 69/137/75 281/136/75 282/171/97
f 71/306/169 278/2446/169 279/307/74
f 128/308/170 239/315/170 237/309/168
f 28/41/21 210/40/21 207/310/162
f 81/301/167 269/300/167 267/311/165
f 101/38/19 168/37/19 170/312/16
f 304/228/128 307/2441/34 46/63/34
f 14/29/13 211/28/13 208/313/164
f 104/255/143 163/254/143 164/314/30
f 129/18/6 240/17/6 239/315/170
f 595/2447/1 593/2448/1 555/2449/1
f 593/2448/1 592/2450/1 564/2451/1
f 555/2449/1 593/2448/1 564/2451/1
f 592/2450/1 591/2452/1 564/2451/1
f 591/2452/1 590/2453/1 564/2451/1
f 590/2453/1 588/2454/1 564/2451/1
f 588/2454/1 586/2455/1 562/2456/1
f 586/2455/1 585/2457/1 563/2458/1
f 585/2457/1 576/2459/1 571/2460/1
f 567/2461/1 585/2457/1 571/2460/1
f 567/2461/1 565/2462/1 585/2457/1
f 565/2462/1 563/2458/1 585/2457/1
f 563/2458/1 561/2463/1 586/2455/1
f 561/2463/1 562/2456/1 586/2455/1
f 562/2456/1 564/2451/1 588/2454/1
f 596/2464/1 595/2447/1 555/2449/1
f 597/2465/1 596/2464/1 555/2449/1
f 598/2466/1 597/2465/1 555/2449/1
f 600/2467/1 598/2466/1 599/2468/1
f 598/2466/1 555/2449/1 594/2469/1
f 599/2468/1 601/2470/1 600/2467/1
f 601/2470/1 599/2468/1 602/2471/1
f 602/2471/1 603/2472/1 601/2470/1
f 603/2472/1 602/2471/1 604/2473/1
f 603/2472/1 604/2473/1 605/2474/1
f 606/2475/1 603/2472/1 605/2474/1
f 606/2475/1 607/2476/1 608/2477/1
f 607/2476/1 606/2475/1 605/2474/1
f 555/2449/1 551/2478/1 560/2479/1
f 615/2480/1 613/2481/1 614/2482/1
f 613/2481/1 608/2477/1 610/2483/1
f 612/2484/1 613/2481/1 611/2485/1
f 608/2477/1 609/2486/1 610/2483/1
f 617/2487/1 615/2480/1 616/2488/1
f 613/2481/1 612/2484/1 614/2482/1
f 621/2489/1 619/2490/1 620/2491/1
f 619/2490/1 617/2487/1 618/2492/1
f 620/2491/1 619/2490/1 618/2492/1
f 625/2493/1 623/2494/1 622/2495/1
f 623/2494/1 621/2489/1 622/2495/1
f 624/2496/1 626/2497/1 625/2493/1
f 620/2491/1 622/2495/1 621/2489/1
f 622/2495/1 624/2496/1 625/2493/1
f 616/2488/1 618/2492/1 617/2487/1
f 614/2482/1 616/2488/1 615/2480/1
f 610/2483/1 611/2485/1 613/2481/1
f 609/2486/1 608/2477/1 607/2476/1
f 551/2478/1 547/2498/1 560/2479/1
f 599/2468/1 598/2466/1 594/2469/1
f 547/2498/1 544/2499/1 560/2479/1
f 555/2449/1 560/2479/1 594/2469/1
f 544/2499/1 543/2500/1 560/2479/1
f 589/2501/1 594/2469/1 560/2479/1
f 583/2502/1 584/2503/1 569/2504/1
f 584/2503/1 587/2505/1 569/2504/1
f 587/2505/1 589/2501/1 560/2479/1
f 543/2500/1 541/2506/1 560/2479/1
f 582/2507/1 583/2502/1 570/2508/1
f 580/2509/1 581/2510/1 572/2511/1
f 581/2510/1 582/2507/1 572/2511/1
f 578/2512/1 579/2513/1 575/2514/1
f 579/2513/1 580/2509/1 575/2514/1
f 575/2514/1 577/2515/1 578/2512/1
f 573/2516/1 574/2517/1 580/2509/1
f 574/2517/1 575/2514/1 580/2509/1
f 570/2508/1 572/2511/1 582/2507/1
f 572/2511/1 573/2516/1 580/2509/1
f 583/2502/1 569/2504/1 570/2508/1
f 568/2518/1 569/2504/1 587/2505/1
f 566/2519/1 568/2518/1 587/2505/1
f 566/2519/1 587/2505/1 560/2479/1
f 559/2520/1 560/2479/1 541/2506/1
f 558/2521/1 559/2520/1 541/2506/1
f 557/2522/1 558/2521/1 541/2506/1
f 556/2523/1 557/2522/1 541/2506/1
f 554/2524/1 556/2523/1 541/2506/1
f 553/2525/1 554/2524/1 541/2506/1
f 553/2525/1 541/2506/1 552/2526/1
f 541/2506/1 540/2527/1 552/2526/1
f 552/2526/1 540/2527/1 550/2528/1
f 540/2527/1 538/2529/1 513/2530/1
f 550/2528/1 540/2527/1 549/2531/1
f 549/2531/1 540/2527/1 513/2530/1
f 535/2532/1 530/2533/1 491/2534/1
f 530/2533/1 529/2535/1 519/2536/1
f 493/2537/1 530/2533/1 497/2538/1
f 538/2529/1 535/2532/1 505/2539/1
f 549/2531/1 513/2530/1 548/2540/1
f 530/2533/1 493/2537/1 492/2541/1
f 529/2535/1 528/2542/1 520/2543/1
f 530/2533/1 508/2544/1 500/2545/1
f 528/2542/1 527/2546/1 520/2543/1
f 527/2546/1 526/2547/1 524/2548/1
f 520/2543/1 527/2546/1 523/2549/1
f 526/2547/1 525/2550/1 524/2548/1
f 524/2548/1 523/2549/1 527/2546/1
f 520/2543/1 519/2536/1 529/2535/1
f 519/2536/1 515/2551/1 530/2533/1
f 515/2551/1 512/2552/1 530/2533/1
f 512/2552/1 508/2544/1 530/2533/1
f 500/2545/1 497/2538/1 530/2533/1
f 497/2538/1 495/2553/1 493/2537/1
f 492/2541/1 490/2554/1 530/2533/1
f 490/2554/1 491/2534/1 530/2533/1
f 491/2534/1 503/2555/1 535/2532/1
f 499/2556/1 538/2529/1 502/2557/1
f 542/2558/1 545/2559/1 516/2560/1
f 545/2559/1 546/2561/1 516/2560/1
f 514/2562/1 546/2561/1 513/2530/1
f 546/2561/1 548/2540/1 513/2530/1
f 538/2529/1 499/2556/1 496/2563/1
f 513/2530/1 538/2529/1 511/2564/1
f 503/2555/1 504/2565/1 535/2532/1
f 539/2566/1 542/2558/1 516/2560/1
f 546/2561/1 514/2562/1 516/2560/1
f 536/2567/1 537/2568/1 517/2569/1
f 537/2568/1 539/2566/1 517/2569/1
f 533/2570/1 534/2571/1 518/2572/1
f 534/2571/1 536/2567/1 518/2572/1
f 531/2573/1 532/2574/1 518/2572/1
f 532/2574/1 533/2570/1 518/2572/1
f 521/2575/1 522/2576/1 518/2572/1
f 522/2576/1 531/2573/1 518/2572/1
f 535/2532/1 504/2565/1 506/2577/1
f 535/2532/1 506/2577/1 505/2539/1
f 539/2566/1 516/2560/1 517/2569/1
f 517/2569/1 518/2572/1 536/2567/1
f 538/2529/1 505/2539/1 502/2557/1
f 511/2564/1 538/2529/1 496/2563/1
f 510/2578/1 511/2564/1 489/2579/1
f 511/2564/1 496/2563/1 489/2579/1
f 489/2579/1 481/2580/1 507/2581/1
f 481/2580/1 479/2582/1 501/2583/1
f 509/2584/1 510/2578/1 489/2579/1
f 481/2580/1 501/2583/1 507/2581/1
f 479/2582/1 477/2585/1 501/2583/1
f 477/2585/1 475/2586/1 473/316/1
f 473/316/1 474/2587/1 480/317/1
f 474/2587/1 476/2588/1 480/317/1
f 476/2588/1 478/2589/1 480/317/1
f 480/317/1 482/2590/1 485/318/1
f 482/2590/1 483/2591/1 485/318/1
f 483/2591/1 484/2592/1 485/318/1
f 485/318/1 486/2593/1 473/316/1
f 486/2593/1 487/2594/1 473/316/1
f 487/2594/1 488/2595/1 494/2596/1
f 494/2596/1 498/2597/1 501/2583/1
f 507/2581/1 509/2584/1 489/2579/1
f 487/2594/1 494/2596/1 477/2585/1
f 494/2596/1 501/2583/1 477/2585/1
f 477/2585/1 473/316/1 487/2594/1
f 348/319/171 545/378/215 542/320/172
f 319/322/173 482/565/173 480/323/174
f 321/325/175 484/341/189 483/326/176
f 335/328/178 516/2598/178 514/329/179
f 433/331/181 540/564/341 541/332/182
f 422/334/183 565/542/327 567/335/184
f 390/337/186 616/407/186 614/338/187
f 322/340/188 485/424/188 484/341/189
f 412/342/190 593/2599/190 595/343/191
f 432/333/182 541/332/182 543/345/192
f 381/347/194 602/2600/194 599/348/195
f 356/350/196 556/420/196 554/351/197
f 411/344/191 595/343/191 596/353/198
f 431/346/193 543/345/192 544/355/199
f 410/354/198 596/353/198 597/357/201
f 406/359/202 601/383/202 603/360/203
f 563/2601/326 423/541/326 424/2602/1302
f 424/2602/1302 425/2603/205 561/2604/1302
f 425/2603/205 426/362/204 562/364/205
f 424/2602/1302 561/2604/1302 563/2601/326
f 426/362/204 427/518/1303 555/2605/1303
f 426/362/204 555/2605/1303 564/363/204
f 561/2604/1302 425/2603/205 562/364/205
f 362/365/206 568/374/206 566/366/207
f 409/358/201 597/357/201 598/368/209
f 435/370/210 535/376/210 538/371/211
f 363/373/212 569/382/212 568/374/206
f 436/375/213 530/562/213 535/376/210
f 349/377/214 546/387/214 545/378/215
f 408/369/209 598/368/209 600/379/216
f 364/381/217 570/536/217 569/382/212
f 407/380/216 600/379/216 601/383/202
f 380/349/195 599/348/195 594/384/218
f 350/386/219 548/392/219 546/387/214
f 400/388/220 617/476/220 619/389/221
f 351/391/222 549/405/222 548/392/219
f 341/2606/1304 342/2607/315 533/2608/890
f 341/2606/1304 533/2608/890 532/2609/1305
f 340/2610/1306 341/2606/1304 532/2609/1305
f 340/2610/1306 532/2609/1305 531/394/224
f 521/2611/1307 338/2612/1308 339/393/223
f 339/393/223 340/2610/1306 531/394/224
f 522/395/225 521/2611/1307 339/393/223
f 326/2613/1309 327/2614/1310 501/2615/1311
f 327/2614/1310 328/2616/1312 501/2615/1311
f 328/2616/1312 329/505/303 507/504/302
f 328/2616/1312 507/504/302 501/2615/1311
f 325/398/228 326/2613/1309 501/2615/1311
f 487/2617/1313 324/552/335 325/398/228
f 488/2618/1314 487/2617/1313 325/398/228
f 325/398/228 501/2615/1311 498/396/226
f 494/397/227 488/2618/1314 325/398/228
f 430/356/200 544/355/199 547/399/229
f 366/401/230 573/409/230 572/402/231
f 352/404/233 550/414/233 549/405/222
f 391/406/234 618/510/234 616/407/186
f 367/408/235 574/416/241 573/409/230
f 453/410/236 492/480/288 493/411/237
f 353/413/239 552/418/239 550/414/233
f 368/415/240 575/429/250 574/416/241
f 354/417/242 553/559/242 552/418/239
f 357/419/243 557/491/243 556/420/196
f 452/412/238 493/411/237 495/421/244
f 323/423/245 486/553/245 485/424/188
f 444/425/246 520/561/246 523/426/247
f 369/428/249 577/442/260 575/429/250
f 448/2619/1315 449/467/279 500/466/279
f 448/2619/1315 500/466/279 508/2620/1315
f 447/2621/252 448/2619/1315 508/2620/1315
f 447/2621/252 508/2620/1315 512/431/252
f 519/2622/339 445/560/339 446/430/251
f 446/430/251 447/2621/252 512/431/252
f 515/432/251 519/2622/339 446/430/251
f 463/433/253 489/2623/253 496/434/254
f 443/427/248 523/426/247 524/436/255
f 457/2624/1316 458/451/267 506/450/267
f 457/2624/1316 506/450/267 504/2625/1316
f 456/2626/257 457/2624/1316 504/2625/1316
f 456/2626/257 504/2625/1316 503/438/257
f 490/2627/287 454/479/287 455/440/258
f 455/440/258 456/2626/257 503/438/257
f 491/439/258 490/2627/287 455/440/258
f 370/441/259 578/446/264 577/442/260
f 442/437/256 524/436/255 525/443/261
f 371/445/263 579/455/271 578/446/264
f 451/422/244 495/421/244 497/447/265
f 459/449/266 505/481/266 506/450/267
f 441/444/268 525/443/1317 526/452/269
f 372/454/270 580/465/270 579/455/271
f 440/453/269 526/452/269 527/456/272
f 462/435/254 496/434/254 499/458/274
f 439/457/273 527/456/272 528/460/275
f 438/461/276 528/460/275 529/462/277
f 373/464/278 581/478/286 580/465/270
f 450/448/265 497/447/265 500/466/279
f 421/336/185 567/335/184 571/468/280
f 461/459/274 499/458/274 502/470/281
f 615/2628/284 401/475/284 402/2629/1318
f 615/2628/284 402/2629/1318 613/2630/1318
f 402/2629/1318 403/2631/1319 613/2630/1318
f 404/472/282 405/361/203 603/360/203
f 613/2630/1318 403/2631/1319 608/474/283
f 403/2631/1319 404/472/282 608/474/283
f 404/472/282 603/360/203 606/473/282
f 401/475/284 615/2628/284 617/476/220
f 374/477/285 582/483/285 581/478/286
f 454/479/287 490/2627/287 492/480/288
f 460/471/281 502/470/281 505/481/266
f 376/2632/1320 377/2633/1321 584/2634/1322
f 377/2633/1321 378/544/329 584/2634/1322
f 376/2632/1320 584/2634/1322 583/482/289
f 378/544/329 589/543/328 587/2635/1323
f 378/544/329 587/2635/1323 584/2634/1322
f 375/484/289 376/2632/1320 583/482/289
f 582/483/285 374/477/285 375/484/289
f 381/347/194 382/2636/1324 602/2600/194
f 382/2636/1324 383/2637/263 604/2638/1324
f 602/2600/194 382/2636/1324 604/2638/1324
f 383/2637/263 384/2639/1325 605/2640/263
f 384/2639/1325 385/2641/1326 607/2642/1325
f 383/2637/263 605/2640/263 604/2638/1324
f 385/2641/1326 386/2643/1327 609/2644/1326
f 605/2640/263 384/2639/1325 607/2642/1325
f 607/2642/1325 385/2641/1326 609/2644/1326
f 386/2643/1327 387/2645/292 610/2646/1328
f 609/2644/1326 386/2643/1327 610/2646/1328
f 388/485/290 389/339/187 614/338/187
f 387/2645/292 388/485/290 611/487/292
f 610/2646/1328 387/2645/292 611/487/292
f 388/485/290 614/338/187 612/486/291
f 429/400/229 547/399/229 551/488/293
f 358/490/294 558/495/294 557/491/243
f 481/492/295 489/2623/253 463/433/253
f 359/494/296 559/502/296 558/495/294
f 418/2647/1329 419/514/1330 576/513/1330
f 418/2647/1329 576/513/1330 585/2648/1331
f 417/2649/1332 418/2647/1329 585/2648/1331
f 417/2649/1332 585/2648/1331 586/2650/191
f 416/2651/334 417/2649/1332 586/2650/191
f 416/2651/334 586/2650/191 588/2652/334
f 415/2653/1333 416/2651/334 588/2652/334
f 415/2653/1333 588/2652/334 590/2654/1333
f 414/2655/297 415/2653/1333 590/2654/1333
f 414/2655/297 590/2654/1333 591/496/297
f 593/2599/190 412/342/190 413/498/298
f 413/498/298 414/2655/297 591/496/297
f 592/497/298 593/2599/190 413/498/298
f 347/321/172 542/320/172 539/499/299
f 360/501/300 560/563/340 559/502/296
f 330/503/301 509/508/306 507/504/302
f 465/506/304 479/554/304 481/492/295
f 331/507/305 510/512/309 509/508/306
f 392/509/307 620/523/307 618/510/234
f 332/511/308 511/528/319 510/512/309
f 420/469/280 571/468/280 576/513/310
f 337/2656/312 338/2612/1334 521/2611/1334
f 337/2656/312 521/2611/1334 518/516/312
f 516/2598/178 335/328/178 336/515/311
f 336/515/311 337/2656/312 518/516/312
f 517/517/311 516/2598/178 336/515/311
f 551/488/293 555/2605/313 427/518/313
f 399/390/221 619/389/221 621/519/314
f 403/2477/2 402/2481/2 386/2483/2
f 402/2481/2 401/2480/2 389/2482/2
f 387/2485/2 402/2481/2 388/2484/2
f 401/2480/2 400/2657/2 390/2658/2
f 400/2657/2 399/2490/2 391/2492/2
f 399/2490/2 398/2659/2 392/2491/2
f 398/2659/2 397/2494/2 393/2495/2
f 397/2494/2 396/2493/2 395/2497/2
f 395/2497/2 394/2496/2 397/2494/2
f 394/2496/2 393/2495/2 397/2494/2
f 393/2495/2 392/2491/2 398/2659/2
f 392/2491/2 391/2492/2 399/2490/2
f 391/2492/2 390/2658/2 400/2657/2
f 390/2658/2 389/2482/2 401/2480/2
f 389/2482/2 388/2484/2 402/2481/2
f 387/2485/2 386/2483/2 402/2481/2
f 386/2483/2 385/2486/2 403/2477/2
f 385/2486/2 384/2476/2 403/2477/2
f 403/2477/2 384/2476/2 404/2475/2
f 384/2476/2 383/2474/2 404/2475/2
f 405/2660/2 404/2475/2 382/2661/2
f 405/2660/2 382/2661/2 381/2662/2
f 383/2474/2 382/2661/2 404/2475/2
f 406/2663/2 405/2660/2 381/2662/2
f 406/2663/2 381/2662/2 380/2468/2
f 407/2664/2 406/2663/2 380/2468/2
f 407/2664/2 380/2468/2 379/2469/2
f 408/2466/2 407/2664/2 379/2469/2
f 408/2466/2 379/2469/2 409/2465/2
f 379/2469/2 378/2501/2 363/2504/2
f 409/2465/2 379/2469/2 363/2504/2
f 377/2505/2 376/2665/2 363/2504/2
f 376/2665/2 375/2666/2 363/2504/2
f 378/2501/2 377/2505/2 363/2504/2
f 410/2667/2 409/2465/2 363/2504/2
f 375/2666/2 374/2668/2 364/2669/2
f 363/2504/2 375/2666/2 364/2669/2
f 374/2668/2 373/2510/2 365/2670/2
f 373/2510/2 372/2509/2 365/2670/2
f 372/2509/2 371/2671/2 368/2514/2
f 371/2671/2 370/2672/2 368/2514/2
f 370/2672/2 369/2515/2 368/2514/2
f 368/2514/2 367/2517/2 372/2509/2
f 367/2517/2 366/2516/2 372/2509/2
f 366/2516/2 365/2670/2 372/2509/2
f 365/2670/2 364/2669/2 374/2668/2
f 411/2673/2 410/2667/2 363/2504/2
f 413/2674/2 412/2675/2 426/2676/2
f 412/2675/2 411/2673/2 427/2677/2
f 415/2453/2 414/2452/2 426/2676/2
f 414/2452/2 413/2674/2 426/2676/2
f 417/2455/2 416/2678/2 425/2456/2
f 416/2678/2 415/2453/2 426/2676/2
f 425/2456/2 416/2678/2 426/2676/2
f 419/2679/2 418/2457/2 420/2680/2
f 418/2457/2 417/2455/2 423/2458/2
f 421/2461/2 418/2457/2 422/2681/2
f 421/2461/2 420/2680/2 418/2457/2
f 423/2458/2 422/2681/2 418/2457/2
f 425/2456/2 424/2682/2 417/2455/2
f 424/2682/2 423/2458/2 417/2455/2
f 427/2677/2 426/2676/2 412/2675/2
f 362/2683/2 411/2673/2 363/2504/2
f 411/2673/2 362/2683/2 361/2684/2
f 427/2677/2 411/2673/2 361/2684/2
f 428/2685/2 427/2677/2 356/2523/2
f 427/2677/2 361/2684/2 360/2479/2
f 427/2677/2 360/2479/2 359/2520/2
f 429/2686/2 428/2685/2 354/2525/2
f 427/2677/2 359/2520/2 358/2687/2
f 427/2677/2 358/2687/2 357/2688/2
f 430/2499/2 429/2686/2 354/2525/2
f 427/2677/2 357/2688/2 356/2523/2
f 431/2500/2 430/2499/2 354/2525/2
f 428/2685/2 356/2523/2 355/2689/2
f 428/2685/2 355/2689/2 354/2525/2
f 432/2506/2 431/2500/2 354/2525/2
f 433/2527/2 432/2506/2 353/2526/2
f 432/2506/2 354/2525/2 353/2526/2
f 434/2690/2 433/2527/2 333/2530/2
f 433/2527/2 353/2526/2 352/2528/2
f 433/2527/2 352/2528/2 351/2531/2
f 437/2691/2 436/2533/2 445/2692/2
f 436/2533/2 435/2693/2 455/2694/2
f 452/2695/2 436/2533/2 453/2696/2
f 435/2693/2 434/2690/2 459/2697/2
f 433/2527/2 351/2531/2 333/2530/2
f 333/2530/2 351/2531/2 350/2698/2
f 438/2699/2 437/2691/2 444/2700/2
f 436/2533/2 452/2695/2 450/2538/2
f 448/2544/2 436/2533/2 449/2701/2
f 440/2702/2 439/2546/2 442/2703/2
f 439/2546/2 438/2699/2 444/2700/2
f 442/2703/2 441/2704/2 440/2702/2
f 444/2700/2 443/2705/2 439/2546/2
f 443/2705/2 442/2703/2 439/2546/2
f 446/2551/2 445/2692/2 436/2533/2
f 445/2692/2 444/2700/2 437/2691/2
f 448/2544/2 447/2706/2 436/2533/2
f 447/2706/2 446/2551/2 436/2533/2
f 450/2538/2 449/2701/2 436/2533/2
f 452/2695/2 451/2553/2 450/2538/2
f 454/2707/2 453/2696/2 436/2533/2
f 456/2555/2 455/2694/2 435/2693/2
f 455/2694/2 454/2707/2 436/2533/2
f 461/2556/2 434/2690/2 462/2708/2
f 349/2561/2 348/2559/2 335/2709/2
f 348/2559/2 347/2558/2 335/2709/2
f 349/2561/2 334/2562/2 333/2530/2
f 434/2690/2 461/2556/2 460/2557/2
f 350/2698/2 349/2561/2 333/2530/2
f 434/2690/2 333/2530/2 332/2564/2
f 457/2565/2 456/2555/2 435/2693/2
f 457/2565/2 435/2693/2 458/2577/2
f 334/2562/2 349/2561/2 335/2709/2
f 347/2558/2 346/2566/2 335/2709/2
f 346/2566/2 345/2568/2 336/2569/2
f 345/2568/2 344/2567/2 336/2569/2
f 344/2567/2 343/2710/2 337/2711/2
f 343/2710/2 342/2712/2 337/2711/2
f 342/2712/2 341/2574/2 337/2711/2
f 341/2574/2 340/2713/2 337/2711/2
f 340/2713/2 339/2714/2 337/2711/2
f 339/2714/2 338/2715/2 337/2711/2
f 335/2709/2 346/2566/2 336/2569/2
f 458/2577/2 435/2693/2 459/2697/2
f 337/2711/2 336/2569/2 344/2567/2
f 459/2697/2 434/2690/2 460/2557/2
f 434/2690/2 332/2564/2 462/2708/2
f 462/2708/2 332/2564/2 463/2579/2
f 332/2564/2 331/2578/2 463/2579/2
f 465/2582/2 464/2716/2 328/2583/2
f 464/2716/2 463/2579/2 329/2581/2
f 328/2583/2 464/2716/2 329/2581/2
f 463/2579/2 331/2578/2 330/2717/2
f 466/2585/2 465/2582/2 328/2583/2
f 468/316/2 467/2586/2 466/2585/2
f 470/2718/2 469/2587/2 472/521/2
f 469/2587/2 468/316/2 472/521/2
f 472/521/2 471/2719/2 470/2718/2
f 320/2591/2 319/2590/2 322/318/2
f 319/2590/2 472/521/2 322/318/2
f 322/318/2 321/2720/2 320/2591/2
f 324/2594/2 323/2721/2 468/316/2
f 323/2721/2 322/318/2 468/316/2
f 326/2596/2 325/2595/2 324/2594/2
f 328/2583/2 327/2597/2 326/2596/2
f 463/2579/2 330/2717/2 329/2581/2
f 328/2583/2 326/2596/2 466/2585/2
f 326/2596/2 324/2594/2 466/2585/2
f 468/316/2 466/2585/2 324/2594/2
f 393/522/315 622/538/315 620/523/307
f 469/524/316 474/535/316 473/525/317
f 333/527/318 513/531/318 511/528/319
f 468/526/317 473/525/317 475/529/320
f 334/330/180 514/329/179 513/531/318
f 398/520/314 621/519/314 623/532/321
f 470/534/322 476/548/322 474/535/316
f 365/403/232 572/402/231 570/536/217
f 394/537/323 624/550/323 622/538/315
f 467/530/320 475/529/320 477/539/324
f 423/541/326 563/2601/326 565/542/327
f 379/385/218 594/384/218 589/543/328
f 397/533/321 623/532/321 625/545/330
f 471/547/332 478/555/332 476/548/322
f 395/549/333 626/551/1335 624/550/323
f 396/546/331 625/545/330 626/551/334
f 324/552/335 487/2617/1313 486/553/245
f 466/540/325 477/539/324 479/554/304
f 472/324/174 480/323/174 478/555/332
f 345/2722/1336 346/500/299 539/499/299
f 345/2722/1336 539/499/299 537/2723/735
f 344/2724/1337 345/2722/1336 537/2723/735
f 344/2724/1337 537/2723/735 536/556/336
f 533/2608/890 342/2607/315 343/558/338
f 343/558/338 344/2724/1337 536/556/336
f 534/557/337 533/2608/890 343/558/338
f 355/352/197 554/351/197 553/559/242
f 445/560/339 519/2622/339 520/561/246
f 437/463/277 529/462/277 530/562/213
f 361/367/208 566/366/207 560/563/340
f 434/372/211 538/371/211 540/564/341
f 320/327/177 483/326/176 482/565/173
f 697/2725/2 696/2726/2 651/2727/2
f 696/2726/2 695/2728/2 652/2729/2
f 652/2729/2 695/2728/2 653/2730/2
f 695/2728/2 694/2731/2 653/2730/2
f 694/2731/2 693/2732/2 653/2730/2
f 693/2732/2 692/2733/2 653/2730/2
f 692/2733/2 691/2734/2 654/2735/2
f 653/2730/2 692/2733/2 654/2735/2
f 691/2734/2 690/2736/2 655/2737/2
f 690/2736/2 689/2738/2 655/2737/2
f 689/2738/2 688/2739/2 655/2737/2
f 688/2739/2 687/2740/2 656/2741/2
f 655/2737/2 688/2739/2 656/2741/2
f 687/2740/2 686/2742/2 657/2743/2
f 686/2742/2 685/2744/2 657/2743/2
f 685/2744/2 684/2745/2 683/2746/2
f 683/2746/2 682/2747/2 658/2748/2
f 682/2747/2 681/2749/2 658/2748/2
f 681/2749/2 680/2750/2 659/2751/2
f 680/2750/2 679/2752/2 660/2753/2
f 660/2753/2 679/2752/2 661/2754/2
f 679/2752/2 678/2755/2 662/2756/2
f 678/2755/2 677/2757/2 663/2758/2
f 677/2757/2 676/2759/2 664/2760/2
f 676/2759/2 675/2761/2 666/2762/2
f 665/2763/2 676/2759/2 666/2762/2
f 675/2761/2 674/2764/2 667/2765/2
f 674/2764/2 673/2766/2 668/2767/2
f 667/2765/2 674/2764/2 668/2767/2
f 673/2766/2 672/2768/2 671/2769/2
f 671/2769/2 670/2770/2 669/2771/2
f 669/2771/2 668/2767/2 673/2766/2
f 667/2765/2 666/2762/2 675/2761/2
f 665/2763/2 664/2760/2 676/2759/2
f 664/2760/2 663/2758/2 677/2757/2
f 671/2769/2 669/2771/2 673/2766/2
f 678/2755/2 663/2758/2 662/2756/2
f 685/2744/2 683/2746/2 657/2743/2
f 691/2734/2 655/2737/2 654/2735/2
f 698/2772/2 697/2725/2 650/2773/2
f 700/2774/2 699/2775/2 650/2773/2
f 699/2775/2 698/2772/2 650/2773/2
f 702/2776/2 701/2777/2 649/2778/2
f 701/2777/2 700/2774/2 649/2778/2
f 704/2779/2 703/2780/2 648/2781/2
f 703/2780/2 702/2776/2 648/2781/2
f 706/2782/2 705/2783/2 647/2784/2
f 705/2783/2 704/2779/2 647/2784/2
f 708/2785/2 707/2786/2 646/2787/2
f 707/2786/2 706/2782/2 646/2787/2
f 710/2788/2 709/2789/2 646/2787/2
f 709/2789/2 708/2785/2 646/2787/2
f 712/2790/2 711/2791/2 710/2788/2
f 714/2792/2 713/2793/2 712/2790/2
f 716/2794/2 715/2795/2 646/2787/2
f 715/2795/2 714/2792/2 646/2787/2
f 718/2796/2 717/2797/2 646/2787/2
f 717/2797/2 716/2794/2 646/2787/2
f 720/2798/2 719/2799/2 645/2800/2
f 719/2799/2 718/2796/2 646/2787/2
f 720/2798/2 645/2800/2 644/2801/2
f 722/2802/2 721/2803/2 643/2804/2
f 721/2803/2 720/2798/2 644/2801/2
f 643/2804/2 721/2803/2 644/2801/2
f 724/2805/2 723/2806/2 642/2807/2
f 723/2806/2 722/2802/2 643/2804/2
f 725/2808/2 724/2805/2 642/2807/2
f 723/2806/2 643/2804/2 642/2807/2
f 714/2792/2 712/2790/2 646/2787/2
f 712/2790/2 710/2788/2 646/2787/2
f 647/2784/2 704/2779/2 648/2781/2
f 649/2778/2 700/2774/2 650/2773/2
f 696/2726/2 652/2729/2 651/2727/2
f 680/2750/2 660/2753/2 659/2751/2
f 645/2800/2 719/2799/2 646/2787/2
f 646/2787/2 706/2782/2 647/2784/2
f 679/2752/2 662/2756/2 661/2754/2
f 726/2809/2 725/2808/2 641/2810/2
f 727/2811/2 726/2809/2 641/2810/2
f 728/2812/2 727/2811/2 641/2810/2
f 725/2808/2 642/2807/2 641/2810/2
f 729/2813/2 728/2812/2 641/2810/2
f 681/2749/2 659/2751/2 658/2748/2
f 730/2814/2 729/2813/2 641/2810/2
f 683/2746/2 658/2748/2 657/2743/2
f 657/2743/2 656/2741/2 687/2740/2
f 750/2815/2 749/2816/2 758/2817/2
f 749/2816/2 748/2818/2 758/2817/2
f 752/2819/2 751/2820/2 754/2821/2
f 751/2820/2 750/2815/2 754/2821/2
f 754/2821/2 753/2822/2 752/2819/2
f 756/2823/2 755/2824/2 754/2821/2
f 758/2817/2 757/2825/2 756/2823/2
f 760/2826/2 759/2827/2 762/2828/2
f 759/2827/2 758/2817/2 762/2828/2
f 762/2828/2 761/2829/2 760/2826/2
f 764/2830/2 763/2831/2 762/2828/2
f 766/2832/2 765/2833/2 747/2834/2
f 765/2833/2 764/2830/2 747/2834/2
f 768/2835/2 767/2836/2 745/2837/2
f 767/2836/2 766/2832/2 747/2834/2
f 770/2838/2 769/2839/2 776/2840/2
f 769/2839/2 768/2835/2 776/2840/2
f 772/2841/2 771/2842/2 774/2843/2
f 771/2842/2 770/2838/2 774/2843/2
f 774/2843/2 773/2844/2 772/2841/2
f 776/2840/2 775/2845/2 770/2838/2
f 775/2845/2 774/2843/2 770/2838/2
f 627/2846/2 777/2847/2 742/2848/2
f 777/2847/2 776/2840/2 768/2835/2
f 627/2846/2 741/2849/2 740/2850/2
f 629/2851/2 628/2852/2 736/2853/2
f 628/2852/2 627/2846/2 737/2854/2
f 736/2853/2 628/2852/2 737/2854/2
f 631/2855/2 630/2856/2 735/2857/2
f 630/2856/2 629/2851/2 735/2857/2
f 633/2858/2 632/2859/2 734/567/2
f 632/2859/2 631/2855/2 735/2857/2
f 635/566/2 634/2860/2 734/567/2
f 634/2860/2 633/2858/2 734/567/2
f 637/2861/2 636/2862/2 635/566/2
f 639/2863/2 638/2864/2 732/2865/2
f 638/2864/2 637/2861/2 733/568/2
f 732/2865/2 638/2864/2 733/568/2
f 641/2810/2 640/2866/2 731/2867/2
f 640/2866/2 639/2863/2 732/2865/2
f 731/2867/2 640/2866/2 732/2865/2
f 637/2861/2 635/566/2 733/568/2
f 632/2859/2 735/2857/2 734/567/2
f 741/2849/2 627/2846/2 742/2848/2
f 767/2836/2 747/2834/2 746/2868/2
f 764/2830/2 762/2828/2 748/2818/2
f 747/2834/2 764/2830/2 748/2818/2
f 758/2817/2 756/2823/2 750/2815/2
f 756/2823/2 754/2821/2 750/2815/2
f 762/2828/2 758/2817/2 748/2818/2
f 767/2836/2 746/2868/2 745/2837/2
f 629/2851/2 736/2853/2 735/2857/2
f 641/2810/2 731/2867/2 730/2814/2
f 768/2835/2 745/2837/2 744/2869/2
f 768/2835/2 744/2869/2 777/2847/2
f 744/2869/2 743/2870/2 777/2847/2
f 743/2870/2 742/2848/2 777/2847/2
f 697/2725/2 651/2727/2 650/2773/2
f 740/2850/2 739/2871/2 627/2846/2
f 649/2778/2 648/2781/2 702/2776/2
f 739/2871/2 738/2872/2 627/2846/2
f 738/2872/2 737/2854/2 627/2846/2
f 789/2836/1 787/2873/1 801/2874/1
f 787/2873/1 786/2875/1 783/2876/1
f 803/2877/1 787/2873/1 783/2876/1
f 786/2875/1 785/2878/1 779/2879/1
f 785/2878/1 784/2880/1 779/2879/1
f 784/2880/1 782/2881/1 780/2882/1
f 780/2882/1 778/2883/1 779/2879/1
f 779/2879/1 781/2884/1 786/2875/1
f 781/2884/1 783/2876/1 786/2875/1
f 783/2876/1 788/2885/1 808/2886/1
f 788/2885/1 791/2887/1 823/2888/1
f 826/2889/1 791/2887/1 797/2890/1
f 797/2890/1 820/2891/1 829/2892/1
f 820/2891/1 822/2893/1 829/2892/1
f 822/2893/1 824/2894/1 829/2892/1
f 824/2894/1 825/2895/1 830/2896/1
f 825/2895/1 827/2897/1 830/2896/1
f 824/2894/1 830/2896/1 829/2892/1
f 827/2897/1 828/2898/1 831/2899/1
f 831/2899/1 833/2900/1 832/2901/1
f 833/2900/1 838/2902/1 832/2901/1
f 838/2902/1 843/2903/1 834/2904/1
f 843/2903/1 845/2905/1 834/2904/1
f 834/2904/1 845/2905/1 835/2906/1
f 845/2905/1 848/2907/1 835/2906/1
f 848/2907/1 852/2908/1 842/2909/1
f 835/2906/1 848/2907/1 836/2910/1
f 827/2897/1 831/2899/1 832/2901/1
f 791/2887/1 826/2889/1 823/2888/1
f 797/2890/1 829/2892/1 826/2889/1
f 780/2882/1 779/2879/1 784/2880/1
f 790/2911/1 789/2836/1 802/2912/1
f 787/2873/1 803/2877/1 801/2874/1
f 793/2913/1 792/2914/1 804/2915/1
f 792/2914/1 790/2911/1 804/2915/1
f 795/2916/1 794/2917/1 798/2918/1
f 794/2917/1 793/2913/1 798/2918/1
f 798/2918/1 796/2919/1 795/2916/1
f 800/2920/1 799/2921/1 798/2918/1
f 809/2922/1 807/2923/1 800/2920/1
f 814/2924/1 812/2925/1 818/2926/1
f 812/2925/1 809/2922/1 818/2926/1
f 818/2926/1 817/2927/1 814/2924/1
f 813/2928/1 815/2929/1 818/2926/1
f 805/2930/1 810/2931/1 798/2918/1
f 810/2931/1 813/2928/1 798/2918/1
f 813/2928/1 818/2926/1 800/2920/1
f 798/2918/1 813/2928/1 800/2920/1
f 809/2922/1 800/2920/1 818/2926/1
f 852/2908/1 854/2932/1 846/2933/1
f 798/2918/1 793/2913/1 805/2930/1
f 789/2836/1 801/2874/1 802/2912/1
f 885/2758/1 880/2934/1 872/2935/1
f 880/2934/1 878/2936/1 869/2937/1
f 872/2935/1 880/2934/1 869/2937/1
f 878/2936/1 876/2938/1 869/2937/1
f 876/2938/1 875/2939/1 865/2940/1
f 875/2939/1 873/2941/1 864/2942/1
f 873/2941/1 871/2943/1 864/2942/1
f 871/2943/1 870/2944/1 866/2945/1
f 870/2944/1 868/2946/1 866/2945/1
f 868/2946/1 867/2947/1 866/2945/1
f 866/2945/1 864/2942/1 871/2943/1
f 864/2942/1 865/2940/1 875/2939/1
f 865/2940/1 869/2937/1 876/2938/1
f 872/2935/1 879/2755/1 885/2758/1
f 879/2755/1 884/2948/1 888/2949/1
f 885/2758/1 879/2755/1 888/2949/1
f 884/2948/1 890/2950/1 891/2951/1
f 890/2950/1 892/2952/1 894/2953/1
f 884/2948/1 891/2951/1 889/2954/1
f 892/2952/1 895/2955/1 897/2956/1
f 895/2955/1 898/2957/1 903/2958/1
f 898/2957/1 902/2959/1 903/2958/1
f 903/2958/1 909/2960/1 899/2961/1
f 909/2960/1 911/2962/1 899/2961/1
f 899/2961/1 911/2962/1 900/2963/1
f 911/2962/1 912/2964/1 900/2963/1
f 912/2964/1 914/2965/1 905/2966/1
f 914/2965/1 915/2967/1 905/2966/1
f 915/2967/1 916/2968/1 905/2966/1
f 916/2968/1 918/2969/1 906/2970/1
f 918/2969/1 920/2971/1 908/2972/1
f 920/2971/1 921/2973/1 908/2972/1
f 921/2973/1 923/2974/1 908/2972/1
f 923/2974/1 924/2975/1 910/2976/1
f 924/2975/1 926/2977/1 907/2978/1
f 923/2974/1 910/2976/1 908/2972/1
f 926/2977/1 927/2979/1 901/2980/1
f 927/2979/1 928/2981/1 901/2980/1
f 928/2981/1 925/2982/1 901/2980/1
f 925/2982/1 922/2983/1 896/2984/1
f 901/2980/1 925/2982/1 896/2984/1
f 922/2983/1 919/2985/1 896/2984/1
f 919/2985/1 917/2780/1 886/2986/1
f 917/2780/1 913/2987/1 886/2986/1
f 913/2987/1 904/2988/1 881/2989/1
f 904/2988/1 893/2990/1 881/2989/1
f 893/2990/1 887/2991/1 861/570/1
f 887/2991/1 883/2992/1 861/570/1
f 883/2992/1 882/2993/1 861/570/1
f 882/2993/1 877/2994/1 861/570/1
f 877/2994/1 874/2791/1 861/570/1
f 874/2791/1 863/2995/1 862/2996/1
f 862/2996/1 860/2997/1 861/570/1
f 860/2997/1 859/2998/1 861/570/1
f 859/2998/1 858/2794/1 861/570/1
f 858/2794/1 855/2999/1 861/570/1
f 855/2999/1 853/3000/1 861/570/1
f 853/3000/1 851/571/1 861/570/1
f 851/571/1 850/3001/1 857/569/1
f 850/3001/1 849/3002/1 856/3003/1
f 856/3003/1 849/3002/1 854/2932/1
f 849/3002/1 847/3004/1 854/2932/1
f 847/3004/1 846/2933/1 854/2932/1
f 846/2933/1 844/3005/1 852/2908/1
f 844/3005/1 842/2909/1 852/2908/1
f 874/2791/1 862/2996/1 861/570/1
f 893/2990/1 861/570/1 881/2989/1
f 919/2985/1 886/2986/1 896/2984/1
f 913/2987/1 881/2989/1 886/2986/1
f 918/2969/1 908/2972/1 906/2970/1
f 912/2964/1 905/2966/1 900/2963/1
f 895/2955/1 903/2958/1 897/2956/1
f 924/2975/1 907/2978/1 910/2976/1
f 850/3001/1 856/3003/1 857/569/1
f 842/2909/1 841/3006/1 848/2907/1
f 916/2968/1 906/2970/1 905/2966/1
f 888/2949/1 884/2948/1 889/2954/1
f 841/3006/1 840/3007/1 848/2907/1
f 840/3007/1 839/3008/1 848/2907/1
f 891/2951/1 890/2950/1 894/2953/1
f 839/3008/1 837/3009/1 848/2907/1
f 837/3009/1 836/2910/1 848/2907/1
f 894/2953/1 892/2952/1 897/2956/1
f 804/2915/1 805/2930/1 793/2913/1
f 802/2912/1 804/2915/1 790/2911/1
f 899/2961/1 897/2956/1 903/2958/1
f 806/3010/1 803/2877/1 783/2876/1
f 808/2886/1 806/3010/1 783/2876/1
f 811/3011/1 808/2886/1 788/2885/1
f 907/2978/1 926/2977/1 901/2980/1
f 816/3012/1 811/3011/1 788/2885/1
f 819/3013/1 816/3012/1 788/2885/1
f 821/3014/1 819/3013/1 788/2885/1
f 823/2888/1 821/3014/1 788/2885/1
f 832/2901/1 830/2896/1 827/2897/1
f 834/2904/1 832/2901/1 838/2902/1
f 757/572/342 807/638/342 809/573/343
f 749/575/344 810/602/344 805/576/345
f 904/578/346 913/3015/347 704/579/347
f 648/581/348 886/800/348 881/582/349
f 692/584/350 918/749/455 916/585/351
f 642/587/353 852/649/353 848/588/354
f 629/590/355 797/688/355 791/591/356
f 768/593/357 787/694/357 789/594/358
f 718/596/359 853/644/359 855/597/360
f 756/574/343 809/573/343 812/599/147
f 750/601/362 813/621/362 810/602/344
f 686/603/363 909/712/430 903/604/364
f 726/3016/1338 727/3017/1339 841/3018/1340
f 727/3017/1339 728/3019/1341 841/3018/1340
f 728/3019/1341 729/764/464 837/763/464
f 728/3019/1341 837/763/464 839/3020/1342
f 725/3021/1343 726/3016/1338 841/3018/1340
f 724/3022/1344 725/3021/1343 842/3023/1343
f 728/3019/1341 839/3020/1342 840/3024/1345
f 728/3019/1341 840/3024/1345 841/3018/1340
f 725/3021/1343 841/3018/1340 842/3023/1343
f 723/3025/365 724/3022/1344 844/3026/1344
f 724/3022/1344 842/3023/1343 844/3026/1344
f 849/625/377 721/627/377 722/608/366
f 722/608/366 723/3025/365 846/606/365
f 723/3025/365 844/3026/1344 846/606/365
f 847/607/366 849/625/377 722/608/366
f 710/609/367 877/845/367 882/610/368
f 755/600/361 812/599/147 814/612/369
f 775/614/370 779/629/370 778/615/371
f 663/619/373 664/3027/372 880/617/372
f 664/3027/372 665/3028/1346 878/3029/1346
f 665/3028/1346 666/844/503 876/843/502
f 665/3028/1346 876/843/502 878/3029/1346
f 888/3030/423 662/700/423 663/619/373
f 664/3027/372 878/3029/1346 880/617/372
f 885/618/373 888/3030/423 663/619/373
f 751/620/374 815/640/374 813/621/362
f 706/622/375 893/842/375 904/578/346
f 774/616/371 778/615/371 780/623/376
f 849/625/377 850/3031/1347 720/626/378
f 776/628/379 781/642/379 779/629/370
f 701/630/380 922/775/380 925/631/381
f 754/613/369 814/612/369 817/633/382
f 773/624/376 780/623/376 782/635/383
f 758/637/384 800/787/384 807/638/342
f 752/639/385 818/645/385 815/640/374
f 777/641/386 783/656/386 781/642/379
f 719/643/387 851/795/387 853/644/359
f 753/634/382 817/633/382 818/645/385
f 709/611/368 882/610/368 883/646/388
f 643/648/390 854/820/390 852/649/353
f 703/650/391 917/663/391 919/651/392
f 772/636/383 782/635/383 784/653/393
f 627/655/394 788/833/394 783/656/386
f 688/657/395 912/732/444 911/658/396
f 694/660/398 921/801/398 920/661/399
f 704/579/347 913/3015/347 917/663/391
f 739/664/401 819/706/427 821/665/402
f 771/654/393 784/653/393 785/667/403
f 737/669/404 823/846/404 826/670/405
f 651/672/406 907/825/406 901/673/407
f 647/583/349 881/582/349 861/675/408
f 826/670/405 829/3032/409 735/677/409
f 708/647/389 883/646/388 887/678/410
f 631/680/411 822/692/411 820/681/412
f 678/683/413 879/782/413 872/684/414
f 770/668/403 785/667/403 786/686/415
f 630/682/412 820/681/412 797/688/355
f 646/676/416 861/675/416 857/689/417
f 632/691/418 824/704/418 822/692/411
f 789/594/358 790/3033/419 766/693/419
f 769/687/415 786/686/415 787/694/357
f 717/598/360 855/597/360 858/695/420
f 696/697/421 924/838/421 923/698/422
f 662/700/423 888/3030/423 889/701/424
f 633/703/425 825/714/425 824/704/418
f 741/3034/1348 742/3035/1349 811/3036/1348
f 742/3035/1349 743/748/454 808/3037/1349
f 741/3034/1348 811/3036/1348 816/705/426
f 743/748/454 806/747/454 808/3037/1349
f 808/3037/1349 811/3036/1348 742/3035/1349
f 740/707/426 741/3034/1348 816/705/426
f 819/706/427 739/664/401 740/707/426
f 650/674/407 901/673/407 896/708/428
f 645/690/417 857/689/417 856/710/429
f 687/659/397 911/658/396 909/712/430
f 634/713/431 827/721/436 825/714/425
f 661/702/424 889/701/424 891/715/432
f 681/717/433 892/729/433 890/718/434
f 635/720/435 828/727/435 827/721/436
f 735/677/409 829/3032/409 830/722/437
f 660/716/432 891/715/432 894/724/438
f 636/726/440 831/736/440 828/727/435
f 682/728/441 895/751/441 892/729/433
f 688/657/395 689/3038/1350 912/732/444
f 689/3038/1350 690/730/442 912/732/444
f 690/730/442 691/586/352 916/585/351
f 690/730/442 916/585/351 915/3039/1351
f 690/730/442 915/3039/1351 914/731/443
f 734/723/437 830/722/437 832/733/445
f 637/735/446 833/770/446 831/736/440
f 716/696/420 858/695/420 859/737/447
f 659/725/439 894/724/438 897/739/448
f 733/734/445 832/733/445 834/741/449
f 765/743/451 792/832/451 793/744/452
f 744/746/453 803/797/453 806/747/454
f 693/662/400 920/661/399 918/749/455
f 683/750/456 898/777/456 895/751/441
f 732/742/457 834/741/457 835/752/458
f 699/3040/460 700/632/381 925/631/381
f 699/3040/460 925/631/381 928/755/460
f 926/3041/500 697/837/500 698/754/459
f 698/754/459 699/3040/460 928/755/460
f 927/756/459 926/3041/500 698/754/459
f 731/753/458 835/752/458 836/757/461
f 764/745/452 793/744/452 794/759/462
f 715/738/447 859/737/447 860/761/463
f 730/758/461 836/757/461 837/763/464
f 763/760/462 794/759/462 795/765/465
f 658/740/448 897/739/448 899/767/466
f 638/769/468 838/805/468 833/770/446
f 762/766/465 795/765/465 796/771/469
f 657/768/467 899/767/466 900/773/470
f 702/652/392 919/651/392 922/775/380
f 684/776/472 902/780/474 898/777/456
f 761/772/469 796/771/469 798/778/473
f 685/605/364 903/604/364 902/780/474
f 679/781/475 884/836/475 879/782/413
f 760/779/473 798/778/473 799/783/476
f 714/762/463 860/761/463 862/785/477
f 759/784/476 799/783/476 800/787/384
f 713/786/477 862/785/477 863/788/34
f 656/774/471 900/773/470 905/790/478
f 675/792/479 865/813/479 864/793/480
f 720/626/378 850/3031/1347 851/795/387
f 745/796/481 801/807/481 803/797/453
f 674/794/480 864/793/480 866/798/482
f 649/709/428 896/708/428 886/800/348
f 695/699/422 923/698/422 921/801/398
f 673/799/482 866/798/482 867/802/483
f 639/804/485 843/828/485 838/805/468
f 746/806/486 802/815/486 801/807/481
f 655/791/478 905/790/478 906/808/487
f 672/803/484 867/802/483 868/810/488
f 676/812/490 869/826/490 865/813/479
f 747/814/491 804/823/491 802/815/486
f 654/809/487 906/808/487 908/816/492
f 671/811/489 868/810/488 870/818/493
f 644/711/429 856/710/429 854/820/390
f 670/819/494 870/818/493 871/821/495
f 748/577/345 805/576/345 804/823/491
f 652/824/496 910/829/496 907/825/406
f 677/685/414 872/684/414 869/826/490
f 640/827/497 845/841/497 843/828/485
f 653/817/492 908/816/492 910/829/496
f 669/822/495 871/821/495 873/830/498
f 766/693/419 790/3033/419 792/832/451
f 628/592/356 791/591/356 788/833/394
f 712/789/34 863/788/34 874/834/499
f 680/719/434 890/718/434 884/836/475
f 697/837/500 926/3041/500 924/838/421
f 668/831/498 873/830/498 875/839/501
f 641/589/354 848/588/354 845/841/497
f 707/679/410 887/678/410 893/842/375
f 667/840/501 875/839/501 876/843/502
f 711/835/499 874/834/499 877/845/367
f 737/669/404 738/666/402 821/665/402
f 1078/3042/2 1077/3043/2 1055/3044/2
f 1077/3043/2 1076/3045/2 1055/3044/2
f 1076/3045/2 1075/3046/2 1074/3047/2
f 1074/3047/2 1073/3048/2 1072/3049/2
f 1072/3049/2 1071/3050/2 1074/3047/2
f 1071/3050/2 1070/3051/2 1076/3045/2
f 1074/3047/2 1071/3050/2 1076/3045/2
f 1070/3051/2 1069/3052/2 1057/3053/2
f 1069/3052/2 1068/3054/2 1057/3053/2
f 1068/3054/2 1067/3055/2 1058/3056/2
f 1067/3055/2 1066/3057/2 1058/3056/2
f 1068/3054/2 1058/3056/2 1057/3053/2
f 1066/3057/2 1065/3058/2 1059/3059/2
f 1065/3058/2 1064/3060/2 1060/3061/2
f 1064/3060/2 1063/3062/2 1062/3063/2
f 1062/3063/2 1061/3064/2 1060/3061/2
f 1060/3061/2 1059/3059/2 1065/3058/2
f 1059/3059/2 1058/3056/2 1066/3057/2
f 1062/3063/2 1060/3061/2 1064/3060/2
f 930/3065/2 929/3066/2 1052/3067/2
f 929/3066/2 1078/3042/2 1053/3068/2
f 932/3069/2 931/3070/2 1050/3071/2
f 931/3070/2 930/3065/2 1051/3072/2
f 934/3073/2 933/3074/2 1049/3075/2
f 933/3074/2 932/3069/2 1050/3071/2
f 936/3076/2 935/3077/2 1049/3075/2
f 935/3077/2 934/3073/2 1049/3075/2
f 938/3078/2 937/3079/2 1048/3080/2
f 937/3079/2 936/3076/2 1048/3080/2
f 940/3081/2 939/3082/2 1048/3080/2
f 939/3082/2 938/3078/2 1048/3080/2
f 942/3083/2 941/3084/2 1047/3085/2
f 941/3084/2 940/3081/2 1047/3085/2
f 944/3086/2 943/3087/2 1047/3085/2
f 943/3087/2 942/3083/2 1047/3085/2
f 944/3086/2 1047/3085/2 1046/3088/2
f 946/3089/2 945/3090/2 1045/3091/2
f 945/3090/2 944/3086/2 1046/3088/2
f 1045/3091/2 945/3090/2 1046/3088/2
f 947/3092/2 946/3089/2 1043/3093/2
f 1044/3094/2 946/3089/2 1045/3091/2
f 1048/3080/2 936/3076/2 1049/3075/2
f 933/3074/2 1050/3071/2 1049/3075/2
f 931/3070/2 1051/3072/2 1050/3071/2
f 929/3066/2 1053/3068/2 1052/3067/2
f 1076/3045/2 1070/3051/2 1056/3095/2
f 1055/3044/2 1076/3045/2 1056/3095/2
f 1053/3068/2 1078/3042/2 1054/3096/2
f 946/3089/2 1044/3094/2 1043/3093/2
f 948/3097/2 947/3092/2 1042/3098/2
f 1070/3051/2 1057/3053/2 1056/3095/2
f 955/3099/2 954/3100/2 961/3101/2
f 954/3100/2 953/3102/2 961/3101/2
f 957/3103/2 956/3104/2 959/3105/2
f 956/3104/2 955/3099/2 959/3105/2
f 959/3105/2 958/3106/2 957/3103/2
f 961/3101/2 960/3107/2 959/3105/2
f 962/3108/2 961/3101/2 953/3102/2
f 961/3101/2 959/3105/2 955/3099/2
f 962/3108/2 953/3102/2 952/3109/2
f 963/3110/2 962/3108/2 951/3111/2
f 962/3108/2 952/3109/2 951/3111/2
f 964/3112/2 963/3110/2 1041/3113/2
f 963/3110/2 951/3111/2 950/3114/2
f 963/3110/2 950/3114/2 1042/3098/2
f 1041/3113/2 963/3110/2 1042/3098/2
f 950/3114/2 949/3115/2 1042/3098/2
f 949/3115/2 948/3097/2 1042/3098/2
f 965/3116/2 964/3112/2 1041/3113/2
f 1055/3044/2 1054/3096/2 1078/3042/2
f 930/3065/2 1052/3067/2 1051/3072/2
f 940/3081/2 1048/3080/2 1047/3085/2
f 947/3092/2 1043/3093/2 1042/3098/2
f 965/3116/2 1041/3113/2 966/3117/2
f 1041/3113/2 1040/3118/2 966/3117/2
f 1040/3118/2 1039/3119/2 968/3120/2
f 1039/3119/2 1038/3121/2 970/3122/2
f 1040/3118/2 968/3120/2 967/3123/2
f 1038/3121/2 1037/3124/2 971/3125/2
f 1037/3124/2 1036/3126/2 972/3127/2
f 1038/3121/2 971/3125/2 970/3122/2
f 1036/3126/2 1035/3128/2 972/3127/2
f 1035/3128/2 1034/3129/2 973/851/2
f 972/3127/2 1035/3128/2 973/851/2
f 1034/3129/2 1033/3130/2 973/851/2
f 1033/3130/2 1032/3131/2 973/851/2
f 1032/3131/2 1031/3132/2 974/3133/2
f 1031/3132/2 1030/3134/2 974/3133/2
f 1030/3134/2 1029/3135/2 974/3133/2
f 1029/3135/2 1028/3136/2 974/3133/2
f 1028/3136/2 1027/3137/2 975/3138/2
f 1027/3137/2 1026/3139/2 975/3138/2
f 1026/3139/2 1025/3140/2 976/3141/2
f 1025/3140/2 1024/3142/2 977/3143/2
f 1024/3142/2 1023/3144/2 977/3143/2
f 1023/3144/2 1022/3145/2 978/3146/2
f 1022/3145/2 1021/3147/2 978/3146/2
f 1021/3147/2 1020/848/2 979/847/2
f 978/3146/2 1021/3147/2 979/847/2
f 1020/848/2 1019/3148/2 980/849/2
f 1019/3148/2 1018/3149/2 980/849/2
f 1018/3149/2 1017/3150/2 981/3151/2
f 1017/3150/2 1016/3152/2 982/3153/2
f 981/3151/2 1017/3150/2 982/3153/2
f 1016/3152/2 1015/3154/2 983/3155/2
f 1015/3154/2 1014/3156/2 984/3157/2
f 984/3157/2 1014/3156/2 1013/3158/2
f 1013/3158/2 1012/3159/2 985/3160/2
f 1012/3159/2 1011/3161/2 985/3160/2
f 1011/3161/2 1010/3162/2 986/3163/2
f 1010/3162/2 1009/3164/2 986/3163/2
f 1009/3164/2 1008/3165/2 987/3166/2
f 1008/3165/2 1007/3167/2 988/3168/2
f 1007/3167/2 1006/3169/2 988/3168/2
f 988/3168/2 1006/3169/2 989/3170/2
f 1006/3169/2 1005/3171/2 989/3170/2
f 1005/3171/2 1004/3172/2 990/3173/2
f 990/3173/2 1004/3172/2 991/3174/2
f 1004/3172/2 1003/3175/2 991/3174/2
f 1003/3175/2 1002/3176/2 993/3177/2
f 992/3178/2 1003/3175/2 993/3177/2
f 1002/3176/2 1001/3179/2 993/3177/2
f 1001/3179/2 1000/3180/2 994/3181/2
f 1000/3180/2 999/3182/2 994/3181/2
f 999/3182/2 998/3183/2 995/3184/2
f 998/3183/2 997/3185/2 996/3186/2
f 996/3186/2 995/3184/2 998/3183/2
f 995/3184/2 994/3181/2 999/3182/2
f 994/3181/2 993/3177/2 1001/3179/2
f 1003/3175/2 992/3178/2 991/3174/2
f 1011/3161/2 986/3163/2 985/3160/2
f 1009/3164/2 987/3166/2 986/3163/2
f 1013/3158/2 985/3160/2 984/3157/2
f 980/849/2 1018/3149/2 981/3151/2
f 1023/3144/2 978/3146/2 977/3143/2
f 1025/3140/2 977/3143/2 976/3141/2
f 974/3133/2 1028/3136/2 975/3138/2
f 967/3123/2 966/3117/2 1040/3118/2
f 968/3120/2 1039/3119/2 969/3187/2
f 969/3187/2 1039/3119/2 970/3122/2
f 1005/3171/2 990/3173/2 989/3170/2
f 1026/3139/2 976/3141/2 975/3138/2
f 971/3125/2 1037/3124/2 972/3127/2
f 1008/3165/2 988/3168/2 987/3166/2
f 974/3133/2 973/851/2 1032/3131/2
f 1015/3154/2 984/3157/2 983/3155/2
f 1016/3152/2 983/3155/2 982/3153/2
f 1100/3188/1 1105/3189/1 1093/3190/1
f 1105/3189/1 1108/3191/1 1095/3192/1
f 1093/3190/1 1105/3189/1 1095/3192/1
f 1108/3191/1 1106/3193/1 1103/3063/1
f 1103/3063/1 1099/3194/1 1096/3195/1
f 1096/3195/1 1095/3192/1 1108/3191/1
f 1093/3190/1 1092/3196/1 1100/3188/1
f 1092/3196/1 1090/3197/1 1100/3188/1
f 1100/3188/1 1090/3197/1 1098/3198/1
f 1090/3197/1 1088/3199/1 1098/3198/1
f 1088/3199/1 1087/3200/1 1098/3198/1
f 1087/3200/1 1085/3201/1 1080/3202/1
f 1085/3201/1 1084/3203/1 1081/3204/1
f 1084/3203/1 1082/3205/1 1081/3204/1
f 1081/3204/1 1079/3206/1 1080/3202/1
f 1080/3202/1 1083/3207/1 1101/3208/1
f 1083/3207/1 1086/3209/1 1101/3208/1
f 1086/3209/1 1089/3210/1 1107/3211/1
f 1089/3210/1 1091/3212/1 1110/3213/1
f 1086/3209/1 1107/3211/1 1102/3214/1
f 1091/3212/1 1094/3215/1 1112/3216/1
f 1094/3215/1 1104/3069/1 1116/3217/1
f 1112/3216/1 1094/3215/1 1116/3217/1
f 1104/3069/1 1109/3218/1 1116/3217/1
f 1109/3218/1 1111/3219/1 1118/3220/1
f 1116/3217/1 1109/3218/1 1118/3220/1
f 1111/3219/1 1113/3221/1 1118/3220/1
f 1113/3221/1 1114/3222/1 1118/3220/1
f 1114/3222/1 1115/3223/1 1120/3224/1
f 1115/3223/1 1117/3225/1 1120/3224/1
f 1117/3225/1 1119/3226/1 1120/3224/1
f 1119/3226/1 1121/3227/1 1120/3224/1
f 1121/3227/1 1124/3228/1 1122/3229/1
f 1124/3228/1 1127/3083/1 1122/3229/1
f 1127/3083/1 1129/3230/1 1122/3229/1
f 1129/3230/1 1130/3231/1 1122/3229/1
f 1130/3231/1 1132/3232/1 1123/3233/1
f 1132/3232/1 1134/3234/1 1125/3235/1
f 1130/3231/1 1123/3233/1 1122/3229/1
f 1134/3234/1 1137/3236/1 1125/3235/1
f 1132/3232/1 1125/3235/1 1123/3233/1
f 1121/3227/1 1122/3229/1 1120/3224/1
f 1081/3204/1 1080/3202/1 1085/3201/1
f 1087/3200/1 1080/3202/1 1097/3095/1
f 1103/3063/1 1096/3195/1 1108/3191/1
f 1107/3211/1 1089/3210/1 1110/3213/1
f 1080/3202/1 1101/3208/1 1097/3095/1
f 1097/3095/1 1098/3198/1 1087/3200/1
f 1137/3236/1 1139/3097/1 1125/3235/1
f 1139/3097/1 1140/3237/1 1125/3235/1
f 1102/3214/1 1101/3208/1 1086/3209/1
f 1140/3237/1 1141/3114/1 1125/3235/1
f 1110/3213/1 1091/3212/1 1112/3216/1
f 1120/3224/1 1118/3220/1 1114/3222/1
f 1126/3238/1 1125/3235/1 1141/3114/1
f 1128/3239/1 1126/3238/1 1141/3114/1
f 1133/3113/1 1131/3098/1 1141/3114/1
f 1131/3098/1 1128/3239/1 1141/3114/1
f 1136/3240/1 1135/3241/1 1161/3242/1
f 1135/3241/1 1133/3113/1 1154/3243/1
f 1150/3244/1 1133/3113/1 1149/3112/1
f 1143/3124/1 1138/3121/1 1166/3245/1
f 1138/3121/1 1136/3240/1 1164/3122/1
f 1163/3187/1 1136/3240/1 1161/3242/1
f 1162/3246/1 1153/3247/1 1167/3248/1
f 1153/3247/1 1143/3124/1 1167/3248/1
f 1167/3248/1 1143/3124/1 1166/3245/1
f 1168/850/1 1165/3249/1 1169/851/1
f 1165/3249/1 1162/3246/1 1169/851/1
f 1169/851/1 1162/3246/1 1167/3248/1
f 1178/3250/1 1171/3251/1 1170/852/1
f 1171/3251/1 1168/850/1 1170/852/1
f 1187/3135/1 1184/3134/1 1170/852/1
f 1184/3134/1 1178/3250/1 1170/852/1
f 1195/3252/1 1190/3136/1 1172/3253/1
f 1190/3136/1 1187/3135/1 1170/852/1
f 1172/3253/1 1190/3136/1 1170/852/1
f 1205/3254/1 1198/3139/1 1181/3255/1
f 1198/3139/1 1195/3252/1 1172/3253/1
f 1181/3255/1 1198/3139/1 1172/3253/1
f 1218/3256/1 1216/3257/1 1185/3258/1
f 1216/3257/1 1205/3254/1 1185/3258/1
f 1223/3259/1 1220/3260/1 1193/3261/1
f 1220/3260/1 1218/3256/1 1193/3261/1
f 1228/3262/1 1226/3263/1 1208/849/1
f 1226/3263/1 1223/3259/1 1201/847/1
f 1225/3264/1 1227/3265/1 1212/3266/1
f 1227/3265/1 1228/3262/1 1208/849/1
f 1222/3267/1 1224/3152/1 1213/3155/1
f 1224/3152/1 1225/3264/1 1214/3153/1
f 1222/3267/1 1210/3268/1 1221/3156/1
f 1219/3158/1 1221/3156/1 1210/3268/1
f 1219/3158/1 1210/3268/1 1209/3160/1
f 1215/3161/1 1217/3159/1 1209/3160/1
f 1217/3159/1 1219/3158/1 1209/3160/1
f 1207/3269/1 1211/3270/1 1206/3271/1
f 1211/3270/1 1215/3161/1 1209/3160/1
f 1200/3167/1 1203/3165/1 1202/3272/1
f 1203/3165/1 1207/3269/1 1204/3166/1
f 1202/3272/1 1203/3165/1 1204/3166/1
f 1192/3273/1 1196/3274/1 1199/3275/1
f 1196/3274/1 1200/3167/1 1202/3272/1
f 1192/3273/1 1199/3275/1 1197/3276/1
f 1186/3277/1 1189/3278/1 1194/3174/1
f 1189/3278/1 1192/3273/1 1197/3276/1
f 1186/3277/1 1194/3174/1 1191/3178/1
f 1180/3279/1 1183/3280/1 1188/3281/1
f 1183/3280/1 1186/3277/1 1188/3281/1
f 1188/3281/1 1186/3277/1 1191/3178/1
f 1174/3282/1 1177/3180/1 1182/3283/1
f 1177/3180/1 1180/3279/1 1182/3283/1
f 1175/3284/1 1173/3285/1 1176/3186/1
f 1173/3285/1 1174/3282/1 1179/3184/1
f 1179/3184/1 1176/3186/1 1173/3285/1
f 1188/3281/1 1182/3283/1 1180/3279/1
f 1182/3283/1 1179/3184/1 1174/3282/1
f 1211/3270/1 1209/3160/1 1206/3271/1
f 1210/3268/1 1222/3267/1 1213/3155/1
f 1227/3265/1 1208/849/1 1212/3266/1
f 1226/3263/1 1201/847/1 1208/849/1
f 1193/3261/1 1218/3256/1 1185/3258/1
f 1136/3240/1 1163/3187/1 1164/3122/1
f 1133/3113/1 1150/3244/1 1154/3243/1
f 1133/3113/1 1141/3114/1 1142/3286/1
f 1199/3275/1 1196/3274/1 1202/3272/1
f 1223/3259/1 1193/3261/1 1201/847/1
f 1133/3113/1 1142/3286/1 1146/3110/1
f 1142/3286/1 1144/3109/1 1148/3287/1
f 1145/3288/1 1147/3289/1 1156/3290/1
f 1147/3289/1 1151/3291/1 1156/3290/1
f 1142/3286/1 1148/3287/1 1146/3110/1
f 1144/3109/1 1145/3288/1 1148/3287/1
f 1194/3174/1 1189/3278/1 1197/3276/1
f 1148/3287/1 1145/3288/1 1156/3290/1
f 1151/3291/1 1152/3292/1 1159/3293/1
f 1152/3292/1 1155/3294/1 1159/3293/1
f 1155/3294/1 1157/3106/1 1159/3293/1
f 1159/3293/1 1158/3295/1 1156/3290/1
f 1159/3293/1 1156/3290/1 1151/3291/1
f 1133/3113/1 1146/3110/1 1149/3112/1
f 1206/3271/1 1204/3166/1 1207/3269/1
f 1135/3241/1 1154/3243/1 1160/3296/1
f 1135/3241/1 1160/3296/1 1161/3242/1
f 1213/3155/1 1224/3152/1 1214/3153/1
f 1138/3121/1 1164/3122/1 1166/3245/1
f 1212/3266/1 1214/3153/1 1225/3264/1
f 1185/3258/1 1205/3254/1 1181/3255/1
f 983/853/504 1213/1141/504 1214/854/505
f 1026/856/506 1198/941/506 1205/857/507
f 963/859/508 1146/878/508 1148/860/509
f 992/862/510 1191/1138/684 1194/863/511
f 1067/865/512 1092/1146/512 1093/866/513
f 948/868/514 1139/1087/514 1137/869/515
f 1033/871/516 1168/1140/516 1171/872/517
f 1011/874/518 1215/904/518 1211/875/519
f 964/877/520 1149/906/520 1146/878/508
f 978/879/521 1193/1135/521 1185/880/522
f 975/882/523 1172/986/592 1170/883/524
f 936/885/526 1114/910/526 1113/886/527
f 1028/888/528 1190/1132/528 1195/889/529
f 1006/891/530 1196/963/530 1192/892/531
f 1020/894/532 1226/1047/532 1228/895/533
f 999/897/133 1174/933/133 1173/898/534
f 1148/860/509 1156/3297/535 961/900/535
f 1066/867/513 1093/866/513 1095/901/536
f 1012/903/537 1217/935/537 1215/904/518
f 965/905/538 1150/992/538 1149/906/520
f 998/899/534 1173/898/534 1175/907/539
f 937/909/540 1115/940/559 1114/910/526
f 991/864/511 1194/863/511 1197/911/541
f 1065/902/536 1095/901/536 1096/913/542
f 955/915/543 1151/943/561 1147/916/544
f 1128/918/546 1131/1083/547 1042/919/547
f 994/921/548 1182/1008/548 1188/922/549
f 997/908/550 1175/907/551 1176/924/551
f 1024/926/74 1216/3298/74 1218/927/552
f 930/929/553 1091/1077/553 1089/930/554
f 1000/932/555 1177/977/555 1174/933/133
f 1013/934/446 1219/958/446 1217/935/537
f 980/936/556 1208/1131/556 1201/937/557
f 938/939/558 1117/970/580 1115/940/559
f 1205/857/507 1216/3298/74 1024/926/74
f 1027/890/529 1195/889/529 1198/941/506
f 956/942/560 1152/1004/604 1151/943/561
f 1057/944/562 1098/979/562 1097/945/381
f 954/917/545 1147/916/544 1145/947/563
f 1032/873/517 1171/872/517 1178/949/565
f 1023/928/552 1218/927/552 1220/951/567
f 990/912/541 1197/911/541 1199/953/568
f 947/870/515 1137/869/515 1134/955/570
f 1014/957/571 1221/988/571 1219/958/446
f 1050/959/572 1116/3299/572 1118/960/573
f 1007/962/574 1200/1019/574 1196/963/530
f 996/925/575 1176/924/575 1179/964/576
f 1076/966/577 1080/1002/577 1079/967/578
f 939/969/579 1119/996/600 1117/970/580
f 1037/971/581 1143/1112/581 1153/972/582
f 1064/914/542 1096/913/542 1099/974/584
f 1001/976/586 1180/1013/586 1177/977/555
f 1058/978/587 1100/1123/587 1098/979/562
f 1075/968/578 1079/967/578 1081/980/588
f 1040/982/589 1135/1027/589 1136/983/590
f 976/985/591 1181/1061/591 1172/986/592
f 1015/987/593 1222/1015/593 1221/988/571
f 1049/961/573 1118/960/573 1120/989/594
f 966/991/596 1154/1067/644 1150/992/538
f 1074/981/588 1081/980/588 1082/993/597
f 940/995/599 1121/1037/599 1119/996/600
f 989/954/569 1199/953/568 1202/997/601
f 1056/946/381 1097/945/381 1101/999/602
f 1077/1001/479 1083/1076/479 1080/1002/577
f 957/1003/603 1155/1031/623 1152/1004/604
f 1052/1005/605 1110/1082/605 1112/1006/606
f 995/965/576 1179/964/576 1182/1008/548
f 1054/1009/607 1102/1025/607 1107/1010/608
f 1002/1012/609 1183/1045/609 1180/1013/586
f 1016/1014/610 1224/1043/610 1222/1015/593
f 1048/990/595 1120/989/594 1122/1016/611
f 1008/1018/613 1203/1081/613 1200/1019/574
f 1073/994/598 1082/993/597 1084/1020/614
f 1070/1022/616 1087/1070/646 1088/1023/617
f 1055/1000/602 1101/999/602 1102/1025/607
f 1041/1026/618 1133/3300/618 1135/1027/589
f 1047/1017/619 1122/1016/1352 1123/1028/620
f 958/1030/622 1157/1058/639 1155/1031/623
f 1031/950/566 1178/949/565 1184/1032/624
f 946/956/570 1134/955/570 1132/1034/625
f 941/1036/626 1124/1072/626 1121/1037/599
f 988/998/601 1202/997/601 1204/1038/121
f 1063/975/585 1099/974/584 1103/1040/628
f 1017/1042/629 1225/1063/629 1224/1043/610
f 1003/1044/630 1186/1122/676 1183/1045/609
f 1021/1046/631 1223/1060/631 1226/1047/532
f 1072/1021/615 1084/1020/614 1085/1048/632
f 961/900/535 1156/3297/535 1158/1050/634
f 932/1052/635 1104/1111/669 1094/1053/636
f 1046/1029/621 1123/1028/620 1125/1055/637
f 959/1057/638 1159/1059/640 1157/1058/639
f 960/1051/634 1158/1050/634 1159/1059/640
f 1022/952/567 1220/951/567 1223/1060/631
f 977/881/522 1185/880/522 1181/1061/591
f 1018/1062/641 1227/1088/641 1225/1063/629
f 1045/1056/637 1125/1055/637 1126/1064/642
f 967/1066/643 1160/1079/652 1154/1067/644
f 1039/984/590 1136/983/590 1138/1068/645
f 1071/1049/633 1085/1048/632 1087/1070/646
f 942/1071/647 1127/1090/647 1124/1072/626
f 987/1039/627 1204/1038/121 1206/1073/648
f 1078/1075/650 1086/1107/650 1083/1076/479
f 931/1054/636 1094/1053/636 1091/1077/553
f 968/1078/651 1161/1096/651 1160/1079/652
f 1009/1080/653 1207/1126/653 1203/1081/613
f 1053/1011/608 1107/1010/608 1110/1082/605
f 1131/1083/547 1133/3300/618 1041/1026/618
f 1062/1041/628 1103/1040/628 1106/1084/654
f 949/1086/655 1140/1094/655 1139/1087/514
f 1019/896/533 1228/895/533 1227/1088/641
f 1044/1065/642 1126/1064/642 1128/918/546
f 943/1089/656 1129/1114/656 1127/1090/647
f 1036/973/583 1153/972/582 1162/1091/657
f 950/1093/658 1141/1106/665 1140/1094/655
f 969/1095/659 1163/1109/667 1161/1096/651
f 1060/1097/660 1108/1104/660 1105/1098/661
f 1030/1033/624 1184/1032/624 1187/1100/662
f 986/1074/649 1206/1073/648 1209/1102/663
f 1061/1085/654 1106/1084/654 1108/1104/660
f 951/1105/664 1142/1120/664 1141/1106/665
f 929/931/554 1089/930/554 1086/1107/650
f 970/1108/666 1164/1125/666 1163/1109/667
f 1112/1006/606 1116/3299/572 1050/959/572
f 933/1110/668 1109/1137/668 1104/1111/669
f 1038/1069/645 1138/1068/645 1143/1112/581
f 944/1113/670 1130/1139/670 1129/1114/656
f 1035/1092/657 1162/1091/657 1165/1115/671
f 985/1103/663 1209/1102/663 1210/1117/672
f 952/1119/674 1144/1127/1353 1142/1120/664
f 1004/1121/675 1189/1142/685 1186/1122/676
f 1059/1099/661 1105/1098/661 1100/1123/587
f 971/1124/677 1166/1129/677 1164/1125/666
f 1010/876/519 1211/875/519 1207/1126/653
f 953/948/564 1145/947/563 1144/1127/678
f 972/1128/680 1167/1144/680 1166/1129/677
f 981/1130/681 1212/1145/681 1208/1131/556
f 1029/1101/662 1187/1100/662 1190/1132/528
f 1069/1024/617 1088/1023/617 1090/1133/682
f 979/938/557 1201/937/557 1193/1135/521
f 934/1136/683 1111/1148/683 1109/1137/668
f 993/923/549 1188/922/549 1191/1138/684
f 945/1035/625 1132/1034/625 1130/1139/670
f 1034/1116/671 1165/1115/671 1168/1140/516
f 984/1118/673 1210/1117/672 1213/1141/504
f 1005/893/531 1192/892/531 1189/1142/685
f 973/1143/686 1169/1147/686 1167/1144/680
f 982/855/505 1214/854/505 1212/1145/681
f 1068/1134/682 1090/1133/682 1092/1146/512
f 974/884/525 1170/883/524 1169/1147/686
f 935/887/527 1113/886/527 1111/1148/683
f 1235/1149/687 1473/3301/687 1480/1150/687
f 1270/3302/2 1269/3303/2 1268/3304/2
f 1268/3304/2 1267/3305/2 1235/3306/2
f 1267/3305/2 1266/3307/2 1236/3308/2
f 1235/3306/2 1267/3305/2 1236/3308/2
f 1266/3307/2 1265/3309/2 1245/3310/2
f 1265/3309/2 1264/3311/2 1246/3312/2
f 1264/3311/2 1263/3313/2 1250/3314/2
f 1263/3313/2 1262/3315/2 1250/3314/2
f 1262/3315/2 1261/3316/2 1254/3317/2
f 1261/3316/2 1260/3318/2 1254/3317/2
f 1260/3318/2 1259/3319/2 1258/3320/2
f 1258/3320/2 1257/3321/2 1256/3322/2
f 1256/3322/2 1255/3323/2 1254/3317/2
f 1254/3317/2 1253/3324/2 1262/3315/2
f 1253/3324/2 1252/3325/2 1262/3315/2
f 1252/3325/2 1251/3326/2 1262/3315/2
f 1251/3326/2 1250/3314/2 1262/3315/2
f 1250/3314/2 1249/3327/2 1264/3311/2
f 1249/3327/2 1248/3328/2 1264/3311/2
f 1248/3328/2 1247/3329/2 1264/3311/2
f 1247/3329/2 1246/3312/2 1264/3311/2
f 1246/3312/2 1245/3310/2 1265/3309/2
f 1245/3310/2 1244/3330/2 1266/3307/2
f 1244/3330/2 1243/3331/2 1242/3332/2
f 1242/3332/2 1241/3333/2 1240/3334/2
f 1240/3334/2 1239/3335/2 1242/3332/2
f 1239/3335/2 1238/3336/2 1242/3332/2
f 1238/3336/2 1237/3337/2 1266/3307/2
f 1237/3337/2 1236/3308/2 1266/3307/2
f 1244/3330/2 1242/3332/2 1238/3336/2
f 1258/3320/2 1256/3322/2 1260/3318/2
f 1256/3322/2 1254/3317/2 1260/3318/2
f 1271/3338/2 1270/3302/2 1268/3304/2
f 1244/3330/2 1238/3336/2 1266/3307/2
f 1272/3339/2 1271/3338/2 1268/3304/2
f 1273/3340/2 1272/3339/2 1295/3341/2
f 1272/3339/2 1268/3304/2 1295/3341/2
f 1276/3342/2 1275/3343/2 1291/3344/2
f 1275/3343/2 1274/3345/2 1294/3346/2
f 1291/3344/2 1275/3343/2 1292/3347/2
f 1274/3345/2 1273/3340/2 1295/3341/2
f 1268/3304/2 1235/3306/2 1295/3341/2
f 1277/3348/2 1276/3342/2 1290/3349/2
f 1279/3350/2 1278/3351/2 1281/3352/2
f 1278/3351/2 1277/3348/2 1281/3352/2
f 1281/3352/2 1280/3353/2 1279/3350/2
f 1283/3354/2 1282/3355/2 1281/3352/2
f 1285/3356/2 1284/3357/2 1289/3358/2
f 1284/3357/2 1283/3354/2 1289/3358/2
f 1287/3359/2 1286/3360/2 1285/3356/2
f 1289/3358/2 1288/3361/2 1285/3356/2
f 1288/3361/2 1287/3359/2 1285/3356/2
f 1291/3344/2 1290/3349/2 1276/3342/2
f 1290/3349/2 1289/3358/2 1277/3348/2
f 1277/3348/2 1289/3358/2 1283/3354/2
f 1293/3362/2 1292/3347/2 1275/3343/2
f 1295/3341/2 1294/3346/2 1274/3345/2
f 1294/3346/2 1293/3362/2 1275/3343/2
f 1298/3363/2 1297/3364/2 1296/3365/2
f 1298/3363/2 1296/3365/2 1307/3366/2
f 1296/3365/2 1295/3341/2 1235/3306/2
f 1307/3366/2 1296/3365/2 1308/3367/2
f 1300/3368/2 1299/3369/2 1298/3363/2
f 1302/3370/2 1301/3371/2 1300/3368/2
f 1304/3372/2 1303/3373/2 1307/3366/2
f 1303/3373/2 1302/3370/2 1307/3366/2
f 1306/3374/2 1305/3375/2 1307/3366/2
f 1305/3375/2 1304/3372/2 1307/3366/2
f 1302/3370/2 1300/3368/2 1307/3366/2
f 1300/3368/2 1298/3363/2 1307/3366/2
f 1283/3354/2 1281/3352/2 1277/3348/2
f 1234/3376/2 1233/3377/2 1390/3378/2
f 1233/3377/2 1232/3379/2 1392/3380/2
f 1233/3377/2 1392/3380/2 1391/3381/2
f 1232/3379/2 1231/3382/2 1393/3383/2
f 1392/3380/2 1232/3379/2 1393/3383/2
f 1231/3382/2 1230/3384/2 1395/3385/2
f 1230/3384/2 1229/3386/2 1404/3387/2
f 1229/3386/2 1413/3388/2 1406/3389/2
f 1413/3388/2 1412/3390/2 1406/3389/2
f 1412/3390/2 1411/3391/2 1408/3392/2
f 1411/3391/2 1410/3393/2 1408/3392/2
f 1410/3393/2 1409/3394/2 1408/3392/2
f 1408/3392/2 1407/3395/2 1412/3390/2
f 1407/3395/2 1406/3389/2 1412/3390/2
f 1406/3389/2 1405/3396/2 1229/3386/2
f 1405/3396/2 1404/3387/2 1229/3386/2
f 1404/3387/2 1403/3397/2 1230/3384/2
f 1403/3397/2 1402/3398/2 1396/3399/2
f 1402/3398/2 1401/3400/2 1400/3401/2
f 1400/3401/2 1399/3402/2 1398/3403/2
f 1398/3403/2 1397/3404/2 1400/3401/2
f 1397/3404/2 1396/3399/2 1402/3398/2
f 1400/3401/2 1397/3404/2 1402/3398/2
f 1396/3399/2 1395/3385/2 1230/3384/2
f 1395/3385/2 1394/3405/2 1231/3382/2
f 1394/3405/2 1393/3383/2 1231/3382/2
f 1403/3397/2 1396/3399/2 1230/3384/2
f 1308/3367/2 1296/3365/2 1235/3306/2
f 1235/3306/2 1234/3376/2 1312/3406/2
f 1308/3367/2 1235/3306/2 1309/3407/2
f 1233/3377/2 1391/3381/2 1390/3378/2
f 1309/3407/2 1235/3306/2 1310/3408/2
f 1310/3408/2 1235/3306/2 1311/3409/2
f 1234/3376/2 1390/3378/2 1389/3410/2
f 1311/3409/2 1235/3306/2 1312/3406/2
f 1234/3376/2 1389/3410/2 1388/3411/2
f 1234/3376/2 1388/3411/2 1387/3412/2
f 1313/3413/2 1312/3406/2 1234/3376/2
f 1234/3376/2 1387/3412/2 1386/3414/2
f 1234/3376/2 1386/3414/2 1385/3415/2
f 1314/3416/2 1313/3413/2 1234/3376/2
f 1315/3417/2 1314/3416/2 1234/3376/2
f 1234/3376/2 1385/3415/2 1384/3418/2
f 1383/3419/2 1382/3420/2 1381/3421/2
f 1234/3376/2 1384/3418/2 1317/3422/2
f 1384/3418/2 1383/3419/2 1317/3422/2
f 1316/3423/2 1315/3417/2 1234/3376/2
f 1317/3422/2 1316/3423/2 1234/3376/2
f 1383/3419/2 1381/3421/2 1317/3422/2
f 1381/3421/2 1380/3424/2 1379/3425/2
f 1379/3425/2 1378/3426/2 1381/3421/2
f 1378/3426/2 1377/3427/2 1381/3421/2
f 1377/3427/2 1376/3428/2 1381/3421/2
f 1376/3428/2 1375/3429/2 1381/3421/2
f 1375/3429/2 1374/3430/2 1381/3421/2
f 1318/3431/2 1317/3422/2 1381/3421/2
f 1381/3421/2 1374/3430/2 1373/3432/2
f 1319/3433/2 1318/3431/2 1381/3421/2
f 1320/3434/2 1319/3433/2 1373/3432/2
f 1319/3433/2 1381/3421/2 1373/3432/2
f 1321/3435/2 1320/3434/2 1372/3436/2
f 1320/3434/2 1373/3432/2 1372/3436/2
f 1322/3437/2 1321/3435/2 1358/1153/2
f 1321/3435/2 1372/3436/2 1371/3438/2
f 1321/3435/2 1371/3438/2 1358/1153/2
f 1325/3439/2 1324/3440/2 1352/3441/2
f 1324/3440/2 1323/3442/2 1354/3443/2
f 1356/3444/2 1323/3442/2 1357/3445/2
f 1323/3442/2 1322/3437/2 1357/3445/2
f 1322/3437/2 1358/1153/2 1357/3445/2
f 1371/3438/2 1370/1154/2 1358/1153/2
f 1326/3446/2 1325/3439/2 1330/3447/2
f 1323/3442/2 1356/3444/2 1355/3448/2
f 1325/3439/2 1352/3441/2 1330/3447/2
f 1328/3449/2 1327/3450/2 1326/3446/2
f 1329/3451/2 1328/3449/2 1326/3446/2
f 1370/1154/2 1369/3452/2 1359/1152/2
f 1330/3447/2 1329/3451/2 1326/3446/2
f 1369/3452/2 1368/3453/2 1360/3454/2
f 1367/3455/2 1366/3456/2 1362/3457/2
f 1366/3456/2 1365/3458/2 1363/3459/2
f 1362/3457/2 1366/3456/2 1363/3459/2
f 1365/3458/2 1364/3460/2 1363/3459/2
f 1362/3457/2 1361/3461/2 1367/3455/2
f 1367/3455/2 1361/3461/2 1368/3453/2
f 1361/3461/2 1360/3454/2 1368/3453/2
f 1338/3462/2 1337/3463/2 1348/3464/2
f 1337/3463/2 1336/3465/2 1349/3466/2
f 1348/3464/2 1337/3463/2 1349/3466/2
f 1340/3467/2 1339/3468/2 1346/3469/2
f 1339/3468/2 1338/3462/2 1347/3470/2
f 1346/3469/2 1339/3468/2 1347/3470/2
f 1342/3471/2 1341/3472/2 1340/3467/2
f 1344/3473/2 1343/3474/2 1342/3471/2
f 1346/3469/2 1345/3475/2 1342/3471/2
f 1345/3475/2 1344/3473/2 1342/3471/2
f 1348/3464/2 1347/3470/2 1338/3462/2
f 1350/3476/2 1349/3466/2 1336/3465/2
f 1352/3441/2 1351/3477/2 1331/3478/2
f 1351/3477/2 1350/3476/2 1335/3479/2
f 1354/3443/2 1353/3480/2 1324/3440/2
f 1353/3480/2 1352/3441/2 1324/3440/2
f 1333/3481/2 1351/3477/2 1334/3482/2
f 1351/3477/2 1333/3481/2 1332/3483/2
f 1351/3477/2 1335/3479/2 1334/3482/2
f 1342/3471/2 1340/3467/2 1346/3469/2
f 1355/3448/2 1354/3443/2 1323/3442/2
f 1351/3477/2 1332/3483/2 1331/3478/2
f 1335/3479/2 1350/3476/2 1336/3465/2
f 1352/3441/2 1331/3478/2 1330/3447/2
f 1360/3454/2 1359/1152/2 1369/3452/2
f 1534/3484/1 1556/3485/1 1548/3486/1
f 1556/3485/1 1560/3487/1 1555/3488/1
f 1556/3485/1 1555/3488/1 1551/3489/1
f 1560/3487/1 1563/3490/1 1569/3491/1
f 1563/3490/1 1566/3492/1 1569/3491/1
f 1566/3492/1 1567/3449/1 1569/3491/1
f 1560/3487/1 1569/3491/1 1571/3493/1
f 1556/3485/1 1551/3489/1 1548/3486/1
f 1560/3487/1 1571/3493/1 1555/3488/1
f 1571/3493/1 1572/3494/1 1555/3488/1
f 1572/3494/1 1573/3495/1 1561/3496/1
f 1573/3495/1 1575/3497/1 1561/3496/1
f 1555/3488/1 1572/3494/1 1561/3496/1
f 1575/3497/1 1578/3498/1 1561/3496/1
f 1578/3498/1 1584/3499/1 1561/3496/1
f 1585/3500/1 1587/3501/1 1586/3502/1
f 1587/3501/1 1589/3462/1 1588/3503/1
f 1587/3501/1 1588/3503/1 1586/3502/1
f 1589/3462/1 1591/3504/1 1590/3505/1
f 1591/3504/1 1592/3506/1 1594/3507/1
f 1594/3507/1 1595/3508/1 1596/3509/1
f 1596/3509/1 1598/3510/1 1597/3511/1
f 1597/3511/1 1593/3469/1 1596/3509/1
f 1593/3469/1 1590/3505/1 1591/3504/1
f 1596/3509/1 1593/3469/1 1594/3507/1
f 1590/3505/1 1588/3503/1 1589/3462/1
f 1586/3502/1 1581/3476/1 1585/3500/1
f 1581/3476/1 1561/3496/1 1584/3499/1
f 1581/3476/1 1584/3499/1 1585/3500/1
f 1591/3504/1 1594/3507/1 1593/3469/1
f 1548/3486/1 1545/3448/1 1534/3484/1
f 1545/3448/1 1530/3512/1 1534/3484/1
f 1534/3484/1 1530/3512/1 1526/3513/1
f 1530/3512/1 1521/3514/1 1526/3513/1
f 1526/3513/1 1521/3514/1 1520/3515/1
f 1521/3514/1 1511/3516/1 1520/3515/1
f 1520/3515/1 1511/3516/1 1516/3517/1
f 1511/3516/1 1509/3518/1 1516/3517/1
f 1516/3517/1 1509/3518/1 1513/3519/1
f 1509/3518/1 1508/3520/1 1501/3521/1
f 1513/3519/1 1509/3518/1 1501/3521/1
f 1507/3522/1 1506/3523/1 1501/3521/1
f 1506/3523/1 1505/3524/1 1502/3525/1
f 1502/3525/1 1505/3524/1 1504/3526/1
f 1508/3520/1 1507/3522/1 1501/3521/1
f 1510/3527/1 1513/3519/1 1501/3521/1
f 1501/3521/1 1506/3523/1 1502/3525/1
f 1504/3526/1 1503/3528/1 1502/3525/1
f 1512/3529/1 1510/3527/1 1501/3521/1
f 1514/3530/1 1512/3529/1 1500/3531/1
f 1512/3529/1 1501/3521/1 1500/3531/1
f 1515/3532/1 1514/3530/1 1499/3533/1
f 1514/3530/1 1500/3531/1 1499/3533/1
f 1515/3532/1 1499/3533/1 1498/3534/1
f 1515/3532/1 1498/3534/1 1497/3535/1
f 1515/3532/1 1497/3535/1 1495/3536/1
f 1515/3532/1 1495/3536/1 1494/3537/1
f 1515/3532/1 1494/3537/1 1482/3538/1
f 1494/3537/1 1493/3539/1 1482/3538/1
f 1493/3539/1 1491/3540/1 1482/3538/1
f 1491/3540/1 1490/3541/1 1483/3542/1
f 1482/3538/1 1491/3540/1 1483/3542/1
f 1490/3541/1 1489/3543/1 1486/3544/1
f 1489/3543/1 1488/3545/1 1486/3544/1
f 1488/3545/1 1487/3546/1 1486/3544/1
f 1486/3544/1 1485/3547/1 1484/3548/1
f 1486/3544/1 1484/3548/1 1490/3541/1
f 1484/3548/1 1483/3542/1 1490/3541/1
f 1517/3549/1 1515/3532/1 1482/3538/1
f 1517/3549/1 1482/3538/1 1481/3550/1
f 1518/3551/1 1517/3549/1 1480/3552/1
f 1517/3549/1 1481/3550/1 1480/3552/1
f 1481/3550/1 1479/3414/1 1480/3552/1
f 1519/3553/1 1518/3551/1 1480/3552/1
f 1479/3414/1 1478/3554/1 1480/3552/1
f 1478/3554/1 1477/3555/1 1480/3552/1
f 1477/3555/1 1476/3556/1 1480/3552/1
f 1522/3557/1 1519/3553/1 1473/3558/1
f 1519/3553/1 1480/3552/1 1473/3558/1
f 1476/3556/1 1475/3559/1 1480/3552/1
f 1475/3559/1 1474/3560/1 1471/3561/1
f 1480/3552/1 1475/3559/1 1471/3561/1
f 1472/3562/1 1457/3563/1 1466/3564/1
f 1457/3563/1 1452/3565/1 1453/3566/1
f 1472/3562/1 1471/3561/1 1474/3560/1
f 1524/3567/1 1522/3557/1 1473/3558/1
f 1471/3561/1 1472/3562/1 1466/3564/1
f 1452/3565/1 1446/3568/1 1453/3566/1
f 1446/3568/1 1439/3569/1 1431/3570/1
f 1439/3569/1 1432/3571/1 1424/3572/1
f 1431/3570/1 1439/3569/1 1424/3572/1
f 1432/3571/1 1430/3573/1 1429/3574/1
f 1429/3574/1 1427/3575/1 1426/3576/1
f 1426/3576/1 1425/3398/1 1432/3571/1
f 1425/3398/1 1424/3572/1 1432/3571/1
f 1424/3572/1 1422/3387/1 1431/3570/1
f 1422/3387/1 1420/3577/1 1431/3570/1
f 1420/3577/1 1418/3578/1 1423/3579/1
f 1418/3578/1 1416/3395/1 1423/3579/1
f 1416/3395/1 1414/3580/1 1415/3581/1
f 1415/3581/1 1417/3582/1 1419/3391/1
f 1419/3391/1 1421/3583/1 1416/3395/1
f 1421/3583/1 1423/3579/1 1416/3395/1
f 1423/3579/1 1428/3386/1 1420/3577/1
f 1428/3386/1 1431/3570/1 1420/3577/1
f 1431/3570/1 1453/3566/1 1446/3568/1
f 1453/3566/1 1466/3564/1 1457/3563/1
f 1473/3558/1 1470/3584/1 1469/3585/1
f 1470/3584/1 1468/3586/1 1465/3587/1
f 1469/3585/1 1470/3584/1 1465/3587/1
f 1468/3586/1 1467/3588/1 1465/3587/1
f 1467/3588/1 1464/3589/1 1465/3587/1
f 1464/3589/1 1463/3590/1 1465/3587/1
f 1415/3581/1 1419/3391/1 1416/3395/1
f 1463/3590/1 1461/3591/1 1465/3587/1
f 1461/3591/1 1460/3332/1 1465/3587/1
f 1460/3332/1 1458/3592/1 1465/3587/1
f 1458/3592/1 1456/3593/1 1465/3587/1
f 1426/3576/1 1432/3571/1 1429/3574/1
f 1456/3593/1 1454/3594/1 1465/3587/1
f 1454/3594/1 1451/3595/1 1462/3596/1
f 1451/3595/1 1450/3597/1 1462/3596/1
f 1465/3587/1 1454/3594/1 1462/3596/1
f 1450/3597/1 1448/3598/1 1462/3596/1
f 1448/3598/1 1445/3599/1 1459/3600/1
f 1445/3599/1 1444/3601/1 1459/3600/1
f 1525/3602/1 1524/3567/1 1473/3558/1
f 1444/3601/1 1442/3603/1 1459/3600/1
f 1462/3596/1 1448/3598/1 1459/3600/1
f 1442/3603/1 1441/3604/1 1455/3605/1
f 1441/3604/1 1437/3606/1 1449/3607/1
f 1455/3605/1 1441/3604/1 1449/3607/1
f 1437/3606/1 1435/3608/1 1447/3609/1
f 1435/3608/1 1433/3610/1 1447/3609/1
f 1433/3610/1 1434/3611/1 1436/3612/1
f 1436/3612/1 1438/3613/1 1440/3614/1
f 1440/3614/1 1443/3615/1 1436/3612/1
f 1443/3615/1 1447/3609/1 1433/3610/1
f 1436/3612/1 1443/3615/1 1433/3610/1
f 1447/3609/1 1449/3607/1 1437/3606/1
f 1455/3605/1 1459/3600/1 1442/3603/1
f 1492/3616/1 1496/3617/1 1523/3618/1
f 1469/3585/1 1492/3616/1 1473/3558/1
f 1527/3619/1 1525/3602/1 1540/3620/1
f 1525/3602/1 1473/3558/1 1540/3620/1
f 1531/3621/1 1529/3622/1 1528/3623/1
f 1528/3623/1 1527/3619/1 1540/3620/1
f 1492/3616/1 1523/3618/1 1533/3624/1
f 1531/3621/1 1528/3623/1 1535/3625/1
f 1535/3625/1 1528/3623/1 1536/3626/1
f 1492/3616/1 1533/3624/1 1539/3627/1
f 1492/3616/1 1539/3627/1 1544/3628/1
f 1539/3627/1 1546/3629/1 1544/3628/1
f 1473/3558/1 1492/3616/1 1544/3628/1
f 1528/3623/1 1540/3620/1 1537/3630/1
f 1535/3625/1 1532/3631/1 1531/3621/1
f 1537/3630/1 1536/3626/1 1528/3623/1
f 1540/3620/1 1538/3632/1 1537/3630/1
f 1542/3633/1 1541/3634/1 1473/3558/1
f 1541/3634/1 1540/3620/1 1473/3558/1
f 1543/3635/1 1542/3633/1 1473/3558/1
f 1546/3629/1 1547/3636/1 1544/3628/1
f 1547/3636/1 1553/3637/1 1549/3638/1
f 1553/3637/1 1558/3639/1 1554/3640/1
f 1552/3641/1 1553/3637/1 1554/3640/1
f 1558/3639/1 1559/3642/1 1557/3643/1
f 1559/3642/1 1564/1156/1 1565/1155/1
f 1564/1156/1 1568/3644/1 1576/3645/1
f 1576/3645/1 1580/3646/1 1583/1157/1
f 1583/1157/1 1582/3647/1 1565/1155/1
f 1582/3647/1 1579/3648/1 1565/1155/1
f 1579/3648/1 1577/3649/1 1565/1155/1
f 1577/3649/1 1574/3650/1 1565/1155/1
f 1574/3650/1 1570/3651/1 1565/1155/1
f 1565/1155/1 1562/3652/1 1559/3642/1
f 1562/3652/1 1557/3643/1 1559/3642/1
f 1557/3643/1 1554/3640/1 1558/3639/1
f 1552/3641/1 1550/3653/1 1553/3637/1
f 1550/3653/1 1549/3638/1 1553/3637/1
f 1544/3628/1 1543/3635/1 1473/3558/1
f 1549/3638/1 1544/3628/1 1547/3636/1
f 1576/3645/1 1583/1157/1 1564/1156/1
f 1336/1158/688 1585/1370/688 1584/1159/689
f 1364/1161/690 1504/1468/1354 1505/1162/691
f 1262/1164/693 1449/3654/693 1447/1165/694
f 1363/1163/692 1505/1162/691 1506/1167/695
f 1307/1169/696 1528/1350/696 1529/1170/697
f 1388/1172/698 1477/3655/1355 1478/1173/699
f 1351/1175/701 1561/3656/701 1581/1176/702
f 1326/1178/703 1563/1194/703 1560/1179/704
f 1339/1181/705 1591/1421/705 1589/1182/706
f 1278/1184/707 1564/1206/724 1559/1185/708
f 1276/1187/709 1558/1467/709 1553/1188/710
f 1289/1190/712 1562/3657/712 1565/1191/713
f 1327/1193/715 1566/1199/719 1563/1194/703
f 1274/1195/716 1547/1309/716 1546/1196/717
f 1328/1198/718 1567/1210/727 1566/1199/719
f 1325/1180/704 1560/1179/704 1556/1200/720
f 1361/1202/721 1507/3658/1356 1508/1203/722
f 1279/1205/723 1568/1259/760 1564/1206/724
f 1360/1204/722 1508/1203/722 1509/1207/725
f 1329/1209/726 1569/1221/736 1567/1210/727
f 1387/1174/700 1478/1173/699 1479/1211/728
f 1244/1213/730 1456/3659/1357 1458/1214/731
f 1288/1192/714 1565/1191/713 1570/1216/733
f 1359/1208/725 1509/1207/725 1511/1218/734
f 1330/1220/735 1571/1226/740 1569/1221/736
f 1317/1222/737 1318/1228/738 1510/1223/738
f 1331/1225/739 1572/1234/745 1571/1226/740
f 1319/1227/741 1513/1255/741 1510/1223/738
f 1386/1212/729 1479/1211/728 1481/1229/742
f 1243/1215/732 1458/1214/731 1460/1231/743
f 1332/1233/744 1573/1253/756 1572/1234/745
f 1409/1235/746 1415/1249/746 1414/1236/747
f 1316/1238/748 1317/1222/737 1512/1224/737
f 1408/1237/747 1414/1236/747 1416/1240/749
f 1385/1230/742 1481/1229/742 1482/1242/750
f 1242/1232/743 1460/1231/743 1461/1244/751
f 1287/1217/733 1570/1216/733 1574/1246/752
f 1410/1248/753 1417/1263/753 1415/1249/746
f 1316/1238/748 1514/1239/748 1515/1250/754
f 1333/1252/755 1575/1275/769 1573/1253/756
f 1320/1254/757 1516/1283/757 1513/1255/741
f 1384/1243/750 1482/1242/750 1483/1256/758
f 1280/1258/759 1576/1292/759 1568/1259/760
f 1407/1241/749 1416/1240/749 1418/1260/761
f 1411/1262/762 1419/1279/762 1417/1263/753
f 1315/1251/754 1515/1250/754 1517/1264/763
f 1557/1266/764 1562/3657/712 1289/1190/712
f 1241/1245/751 1461/1244/751 1463/1268/765
f 1286/1247/752 1574/1246/752 1577/1270/766
f 1314/1265/763 1517/1264/763 1518/1272/767
f 1334/1274/768 1578/1363/768 1575/1275/769
f 1406/1261/761 1418/1260/761 1420/1276/770
f 1412/1278/771 1421/1299/771 1419/1279/762
f 1313/1273/767 1518/1272/767 1519/1280/772
f 1321/1282/773 1520/1334/773 1516/1283/757
f 1382/1284/774 1484/1442/774 1485/1285/775
f 1240/1269/765 1463/1268/765 1464/1287/777
f 1285/1271/766 1577/1270/766 1579/1289/778
f 1281/1291/779 1580/1324/779 1576/1292/759
f 1237/3660/781 1238/1313/790 1467/1312/790
f 1237/3660/781 1467/1312/790 1468/1294/781
f 1473/3301/1358 1235/1149/1358 1236/1293/780
f 1236/1293/780 1237/3660/781 1468/1294/781
f 1470/1295/780 1473/3301/1358 1236/1293/780
f 1381/1286/776 1485/1285/775 1486/1296/782
f 1413/1298/783 1423/1457/889 1421/1299/771
f 1358/1219/734 1511/1218/734 1521/1300/784
f 1251/3661/1359 1252/1354/819 1441/1353/819
f 1251/3661/1359 1441/1353/819 1442/3662/1359
f 1250/3663/785 1251/3661/1359 1442/3662/1359
f 1250/3663/785 1442/3662/1359 1444/1302/785
f 1448/3664/878 1248/1445/878 1249/1304/786
f 1249/1304/786 1250/3663/785 1444/1302/785
f 1445/1303/786 1448/3664/878 1249/1304/786
f 1380/1297/782 1486/1296/782 1487/1305/787
f 1312/1281/772 1519/1280/772 1522/1307/788
f 1275/1189/711 1553/1188/710 1547/1309/716
f 1379/1306/787 1487/1305/787 1488/1310/789
f 1239/1288/777 1464/1287/777 1467/1312/790
f 1378/1311/789 1488/1310/789 1489/1314/791
f 1284/1290/778 1579/1289/778 1582/1316/793
f 1323/1318/794 1534/1346/794 1526/1319/795
f 1311/1308/788 1522/1307/788 1524/1321/796
f 1282/1323/798 1583/1328/798 1580/1324/779
f 1262/1164/693 1263/3665/1360 1449/3654/693
f 1263/3665/1360 1264/1325/799 1455/3666/1360
f 1449/3654/693 1263/3665/1360 1455/3666/1360
f 1264/1325/799 1265/3667/800 1462/1326/800
f 1265/3667/800 1266/3668/1361 1465/3669/1361
f 1266/3668/1361 1267/3670/1362 1465/3669/1361
f 1267/3670/1362 1268/1463/1363 1469/3671/1362
f 1465/3669/1361 1267/3670/1362 1469/3671/1362
f 1268/1463/1363 1492/1462/1363 1469/3671/1362
f 1265/3667/800 1465/3669/1361 1462/1326/800
f 1459/1327/799 1455/3666/1360 1264/1325/799
f 1283/1317/793 1582/1316/793 1583/1328/798
f 1310/1322/797 1524/1321/796 1525/1329/801
f 1402/1331/803 1425/1413/803 1426/1332/804
f 1322/1320/795 1526/1319/795 1520/1334/773
f 1377/1315/792 1489/1314/791 1490/1335/806
f 1271/1337/808 1533/1441/808 1523/1338/809
f 1401/1333/805 1426/1332/804 1427/1340/810
f 1309/1330/802 1525/1329/801 1527/1342/812
f 1376/1336/807 1490/1335/806 1491/1344/814
f 1324/1201/720 1556/1200/720 1534/1346/794
f 1354/3672/1364 1355/1452/884 1545/3673/884
f 1354/3672/1364 1545/3673/884 1548/1347/815
f 1555/1403/852 1352/1404/852 1353/1349/816
f 1353/1349/816 1354/3672/1364 1548/1347/815
f 1551/1348/816 1555/1403/852 1353/1349/816
f 1308/1343/813 1527/1342/812 1528/1350/696
f 1491/1344/814 1493/3674/817 1374/1351/817
f 1253/1352/818 1437/1458/818 1441/1353/819
f 1400/1341/811 1427/1340/810 1429/1355/820
f 1273/1197/717 1546/1196/717 1539/1357/821
f 1399/1356/820 1429/1355/820 1430/1359/823
f 1350/1177/702 1581/1176/702 1586/1361/824
f 1335/1160/689 1584/1159/689 1578/1363/768
f 1398/1360/823 1430/1359/823 1432/1364/825
f 1544/3675/1365 1295/3676/1365 1296/3677/828
f 1297/1366/827 1298/1391/843 1541/3678/1366
f 1544/3675/1365 1296/3677/828 1543/1368/828
f 1296/3677/828 1297/1366/827 1543/1368/828
f 1297/1366/827 1541/3678/1366 1542/1367/827
f 1337/1369/829 1587/1385/838 1585/1370/688
f 1557/1266/764 1290/1267/764 1291/3679/1367
f 1557/1266/764 1291/3679/1367 1554/3680/1368
f 1291/3679/1367 1292/3681/1369 1554/3680/1368
f 1554/3680/1368 1292/3681/1369 1552/3682/1369
f 1292/3681/1369 1293/3683/831 1552/3682/1369
f 1294/1371/830 1295/3676/1370 1544/3675/1370
f 1552/3682/1369 1293/3683/831 1550/1373/831
f 1293/3683/831 1294/1371/830 1550/1373/831
f 1294/1371/830 1544/3675/1370 1549/1372/830
f 1256/1374/832 1434/1397/832 1433/1375/833
f 1357/1301/784 1521/1300/784 1530/1377/834
f 1349/1362/824 1586/1361/824 1588/1379/835
f 1255/1376/833 1433/1375/833 1435/1381/836
f 1306/1171/697 1529/1170/697 1531/1383/837
f 1338/1183/706 1589/1182/706 1587/1385/838
f 1303/1386/839 1535/1409/839 1536/1387/840
f 1299/3684/1371 1300/3685/1372 1538/1389/841
f 1300/3685/1372 1301/3686/297 1538/1389/841
f 1301/3686/297 1302/1388/840 1536/1387/840
f 1301/3686/297 1536/1387/840 1537/3687/297
f 1298/1391/843 1299/3684/1371 1538/1389/841
f 1540/1390/842 1541/3678/1366 1298/1391/843
f 1301/3686/297 1537/3687/297 1538/1389/841
f 1305/1384/837 1531/1383/837 1532/1392/844
f 1374/1351/817 1493/3674/817 1494/1394/845
f 1257/1396/847 1436/1406/854 1434/1397/832
f 1373/1395/846 1494/1394/845 1495/1398/848
f 1392/3688/1373 1393/3689/1374 1457/3690/1374
f 1393/3689/1374 1394/3691/1375 1452/3692/1375
f 1394/3691/1375 1395/3693/1376 1452/3692/1375
f 1395/3693/1376 1396/1423/863 1446/3694/1376
f 1452/3692/1375 1395/3693/1376 1446/3694/1376
f 1396/1423/863 1439/1422/863 1446/3694/1376
f 1393/3689/1374 1452/3692/1375 1457/3690/1374
f 1391/3695/1377 1392/3688/1373 1472/3696/1373
f 1392/3688/1373 1457/3690/1374 1472/3696/1373
f 1390/3697/850 1391/3695/1377 1474/3698/1377
f 1391/3695/1377 1472/3696/1373 1474/3698/1377
f 1477/3655/1355 1388/1172/698 1389/1402/851
f 1389/1402/851 1390/3697/850 1475/1400/850
f 1390/3697/850 1474/3698/1377 1475/1400/850
f 1476/1401/851 1477/3655/1355 1389/1402/851
f 1555/1403/852 1561/3656/701 1351/1175/701
f 1258/1405/853 1438/1427/867 1436/1406/854
f 1348/1380/835 1588/1379/835 1590/1407/855
f 1304/1393/844 1532/1392/844 1535/1409/839
f 1372/1399/849 1495/1398/848 1497/1410/856
f 1425/1413/803 1402/1331/803 1403/1414/858
f 1403/1414/858 1404/3699/1378 1424/1412/858
f 1404/3699/1378 1405/1277/770 1422/3700/1378
f 1424/1412/858 1404/3699/1378 1422/3700/1378
f 1405/1277/770 1420/1276/770 1422/3700/1378
f 1506/1167/695 1507/3658/1356 1361/1202/721
f 1244/1213/730 1245/3701/860 1456/3659/1357
f 1245/3701/860 1246/1415/859 1454/1417/860
f 1456/3659/1357 1245/3701/860 1454/1417/860
f 1246/1415/859 1247/1447/880 1450/1446/879
f 1246/1415/859 1450/1446/879 1451/1416/859
f 1371/1411/857 1497/1410/856 1498/1418/861
f 1340/1420/53 1592/1436/873 1591/1421/705
f 1397/1365/826 1432/1364/825 1439/1422/863
f 1370/1419/862 1498/1418/861 1499/1424/864
f 1259/1426/866 1440/1449/882 1438/1427/867
f 1347/1408/855 1590/1407/855 1593/1428/868
f 1233/3702/1379 1234/1151/1380 1480/1150/1380
f 1233/3702/1379 1480/1150/1380 1471/3703/1379
f 1232/3704/1381 1233/3702/1379 1471/3703/1379
f 1232/3704/1381 1471/3703/1379 1466/3705/1381
f 1231/3706/869 1232/3704/1381 1466/3705/1381
f 1231/3706/869 1466/3705/1381 1453/1430/869
f 1428/3707/888 1229/1456/888 1230/1432/870
f 1230/1432/870 1231/3706/869 1453/1430/869
f 1431/1431/870 1428/3707/888 1230/1432/870
f 1369/1425/865 1499/1424/864 1500/1433/871
f 1341/1435/872 1594/1440/876 1592/1436/873
f 1368/1434/871 1500/1433/871 1501/1437/874
f 1342/1439/875 1595/1444/875 1594/1440/876
f 1272/1358/822 1539/1357/821 1533/1441/808
f 1383/1257/758 1483/1256/758 1484/1442/774
f 1343/1443/877 1596/1454/886 1595/1444/875
f 1248/1445/878 1448/3664/878 1450/1446/879
f 1260/1448/881 1443/1461/881 1440/1449/882
f 1346/1429/868 1593/1428/868 1597/1450/883
f 1530/1377/834 1545/3673/884 1355/1452/884
f 1344/1453/885 1598/1455/887 1596/1454/886
f 1345/1451/883 1597/1450/883 1598/1455/887
f 1229/1456/888 1428/3707/888 1423/1457/889
f 1254/1382/836 1435/1381/836 1437/1458/818
f 1270/1339/809 1523/1338/809 1496/1459/890
f 1261/1166/694 1447/1165/694 1443/1461/881
f 1269/1460/891 1496/1459/891 1492/1462/891
f 1501/1437/874 1502/3708/892 1366/1464/892
f 1366/1464/892 1502/3708/892 1503/1465/893
f 1277/1186/708 1559/1185/708 1558/1467/709
f 1365/1466/894 1503/1465/895 1504/1468/895
f 1632/3709/2 1631/3710/2 1649/3711/2
f 1631/3710/2 1630/3712/2 1649/3711/2
f 1632/3709/2 1649/3711/2 1633/3713/2
f 1630/3712/2 1629/1469/2 1600/1471/2
f 1629/1469/2 1628/3714/2 1623/3715/2
f 1623/3715/2 1628/3714/2 1624/3716/2
f 1628/3714/2 1627/3717/2 1625/3718/2
f 1627/3717/2 1626/3719/2 1625/3718/2
f 1625/3718/2 1624/3716/2 1628/3714/2
f 1633/3713/2 1649/3711/2 1634/3720/2
f 1629/1469/2 1623/3715/2 1622/3721/2
f 1634/3720/2 1649/3711/2 1635/3722/2
f 1636/3723/2 1635/3722/2 1649/3711/2
f 1638/3724/2 1637/3725/2 1649/3711/2
f 1637/3725/2 1636/3723/2 1649/3711/2
f 1640/3726/2 1639/3727/2 1648/3728/2
f 1639/3727/2 1638/3724/2 1648/3728/2
f 1642/3729/2 1641/3730/2 1646/3731/2
f 1641/3730/2 1640/3726/2 1647/3732/2
f 1646/3731/2 1641/3730/2 1647/3732/2
f 1644/3733/2 1643/3734/2 1642/3729/2
f 1646/3731/2 1645/3735/2 1642/3729/2
f 1645/3735/2 1644/3733/2 1642/3729/2
f 1648/3728/2 1647/3732/2 1640/3726/2
f 1599/3736/2 1649/3711/2 1630/3712/2
f 1649/3711/2 1648/3728/2 1638/3724/2
f 1601/3737/2 1600/1471/2 1619/3738/2
f 1600/1471/2 1599/3736/2 1630/3712/2
f 1601/3737/2 1619/3738/2 1602/3739/2
f 1603/3740/2 1602/3739/2 1619/3738/2
f 1603/3740/2 1619/3738/2 1618/3741/2
f 1605/3742/2 1604/3743/2 1618/3741/2
f 1604/3743/2 1603/3740/2 1618/3741/2
f 1607/3744/2 1606/3745/2 1605/3742/2
f 1609/3746/2 1608/3747/2 1607/3744/2
f 1611/3748/2 1610/3749/2 1609/3746/2
f 1613/3750/2 1612/3751/2 1609/3746/2
f 1612/3751/2 1611/3748/2 1609/3746/2
f 1615/3752/2 1614/3753/2 1613/3750/2
f 1617/3754/2 1616/3755/2 1605/3742/2
f 1616/3755/2 1615/3752/2 1605/3742/2
f 1615/3752/2 1613/3750/2 1605/3742/2
f 1609/3746/2 1607/3744/2 1613/3750/2
f 1607/3744/2 1605/3742/2 1613/3750/2
f 1629/1469/2 1622/3721/2 1621/1474/2
f 1629/1469/2 1621/1474/2 1620/1470/2
f 1618/3741/2 1617/3754/2 1605/3742/2
f 1619/3738/2 1600/1471/2 1620/1470/2
f 1665/3756/1 1663/3757/1 1664/3711/1
f 1663/3757/1 1662/3758/1 1664/3711/1
f 1662/3758/1 1661/3759/1 1664/3711/1
f 1661/3759/1 1659/3760/1 1664/3711/1
f 1659/3760/1 1658/3727/1 1660/3728/1
f 1658/3727/1 1656/3726/1 1660/3728/1
f 1656/3726/1 1653/3761/1 1657/3762/1
f 1653/3761/1 1652/3729/1 1655/3763/1
f 1652/3729/1 1650/3764/1 1651/3765/1
f 1651/3765/1 1654/3735/1 1652/3729/1
f 1654/3735/1 1655/3763/1 1652/3729/1
f 1655/3763/1 1657/3762/1 1653/3761/1
f 1657/3762/1 1660/3728/1 1656/3726/1
f 1660/3728/1 1664/3711/1 1659/3760/1
f 1664/3711/1 1670/3736/1 1669/3712/1
f 1670/3736/1 1671/3766/1 1669/3712/1
f 1671/3766/1 1672/3737/1 1681/3738/1
f 1681/3738/1 1672/3737/1 1673/3767/1
f 1673/3767/1 1674/3740/1 1681/3738/1
f 1681/3738/1 1674/3740/1 1683/3741/1
f 1674/3740/1 1678/3743/1 1683/3741/1
f 1678/3743/1 1690/3768/1 1683/3741/1
f 1690/3768/1 1693/3769/1 1695/3770/1
f 1695/3770/1 1697/3771/1 1699/3746/1
f 1699/3746/1 1700/3749/1 1698/3748/1
f 1698/3748/1 1696/3772/1 1699/3746/1
f 1696/3772/1 1694/3750/1 1699/3746/1
f 1694/3750/1 1692/3753/1 1691/3752/1
f 1691/3752/1 1689/3773/1 1690/3768/1
f 1689/3773/1 1685/3774/1 1690/3768/1
f 1694/3750/1 1691/3752/1 1690/3768/1
f 1690/3768/1 1695/3770/1 1694/3750/1
f 1695/3770/1 1699/3746/1 1694/3750/1
f 1664/3711/1 1669/3712/1 1668/3710/1
f 1666/3775/1 1665/3756/1 1664/3711/1
f 1668/3710/1 1667/3709/1 1664/3711/1
f 1667/3709/1 1666/3775/1 1664/3711/1
f 1677/3776/1 1675/1472/1 1682/3715/1
f 1675/1472/1 1669/3712/1 1671/3766/1
f 1677/3776/1 1682/3715/1 1684/3777/1
f 1671/3766/1 1681/3738/1 1679/1473/1
f 1685/3774/1 1683/3741/1 1690/3768/1
f 1686/3778/1 1677/3776/1 1684/3777/1
f 1687/3779/1 1688/3780/1 1686/3778/1
f 1684/3777/1 1687/3779/1 1686/3778/1
f 1671/3766/1 1679/1473/1 1675/1472/1
f 1682/3715/1 1675/1472/1 1680/3781/1
f 1680/3781/1 1675/1472/1 1676/1474/1
f 1608/1475/398 1697/1501/914 1695/1476/896
f 1637/1478/897 1661/1564/897 1662/1479/898
f 1644/1481/899 1651/1506/899 1650/1482/900
f 1669/1484/901 1675/3782/902 1629/1485/902
f 1628/1487/903 1677/1521/903 1686/1488/904
f 1636/1480/898 1662/1479/898 1663/1490/906
f 1653/1492/907 1656/3783/908 1640/1493/908
f 1643/1483/900 1650/1482/900 1652/1495/909
f 1612/1497/911 1696/1565/958 1698/1498/912
f 1609/1500/913 1699/1508/913 1697/1501/914
f 1642/1496/910 1652/1495/909 1653/1492/907
f 1603/1502/915 1674/1561/915 1673/1503/916
f 1645/1505/917 1654/1523/929 1651/1506/899
f 1610/1507/918 1700/1517/918 1699/1508/913
f 1635/1491/906 1663/1490/906 1665/1509/919
f 1626/1511/920 1688/1518/1382 1687/1512/921
f 1601/3784/1383 1602/1504/916 1673/1503/916
f 1601/3784/1383 1673/1503/916 1672/3785/1384
f 1600/3786/1385 1601/3784/1383 1672/3785/1384
f 1600/3786/1385 1672/3785/1384 1671/3787/1385
f 1599/3788/1386 1600/3786/1385 1671/3787/1385
f 1599/3788/1386 1671/3787/1385 1670/3789/1386
f 1649/3790/923 1599/3788/1386 1670/3789/1386
f 1649/3790/923 1670/3789/1386 1664/1514/923
f 1657/3791/1387 1647/1545/946 1648/1516/924
f 1648/1516/924 1649/3790/923 1664/1514/923
f 1660/1515/924 1657/3791/1387 1648/1516/924
f 1611/1499/912 1698/1498/912 1700/1517/918
f 1627/1489/905 1686/1488/904 1688/1518/925
f 1634/1510/919 1665/1509/919 1666/1519/927
f 1629/1485/902 1675/3782/902 1677/1521/903
f 1646/1522/928 1655/1546/928 1654/1523/929
f 1621/1524/930 1676/1528/933 1679/1525/931
f 1622/1527/932 1680/1542/944 1676/1528/933
f 1685/1529/934 1689/3792/935 1616/1530/935
f 1633/1520/927 1666/1519/927 1667/1532/936
f 1605/1534/937 1690/1552/937 1678/1535/938
f 1620/1526/939 1679/1525/939 1681/1537/940
f 1632/1533/936 1667/1532/936 1668/1539/942
f 1623/1541/943 1682/1556/954 1680/1542/944
f 1616/1530/935 1689/3792/935 1691/1543/945
f 1647/1545/946 1657/3791/1387 1655/1546/928
f 1668/1539/942 1669/1484/901 1630/1486/901
f 1615/1544/945 1691/1543/945 1692/1547/947
f 1619/1538/941 1681/1537/940 1683/1549/949
f 1605/1534/937 1606/1562/951 1693/1551/951
f 1640/1493/908 1656/3783/908 1658/1553/952
f 1624/1555/953 1684/1563/957 1682/1556/954
f 1639/1554/952 1658/1553/952 1659/1557/955
f 1614/1548/948 1692/1547/947 1694/1559/956
f 1604/1536/938 1678/1535/938 1674/1561/915
f 1618/1550/950 1683/1549/949 1685/1529/934
f 1606/1562/951 1607/1477/896 1695/1476/896
f 1625/1513/922 1687/1512/921 1684/1563/957
f 1638/1558/955 1659/1557/955 1661/1564/897
f 1613/1560/956 1694/1559/956 1696/1565/958
f 1759/3793/2 1758/3794/2 1767/3795/2
f 1758/3794/2 1757/3796/2 1767/3795/2
f 1757/3796/2 1756/3797/2 1768/3798/2
f 1756/3797/2 1755/3799/2 1768/3798/2
f 1755/3799/2 1754/3800/2 1768/3798/2
f 1754/3800/2 1753/3801/2 1768/3798/2
f 1753/3801/2 1752/3802/2 1770/3803/2
f 1752/3802/2 1751/3804/2 1770/3803/2
f 1751/3804/2 1750/3805/2 1774/3806/2
f 1753/3801/2 1770/3803/2 1769/3807/2
f 1760/3808/2 1759/3793/2 1767/3795/2
f 1767/3795/2 1757/3796/2 1768/3798/2
f 1762/3809/2 1761/3810/2 1764/3811/2
f 1761/3810/2 1760/3808/2 1764/3811/2
f 1764/3811/2 1763/3812/2 1762/3809/2
f 1766/3813/2 1765/3814/2 1764/3811/2
f 1767/3795/2 1766/3813/2 1760/3808/2
f 1769/3807/2 1768/3798/2 1753/3801/2
f 1772/3815/2 1771/3816/2 1751/3804/2
f 1771/3816/2 1770/3803/2 1751/3804/2
f 1766/3813/2 1764/3811/2 1760/3808/2
f 1773/3817/2 1772/3815/2 1751/3804/2
f 1774/3806/2 1773/3817/2 1751/3804/2
f 1750/3805/2 1749/3818/2 1785/3819/2
f 1774/3806/2 1750/3805/2 1775/3820/2
f 1775/3820/2 1750/3805/2 1776/3821/2
f 1749/3818/2 1748/3822/2 1785/3819/2
f 1776/3821/2 1750/3805/2 1777/3823/2
f 1747/3824/2 1746/3825/2 1735/3826/2
f 1746/3825/2 1745/3827/2 1736/3828/2
f 1747/3824/2 1735/3826/2 1734/3829/2
f 1777/3823/2 1750/3805/2 1778/3830/2
f 1748/3822/2 1747/3824/2 1734/3829/2
f 1778/3830/2 1750/3805/2 1779/3831/2
f 1779/3831/2 1750/3805/2 1782/3832/2
f 1745/3827/2 1744/3833/2 1737/3834/2
f 1744/3833/2 1743/3835/2 1740/3836/2
f 1743/3835/2 1742/3837/2 1740/3836/2
f 1742/3837/2 1741/3838/2 1740/3836/2
f 1740/3836/2 1739/3839/2 1738/3840/2
f 1738/3840/2 1737/3834/2 1744/3833/2
f 1737/3834/2 1736/3828/2 1745/3827/2
f 1740/3836/2 1738/3840/2 1744/3833/2
f 1735/3826/2 1746/3825/2 1736/3828/2
f 1782/3832/2 1750/3805/2 1784/3841/2
f 1784/3841/2 1750/3805/2 1785/3819/2
f 1781/3842/2 1780/3843/2 1779/3831/2
f 1782/3832/2 1781/3842/2 1779/3831/2
f 1784/3841/2 1783/3844/2 1782/3832/2
f 1785/3819/2 1748/3822/2 1734/3829/2
f 1734/3829/2 1733/3845/2 1785/3819/2
f 1785/3819/2 1733/3845/2 1786/3846/2
f 1733/3845/2 1732/3847/2 1786/3846/2
f 1786/3846/2 1732/3847/2 1787/3848/2
f 1732/3847/2 1731/3849/2 1787/3848/2
f 1787/3848/2 1731/3849/2 1788/3850/2
f 1731/3849/2 1730/3851/2 1788/3850/2
f 1788/3850/2 1730/3851/2 1789/3852/2
f 1730/3851/2 1729/3853/2 1706/3854/2
f 1789/3852/2 1730/3851/2 1790/3855/2
f 1790/3855/2 1730/3851/2 1791/3856/2
f 1728/3857/2 1727/3858/2 1707/3859/2
f 1727/3858/2 1726/3860/2 1710/3861/2
f 1728/3857/2 1706/3854/2 1729/3853/2
f 1791/3856/2 1730/3851/2 1706/3854/2
f 1706/3854/2 1728/3857/2 1707/3859/2
f 1726/3860/2 1725/3862/2 1717/3863/2
f 1725/3862/2 1724/3864/2 1718/3865/2
f 1724/3864/2 1723/3866/2 1719/3867/2
f 1723/3866/2 1722/3868/2 1719/3867/2
f 1722/3868/2 1721/3869/2 1719/3867/2
f 1721/3869/2 1720/3870/2 1719/3867/2
f 1719/3867/2 1718/3865/2 1724/3864/2
f 1718/3865/2 1717/3863/2 1725/3862/2
f 1717/3863/2 1716/3871/2 1726/3860/2
f 1716/3871/2 1715/3872/2 1713/3873/2
f 1715/3872/2 1714/3874/2 1713/3873/2
f 1713/3873/2 1712/3875/2 1711/3876/2
f 1711/3876/2 1710/3861/2 1726/3860/2
f 1710/3861/2 1709/3877/2 1727/3858/2
f 1711/3876/2 1726/3860/2 1713/3873/2
f 1709/3877/2 1708/3878/2 1727/3858/2
f 1708/3878/2 1707/3859/2 1727/3858/2
f 1713/3873/2 1726/3860/2 1716/3871/2
f 1792/3879/2 1791/3856/2 1706/3854/2
f 1793/3880/2 1792/3879/2 1706/3854/2
f 1793/3880/2 1706/3854/2 1794/3881/2
f 1706/3854/2 1705/3882/2 1796/3883/2
f 1794/3881/2 1706/3854/2 1795/3884/2
f 1795/3884/2 1706/3854/2 1796/3883/2
f 1705/3882/2 1704/3885/2 1796/3883/2
f 1704/3885/2 1703/3886/2 1796/3883/2
f 1702/3887/2 1701/3888/2 1879/3889/2
f 1701/3888/2 1893/3890/2 1892/3891/2
f 1879/3889/2 1701/3888/2 1880/3892/2
f 1796/3883/2 1703/3886/2 1797/3893/2
f 1703/3886/2 1702/3887/2 1797/3893/2
f 1892/3891/2 1891/3894/2 1701/3888/2
f 1891/3894/2 1890/3895/2 1701/3888/2
f 1890/3895/2 1889/3896/2 1701/3888/2
f 1889/3896/2 1888/3897/2 1701/3888/2
f 1888/3897/2 1887/3898/2 1881/3899/2
f 1887/3898/2 1886/3900/2 1881/3899/2
f 1886/3900/2 1885/3901/2 1882/3902/2
f 1885/3901/2 1884/3903/2 1882/3902/2
f 1884/3903/2 1883/3904/2 1882/3902/2
f 1882/3902/2 1881/3899/2 1886/3900/2
f 1881/3899/2 1880/3892/2 1888/3897/2
f 1879/3889/2 1878/3905/2 1702/3887/2
f 1701/3888/2 1888/3897/2 1880/3892/2
f 1798/3906/2 1797/3893/2 1702/3887/2
f 1799/3907/2 1798/3906/2 1702/3887/2
f 1878/3905/2 1877/3908/2 1702/3887/2
f 1799/3907/2 1702/3887/2 1876/3909/2
f 1876/3909/2 1702/3887/2 1877/3908/2
f 1800/3910/2 1799/3907/2 1876/3909/2
f 1801/3911/2 1800/3910/2 1875/3912/2
f 1800/3910/2 1876/3909/2 1875/3912/2
f 1804/3913/2 1803/3914/2 1811/3915/2
f 1803/3914/2 1802/3916/2 1838/3917/2
f 1811/3915/2 1803/3914/2 1812/3918/2
f 1802/3916/2 1801/3911/2 1874/3919/2
f 1801/3911/2 1875/3912/2 1874/3919/2
f 1805/3920/2 1804/3913/2 1811/3915/2
f 1807/3921/2 1806/3922/2 1809/3923/2
f 1806/3922/2 1805/3920/2 1809/3923/2
f 1809/3923/2 1808/3924/2 1807/3921/2
f 1802/3916/2 1874/3919/2 1873/3925/2
f 1802/3916/2 1873/3925/2 1872/3926/2
f 1810/3927/2 1809/3923/2 1805/3920/2
f 1811/3915/2 1810/3927/2 1805/3920/2
f 1802/3916/2 1872/3926/2 1871/3928/2
f 1802/3916/2 1871/3928/2 1839/3929/2
f 1802/3916/2 1839/3929/2 1838/3917/2
f 1871/3928/2 1870/3930/2 1839/3929/2
f 1812/3918/2 1803/3914/2 1838/3917/2
f 1869/1568/2 1868/3931/2 1860/3932/2
f 1868/3931/2 1867/3933/2 1866/3934/2
f 1870/3930/2 1869/1568/2 1840/1567/2
f 1839/3929/2 1870/3930/2 1840/1567/2
f 1813/3935/2 1812/3918/2 1838/3917/2
f 1868/3931/2 1866/3934/2 1860/3932/2
f 1866/3934/2 1865/3936/2 1864/3937/2
f 1864/3937/2 1863/3938/2 1862/3939/2
f 1862/3939/2 1861/3940/2 1864/3937/2
f 1861/3940/2 1860/3932/2 1864/3937/2
f 1860/3932/2 1859/3941/2 1858/3942/2
f 1860/3932/2 1858/3942/2 1869/1568/2
f 1858/3942/2 1857/3943/2 1869/1568/2
f 1866/3934/2 1864/3937/2 1860/3932/2
f 1814/3944/2 1813/3935/2 1838/3917/2
f 1815/3945/2 1814/3944/2 1829/3946/2
f 1816/3947/2 1815/3945/2 1828/3948/2
f 1819/3949/2 1818/3950/2 1823/3951/2
f 1818/3950/2 1817/3952/2 1825/3953/2
f 1817/3952/2 1816/3947/2 1827/3954/2
f 1814/3944/2 1838/3917/2 1837/3955/2
f 1869/1568/2 1857/3943/2 1856/3956/2
f 1869/1568/2 1856/3956/2 1855/3957/2
f 1818/3950/2 1825/3953/2 1824/3958/2
f 1814/3944/2 1837/3955/2 1836/3959/2
f 1825/3953/2 1817/3952/2 1826/3960/2
f 1821/3961/2 1820/3962/2 1819/3949/2
f 1823/3951/2 1822/3963/2 1819/3949/2
f 1822/3963/2 1821/3961/2 1819/3949/2
f 1824/3958/2 1823/3951/2 1818/3950/2
f 1827/3954/2 1826/3960/2 1817/3952/2
f 1829/3946/2 1828/3948/2 1815/3945/2
f 1828/3948/2 1827/3954/2 1816/3947/2
f 1831/3964/2 1830/3965/2 1814/3944/2
f 1830/3965/2 1829/3946/2 1814/3944/2
f 1833/3966/2 1832/3967/2 1814/3944/2
f 1832/3967/2 1831/3964/2 1814/3944/2
f 1835/3968/2 1834/3969/2 1814/3944/2
f 1834/3969/2 1833/3966/2 1814/3944/2
f 1836/3959/2 1835/3968/2 1814/3944/2
f 1869/1568/2 1855/3957/2 1854/3970/2
f 1869/1568/2 1854/3970/2 1841/1566/2
f 1854/3970/2 1853/3971/2 1841/1566/2
f 1848/3972/2 1847/3973/2 1846/3974/2
f 1848/3972/2 1846/3974/2 1845/3975/2
f 1849/3976/2 1848/3972/2 1844/3977/2
f 1848/3972/2 1845/3975/2 1844/3977/2
f 1850/3978/2 1849/3976/2 1844/3977/2
f 1850/3978/2 1844/3977/2 1843/3979/2
f 1851/3980/2 1850/3978/2 1843/3979/2
f 1851/3980/2 1843/3979/2 1852/3981/2
f 1843/3979/2 1842/3982/2 1852/3981/2
f 1852/3981/2 1842/3982/2 1853/3971/2
f 1842/3982/2 1841/1566/2 1853/3971/2
f 1962/3943/1 1961/3983/1 1957/3984/1
f 1961/3983/1 1960/3985/1 1957/3984/1
f 1960/3985/1 1959/3986/1388 1957/3984/1
f 1957/3984/1 1956/3987/1 1953/3936/1
f 1956/3987/1 1955/3988/1 1953/3936/1
f 1955/3988/1 1954/3989/1 1953/3936/1
f 1953/3936/1 1952/3990/1 1951/3933/1
f 1951/3933/1 1950/3991/1 1949/3992/1
f 1953/3936/1 1951/3933/1 1957/3984/1
f 1951/3933/1 1949/3992/1 1957/3984/1
f 1964/3993/1 1962/3943/1 1948/3994/1
f 1962/3943/1 1957/3984/1 1949/3992/1
f 1948/3994/1 1962/3943/1 1949/3992/1
f 1964/3993/1 1948/3994/1 1965/3995/1
f 1948/3994/1 1946/3996/1 1965/3995/1
f 1965/3995/1 1946/3996/1 1966/3997/1
f 1946/3996/1 1944/3926/1 1966/3997/1
f 1968/3998/1 1966/3997/1 1990/3999/1
f 1966/3997/1 1944/3926/1 1990/3999/1
f 1934/4000/1 1929/4001/1 1937/4002/1
f 1929/4001/1 1919/4003/1 1902/4004/1
f 1902/4004/1 1919/4003/1 1897/3897/1
f 1919/4003/1 1907/4005/1 1897/3897/1
f 1907/4005/1 1906/4006/1 1901/3900/1
f 1897/3897/1 1907/4005/1 1899/4007/1
f 1906/4006/1 1905/3904/1 1904/4008/1
f 1904/4008/1 1903/4009/1 1906/4006/1
f 1903/4009/1 1901/3900/1 1906/4006/1
f 1901/3900/1 1899/4007/1 1907/4005/1
f 1897/3897/1 1894/4010/1 1902/4004/1
f 1894/4010/1 1895/4011/1 1902/4004/1
f 1895/4011/1 1896/4012/1 1902/4004/1
f 1896/4012/1 1898/4013/1 1902/4004/1
f 1898/4013/1 1900/4014/1 1902/4004/1
f 1902/4004/1 1937/4002/1 1929/4001/1
f 1935/3908/1 1937/4002/1 1936/4015/1
f 1935/3908/1 1934/4000/1 1937/4002/1
f 1937/4002/1 1941/4016/1 1936/4015/1
f 1939/4017/1 1936/4015/1 1941/4016/1
f 1939/4017/1 1941/4016/1 1940/4018/1
f 1941/4016/1 1943/4019/1 1940/4018/1
f 1940/4018/1 1943/4019/1 1942/4020/1
f 1943/4019/1 1945/4021/1 1942/4020/1
f 1942/4020/1 1945/4021/1 1944/3926/1
f 1945/4021/1 1931/3854/1 1996/3906/1
f 1944/3926/1 1945/4021/1 1992/4022/1
f 1930/4023/1 1928/4024/1 1925/4025/1
f 1928/4024/1 1927/4026/1 1925/4025/1
f 1945/4021/1 1996/3906/1 1992/4022/1
f 1944/3926/1 1992/4022/1 1990/3999/1
f 1931/3854/1 1930/4023/1 1932/4027/1
f 1931/3854/1 1932/4027/1 1933/4028/1
f 1927/4026/1 1926/4029/1 1925/4025/1
f 1926/4029/1 1924/4030/1 1922/4031/1
f 1924/4030/1 1923/4032/1 1921/4033/1
f 1921/4033/1 1920/4034/1 1918/4035/1
f 1918/4035/1 1916/4036/1 1921/4033/1
f 1916/4036/1 1914/4037/1 1922/4031/1
f 1921/4033/1 1916/4036/1 1922/4031/1
f 1914/4037/1 1911/4038/1 1917/4039/1
f 1911/4038/1 1910/4040/1 1915/4041/1
f 1917/4039/1 1911/4038/1 1915/4041/1
f 1910/4040/1 1908/3870/1 1909/4042/1
f 1909/4042/1 1912/4043/1 1910/4040/1
f 1912/4043/1 1913/4044/1 1910/4040/1
f 1913/4044/1 1915/4041/1 1910/4040/1
f 1917/4039/1 1922/4031/1 1914/4037/1
f 1922/4031/1 1925/4025/1 1926/4029/1
f 1925/4025/1 1932/4027/1 1930/4023/1
f 1924/4030/1 1921/4033/1 1922/4031/1
f 1969/4045/1 1968/3998/1 1990/3999/1
f 1971/4046/1 1969/4045/1 1990/3999/1
f 1973/4047/1 1971/4046/1 1988/4048/1
f 1931/3854/1 1933/4028/1 1938/4049/1
f 1976/4050/1 1973/4047/1 1988/4048/1
f 1985/4051/1 1981/4052/1 1979/4053/1
f 1979/4053/1 1976/4050/1 1987/4054/1
f 1987/4054/1 1976/4050/1 1988/4048/1
f 1931/3854/1 1938/4049/1 1947/4055/1
f 1931/3854/1 1947/4055/1 1958/4056/1
f 1985/4051/1 1979/4053/1 1986/4057/1
f 1986/4057/1 1979/4053/1 1987/4054/1
f 1931/3854/1 1958/4056/1 1963/4058/1
f 1931/3854/1 1963/4058/1 1967/4059/1
f 1988/4048/1 1971/4046/1 1990/3999/1
f 1931/3854/1 1967/4059/1 1970/4060/1
f 1972/4061/1 1974/4062/1 1978/1569/1
f 1974/4062/1 1975/4063/1 1978/1569/1
f 1931/3854/1 1970/4060/1 1996/3906/1
f 1970/4060/1 1972/4061/1 1996/3906/1
f 1975/4063/1 1977/4064/1 1978/1569/1
f 1994/4065/1 1992/4022/1 1996/3906/1
f 1978/1569/1 1980/4066/1 1982/4067/1
f 1982/4067/1 1983/4068/1 1978/1569/1
f 1983/4068/1 1984/4069/1 1978/1569/1
f 1984/4069/1 1989/3827/1 1978/1569/1
f 1989/3827/1 1991/4070/1 1978/1569/1
f 1991/4070/1 2002/4071/1 1978/1569/1
f 1972/4061/1 1978/1569/1 1996/3906/1
f 1998/4072/1 1994/4065/1 1997/3907/1
f 1978/1569/1 2002/4071/1 2008/4073/1
f 2002/4071/1 2004/4074/1 2011/4075/1
f 2015/4076/1 2012/4077/1 2016/4078/1
f 2035/4079/1 2032/4080/1 2068/4081/1
f 2032/4080/1 2026/4082/1 2068/4081/1
f 2068/4081/1 2037/3967/1 2035/4079/1
f 2039/4083/1 2037/3967/1 2068/4081/1
f 2068/4081/1 2044/3965/1 2039/4083/1
f 2051/4084/1 2044/3965/1 2068/4081/1
f 2051/4084/1 2070/4085/1 2064/4086/1
f 2077/3954/1 2064/4086/1 2073/4087/1
f 2077/3954/1 2073/4087/1 2076/4088/1
f 2079/4089/1 2078/4090/1 2076/4088/1
f 2078/4090/1 2077/3954/1 2076/4088/1
f 2082/3951/1 2080/3958/1 2081/3950/1
f 2080/3958/1 2079/4089/1 2081/3950/1
f 2086/4091/1 2084/4092/1 2083/3949/1
f 2084/4092/1 2082/3951/1 2083/3949/1
f 2083/3949/1 2085/4093/1 2086/4091/1
f 2076/4088/1 2081/3950/1 2079/4089/1
f 2081/3950/1 2083/3949/1 2082/3951/1
f 2070/4085/1 2051/4084/1 2068/4081/1
f 2026/4082/1 2019/4094/1 2068/4081/1
f 2073/4087/1 2064/4086/1 2070/4085/1
f 2019/4094/1 2014/4095/1 2068/4081/1
f 2014/4095/1 2006/4096/1 2068/4081/1
f 2018/4097/1 2040/4098/1 2031/4099/1
f 2040/4098/1 2042/4100/1 2038/4101/1
f 2018/4097/1 2029/4102/1 2028/3823/1
f 2042/4100/1 2046/4103/1 2043/3807/1
f 2046/4103/1 2049/4104/1 2045/3798/1
f 2049/4104/1 2053/4105/1 2045/3798/1
f 2053/4105/1 2056/4106/1 2045/3798/1
f 2056/4106/1 2067/4107/1 2071/4108/1
f 2071/4108/1 2075/4109/1 2052/4110/1
f 2075/4109/1 2074/4111/1 2052/4110/1
f 2074/4111/1 2072/4112/1 2057/4113/1
f 2072/4112/1 2069/4114/1 2057/4113/1
f 2069/4114/1 2065/4115/1 2057/4113/1
f 2057/4113/1 2054/4116/1 2052/4110/1
f 2052/4110/1 2048/4117/1 2056/4106/1
f 2048/4117/1 2045/3798/1 2056/4106/1
f 2045/3798/1 2043/3807/1 2046/4103/1
f 2043/3807/1 2041/4118/1 2042/4100/1
f 2041/4118/1 2038/4101/1 2042/4100/1
f 2038/4101/1 2034/4119/1 2040/4098/1
f 2057/4113/1 2052/4110/1 2074/4111/1
f 2056/4106/1 2071/4108/1 2052/4110/1
f 2029/4102/1 2018/4097/1 2030/4120/1
f 2034/4119/1 2033/4121/1 2040/4098/1
f 2030/4120/1 2018/4097/1 2031/4099/1
f 2012/4077/1 2018/4097/1 2017/4122/1
f 2033/4121/1 2031/4099/1 2040/4098/1
f 2004/4074/1 2012/4077/1 2015/4076/1
f 2018/4097/1 2028/3823/1 2027/4123/1
f 2006/4096/1 1998/4072/1 2001/4124/1
f 2068/4081/1 2006/4096/1 2066/3935/1
f 2066/3935/1 2006/4096/1 2063/4125/1
f 2018/4097/1 2027/4123/1 2025/4126/1
f 2063/4125/1 2006/4096/1 2036/3914/1
f 2036/3914/1 2006/4096/1 2001/4124/1
f 2018/4097/1 2025/4126/1 2023/4127/1
f 2018/4097/1 2023/4127/1 2021/3844/1
f 2061/4128/1 2063/4125/1 2036/3914/1
f 2060/4129/1 2061/4128/1 2047/4130/1
f 2018/4097/1 2021/3844/1 2020/4131/1
f 2025/4126/1 2024/4132/1 2023/4127/1
f 2023/4127/1 2022/3832/1389 2021/3844/1
f 2020/4131/1 2017/4122/1 2018/4097/1
f 2012/4077/1 2017/4122/1 2016/4078/1
f 2059/4133/1 2060/4129/1 2047/4130/1
f 2061/4128/1 2036/3914/1 2047/4130/1
f 2058/4134/1 2062/4135/1 2059/4133/1
f 2050/4136/1 2055/4137/1 2059/4133/1
f 2055/4137/1 2058/4134/1 2059/4133/1
f 2047/4130/1 2050/4136/1 2059/4133/1
f 2004/4074/1 2015/4076/1 2013/4138/1
f 2004/4074/1 2013/4138/1 2011/4075/1
f 2000/4139/1 2001/4124/1 1998/4072/1
f 1999/4140/1 2000/4139/1 1998/4072/1
f 2002/4071/1 2011/4075/1 2010/4141/1
f 2002/4071/1 2010/4141/1 2009/4142/1
f 1997/3907/1 1999/4140/1 1998/4072/1
f 1996/3906/1 1997/3907/1 1994/4065/1
f 2002/4071/1 2009/4142/1 2008/4073/1
f 1993/4143/1 1996/3906/1 1978/1569/1
f 1978/1569/1 2008/4073/1 2007/4144/1
f 1978/1569/1 2007/4144/1 2005/4145/1
f 1995/1571/1 1993/4143/1 1978/1569/1
f 1978/1569/1 2005/4145/1 2003/1570/1
f 1813/1572/959 2066/1600/959 2063/1573/960
f 1872/1575/961 1944/1879/961 1946/1576/962
f 1850/1578/963 1973/1884/1155 1976/1579/964
f 1731/1581/965 1947/1763/965 1938/1582/966
f 1757/1584/967 2067/1623/967 2056/1585/968
f 1750/1587/969 2018/1878/969 2012/1588/970
f 1718/1590/971 1911/1850/971 1914/1591/972
f 1739/1593/974 1977/1608/974 1975/1594/975
f 1839/1596/977 1998/1819/977 2006/1597/978
f 1814/1599/979 2068/1613/979 2066/1600/959
f 1881/1601/980 1907/1832/980 1919/1602/981
f 1725/1604/982 1917/4146/982 1915/1605/983
f 1740/1607/985 1978/1625/985 1977/1608/974
f 1763/1609/986 2065/1887/986 2069/1610/987
f 1815/1612/989 2070/1632/970 2068/1613/979
f 2039/4147/1044 1831/1701/1044 1832/4148/1390
f 2039/4147/1044 1832/4148/1390 2037/4149/1390
f 1832/4148/1390 1833/4150/1391 2037/4149/1390
f 2037/4149/1390 1833/4150/1391 2035/4151/1391
f 1833/4150/1391 1834/4152/1392 2035/4151/1391
f 2035/4151/1391 1834/4152/1392 2032/4153/1392
f 1834/4152/1392 1835/4154/1393 2032/4153/1392
f 2032/4153/1392 1835/4154/1393 2026/4155/601
f 1835/4154/1393 1836/4156/992 2026/4155/601
f 1837/1614/990 1838/1598/978 2006/1597/978
f 2026/4155/601 1836/4156/992 2019/1616/992
f 1836/4156/992 1837/1614/990 2019/1616/992
f 1837/1614/990 2006/1597/978 2014/1615/991
f 1871/1577/962 1946/1576/962 1948/1617/993
f 1716/1619/994 1916/1727/994 1918/1620/995
f 1758/1622/996 2071/1655/996 2067/1623/967
f 1741/1624/997 1980/1647/1010 1978/1625/985
f 1762/1611/988 2069/1610/987 2072/1626/998
f 1779/4157/1394 1780/4158/1395 2013/4159/1396
f 1780/4158/1395 1781/4160/1397 2013/4159/1396
f 1781/4160/1397 1782/4161/1398 2013/4159/1396
f 1782/4161/1398 1783/4162/1399 2013/4159/1396
f 1783/4162/1399 1784/4163/1400 2013/4159/1396
f 1784/4163/1400 1785/4164/1401 2013/4159/1396
f 1785/4164/1401 1786/4165/1402 2013/4159/1396
f 1778/4166/1403 1779/4157/1394 2013/4159/1396
f 1786/4165/1402 1787/4167/1404 2013/4159/1396
f 1787/4167/1404 1788/4168/1405 2013/4159/1396
f 1788/4168/1405 1789/1716/1055 2011/1715/1054
f 1788/4168/1405 2011/1715/1054 2013/4159/1396
f 1778/4166/1403 2013/4159/1396 2015/4169/1406
f 1777/4170/1407 1778/4166/1403 2016/4171/1408
f 1778/4166/1403 2015/4169/1406 2016/4171/1408
f 1776/4172/1409 1777/4170/1407 2020/4173/1410
f 1777/4170/1407 2016/4171/1408 2017/4174/1411
f 1777/4170/1407 2017/4174/1411 2020/4173/1410
f 1775/4175/1412 1776/4172/1409 2021/4176/1413
f 1776/4172/1409 2020/4173/1410 2021/4176/1413
f 1774/4177/1414 1775/4175/1412 2022/4178/1415
f 1775/4175/1412 2021/4176/1413 2022/4178/1415
f 1773/4179/1416 1774/4177/1414 2023/4180/1417
f 1774/4177/1414 2022/4178/1415 2023/4180/1417
f 1770/4181/1418 1771/4182/1419 2041/4183/1418
f 1771/4182/1419 1772/1630/1001 2038/4184/1419
f 1770/4181/1418 2041/4183/1418 2043/4185/1420
f 1772/1630/1001 1773/4179/1416 2031/1628/999
f 1773/4179/1416 2023/4180/1417 2024/4186/1421
f 1769/4187/1420 1770/4181/1418 2043/4185/1420
f 1767/1789/1100 1768/4188/1422 2045/4189/1422
f 1768/4188/1422 1769/4187/1420 2043/4185/1420
f 2045/4189/1422 2048/4190/1100 1767/1789/1100
f 2043/4185/1420 2045/4189/1422 1768/4188/1422
f 1773/4179/1416 2024/4186/1421 2025/4191/1423
f 1773/4179/1416 2025/4191/1423 2027/4192/1424
f 2041/4183/1418 1771/4182/1419 2038/4184/1419
f 1773/4179/1416 2027/4192/1424 2028/4193/1425
f 1773/4179/1416 2028/4193/1425 2029/4194/1426
f 2034/4195/1375 2038/4184/1419 1772/1630/1001
f 1773/4179/1416 2029/4194/1426 2030/4196/1427
f 1773/4179/1416 2030/4196/1427 2031/1628/999
f 2033/1629/1000 2034/4195/1375 1772/1630/1001
f 1816/1631/1002 2073/1827/1002 2070/1632/970
f 1870/1618/993 1948/1617/993 1949/1633/1003
f 1715/1621/995 1918/1620/995 1920/1635/1004
f 1761/1627/998 2072/1626/998 2074/1637/1005
f 1714/1636/1004 1920/1635/1004 1921/1639/682
f 1849/1580/964 1976/1579/964 1979/1641/1007
f 1706/1643/1008 1931/4197/1008 1945/1644/1009
f 1742/1646/869 1982/1657/869 1980/1647/1010
f 1829/1648/1011 2051/1685/1011 2064/1649/1012
f 1889/1651/1013 1894/1732/1013 1897/1652/1014
f 1759/1654/1015 2075/1658/1015 2071/1655/996
f 1743/1656/1016 1983/1670/1016 1982/1657/869
f 1760/1638/1005 2074/1637/1005 2075/1658/1015
f 1713/1640/1006 1921/1639/682 1923/1659/1017
f 1995/1661/1018 2003/4198/1019 1795/1662/1019
f 1705/1645/1009 1945/1644/1009 1943/1664/1020
f 1931/4197/1428 1706/1643/1428 1707/4199/1429
f 1707/4199/1429 1708/4200/1023 1930/4201/1429
f 1708/4200/1023 1709/1666/1022 1928/1668/1023
f 1707/4199/1429 1930/4201/1429 1931/4197/1428
f 1709/1666/1022 1710/1698/1041 1926/1697/1041
f 1709/1666/1022 1926/1697/1041 1927/1667/1022
f 1930/4201/1429 1708/4200/1023 1928/1668/1023
f 1744/1669/1024 1984/1734/1024 1983/1670/1016
f 1868/1671/1025 1950/1703/1025 1951/1672/1026
f 1712/1660/1017 1923/1659/1017 1924/1674/1027
f 1846/1676/1028 1985/1709/1028 1986/1677/1029
f 1748/1679/1030 2004/1883/1030 2002/1680/1031
f 1867/1673/1026 1951/1672/1026 1952/1682/1032
f 1830/1684/1034 2044/1702/1034 2051/1685/1011
f 1866/1683/1033 1952/1682/1032 1953/1686/1035
f 1794/1688/1036 2005/1728/1036 2007/1689/1037
f 1793/1690/1037 2007/1689/1037 2008/1691/1038
f 1792/1692/1038 2008/1691/1038 2009/1693/1039
f 1848/1642/1007 1979/1641/1007 1981/1695/1040
f 1711/1675/1027 1924/1674/1027 1926/1697/1041
f 1865/1687/1035 1953/1686/1035 1954/1699/1042
f 1831/1701/1044 2039/4147/1044 2044/1702/1034
f 1869/1634/1003 1949/1633/1003 1950/1703/1025
f 1819/1704/1045 2083/1718/1057 2081/1705/1046
f 1791/1694/1039 2009/1693/1039 2010/1707/1048
f 1847/1696/1049 1981/1695/1049 1985/1709/1028
f 1864/1700/1043 1954/1699/1042 1955/1710/1050
f 1823/1712/1052 2082/4202/1430 2084/1713/1053
f 1790/1708/1048 2010/1707/1048 2011/1715/1054
f 1820/1717/1056 2085/1725/1431 2083/1718/1057
f 1752/1719/1058 2042/1747/1058 2040/1720/1059
f 1845/1678/1029 1986/1677/1029 1987/1722/1060
f 1821/1724/1061 2086/1726/1062 2085/1725/1062
f 1822/1714/1053 2084/1713/1053 2086/1726/1063
f 1717/1592/973 1914/1591/972 1916/1727/994
f 1795/1662/1019 2003/4198/1019 2005/1728/1036
f 1844/1723/1060 1987/1722/1060 1988/1729/1064
f 1890/1731/1066 1895/1738/1066 1894/1732/1013
f 1745/1733/1067 1989/1745/1067 1984/1734/1024
f 1863/1711/1051 1955/1710/1050 1956/1735/1068
f 1891/1737/1069 1896/1749/1069 1895/1738/1066
f 1737/1739/1070 1974/1886/1070 1972/1740/1071
f 1843/1730/1065 1988/1729/1064 1990/1742/1072
f 1746/1744/1073 1991/1752/1073 1989/1745/1067
f 1753/1746/1074 2046/1770/1074 2042/1747/1058
f 1892/1748/1075 1898/1759/1075 1896/1749/1069
f 1842/1743/1072 1990/1742/1072 1992/1750/1076
f 1747/1681/1031 2002/1680/1031 1991/1752/1073
f 1888/1653/1014 1897/1652/1014 1899/1753/1077
f 1727/4203/1078 1728/4204/1432 1932/4205/1432
f 1728/4204/1432 1729/4206/1433 1933/4207/1433
f 1729/4206/1433 1730/1583/966 1938/1582/966
f 1729/4206/1433 1938/1582/966 1933/4207/1433
f 1728/4204/1432 1933/4207/1433 1932/4205/1432
f 1917/4146/982 1725/1604/982 1726/1757/1079
f 1726/1757/1079 1727/4203/1078 1925/1755/1078
f 1727/4203/1078 1932/4205/1432 1925/1755/1078
f 1922/1756/1079 1917/4146/982 1726/1757/1079
f 1893/1758/1080 1900/1774/1080 1898/1759/1075
f 1862/1736/1068 1956/1735/1068 1957/1760/1081
f 1732/1762/1083 1958/1801/1083 1947/1763/965
f 1879/4208/1434 1880/1603/981 1919/1602/981
f 1879/4208/1434 1919/1602/981 1929/4209/1434
f 1878/4210/1084 1879/4208/1434 1929/4209/1434
f 1878/4210/1084 1929/4209/1434 1934/1764/1084
f 1936/4211/1435 1876/1812/1113 1877/1766/1086
f 1877/1766/1086 1878/4210/1084 1934/1764/1084
f 1935/1765/1085 1936/4211/1435 1877/1766/1086
f 1841/1751/1076 1992/1750/1076 1994/1767/1087
f 1754/1769/1088 2049/1795/1088 2046/1770/1074
f 1887/1754/1077 1899/1753/1077 1901/1771/1089
f 1701/1773/1090 1902/1865/1090 1900/1774/1091
f 1861/1761/1082 1957/1760/1081 1959/1775/1092
f 1805/1777/1093 2050/1816/1093 2047/1778/1094
f 1797/1780/1095 1993/1786/1095 1995/1661/1018
f 1860/1776/1092 1959/1775/1092 1960/1781/1096
f 1886/1772/1089 1901/1771/1089 1903/1783/1097
f 1798/1785/1098 1996/1799/1098 1993/1786/1095
f 1859/1782/1096 1960/1781/1096 1961/1787/784
f 1767/1789/1100 2048/4190/1100 2052/1790/1101
f 1858/1788/1099 1961/1787/784 1962/1792/1102
f 1755/1794/1104 2053/1831/1125 2049/1795/1088
f 1885/1784/1097 1903/1783/1097 1904/1796/1105
f 1799/1798/1106 1997/1823/1120 1996/1799/1098
f 1733/1800/1107 1963/1834/1127 1958/1801/1083
f 1804/1779/1094 2047/1778/1094 2036/1802/1108
f 1803/1803/1108 2036/1802/1108 2001/1804/1109
f 1884/1797/1105 1904/1796/1105 1905/1806/1110
f 1766/1791/1101 2052/1790/1101 2054/1808/1111
f 1857/1793/1103 1962/1792/1102 1964/1810/1112
f 1876/1812/1113 1936/4211/1435 1939/1813/1114
f 1806/1815/1116 2055/1845/1116 2050/1816/1093
f 1883/1807/1110 1905/1806/1110 1906/1817/1117
f 1840/1768/1087 1994/1767/1087 1998/1819/977
f 1856/1811/1112 1964/1810/1112 1965/1820/1118
f 1800/1822/1119 1999/1847/1135 1997/1823/1120
f 1824/4212/1436 1825/4213/1437 2079/1824/1121
f 1825/4213/1437 1826/4214/410 2079/1824/1121
f 1826/4214/410 1827/1873/1150 2077/1872/1150
f 1826/4214/410 2077/1872/1150 2078/4215/410
f 1823/1712/1052 1824/4212/1436 2079/1824/1121
f 2080/1825/1122 2082/4202/1430 1823/1712/1052
f 1826/4214/410 2078/4215/410 2079/1824/1121
f 1817/1826/1123 2076/1830/1123 2073/1827/1002
f 1855/1821/1118 1965/1820/1118 1966/1828/1124
f 1818/1706/1047 2081/1705/1046 2076/1830/1123
f 1756/1586/968 2056/1585/968 2053/1831/1125
f 1882/1818/1117 1906/1817/1117 1907/1832/980
f 1734/1833/1126 1967/1859/1126 1963/1834/1127
f 1721/1835/1128 1909/1857/1128 1908/1836/1129
f 1765/1809/1111 2054/1808/1111 2057/1838/1130
f 1720/1837/1129 1908/1836/1129 1910/1840/1131
f 1854/1829/1124 1966/1828/1124 1968/1842/1132
f 1807/1844/1133 2058/1875/1438 2055/1845/1116
f 1801/1846/1134 2000/1882/1134 1999/1847/1135
f 1875/1814/1115 1939/1813/1114 1940/1848/1136
f 1719/1841/1131 1910/1840/1131 1911/1850/971
f 1853/1843/1132 1968/1842/1132 1969/1851/1137
f 1703/1853/1138 1941/1868/1439 1937/1854/1139
f 1722/1856/1140 1912/1877/1140 1909/1857/1128
f 1735/1858/1141 1970/1871/1149 1967/1859/1126
f 1810/1860/1142 2060/1870/1142 2059/1861/1143
f 1874/1849/1136 1940/1848/1136 1942/1863/1006
f 1702/1855/1139 1937/1854/1139 1902/1865/1090
f 1852/1852/1137 1969/1851/1137 1971/1866/1144
f 1704/1665/1021 1943/1664/1020 1941/1868/1146
f 1811/1869/1148 2061/1881/1148 2060/1870/1142
f 1736/1741/1071 1972/1740/1071 1970/1871/1149
f 1828/1650/1012 2064/1649/1012 2077/1872/1150
f 1808/1874/1151 2062/1880/1154 2058/1875/1152
f 1723/1876/1153 1913/1885/1153 1912/1877/1140
f 1751/1721/1059 2040/1720/1059 2018/1878/969
f 1873/1864/1006 1942/1863/1006 1944/1879/961
f 1809/1862/1143 2059/1861/1143 2062/1880/1154
f 1812/1574/960 2063/1573/960 2061/1881/1148
f 1802/1805/1109 2001/1804/1109 2000/1882/1134
f 1749/1589/970 2012/1588/970 2004/1883/1030
f 1851/1867/1145 1971/1866/1144 1973/1884/1155
f 1724/1606/984 1915/1605/983 1913/1885/1153
f 1738/1595/976 1975/1594/975 1974/1886/1070
f 1764/1839/1130 2057/1838/1130 2065/1887/986
f 2251/4216/1 2254/4217/1 2238/4218/1
f 2254/4217/1 2255/4219/1 2253/4220/1
f 2248/4221/1 2254/4217/1 2253/4220/1
f 2248/4221/1 2238/4218/1 2254/4217/1
f 2238/4218/1 2237/4222/1 2251/4216/1
f 2237/4222/1 2235/4223/1 2251/4216/1
f 2235/4223/1 2234/4224/1 2250/1893/1
f 2234/4224/1 2233/4225/1 2250/1893/1
f 2233/4225/1 2232/4226/1 2247/4227/1
f 2232/4226/1 2231/4228/1 2246/4229/1
f 2231/4228/1 2230/4230/1 2246/4229/1
f 2230/4230/1 2229/4231/1 2246/4229/1
f 2229/4231/1 2228/4232/1 2245/4233/1
f 2228/4232/1 2225/4234/1 2241/4235/1
f 2225/4234/1 2223/1890/1 2236/1889/1
f 2228/4232/1 2241/4235/1 2245/4233/1
f 2223/1890/1 2222/4236/1 2239/1888/1
f 2222/4236/1 2221/4237/1 2243/4238/1
f 2221/4237/1 2220/4239/1 2244/4240/1
f 2220/4239/1 2224/4241/1 2252/4242/1
f 2244/4240/1 2220/4239/1 2252/4242/1
f 2224/4241/1 2226/4243/1 2227/4244/1
f 2227/4244/1 2249/4245/1 2252/4242/1
f 2227/4244/1 2252/4242/1 2224/4241/1
f 2225/4234/1 2236/1889/1 2240/4246/1
f 2229/4231/1 2245/4233/1 2246/4229/1
f 2235/4223/1 2250/1893/1 2251/4216/1
f 2233/4225/1 2247/4227/1 2250/1893/1
f 2247/4227/1 2232/4226/1 2246/4229/1
f 2241/4235/1 2225/4234/1 2240/4246/1
f 2221/4237/1 2244/4240/1 2243/4238/1
f 2243/4238/1 2242/4247/1 2222/4236/1
f 2242/4247/1 2239/1888/1 2222/4236/1
f 2151/4219/2 2178/4248/2 2152/4220/2
f 2178/4248/2 2177/4249/2 2154/1892/2
f 2153/4250/2 2178/4248/2 2154/1892/2
f 2178/4248/2 2153/4250/2 2152/4220/2
f 2177/4249/2 2176/4216/2 2154/1892/2
f 2219/4251/2 2154/1892/2 2172/4233/2
f 2172/4233/2 2154/1892/2 2173/4229/2
f 2173/4229/2 2154/1892/2 2174/1891/2
f 2176/4216/2 2175/1893/2 2154/1892/2
f 2179/4252/2 2178/4248/2 2151/4219/2
f 2151/4219/2 2150/4253/2 2180/4254/2
f 2150/4253/2 2149/4255/2 2180/4254/2
f 2149/4255/2 2148/4256/2 2180/4254/2
f 2148/4256/2 2147/4257/2 2181/4258/2
f 2147/4257/2 2146/4259/2 2184/4260/2
f 2146/4259/2 2145/4261/2 2138/4262/2
f 2147/4257/2 2183/4263/2 2182/4264/2
f 2145/4261/2 2144/4265/2 2138/4262/2
f 2144/4265/2 2143/4266/2 2138/4262/2
f 2143/4266/2 2142/4267/2 2140/4268/2
f 2142/4267/2 2141/4269/2 2140/4268/2
f 2183/4263/2 2147/4257/2 2184/4260/2
f 2148/4256/2 2181/4258/2 2180/4254/2
f 2180/4254/2 2179/4252/2 2151/4219/2
f 2181/4258/2 2147/4257/2 2182/4264/2
f 2143/4266/2 2140/4268/2 2139/4270/2
f 2143/4266/2 2139/4270/2 2138/4262/2
f 2146/4259/2 2138/4262/2 2185/4271/2
f 2184/4260/2 2146/4259/2 2185/4271/2
f 2138/4262/2 2137/4272/2 2185/4271/2
f 2137/4272/2 2136/4273/2 2186/4274/2
f 2185/4271/2 2137/4272/2 2186/4274/2
f 2136/4273/2 2135/4275/2 2186/4274/2
f 2186/4274/2 2135/4275/2 2134/4276/2
f 2187/4277/2 2186/4274/2 2133/4278/2
f 2186/4274/2 2134/4276/2 2133/4278/2
f 2188/4279/2 2187/4277/2 2123/4280/2
f 2187/4277/2 2133/4278/2 2132/4281/2
f 2187/4277/2 2132/4281/2 2124/4282/2
f 2189/4283/2 2188/4279/2 2122/4284/2
f 2187/4277/2 2124/4282/2 2123/4280/2
f 2131/4285/2 2130/4286/2 2128/4287/2
f 2130/4286/2 2129/4288/2 2128/4287/2
f 2132/4281/2 2131/4285/2 2124/4282/2
f 2190/4289/2 2189/4283/2 2121/4290/2
f 2128/4287/2 2127/4291/2 2131/4285/2
f 2127/4291/2 2126/4292/2 2131/4285/2
f 2126/4292/2 2125/4293/2 2131/4285/2
f 2125/4293/2 2124/4282/2 2131/4285/2
f 2191/4294/2 2190/4289/2 2111/4295/2
f 2189/4283/2 2122/4284/2 2121/4290/2
f 2192/4296/2 2191/4294/2 2108/4297/2
f 2188/4279/2 2123/4280/2 2122/4284/2
f 2193/4298/2 2192/4296/2 2106/4299/2
f 2190/4289/2 2121/4290/2 2120/4300/2
f 2190/4289/2 2120/4300/2 2119/4301/2
f 2112/4302/2 2190/4289/2 2119/4301/2
f 2190/4289/2 2112/4302/2 2111/4295/2
f 2194/4303/2 2193/4298/2 2103/4304/2
f 2191/4294/2 2111/4295/2 2110/4305/2
f 2195/1897/2 2194/4303/2 2102/4306/2
f 2191/4294/2 2110/4305/2 2109/4307/2
f 2191/4294/2 2109/4307/2 2108/4297/2
f 2119/4301/2 2118/4308/2 2113/4309/2
f 2112/4302/2 2119/4301/2 2113/4309/2
f 2118/4308/2 2117/4310/2 2116/4311/2
f 2116/4311/2 2115/4312/2 2118/4308/2
f 2115/4312/2 2114/4313/2 2118/4308/2
f 2114/4313/2 2113/4309/2 2118/4308/2
f 2192/4296/2 2108/4297/2 2107/4314/2
f 2107/4314/2 2106/4299/2 2192/4296/2
f 2193/4298/2 2105/4315/2 2104/4316/2
f 2106/4299/2 2105/4315/2 2193/4298/2
f 2104/4316/2 2103/4304/2 2193/4298/2
f 2103/4304/2 2102/4306/2 2194/4303/2
f 2102/4306/2 2101/1899/2 2195/1897/2
f 2101/1899/2 2100/4317/2 2196/4318/2
f 2100/4317/2 2099/4319/2 2198/4320/2
f 2099/4319/2 2098/4321/2 2199/4322/2
f 2100/4317/2 2197/4323/2 2196/4318/2
f 2098/4321/2 2097/4324/2 2201/4325/2
f 2097/4324/2 2096/4326/2 2202/4327/2
f 2098/4321/2 2201/4325/2 2200/4328/2
f 2096/4326/2 2095/4329/2 2203/4330/2
f 2095/4329/2 2094/4331/2 2204/4332/2
f 2094/4331/2 2093/4333/2 2205/4334/2
f 2093/4333/2 2092/4335/2 2206/4336/2
f 2205/4334/2 2093/4333/2 2206/4336/2
f 2092/4335/2 2091/4337/2 2206/4336/2
f 2091/4337/2 2090/4338/2 2207/1896/2
f 2206/4336/2 2091/4337/2 2207/1896/2
f 2090/4338/2 2089/1894/2 2207/1896/2
f 2089/1894/2 2088/4339/2 2209/4340/2
f 2211/4341/2 2170/4241/2 2169/4239/2
f 2088/4339/2 2087/4244/2 2210/4342/2
f 2087/4244/2 2171/4243/2 2170/4241/2
f 2212/4343/2 2169/4239/2 2168/4344/2
f 2212/4343/2 2168/4344/2 2213/4238/2
f 2168/4344/2 2167/4345/2 2213/4238/2
f 2213/4238/2 2167/4345/2 2214/4247/2
f 2167/4345/2 2166/1890/2 2215/1888/2
f 2166/1890/2 2165/4346/2 2216/4347/2
f 2216/4347/2 2165/4346/2 2217/4348/2
f 2165/4346/2 2164/4232/2 2218/4349/2
f 2164/4232/2 2163/4350/2 2219/4251/2
f 2165/4346/2 2218/4349/2 2217/4348/2
f 2163/4350/2 2162/4230/2 2219/4251/2
f 2162/4230/2 2161/4351/2 2219/4251/2
f 2161/4351/2 2160/4226/2 2219/4251/2
f 2160/4226/2 2159/4352/2 2219/4251/2
f 2159/4352/2 2158/4224/2 2219/4251/2
f 2158/4224/2 2157/4223/2 2219/4251/2
f 2157/4223/2 2156/4222/2 2219/4251/2
f 2156/4222/2 2155/4353/2 2219/4251/2
f 2155/4353/2 2154/1892/2 2219/4251/2
f 2219/4251/2 2218/4349/2 2164/4232/2
f 2170/4241/2 2211/4341/2 2087/4244/2
f 2169/4239/2 2212/4343/2 2211/4341/2
f 2202/4327/2 2096/4326/2 2203/4330/2
f 2101/1899/2 2196/4318/2 2195/1897/2
f 2197/4323/2 2100/4317/2 2198/4320/2
f 2201/4325/2 2097/4324/2 2202/4327/2
f 2166/1890/2 2216/4347/2 2215/1888/2
f 2198/4320/2 2099/4319/2 2199/4322/2
f 2167/4345/2 2215/1888/2 2214/4247/2
f 2200/4328/2 2199/4322/2 2098/4321/2
f 2087/4244/2 2211/4341/2 2210/4342/2
f 2088/4339/2 2210/4342/2 2209/4340/2
f 2203/4330/2 2095/4329/2 2204/4332/2
f 2204/4332/2 2094/4331/2 2205/4334/2
f 2089/1894/2 2209/4340/2 2208/1895/2
f 2256/4342/1 2252/4242/1 2249/4245/1
f 2249/4245/1 2260/1894/1 2263/4340/1
f 2260/1894/1 2264/4338/1 2270/1896/1
f 2263/4340/1 2260/1894/1 2266/4354/1
f 2264/4338/1 2269/4337/1 2270/1896/1
f 2269/4337/1 2272/4335/1 2274/4336/1
f 2270/1896/1 2269/4337/1 2274/4336/1
f 2272/4335/1 2276/4333/1 2274/4336/1
f 2276/4333/1 2278/4331/1 2277/4334/1
f 2274/4336/1 2276/4333/1 2277/4334/1
f 2278/4331/1 2285/4355/1 2279/4332/1
f 2285/4355/1 2305/4326/1 2282/4356/1
f 2305/4326/1 2317/4357/1 2288/4327/1
f 2317/4357/1 2326/4321/1 2298/4325/1
f 2305/4326/1 2288/4327/1 2282/4356/1
f 2326/4321/1 2335/4358/1 2314/4322/1
f 2335/4358/1 2337/4317/1 2316/4320/1
f 2321/1898/1 2337/4317/1 2342/1899/1
f 2342/1899/1 2346/4306/1 2322/4303/1
f 2320/4298/1 2346/4306/1 2347/4304/1
f 2347/4304/1 2349/4359/1 2320/4298/1
f 2349/4359/1 2348/4315/1 2320/4298/1
f 2348/4315/1 2345/4299/1 2320/4298/1
f 2345/4299/1 2344/4314/1 2318/4296/1
f 2344/4314/1 2343/4297/1 2318/4296/1
f 2345/4299/1 2318/4296/1 2320/4298/1
f 2343/4297/1 2341/4307/1 2315/4294/1
f 2341/4307/1 2340/4305/1 2315/4294/1
f 2340/4305/1 2339/4360/1 2315/4294/1
f 2339/4360/1 2338/4302/1 2312/4289/1
f 2338/4302/1 2336/4361/1 2329/4301/1
f 2336/4361/1 2334/4313/1 2329/4301/1
f 2334/4313/1 2333/4312/1 2330/4308/1
f 2333/4312/1 2332/4311/1 2330/4308/1
f 2332/4311/1 2331/4310/1 2330/4308/1
f 2318/4296/1 2343/4297/1 2315/4294/1
f 2337/4317/1 2321/1898/1 2319/4323/1
f 2346/4306/1 2320/4298/1 2322/4303/1
f 2277/4334/1 2278/4331/1 2279/4332/1
f 2256/4342/1 2249/4245/1 2263/4340/1
f 2266/4354/1 2260/1894/1 2270/1896/1
f 2338/4302/1 2329/4301/1 2312/4289/1
f 2334/4313/1 2330/4308/1 2329/4301/1
f 2342/1899/1 2322/4303/1 2323/1897/1
f 2329/4301/1 2328/4300/1 2312/4289/1
f 2315/4294/1 2339/4360/1 2312/4289/1
f 2328/4300/1 2327/4290/1 2312/4289/1
f 2327/4290/1 2325/4362/1 2307/4283/1
f 2279/4332/1 2285/4355/1 2282/4356/1
f 2325/4362/1 2324/4280/1 2301/4279/1
f 2324/4280/1 2313/4282/1 2286/4277/1
f 2313/4282/1 2310/4293/1 2300/4281/1
f 2286/4277/1 2313/4282/1 2300/4281/1
f 2310/4293/1 2309/4292/1 2308/4363/1
f 2308/4363/1 2306/4287/1 2302/4364/1
f 2306/4287/1 2304/4288/1 2302/4364/1
f 2304/4288/1 2303/4286/1 2302/4364/1
f 2310/4293/1 2308/4363/1 2300/4281/1
f 2288/4327/1 2317/4357/1 2298/4325/1
f 2308/4363/1 2302/4364/1 2300/4281/1
f 2311/4328/1 2298/4325/1 2326/4321/1
f 2291/4268/1 2290/4269/1 2289/4267/1
f 2289/4267/1 2287/4266/1 2291/4268/1
f 2287/4266/1 2284/4265/1 2291/4268/1
f 2284/4265/1 2283/4365/1 2292/4270/1
f 2283/4365/1 2281/4259/1 2292/4270/1
f 2281/4259/1 2267/4257/1 2273/4366/1
f 2267/4257/1 2262/4256/1 2265/4258/1
f 2262/4256/1 2259/4367/1 2261/4254/1
f 2259/4367/1 2257/4253/1 2261/4254/1
f 2257/4253/1 2255/4219/1 2258/4368/1
f 2255/4219/1 2254/4217/1 2258/4368/1
f 2267/4257/1 2265/4258/1 2268/4264/1
f 2261/4254/1 2257/4253/1 2258/4368/1
f 2292/4270/1 2291/4268/1 2284/4265/1
f 2262/4256/1 2261/4254/1 2265/4258/1
f 2293/4262/1 2292/4270/1 2281/4259/1
f 2294/4272/1 2293/4262/1 2275/4271/1
f 2293/4262/1 2281/4259/1 2275/4271/1
f 2267/4257/1 2268/4264/1 2271/4369/1
f 2295/4273/1 2294/4272/1 2280/4274/1
f 2296/4275/1 2295/4273/1 2280/4274/1
f 2294/4272/1 2275/4271/1 2280/4274/1
f 2267/4257/1 2271/4369/1 2273/4366/1
f 2281/4259/1 2273/4366/1 2275/4271/1
f 2297/4276/1 2296/4275/1 2280/4274/1
f 2299/4278/1 2297/4276/1 2280/4274/1
f 2299/4278/1 2280/4274/1 2286/4277/1
f 2300/4281/1 2299/4278/1 2286/4277/1
f 2286/4277/1 2301/4279/1 2324/4280/1
f 2314/4322/1 2311/4328/1 2326/4321/1
f 2316/4320/1 2314/4322/1 2335/4358/1
f 2301/4279/1 2307/4283/1 2325/4362/1
f 2319/4323/1 2316/4320/1 2337/4317/1
f 2307/4283/1 2312/4289/1 2327/4290/1
f 2203/1900/1156 2282/2111/1156 2288/1901/1157
f 2150/1903/1158 2257/4370/1158 2259/1904/1159
f 2128/1906/1160 2306/2133/1160 2308/1907/1161
f 2153/1909/1162 2248/1971/1202 2253/1910/1163
f 2125/1912/1164 2310/1937/1164 2313/1913/1165
f 2095/1915/1166 2285/2067/1166 2278/1916/1167
f 2143/1918/1168 2287/2140/1168 2289/1919/1169
f 2195/1921/1170 2323/2142/1170 2322/1922/1171
f 2092/1924/1172 2272/1988/1172 2269/1925/946
f 2127/1908/1161 2308/1907/1161 2309/1927/1173
f 2142/1920/1169 2289/1919/1169 2290/1929/1175
f 2216/1931/1176 2236/1942/1176 2239/1932/1177
f 2184/1934/1178 2273/1979/1178 2271/1935/1179
f 2126/1928/1174 2309/1927/1173 2310/1937/1164
f 2211/1938/1180 2252/4371/1180 2256/1939/1181
f 2217/1941/1182 2240/1959/1182 2236/1942/1176
f 2177/2138/1294 2178/1944/1184 2254/1943/1183
f 2178/1944/1184 2179/2018/1230 2258/1945/1185
f 2098/1946/1186 2326/2084/1186 2317/1947/1187
f 2161/1949/1188 2231/2087/1188 2232/1950/1189
f 2166/1954/1191 2167/4372/1190 2222/1952/1190
f 2167/4372/1190 2168/4373/1440 2222/1952/1190
f 2168/4373/1440 2169/2117/1286 2220/2116/1286
f 2168/4373/1440 2220/2116/1286 2221/4374/1440
f 2165/2114/1284 2166/1954/1191 2223/1953/1191
f 2223/1953/1191 2225/4375/1284 2165/2114/1284
f 2168/4373/1440 2221/4374/1440 2222/1952/1190
f 2103/1955/1192 2347/2072/1192 2346/1956/1193
f 2218/1958/1194 2241/2105/1279 2240/1959/1182
f 2207/1960/1195 2270/2136/1195 2274/1961/1196
f 2114/1963/1197 2334/2082/1197 2336/1964/1198
f 2097/1948/1187 2317/1947/1187 2305/1966/1199
f 2190/1968/1200 2312/2028/1200 2307/1969/1201
f 2153/1909/1162 2154/1972/1203 2248/1971/1202
f 2154/1972/1203 2155/4376/1441 2238/1973/1204
f 2141/1930/1175 2290/1929/1175 2291/1974/1205
f 2215/1933/1177 2239/1932/1177 2242/1976/1206
f 2185/1978/1207 2275/1984/1207 2273/1979/1178
f 2122/1980/926 2325/2104/926 2327/1981/1208
f 2186/1983/1209 2280/2041/1209 2275/1984/1207
f 2140/1975/1205 2291/1974/1205 2292/1985/1210
f 2093/1987/1211 2276/2038/1211 2272/1988/1172
f 2298/1989/1212 2311/4377/1213 2200/1990/1213
f 2148/1992/1214 2262/2054/1214 2267/1993/1215
f 2139/1986/1210 2292/1985/1210 2293/1995/1216
f 2214/1977/1206 2242/1976/1206 2243/1997/1217
f 2102/1957/1193 2346/1956/1193 2342/1999/1218
f 2244/2001/1219 2252/4371/1180 2211/1938/1180
f 2089/2003/1220 2260/2089/1220 2249/2004/1221
f 2138/1996/1216 2293/1995/1216 2294/2006/1222
f 2107/2008/1223 2344/4378/1223 2345/2009/1224
f 2206/1962/1196 2274/1961/1196 2277/2011/1225
f 2137/2007/1222 2294/2006/1222 2295/2013/1226
f 2121/1982/1208 2327/1981/1208 2328/2015/1227
f 2180/2017/1229 2261/2043/1229 2258/1945/1185
f 2200/1990/1213 2311/4377/1213 2314/2019/1231
f 2171/2021/1232 2226/2039/1232 2224/2022/1233
f 2109/4379/1234 2110/4380/1442 2340/4381/1442
f 2110/4380/1442 2111/4382/1443 2339/4383/1443
f 2111/4382/1443 2112/2097/1274 2338/4384/1274
f 2111/4382/1443 2338/4384/1274 2339/4383/1443
f 2108/2026/1235 2109/4379/1234 2341/2024/1234
f 2110/4380/1442 2339/4383/1443 2340/4381/1442
f 2344/4378/1223 2107/2008/1223 2108/2026/1235
f 2343/2025/1235 2344/4378/1223 2108/2026/1235
f 2109/4379/1234 2340/4381/1442 2341/2024/1234
f 2191/2027/1236 2315/2099/1276 2312/2028/1200
f 2120/2016/1228 2328/2015/1227 2329/2029/1237
f 2213/1998/1217 2243/1997/1217 2244/2001/1219
f 2088/2005/1221 2249/2004/1221 2227/2031/1238
f 2267/1993/1215 2281/4385/1239 2146/2033/1239
f 2136/2014/1226 2295/2013/1226 2296/2034/1240
f 2119/2030/1237 2329/2029/1237 2330/2036/1241
f 2094/1917/1167 2278/1916/1167 2276/2038/1211
f 2087/2032/1238 2227/2031/1238 2226/2039/1232
f 2187/2040/1242 2286/2113/1242 2280/2041/1209
f 2181/2042/1243 2265/2121/1243 2261/2043/1229
f 2135/2035/1240 2296/2034/1240 2297/2044/1244
f 2158/4386/1444 2159/2086/1269 2233/2085/1269
f 2158/4386/1444 2233/2085/1269 2234/4387/1444
f 2157/4388/1246 2158/4386/1444 2234/4387/1444
f 2157/4388/1246 2234/4387/1444 2235/2046/1246
f 2238/1973/1204 2155/4376/1441 2156/2048/1247
f 2156/2048/1247 2157/4388/1246 2235/2046/1246
f 2237/2047/1247 2238/1973/1204 2156/2048/1247
f 2210/1940/1181 2256/1939/1181 2263/2049/1248
f 2173/2051/1249 2246/2066/1249 2245/2052/1250
f 2149/1905/1159 2259/1904/1159 2262/2054/1214
f 2202/1902/1157 2288/1901/1157 2298/1989/1212
f 2118/2037/1241 2330/2036/1241 2331/2055/1252
f 2199/2020/1231 2314/2019/1231 2316/2057/1253
f 2205/2012/1225 2277/2011/1225 2279/2059/1254
f 2134/2045/1245 2297/2044/1244 2299/2061/1255
f 2117/2056/1252 2331/2055/1252 2332/2063/1256
f 2174/2065/1257 2247/2103/1257 2246/2066/1249
f 2096/1967/1199 2305/1966/1199 2285/2067/1166
f 2164/2068/1258 2228/2115/1285 2229/2069/1259
f 2104/2071/1260 2349/2079/1260 2347/2072/1192
f 2313/1913/1165 2324/4389/1261 2123/2073/1261
f 2133/2062/1255 2299/2061/1255 2300/2074/1262
f 2116/2064/1256 2332/2063/1256 2333/2076/1264
f 2105/2078/1266 2348/2092/1266 2349/2079/1260
f 2163/2070/1259 2229/2069/1259 2230/2080/1267
f 2115/2077/1265 2333/2076/1264 2334/2082/1197
f 2099/2083/1268 2335/2125/1268 2326/2084/1186
f 2160/1951/1189 2232/1950/1189 2233/2085/1269
f 2162/2081/1267 2230/2080/1267 2231/2087/1188
f 2090/2088/1270 2264/2132/1270 2260/2089/1220
f 2132/2075/1263 2300/2074/1262 2302/2090/1271
f 2106/2010/1224 2345/2009/1224 2348/2092/1266
f 2146/2033/1239 2281/4385/1239 2283/2093/1272
f 2257/4370/1158 2150/1903/1158 2151/2095/1273
f 2151/2095/1273 2152/1911/1163 2253/1910/1163
f 2255/2096/1273 2257/4370/1158 2151/2095/1273
f 2336/1964/1198 2338/4384/1274 2112/2097/1274
f 2192/2098/1275 2318/2119/1275 2315/2099/1276
f 2101/2000/1218 2342/1999/1218 2337/2100/1277
f 2175/2102/1278 2250/2127/1278 2247/2103/1257
f 2123/2073/1261 2324/4389/1261 2325/2104/926
f 2218/1958/1194 2219/2106/1280 2241/2105/1279
f 2219/2106/1280 2172/2053/1251 2245/2052/1250
f 2198/2058/1253 2316/2057/1253 2319/2107/1281
f 2209/2050/1248 2263/2049/1248 2266/2109/1282
f 2204/2060/1254 2279/2059/1254 2282/2111/1156
f 2188/2112/1283 2301/2137/1283 2286/2113/1242
f 2165/2114/1284 2225/4375/1284 2228/2115/1285
f 2170/2023/1233 2224/2022/1233 2220/2116/1286
f 2193/2118/1287 2320/2135/1287 2318/2119/1275
f 2182/2120/1288 2268/2141/1288 2265/2121/1243
f 2130/2122/1289 2303/2134/1289 2304/2123/1290
f 2100/2101/1277 2337/2100/1277 2335/2125/1268
f 2176/2126/1291 2251/2139/1291 2250/2127/1278
f 2145/2094/1272 2283/2093/1272 2284/2128/1292
f 2197/2108/1281 2319/2107/1281 2321/2130/1293
f 2091/1926/946 2269/1925/946 2264/2132/1270
f 2129/2124/1290 2304/2123/1290 2306/2133/1160
f 2131/2091/1271 2302/2090/1271 2303/2134/1289
f 2194/1923/1171 2322/1922/1171 2320/2135/1287
f 2208/2110/1282 2266/2109/1282 2270/2136/1195
f 2189/1970/1201 2307/1969/1201 2301/2137/1283
f 2177/2138/1294 2254/1943/1183 2251/2139/1291
f 2144/2129/1292 2284/2128/1292 2287/2140/1168
f 2183/1936/1179 2271/1935/1179 2268/2141/1288
f 2196/2131/1293 2321/2130/1293 2323/2142/1170
o home
v -261.999695 3.402405 85.327652
v -261.999695 317.704407 85.327660
v -261.999695 3.402405 -136.880249
v -261.999695 317.704407 -136.880280
v 82.908287 3.402405 85.327652
v 82.908287 317.704407 85.327660
v 82.908287 3.402405 -136.880249
v 82.908287 317.704407 -136.880280
v -261.999695 138.869629 85.327660
v -261.999695 138.869629 -136.880280
v 82.908287 138.869629 -136.880280
v 82.908287 138.869629 85.327660
v 82.908287 116.595001 -136.880280
v 82.908287 116.595001 85.327660
v 82.908287 181.138016 -136.880280
v 82.908287 181.138031 85.327660
v 82.908287 275.436035 85.327660
v 82.908287 275.436035 -136.880280
v -245.649078 178.765320 -136.880280
v -245.649078 277.808716 -136.880280
v -152.986465 277.808716 -136.880280
v -152.986465 178.765320 -136.880280
v -239.804108 138.869629 85.327660
v -177.103409 138.869629 85.327660
v -177.103409 317.704407 85.327660
v -239.804138 317.704407 85.327660
v -253.824371 317.704407 -136.880280
v -144.146866 317.704407 -136.880280
v -177.103394 249.510254 85.327660
v -239.804138 249.510254 85.327660
vn -1.0000 -0.0000 -0.0000
vn -0.0000 1.0000 -0.0000
vn -0.0000 -0.0000 -1.0000
vn -0.0000 -1.0000 -0.0000
vn 1.0000 -0.0000 -0.0000
vn -0.0000 -0.0000 1.0000
vt 0.725318 0.623257
vt 0.985654 0.832778
vt 0.725318 0.832778
vt 0.543747 0.636236
vt 0.521277 0.992401
vt 0.420777 0.992401
vt 0.506130 0.194823
vt 0.995706 0.194825
vt 0.995706 0.163207
vt 0.556840 0.636236
vt 0.004030 0.992403
vt 0.004029 0.636239
vt 0.576525 0.990809
vt 0.629105 0.466279
vt 0.629105 0.990809
vt 0.985654 0.991490
vt 0.725318 0.991490
vt 0.006434 0.488647
vt 0.540188 0.590176
vt 0.006434 0.590178
vt 0.540188 0.488645
vt 0.006434 0.488647
vt 0.140096 0.992402
vt 0.039597 0.992403
vt 0.004020 0.636238
vt 0.035655 0.353574
vt 0.004150 0.450372
vt 0.004149 0.196527
vt 0.124655 0.450371
vt 0.124655 0.353574
vt 0.506130 0.254820
vt 0.506130 0.388671
vt 0.840968 0.392040
vt 0.984101 0.448670
vt 0.828420 0.448669
vt 0.493725 0.256522
vt 0.493726 0.390373
vt 0.124654 0.196526
vt 0.035655 0.196526
vt 0.004149 0.004239
vt 0.985654 0.623257
vt 0.004019 0.992403
vt 0.004018 0.636238
vt 0.367952 0.636237
vt 0.556851 0.636236
vt 0.556853 0.992401
vt 0.995707 0.002537
vt 0.506131 0.002536
vt 0.556842 0.992401
vt 0.576525 0.466279
vt 0.556849 0.636236
vt 0.556850 0.992401
vt 0.004022 0.992403
vt 0.035655 0.450372
vt 0.972497 0.251454
vt 0.972497 0.392040
vt 0.995705 0.448670
vt 0.995706 0.194825
vt 0.506130 0.194823
vt 0.840968 0.251454
vt 0.506130 0.448668
vt 0.493725 0.196525
vt 0.493726 0.450370
vt 0.493724 0.004237
vt 0.493725 0.164907
s 0
f 2351/4390/1445 2359/4391/1445 2358/4392/1445
f 2376/4393/1446 2375/4394/1446 2374/4395/1446
f 2359/4396/1447 2360/4397/1447 2362/4398/1447
f 2356/4399/1448 2350/4400/1448 2352/4401/1448
f 2361/4402/1445 2362/4403/1445 2363/4404/1445
f 2358/4392/1445 2352/4405/1445 2350/4406/1445
f 2366/4407/1449 2357/4408/1449 2355/4409/1449
f 2365/4410/1449 2360/4409/1449 2364/4411/1449
f 2373/4412/1448 2372/4413/1448 2359/4414/1448
f 2379/4415/1450 2351/4416/1450 2358/4417/1450
f 2374/4418/1450 2379/4415/1450 2378/4419/1450
f 2364/4420/1450 2367/4421/1450 2370/4422/1450
f 2376/4423/1450 2370/4422/1450 2377/4424/1450
f 2378/4419/1450 2365/4425/1450 2366/4426/1450
f 2373/4427/1450 2372/4428/1450 2350/4429/1450
f 2351/4390/1445 2353/4430/1445 2359/4391/1445
f 2355/4431/1446 2357/4432/1446 2377/4433/1446
f 2376/4393/1446 2353/4434/1446 2351/4435/1446
f 2355/4431/1446 2377/4433/1446 2374/4395/1446
f 2377/4433/1446 2376/4393/1446 2374/4395/1446
f 2376/4393/1446 2351/4435/1446 2375/4394/1446
f 2356/4436/1447 2352/4437/1447 2362/4398/1447
f 2352/4437/1447 2359/4396/1447 2362/4398/1447
f 2356/4399/1448 2354/4438/1448 2350/4400/1448
f 2361/4402/1445 2360/4439/1445 2362/4403/1445
f 2358/4392/1445 2359/4391/1445 2352/4405/1445
f 2366/4407/1449 2367/4410/1449 2357/4408/1449
f 2365/4410/1449 2361/4408/1449 2360/4409/1449
f 2360/4440/1448 2361/4441/1448 2373/4412/1448
f 2372/4413/1448 2358/4442/1448 2359/4414/1448
f 2360/4440/1448 2373/4412/1448 2359/4414/1448
f 2358/4417/1450 2372/4428/1450 2379/4415/1450
f 2379/4415/1450 2375/4443/1450 2351/4416/1450
f 2374/4418/1450 2375/4443/1450 2379/4415/1450
f 2368/4444/1450 2369/4445/1450 2353/4446/1450
f 2369/4445/1450 2376/4423/1450 2353/4446/1450
f 2353/4446/1450 2359/4447/1450 2368/4444/1450
f 2359/4447/1450 2360/4448/1450 2371/4449/1450
f 2360/4448/1450 2364/4420/1450 2371/4449/1450
f 2367/4421/1450 2357/4450/1450 2377/4424/1450
f 2377/4424/1450 2370/4422/1450 2367/4421/1450
f 2370/4422/1450 2371/4449/1450 2364/4420/1450
f 2371/4449/1450 2368/4444/1450 2359/4447/1450
f 2376/4423/1450 2369/4445/1450 2370/4422/1450
f 2378/4419/1450 2373/4427/1450 2365/4425/1450
f 2373/4427/1450 2361/4451/1450 2365/4425/1450
f 2355/4452/1450 2374/4418/1450 2366/4426/1450
f 2374/4418/1450 2378/4419/1450 2366/4426/1450
f 2372/4428/1450 2358/4417/1450 2350/4429/1450
f 2350/4429/1450 2354/4453/1450 2373/4427/1450
f 2354/4453/1450 2363/4454/1450 2373/4427/1450
f 2363/4454/1450 2361/4451/1450 2373/4427/1450
o hehihn
v -245.649094 178.765335 -136.880295
v -245.649094 277.808746 -136.880295
v -152.986481 277.808746 -136.880295
v -152.986481 178.765335 -136.880295
v -152.986481 290.502838 -136.880295
v -245.649094 290.502838 -136.880295
v -152.986481 169.814377 -136.880295
v -245.649094 169.814377 -136.880295
v -144.146881 290.502808 -136.880295
v -144.146881 277.808777 -136.880295
v -144.146881 169.814377 -136.880295
v -144.146881 178.765350 -136.880295
v -253.824402 178.765320 -136.880295
v -253.824402 169.814377 -136.880295
v -253.824402 277.683716 -136.880295
v -253.824402 290.502838 -136.880295
v -245.649094 277.808746 -141.097015
v -245.649094 178.765335 -141.097015
v -152.986481 178.765335 -141.097015
v -152.986481 277.808746 -141.097015
v -152.986481 290.502838 -141.097015
v -245.649094 290.502838 -141.097015
v -152.986481 169.814377 -141.097015
v -245.649094 169.814377 -141.097015
v -144.146881 290.502808 -141.097015
v -144.146881 277.808777 -141.097015
v -144.146881 178.765350 -141.097015
v -144.146881 169.814377 -141.097015
v -253.824402 277.683716 -141.097015
v -253.824402 178.765320 -141.097015
v -253.824402 169.814377 -141.097015
v -253.824402 290.502838 -141.097015
v -245.649094 277.808746 -147.726608
v -152.986481 277.808746 -147.726608
v -152.986481 290.502838 -147.726608
v -245.649094 290.502838 -147.726608
v -144.146881 290.502808 -147.726608
v -144.146881 277.808777 -147.726608
v -253.824402 290.502838 -147.726608
v -253.824402 277.683716 -147.726608
v -245.649094 178.765335 -148.377396
v -152.986481 178.765335 -148.377396
v -152.986481 169.814377 -148.377396
v -245.649094 169.814377 -148.377396
v -144.146881 178.765350 -148.377396
v -144.146881 169.814377 -148.377396
v -253.824402 178.765320 -148.377396
v -253.824402 169.814377 -148.377396
v -152.986496 277.808716 -136.880280
v -152.986496 178.765320 -136.880280
v -152.986496 178.765320 -141.097015
v -152.986496 277.808716 -141.097015
v -177.103409 243.064636 85.327621
v -239.804138 243.064636 85.327621
v -177.103409 249.510269 85.327621
v -239.804138 249.510269 85.327621
v -177.103409 243.064636 90.462326
v -239.804138 243.064636 90.462326
v -177.103409 249.510269 90.462326
v -239.804138 249.510269 90.462326
v 82.908234 181.138031 -81.579681
v 82.908234 275.436005 -81.579681
v 82.908234 275.436035 30.027054
v 82.908234 181.138046 30.027054
v 82.908234 181.138031 -136.880280
v 82.908234 181.138046 85.327621
v 82.908234 275.436035 85.327621
v 82.908234 275.436035 -136.880280
v 90.972992 275.436005 -81.579681
v 90.972992 181.138031 -81.579681
v 90.972992 275.436035 30.027054
v 90.972992 181.138046 30.027054
v 90.972992 181.138031 -136.880280
v 90.972992 275.436035 -136.880280
v 90.972992 275.436035 85.327621
v 90.972992 181.138046 85.327621
vn -0.0000 1.0000 -0.0000
vn -0.0000 -1.0000 -0.0000
vn -1.0000 -0.0000 -0.0000
vn 1.0000 -0.0000 -0.0000
vn -0.0000 -0.0000 -1.0000
vn 0.0153 -0.9999 -0.0000
vn -0.0000 -0.0000 1.0000
vt 0.520743 0.434300
vt 0.556609 0.445273
vt 0.549924 0.456235
vt 0.917077 0.387146
vt 0.564515 0.386829
vt 0.570984 0.381210
vt 0.976736 0.411114
vt 0.955422 0.063955
vt 0.976736 0.060881
vt 0.920578 0.480395
vt 0.946934 0.456073
vt 0.960428 0.468354
vt 0.572995 0.089450
vt 0.924949 0.075942
vt 0.918700 0.086187
vt 0.923441 0.397458
vt 0.925152 0.004940
vt 0.559630 0.034711
vt 0.553149 0.023989
vt 0.520230 0.075695
vt 0.533588 0.393284
vt 0.516505 0.393751
vt 0.538294 0.051375
vt 0.550860 0.068239
vt 0.537486 0.076693
vt 0.938638 0.417690
vt 0.955760 0.408711
vt 0.546488 0.401748
vt 0.935182 0.039580
vt 0.948495 0.030539
vt 0.566799 0.083766
vt 0.918830 0.058452
vt 0.917119 0.466788
vt 0.933986 0.446482
vt 0.533545 0.429040
vt 0.962740 0.018365
vt 0.921272 0.018080
vt 0.525264 0.046053
vt 0.564051 0.430416
vt 0.567036 0.400800
vt 0.913293 0.448579
vt 0.916816 0.414451
vt 0.545713 0.424307
vt 0.917110 0.036682
vt 0.937707 0.055182
vt 0.566757 0.050291
vt 0.568921 0.068952
vt 0.550588 0.056025
vt 0.991960 0.285278
vt 0.976736 0.004940
vt 0.991960 0.004940
vt 0.975835 0.987936
vt 0.964105 0.569676
vt 0.978432 0.557895
vt 0.938833 0.980899
vt 0.938686 0.566974
vt 0.926780 0.551120
vt 0.926780 0.990340
vt 0.962520 0.977482
vt 0.976736 0.285278
vt 0.508719 0.994628
vt 0.459158 0.273485
vt 0.508719 0.227206
vt 0.508720 0.994628
vt 0.459158 0.273485
vt 0.456122 0.952790
vt 0.061565 0.268353
vt 0.456122 0.952790
vt 0.061565 0.268353
vt 0.008967 0.226516
vt 0.058529 0.947658
vt 0.008967 0.993937
vt 0.008967 0.993937
vt 0.008967 0.226516
vt 0.058529 0.947658
s 0
f 2388/4455/1451 2400/4456/1451 2384/4457/1451
f 2381/4458/1452 2399/4459/1452 2382/4460/1452
f 2394/4461/1453 2409/4462/1453 2392/4463/1453
f 2385/4464/1451 2411/4465/1451 2395/4466/1451
f 2383/4467/1451 2397/4468/1451 2380/4469/1451
f 2380/4469/1454 2396/4470/1454 2381/4458/1454
f 2387/4471/1452 2402/4472/1452 2386/4473/1452
f 2391/4474/1454 2405/4475/1454 2389/4476/1454
f 2407/4477/1454 2424/4478/1454 2406/4479/1454
f 2411/4465/1453 2419/4480/1453 2408/4481/1453
f 2399/4459/1452 2417/4482/1452 2405/4475/1452
f 2409/4462/1453 2427/4483/1453 2410/4484/1453
f 2406/4479/1455 2399/4459/1455 2405/4475/1455
f 2398/4485/1451 2420/4486/1451 2397/4468/1451
f 2408/4481/1455 2397/4468/1455 2409/4462/1455
f 2401/4487/1451 2418/4488/1451 2411/4465/1451
f 2389/4476/1454 2404/4489/1454 2388/4455/1454
f 2392/4463/1453 2410/4484/1453 2393/4490/1453
f 2393/4490/1452 2403/4491/1452 2387/4471/1452
f 2390/4492/1454 2406/4479/1454 2391/4474/1454
f 2395/4466/1453 2408/4481/1453 2394/4461/1453
f 2384/4457/1451 2401/4487/1451 2385/4464/1451
f 2386/4473/1452 2407/4477/1452 2390/4492/1452
f 2414/4493/1455 2417/4482/1455 2413/4494/1455
f 2415/4495/1455 2413/4494/1455 2412/4496/1455
f 2412/4496/1455 2418/4488/1455 2415/4495/1455
f 2404/4489/1451 2414/4493/1451 2400/4456/1451
f 2400/4456/1451 2415/4495/1451 2401/4487/1451
f 2396/4470/1452 2413/4494/1452 2399/4459/1452
f 2408/4481/1456 2412/4496/1456 2396/4470/1456
f 2405/4475/1454 2416/4497/1454 2404/4489/1454
f 2423/4498/1455 2426/4499/1455 2420/4486/1455
f 2422/4500/1455 2420/4486/1455 2421/4501/1455
f 2421/4501/1455 2425/4502/1455 2422/4500/1455
f 2410/4484/1452 2423/4498/1452 2403/4491/1452
f 2403/4491/1452 2422/4500/1452 2402/4472/1452
f 2397/4468/1451 2426/4499/1451 2409/4462/1451
f 2406/4479/1451 2421/4501/1451 2398/4485/1451
f 2402/4472/1452 2425/4502/1452 2407/4477/1452
f 2428/4503/1453 2430/4504/1453 2429/4505/1453
f 2435/4506/1451 2438/4507/1451 2434/4508/1451
f 2438/4507/1457 2437/4509/1457 2436/4510/1457
f 2432/4511/1452 2437/4509/1452 2433/4512/1452
f 2434/4508/1454 2436/4510/1454 2432/4511/1454
f 2433/4512/1453 2439/4513/1453 2435/4506/1453
f 2388/4455/1451 2404/4489/1451 2400/4456/1451
f 2381/4458/1452 2396/4470/1452 2399/4459/1452
f 2394/4461/1453 2408/4481/1453 2409/4462/1453
f 2385/4464/1451 2401/4487/1451 2411/4465/1451
f 2383/4467/1451 2398/4485/1451 2397/4468/1451
f 2380/4469/1454 2397/4468/1454 2396/4470/1454
f 2387/4471/1452 2403/4491/1452 2402/4472/1452
f 2391/4474/1454 2406/4479/1454 2405/4475/1454
f 2407/4477/1454 2425/4502/1454 2424/4478/1454
f 2411/4465/1453 2418/4488/1453 2419/4480/1453
f 2399/4459/1452 2413/4494/1452 2417/4482/1452
f 2409/4462/1453 2426/4499/1453 2427/4483/1453
f 2406/4479/1455 2398/4485/1455 2399/4459/1455
f 2398/4485/1451 2421/4501/1451 2420/4486/1451
f 2408/4481/1455 2396/4470/1455 2397/4468/1455
f 2401/4487/1451 2415/4495/1451 2418/4488/1451
f 2389/4476/1454 2405/4475/1454 2404/4489/1454
f 2392/4463/1453 2409/4462/1453 2410/4484/1453
f 2393/4490/1452 2410/4484/1452 2403/4491/1452
f 2390/4492/1454 2407/4477/1454 2406/4479/1454
f 2395/4466/1453 2411/4465/1453 2408/4481/1453
f 2384/4457/1451 2400/4456/1451 2401/4487/1451
f 2386/4473/1452 2402/4472/1452 2407/4477/1452
f 2414/4493/1455 2416/4497/1455 2417/4482/1455
f 2415/4495/1455 2414/4493/1455 2413/4494/1455
f 2412/4496/1455 2419/4480/1455 2418/4488/1455
f 2404/4489/1451 2416/4497/1451 2414/4493/1451
f 2400/4456/1451 2414/4493/1451 2415/4495/1451
f 2396/4470/1452 2412/4496/1452 2413/4494/1452
f 2408/4481/1456 2419/4480/1456 2412/4496/1456
f 2405/4475/1454 2417/4482/1454 2416/4497/1454
f 2423/4498/1455 2427/4483/1455 2426/4499/1455
f 2422/4500/1455 2423/4498/1455 2420/4486/1455
f 2421/4501/1455 2424/4478/1455 2425/4502/1455
f 2410/4484/1452 2427/4483/1452 2423/4498/1452
f 2403/4491/1452 2423/4498/1452 2422/4500/1452
f 2397/4468/1451 2420/4486/1451 2426/4499/1451
f 2406/4479/1451 2424/4478/1451 2421/4501/1451
f 2402/4472/1452 2422/4500/1452 2425/4502/1452
f 2428/4503/1453 2431/4514/1453 2430/4504/1453
f 2435/4506/1451 2439/4513/1451 2438/4507/1451
f 2438/4507/1457 2439/4513/1457 2437/4509/1457
f 2432/4511/1452 2436/4510/1452 2437/4509/1452
f 2434/4508/1454 2438/4507/1454 2436/4510/1454
f 2433/4512/1453 2437/4509/1453 2439/4513/1453
f 2445/4515/1457 2454/4516/1457 2446/4517/1457
f 2447/4518/1455 2452/4519/1455 2444/4517/1455
f 2453/4520/1454 2449/4521/1454 2452/4519/1454
f 2455/4522/1454 2450/4523/1454 2454/4516/1454
f 2442/4524/1455 2451/4525/1455 2443/4526/1455
f 2441/4527/1451 2453/4520/1451 2447/4518/1451
f 2446/4517/1451 2450/4523/1451 2442/4524/1451
f 2443/4526/1452 2455/4522/1452 2445/4515/1452
f 2444/4517/1452 2449/4521/1452 2440/4528/1452
f 2440/4528/1457 2448/4529/1457 2441/4527/1457
f 2445/4515/1457 2455/4522/1457 2454/4516/1457
f 2447/4518/1455 2453/4520/1455 2452/4519/1455
f 2453/4520/1454 2448/4529/1454 2449/4521/1454
f 2455/4522/1454 2451/4525/1454 2450/4523/1454
f 2442/4524/1455 2450/4523/1455 2451/4525/1455
f 2441/4527/1451 2448/4529/1451 2453/4520/1451
f 2446/4517/1451 2454/4516/1451 2450/4523/1451
f 2443/4526/1452 2451/4525/1452 2455/4522/1452
f 2444/4517/1452 2452/4519/1452 2449/4521/1452
f 2440/4528/1457 2449/4521/1457 2448/4529/1457
o GIGK
v 80.602669 182.135117 -42.261227
v 80.602669 275.454712 -42.261227
v 80.602669 182.135117 -81.579674
v 80.602669 275.454712 -81.579674
v 85.951866 182.135117 -42.261227
v 85.951866 275.454712 -42.261227
v 85.951866 182.135117 -81.579674
v 85.951866 275.454712 -81.579674
v 80.602669 182.135117 -2.524139
v 80.602669 275.454712 -2.524139
v 80.602669 182.135117 -41.842590
v 80.602669 275.454712 -41.842590
v 85.951866 182.135117 -2.524139
v 85.951866 275.454712 -2.524139
v 85.951866 182.135117 -41.842590
v 85.951866 275.454712 -41.842590
v -162.340576 180.746704 -166.947205
v -162.340576 203.438538 -166.947205
v -163.189499 180.746704 -166.947205
v -163.189499 203.438538 -166.947205
v -162.340576 180.746704 -168.481567
v -162.340576 203.438538 -168.481567
v -163.189499 180.746704 -168.481567
v -163.189499 203.438538 -168.481567
v -173.903595 180.746704 -167.208817
v -173.903595 203.438538 -167.208817
v -175.437927 180.746704 -167.208817
v -175.437927 203.438538 -167.208817
v -173.903595 180.746704 -168.743179
v -173.903595 203.438538 -168.743179
v -175.437927 180.746704 -168.743179
v -175.437927 203.438538 -168.743179
v -195.120575 180.746704 -167.470428
v -195.120575 203.438538 -167.470428
v -196.654968 180.746704 -167.470428
v -196.654968 203.438538 -167.470428
v -195.120575 180.746704 -169.004791
v -195.120575 203.438538 -169.004791
v -196.654968 180.746704 -169.004791
v -196.654968 203.438538 -169.004791
v -216.337585 180.746704 -167.732056
v -216.337585 203.438538 -167.732056
v -217.871948 180.746704 -167.732056
v -217.871948 203.438538 -167.732056
v -216.337585 180.746704 -169.266418
v -216.337585 203.438538 -169.266418
v -217.871948 180.746704 -169.266418
v -217.871948 203.438538 -169.266418
v -232.909454 180.746704 -167.993652
v -232.909454 203.438538 -167.993652
v -233.758362 180.746704 -167.993652
v -233.758362 203.438538 -167.993652
v -232.909454 180.746704 -169.528015
v -232.909454 203.438538 -169.528015
v -233.758362 180.746704 -169.528015
v -233.758362 203.438538 -169.528015
v -152.178680 203.434265 -166.841736
v -152.178680 205.201477 -166.841736
v -246.118744 203.434265 -166.841736
v -246.118744 205.201477 -166.841736
v -152.178680 203.434265 -168.608948
v -152.178680 205.201477 -168.608948
v -246.118744 203.434265 -168.608932
v -246.118744 205.201477 -168.608932
v -153.096527 203.434265 -166.841736
v -245.200897 203.434265 -166.841736
v -245.200897 205.201477 -166.841736
v -153.096527 205.201477 -166.841736
v -245.200897 203.434265 -168.608932
v -153.096527 203.434265 -168.608948
v -153.096527 205.201477 -168.608948
v -245.200897 205.201477 -168.608932
v -152.178680 203.434265 -136.497650
v -152.178680 205.201477 -136.497650
v -246.154724 205.201477 -136.497635
v -246.154724 203.434265 -136.497635
v -245.164948 205.201477 -136.497635
v -245.164948 203.434265 -136.497635
v -153.096527 203.434265 -136.497650
v -153.096527 205.201477 -136.497650
v -152.178680 205.201477 -138.054932
v -152.178680 203.434265 -138.054932
v -153.096527 203.434265 -138.054932
v -153.096527 205.201477 -138.054932
v -245.200897 203.434265 -138.054901
v -246.118744 203.434265 -137.917450
v -245.164948 205.201477 -138.054901
v -246.154724 205.201477 -138.054901
v -153.096527 179.401413 -136.497650
v -152.178680 179.401413 -136.497650
v -245.200897 179.401413 -136.497635
v -246.118744 179.401413 -136.497635
v -245.200897 179.401413 -138.054901
v -152.178680 179.401413 -138.054932
v -153.096527 179.401413 -138.054932
v -246.118744 179.401413 -138.054901
v -153.096527 180.749725 -138.054932
v -153.096527 180.749725 -136.497650
v -152.178680 180.749725 -136.497650
v -152.178680 180.749725 -138.054932
v -245.200897 180.749725 -138.054901
v -246.118744 180.749725 -138.054901
v -246.118744 180.749725 -136.497635
v -245.200897 180.749725 -136.497635
v -246.118744 179.314224 -168.608932
v -246.118744 179.314224 -166.841736
v -152.178680 179.314224 -166.841736
v -152.178680 179.314224 -168.608948
v -153.096527 179.314224 -168.608948
v -153.096527 179.314224 -166.841736
v -245.200897 179.314224 -166.841736
v -245.200897 179.314224 -168.608932
v -152.178680 180.746704 -166.841736
v -152.178680 180.746704 -168.608948
v -153.096527 180.746704 -168.608948
v -153.096527 180.746704 -166.841736
v -245.200897 180.746841 -168.608932
v -246.118744 180.746841 -168.608932
v -245.200897 180.746841 -166.841736
v -246.118744 180.746841 -166.841736
v 112.696594 182.597061 17.300041
v 112.696594 205.288879 17.300041
v 112.696594 182.597061 15.765671
v 112.696594 205.288879 15.765671
v 114.230972 182.597061 17.300041
v 114.230972 205.288879 17.300041
v 114.230972 182.597061 15.765671
v 114.230972 205.288879 15.765671
v 112.958221 182.597061 -3.916962
v 112.958221 205.288879 -3.916962
v 112.958221 182.597061 -5.451332
v 112.958221 205.288879 -5.451332
v 114.492584 182.597061 -3.916962
v 114.492584 205.288879 -3.916962
v 114.492584 182.597061 -5.451332
v 114.492584 205.288879 -5.451332
v 113.219833 182.597061 -25.133968
v 113.219833 205.288879 -25.133968
v 113.219833 182.597061 -26.668339
v 113.219833 205.288879 -26.668339
v 114.754196 182.597061 -25.133968
v 114.754196 205.288879 -25.133968
v 114.754196 182.597061 -26.668339
v 114.754196 205.288879 -26.668339
v 113.481461 182.597061 -46.350975
v 113.481461 205.288879 -46.350975
v 113.481461 182.597061 -47.885345
v 113.481461 205.288879 -47.885345
v 115.015823 182.597061 -46.350975
v 115.015823 205.288879 -46.350975
v 115.015823 182.597061 -47.885345
v 115.015823 205.288879 -47.885345
v 113.743073 182.597061 -67.567970
v 113.743073 205.288879 -67.567970
v 113.743073 182.597061 -69.102341
v 113.743073 205.288879 -69.102341
v 115.277451 182.597061 -67.567970
v 115.277451 205.288879 -67.567970
v 115.277451 182.597061 -69.102341
v 115.277451 205.288879 -69.102341
v 112.591156 205.284622 30.027046
v 112.591156 207.051819 30.027046
v 112.591156 205.284622 -81.579681
v 112.591156 207.051819 -81.579681
v 114.358337 205.284622 30.027046
v 114.358337 207.051819 30.027046
v 114.358360 205.284622 -81.579681
v 114.358360 207.051819 -81.579681
v 112.591156 205.284622 28.368065
v 112.591156 205.284622 -79.920685
v 112.591156 207.051819 -79.920685
v 112.591156 207.051819 28.368065
v 114.358360 205.284622 -79.920685
v 114.358337 205.284622 28.368065
v 114.358337 207.051819 28.368065
v 114.358360 207.051819 -79.920685
v 82.247032 205.284622 30.027046
v 82.247032 207.051819 30.027046
v 82.247055 207.051819 -81.579681
v 82.247055 205.284622 -81.579681
v 82.247055 207.051819 -79.920685
v 82.247055 205.284622 -79.920685
v 82.247032 205.284622 28.368065
v 82.247032 207.051819 28.368065
v 83.804337 207.051819 30.027046
v 83.804337 205.284622 30.027046
v 83.804337 205.284622 28.368065
v 83.804337 207.051819 28.368065
v 83.804321 205.284622 -79.920685
v 83.666862 205.284622 -81.579681
v 83.804321 207.051819 -79.920685
v 83.804321 207.051819 -81.579681
v 82.247032 181.251770 28.368065
v 82.247032 181.251770 30.027046
v 82.247055 181.251770 -79.920685
v 82.247055 181.251770 -81.579681
v 83.804321 181.251770 -79.920685
v 83.804337 181.251770 30.027046
v 83.804337 181.251770 28.368065
v 83.804321 181.251770 -81.579681
v 83.804337 182.600082 28.368065
v 82.247032 182.600082 28.368065
v 82.247032 182.600082 30.027046
v 83.804337 182.600082 30.027046
v 83.804321 182.600082 -79.920685
v 83.804321 182.600082 -81.579681
v 82.247055 182.600082 -81.579681
v 82.247055 182.600082 -79.920685
v 114.358360 181.164581 -81.579681
v 112.591156 181.164581 -81.579681
v 112.591156 181.164581 30.027046
v 114.358337 181.164581 30.027046
v 114.358337 181.164581 28.368065
v 112.591156 181.164581 28.368065
v 112.591156 181.164581 -79.920685
v 114.358360 181.164581 -79.920685
v 112.591156 182.597061 30.027046
v 114.358337 182.597061 30.027046
v 114.358337 182.597061 28.368065
v 112.591156 182.597061 28.368065
v 114.358360 182.597198 -79.920685
v 114.358360 182.597198 -81.579681
v 112.591156 182.597198 -79.920685
v 112.591156 182.597198 -81.579681
vn -1.0000 -0.0000 -0.0000
vn -0.0000 -0.0000 -1.0000
vn 1.0000 -0.0000 -0.0000
vn -0.0000 -0.0000 1.0000
vn -0.0000 -1.0000 -0.0000
vn -0.0000 1.0000 -0.0000
vn -0.0000 -1.0000 0.0030
vn 0.9995 -0.0203 -0.0231
vn -0.9998 -0.0204 -0.0000
vn -1.0000 -0.0000 -0.0013
vn -0.9997 -0.0016 -0.0254
vn -0.1481 0.0060 -0.9890
vn -0.0000 1.0000 -0.0001
vn -0.9997 -0.0000 -0.0253
vn 0.9998 -0.0203 -0.0013
vn 0.9997 -0.0016 -0.0231
vn -0.0030 -1.0000 -0.0000
vn 0.9966 0.0060 -0.0826
vn 0.0001 1.0000 -0.0000
vt 0.180903 0.993484
vt 0.842067 0.714913
vt 0.842068 0.993482
vt 0.932584 0.047046
vt 0.987033 0.996940
vt 0.932584 0.996940
vt 0.180903 0.993484
vt 0.842067 0.714913
vt 0.842068 0.993482
vt 0.932584 0.047046
vt 0.932584 0.996940
vt 0.854746 0.991107
vt 0.923577 0.485180
vt 0.923577 0.991107
vt 0.923577 0.485181
vt 0.180902 0.714915
vt 0.987033 0.047046
vt 0.180902 0.714915
vt 0.854746 0.485180
vt 0.854746 0.485181
vt 0.156798 0.630643
vt 0.309861 0.477577
vt 0.309862 0.630642
vt 0.156796 0.477578
vt 0.309860 0.324512
vt 0.156795 0.324513
vt 0.309859 0.171448
vt 0.156794 0.171449
vt 0.309858 0.018383
vt 0.462924 0.171447
vt 0.462925 0.324511
vt 0.003731 0.324514
vt 0.309862 0.630642
vt 0.309860 0.324512
vt 0.309858 0.018383
vt 0.156798 0.630643
vt 0.309861 0.477577
vt 0.309862 0.630642
vt 0.156796 0.477578
vt 0.309859 0.171447
vt 0.156794 0.171449
vt 0.462924 0.171446
vt 0.156794 0.173724
vt 0.003731 0.322239
vt 0.003729 0.173725
vt 0.462924 0.173721
vt 0.309860 0.322237
vt 0.309859 0.173723
vt 0.156795 0.322238
vt 0.309861 0.479852
vt 0.156798 0.628368
vt 0.156797 0.479853
vt 0.156793 0.018384
vt 0.309862 0.628366
vt 0.462925 0.322236
vt 0.003729 0.171450
vt 0.003729 0.171450
vt 0.672328 0.011193
vt 0.497392 0.186129
vt 0.497392 0.011193
vt 0.672328 0.186129
vt 0.497392 0.361065
vt 0.672328 0.361065
vt 0.497392 0.536000
vt 0.672328 0.536000
vt 0.497392 0.710936
vt 0.322456 0.536000
vt 0.322456 0.361065
vt 0.847263 0.361065
vt 0.672328 0.011193
vt 0.497392 0.186129
vt 0.497392 0.011193
vt 0.672328 0.186129
vt 0.497392 0.536000
vt 0.672328 0.536000
vt 0.322456 0.536000
vt 0.672328 0.533400
vt 0.847263 0.363665
vt 0.847263 0.533400
vt 0.322456 0.533400
vt 0.497392 0.363665
vt 0.497392 0.533400
vt 0.672328 0.363665
vt 0.497392 0.183529
vt 0.672328 0.013794
vt 0.672328 0.183529
vt 0.672328 0.710936
vt 0.497392 0.013794
vt 0.322456 0.363665
vt 0.497392 0.183529
vt 0.847263 0.536000
vt 0.847263 0.536000
s 0
f 2457/4530/1458 2458/4531/1458 2456/4532/1458
f 2459/4533/1459 2462/4534/1459 2458/4535/1459
f 2463/4536/1460 2460/4537/1460 2462/4538/1460
f 2461/4539/1461 2456/4534/1461 2460/4540/1461
f 2462/4541/1462 2456/4542/1462 2458/4543/1462
f 2459/4541/1463 2461/4542/1463 2463/4543/1463
f 2465/4530/1458 2466/4531/1458 2464/4532/1458
f 2467/4539/1459 2470/4534/1459 2466/4540/1459
f 2471/4530/1460 2468/4537/1460 2470/4532/1460
f 2469/4533/1461 2464/4534/1461 2468/4535/1461
f 2470/4541/1462 2464/4544/1462 2466/4543/1462
f 2467/4541/1463 2469/4544/1463 2471/4543/1463
f 2457/4530/1458 2459/4545/1458 2458/4531/1458
f 2459/4533/1459 2463/4546/1459 2462/4534/1459
f 2463/4536/1460 2461/4547/1460 2460/4537/1460
f 2461/4539/1461 2457/4546/1461 2456/4534/1461
f 2462/4541/1462 2460/4548/1462 2456/4542/1462
f 2459/4541/1463 2457/4548/1463 2461/4542/1463
f 2465/4530/1458 2467/4545/1458 2466/4531/1458
f 2467/4539/1459 2471/4546/1459 2470/4534/1459
f 2471/4530/1460 2469/4547/1460 2468/4537/1460
f 2469/4533/1461 2465/4546/1461 2464/4534/1461
f 2470/4541/1462 2468/4549/1462 2464/4544/1462
f 2467/4541/1463 2465/4549/1463 2469/4544/1463
f 2473/4550/1461 2474/4551/1461 2472/4552/1461
f 2475/4553/1458 2478/4554/1458 2474/4551/1458
f 2479/4555/1459 2476/4556/1459 2478/4554/1459
f 2477/4557/1460 2472/4558/1460 2476/4556/1460
f 2478/4554/1462 2472/4559/1462 2474/4560/1462
f 2475/4561/1463 2477/4557/1463 2479/4555/1463
f 2481/4550/1461 2482/4551/1461 2480/4562/1461
f 2483/4553/1458 2486/4563/1458 2482/4551/1458
f 2487/4555/1459 2484/4556/1459 2486/4563/1459
f 2485/4557/1460 2480/4564/1460 2484/4556/1460
f 2486/4563/1462 2480/4559/1462 2482/4560/1462
f 2483/4561/1463 2485/4557/1463 2487/4555/1463
f 2489/4550/1461 2490/4551/1461 2488/4562/1461
f 2491/4553/1458 2494/4563/1458 2490/4551/1458
f 2495/4555/1459 2492/4556/1459 2494/4563/1459
f 2493/4557/1460 2488/4564/1460 2492/4556/1460
f 2494/4563/1462 2488/4559/1462 2490/4560/1462
f 2491/4561/1463 2493/4557/1463 2495/4555/1463
f 2497/4565/1461 2498/4566/1461 2496/4567/1461
f 2499/4568/1458 2502/4554/1458 2498/4566/1458
f 2503/4555/1459 2500/4569/1459 2502/4554/1459
f 2501/4570/1460 2496/4558/1460 2500/4569/1460
f 2502/4554/1462 2496/4571/1462 2498/4560/1462
f 2499/4561/1463 2501/4570/1463 2503/4555/1463
f 2505/4550/1461 2506/4551/1461 2504/4552/1461
f 2507/4553/1458 2510/4554/1458 2506/4551/1458
f 2511/4555/1459 2508/4556/1459 2510/4554/1459
f 2509/4557/1460 2504/4558/1460 2508/4556/1460
f 2510/4554/1462 2504/4559/1462 2506/4560/1462
f 2507/4561/1463 2509/4557/1463 2511/4555/1463
f 2515/4553/1458 2518/4554/1458 2514/4551/1458
f 2517/4557/1460 2512/4558/1460 2516/4556/1460
f 2526/4572/1463 2522/4573/1463 2523/4574/1463
f 2520/4575/1462 2524/4576/1462 2525/4577/1462
f 2525/4577/1459 2527/4578/1459 2526/4572/1459
f 2521/4579/1461 2523/4580/1461 2522/4581/1461
f 2536/4582/1460 2528/4558/1460 2537/4558/1460
f 2568/4558/1460 2563/4556/1460 2569/4556/1460
f 2572/4576/1459 2560/4554/1459 2573/4554/1459
f 2552/4583/1463 2559/4579/1463 2553/4583/1463
f 2515/4561/1463 2527/4578/1463 2519/4555/1463
f 2523/4574/1463 2517/4557/1463 2526/4572/1463
f 2519/4555/1459 2524/4576/1459 2518/4554/1459
f 2526/4572/1459 2516/4556/1459 2525/4577/1459
f 2529/4550/1461 2534/4583/1461 2528/4552/1461
f 2532/4581/1461 2531/4551/1461 2533/4579/1461
f 2551/4560/1464 2566/4584/1464 2548/4584/1464
f 2542/4581/1465 2533/4579/1465 2540/4579/1465
f 2543/4561/1463 2532/4573/1463 2542/4573/1463
f 2541/4551/1466 2530/4553/1466 2543/4553/1466
f 2539/4574/1463 2529/4585/1463 2536/4585/1463
f 2538/4583/1458 2535/4580/1458 2539/4580/1458
f 2520/4583/1458 2539/4580/1458 2523/4580/1458
f 2523/4574/1463 2536/4585/1463 2513/4585/1463
f 2512/4559/1462 2538/4575/1462 2520/4575/1462
f 2513/4582/1460 2537/4558/1460 2512/4558/1460
f 2514/4551/1467 2543/4553/1467 2515/4553/1467
f 2515/4561/1463 2542/4573/1463 2522/4573/1463
f 2522/4581/1460 2540/4579/1460 2521/4579/1460
f 2514/4560/1462 2540/4584/1462 2541/4560/1462
f 2548/4584/1462 2547/4560/1462 2551/4560/1462
f 2549/4559/1462 2544/4575/1462 2550/4575/1462
f 2557/4551/1458 2547/4551/1458 2558/4551/1458
f 2553/4583/1461 2546/4579/1461 2544/4583/1461
f 2558/4551/1461 2546/4579/1461 2559/4579/1461
f 2554/4558/1460 2549/4558/1460 2555/4558/1460
f 2553/4583/1461 2545/4552/1461 2554/4552/1461
f 2537/4559/1459 2552/4575/1459 2538/4575/1459
f 2534/4583/1461 2554/4552/1461 2528/4552/1461
f 2528/4558/1460 2555/4558/1460 2537/4558/1460
f 2538/4583/1458 2553/4583/1458 2534/4583/1458
f 2531/4551/1461 2559/4579/1461 2533/4579/1461
f 2540/4579/1460 2559/4579/1460 2556/4579/1460
f 2541/4551/1468 2558/4551/1468 2531/4551/1468
f 2540/4584/1469 2557/4560/1469 2541/4560/1469
f 2550/4575/1459 2556/4584/1459 2552/4575/1459
f 2544/4575/1462 2548/4584/1462 2550/4575/1462
f 2560/4554/1462 2566/4584/1462 2561/4560/1462
f 2564/4577/1462 2562/4559/1462 2565/4575/1462
f 2574/4584/1463 2570/4577/1463 2572/4576/1463
f 2569/4556/1459 2564/4577/1459 2570/4577/1459
f 2573/4554/1458 2561/4551/1458 2575/4551/1458
f 2572/4576/1459 2564/4577/1459 2567/4576/1459
f 2548/4584/1460 2574/4584/1460 2556/4584/1460
f 2551/4551/1458 2575/4551/1458 2561/4551/1458
f 2574/4584/1470 2557/4560/1470 2556/4584/1470
f 2571/4575/1458 2550/4575/1458 2552/4575/1458
f 2549/4558/1460 2568/4558/1460 2555/4558/1460
f 2568/4559/1470 2552/4575/1470 2555/4559/1470
f 2520/4575/1461 2568/4559/1461 2512/4559/1461
f 2525/4577/1458 2571/4575/1458 2520/4575/1458
f 2516/4556/1459 2570/4577/1459 2525/4577/1459
f 2512/4558/1460 2569/4556/1460 2516/4556/1460
f 2514/4560/1461 2574/4584/1461 2521/4584/1461
f 2518/4554/1458 2575/4551/1458 2514/4551/1458
f 2521/4584/1460 2572/4576/1460 2524/4576/1460
f 2524/4576/1459 2573/4554/1459 2518/4554/1459
f 2565/4575/1464 2549/4559/1464 2550/4575/1464
f 2566/4584/1461 2571/4575/1461 2574/4584/1461
f 2567/4576/1462 2565/4575/1462 2566/4584/1462
f 2473/4550/1461 2475/4553/1461 2474/4551/1461
f 2475/4553/1458 2479/4555/1458 2478/4554/1458
f 2479/4555/1459 2477/4557/1459 2476/4556/1459
f 2477/4557/1460 2473/4582/1460 2472/4558/1460
f 2478/4554/1462 2476/4556/1462 2472/4559/1462
f 2475/4561/1463 2473/4585/1463 2477/4557/1463
f 2481/4550/1461 2483/4553/1461 2482/4551/1461
f 2483/4553/1458 2487/4555/1458 2486/4563/1458
f 2487/4555/1459 2485/4557/1459 2484/4556/1459
f 2485/4557/1460 2481/4582/1460 2480/4564/1460
f 2486/4563/1462 2484/4556/1462 2480/4559/1462
f 2483/4561/1463 2481/4585/1463 2485/4557/1463
f 2489/4550/1461 2491/4553/1461 2490/4551/1461
f 2491/4553/1458 2495/4555/1458 2494/4563/1458
f 2495/4555/1459 2493/4557/1459 2492/4556/1459
f 2493/4557/1460 2489/4582/1460 2488/4564/1460
f 2494/4563/1462 2492/4556/1462 2488/4559/1462
f 2491/4561/1463 2489/4585/1463 2493/4557/1463
f 2497/4565/1461 2499/4568/1461 2498/4566/1461
f 2499/4568/1458 2503/4555/1458 2502/4554/1458
f 2503/4555/1459 2501/4570/1459 2500/4569/1459
f 2501/4570/1460 2497/4582/1460 2496/4558/1460
f 2502/4554/1462 2500/4569/1462 2496/4571/1462
f 2499/4561/1463 2497/4586/1463 2501/4570/1463
f 2505/4550/1461 2507/4553/1461 2506/4551/1461
f 2507/4553/1458 2511/4555/1458 2510/4554/1458
f 2511/4555/1459 2509/4557/1459 2508/4556/1459
f 2509/4557/1460 2505/4582/1460 2504/4558/1460
f 2510/4554/1462 2508/4556/1462 2504/4559/1462
f 2507/4561/1463 2505/4585/1463 2509/4557/1463
f 2515/4553/1458 2519/4555/1458 2518/4554/1458
f 2517/4557/1460 2513/4582/1460 2512/4558/1460
f 2526/4572/1463 2527/4578/1463 2522/4573/1463
f 2520/4575/1462 2521/4584/1462 2524/4576/1462
f 2525/4577/1459 2524/4576/1459 2527/4578/1459
f 2521/4579/1461 2520/4583/1461 2523/4580/1461
f 2536/4582/1460 2529/4582/1460 2528/4558/1460
f 2568/4558/1460 2562/4558/1460 2563/4556/1460
f 2572/4576/1459 2567/4576/1459 2560/4554/1459
f 2552/4583/1463 2556/4579/1463 2559/4579/1463
f 2515/4561/1463 2522/4573/1463 2527/4578/1463
f 2523/4574/1463 2513/4585/1463 2517/4557/1463
f 2519/4555/1459 2527/4578/1459 2524/4576/1459
f 2526/4572/1459 2517/4557/1459 2516/4556/1459
f 2529/4550/1461 2535/4580/1461 2534/4583/1461
f 2532/4581/1461 2530/4553/1461 2531/4551/1461
f 2551/4560/1464 2561/4560/1464 2566/4584/1464
f 2542/4581/1460 2532/4581/1460 2533/4579/1460
f 2543/4561/1463 2530/4561/1463 2532/4573/1463
f 2541/4551/1471 2531/4551/1471 2530/4553/1471
f 2539/4574/1463 2535/4574/1463 2529/4585/1463
f 2538/4583/1458 2534/4583/1458 2535/4580/1458
f 2520/4583/1458 2538/4583/1458 2539/4580/1458
f 2523/4574/1463 2539/4574/1463 2536/4585/1463
f 2512/4559/1462 2537/4559/1462 2538/4575/1462
f 2513/4582/1460 2536/4582/1460 2537/4558/1460
f 2514/4551/1466 2541/4551/1466 2543/4553/1466
f 2515/4561/1463 2543/4561/1463 2542/4573/1463
f 2522/4581/1472 2542/4581/1472 2540/4579/1472
f 2514/4560/1462 2521/4584/1462 2540/4584/1462
f 2548/4584/1462 2546/4584/1462 2547/4560/1462
f 2549/4559/1462 2545/4559/1462 2544/4575/1462
f 2557/4551/1458 2551/4551/1458 2547/4551/1458
f 2553/4583/1461 2559/4579/1461 2546/4579/1461
f 2558/4551/1461 2547/4551/1461 2546/4579/1461
f 2554/4558/1460 2545/4558/1460 2549/4558/1460
f 2553/4583/1461 2544/4583/1461 2545/4552/1461
f 2537/4559/1459 2555/4559/1459 2552/4575/1459
f 2534/4583/1461 2553/4583/1461 2554/4552/1461
f 2528/4558/1460 2554/4558/1460 2555/4558/1460
f 2538/4583/1458 2552/4583/1458 2553/4583/1458
f 2531/4551/1461 2558/4551/1461 2559/4579/1461
f 2540/4579/1473 2533/4579/1473 2559/4579/1473
f 2541/4551/1458 2557/4551/1458 2558/4551/1458
f 2540/4584/1459 2556/4584/1459 2557/4560/1459
f 2550/4575/1459 2548/4584/1459 2556/4584/1459
f 2544/4575/1462 2546/4584/1462 2548/4584/1462
f 2560/4554/1462 2567/4576/1462 2566/4584/1462
f 2564/4577/1462 2563/4556/1462 2562/4559/1462
f 2574/4584/1463 2571/4575/1463 2570/4577/1463
f 2569/4556/1459 2563/4556/1459 2564/4577/1459
f 2573/4554/1458 2560/4554/1458 2561/4551/1458
f 2572/4576/1459 2570/4577/1459 2564/4577/1459
f 2548/4584/1460 2566/4584/1460 2574/4584/1460
f 2551/4551/1458 2557/4551/1458 2575/4551/1458
f 2574/4584/1470 2575/4560/1470 2557/4560/1470
f 2571/4575/1458 2565/4575/1458 2550/4575/1458
f 2549/4558/1460 2562/4558/1460 2568/4558/1460
f 2568/4559/1470 2571/4575/1470 2552/4575/1470
f 2520/4575/1461 2571/4575/1461 2568/4559/1461
f 2525/4577/1458 2570/4577/1458 2571/4575/1458
f 2516/4556/1459 2569/4556/1459 2570/4577/1459
f 2512/4558/1460 2568/4558/1460 2569/4556/1460
f 2514/4560/1461 2575/4560/1461 2574/4584/1461
f 2518/4554/1458 2573/4554/1458 2575/4551/1458
f 2521/4584/1460 2574/4584/1460 2572/4576/1460
f 2524/4576/1459 2572/4576/1459 2573/4554/1459
f 2565/4575/1464 2562/4559/1464 2549/4559/1464
f 2566/4584/1461 2565/4575/1461 2571/4575/1461
f 2567/4576/1462 2564/4577/1462 2565/4575/1462
f 2577/4587/1458 2578/4588/1458 2576/4589/1458
f 2579/4590/1459 2582/4591/1459 2578/4588/1459
f 2583/4592/1460 2580/4593/1460 2582/4591/1460
f 2581/4594/1461 2576/4595/1461 2580/4593/1461
f 2582/4591/1462 2576/4596/1462 2578/4597/1462
f 2579/4598/1463 2581/4594/1463 2583/4592/1463
f 2585/4587/1458 2586/4588/1458 2584/4589/1458
f 2587/4590/1459 2590/4591/1459 2586/4588/1459
f 2591/4592/1460 2588/4593/1460 2590/4591/1460
f 2589/4594/1461 2584/4595/1461 2588/4593/1461
f 2590/4591/1462 2584/4596/1462 2586/4597/1462
f 2587/4598/1463 2589/4594/1463 2591/4592/1463
f 2593/4599/1458 2594/4600/1458 2592/4601/1458
f 2595/4602/1459 2598/4591/1459 2594/4600/1459
f 2599/4592/1460 2596/4603/1460 2598/4591/1460
f 2597/4604/1461 2592/4595/1461 2596/4603/1461
f 2598/4591/1462 2592/4605/1462 2594/4597/1462
f 2595/4598/1463 2597/4604/1463 2599/4592/1463
f 2601/4599/1458 2602/4600/1458 2600/4601/1458
f 2603/4602/1459 2606/4591/1459 2602/4600/1459
f 2607/4592/1460 2604/4603/1460 2606/4591/1460
f 2605/4604/1461 2600/4595/1461 2604/4603/1461
f 2606/4591/1462 2600/4605/1462 2602/4597/1462
f 2603/4598/1463 2605/4604/1463 2607/4592/1463
f 2609/4587/1458 2610/4588/1458 2608/4589/1458
f 2611/4590/1459 2614/4591/1459 2610/4588/1459
f 2615/4592/1460 2612/4593/1460 2614/4591/1460
f 2613/4594/1461 2608/4595/1461 2612/4593/1461
f 2614/4591/1462 2608/4596/1462 2610/4597/1462
f 2611/4598/1463 2613/4594/1463 2615/4592/1463
f 2619/4602/1459 2622/4591/1459 2618/4600/1459
f 2621/4604/1461 2616/4595/1461 2620/4603/1461
f 2630/4606/1463 2626/4607/1463 2627/4608/1463
f 2624/4609/1462 2628/4610/1462 2629/4611/1462
f 2629/4611/1460 2631/4612/1460 2630/4606/1460
f 2625/4613/1458 2627/4614/1458 2626/4615/1458
f 2640/4616/1461 2632/4595/1461 2641/4595/1461
f 2672/4595/1461 2667/4603/1461 2673/4603/1461
f 2676/4610/1460 2664/4591/1460 2677/4591/1460
f 2656/4617/1463 2663/4613/1463 2657/4617/1463
f 2619/4598/1463 2631/4612/1463 2623/4592/1463
f 2627/4608/1463 2621/4604/1463 2630/4606/1463
f 2623/4592/1460 2628/4610/1460 2622/4591/1460
f 2630/4606/1460 2620/4603/1460 2629/4611/1460
f 2633/4599/1458 2638/4617/1458 2632/4601/1458
f 2636/4615/1458 2635/4600/1458 2637/4613/1458
f 2655/4597/1474 2670/4618/1474 2652/4618/1474
f 2646/4615/1461 2637/4613/1461 2644/4619/1461
f 2647/4598/1463 2636/4607/1463 2646/4607/1463
f 2645/4600/1459 2634/4602/1459 2647/4602/1459
f 2643/4608/1463 2633/4620/1463 2640/4620/1463
f 2642/4617/1459 2639/4614/1459 2643/4614/1459
f 2624/4617/1459 2643/4614/1459 2627/4614/1459
f 2627/4608/1463 2640/4620/1463 2617/4620/1463
f 2616/4605/1462 2642/4609/1462 2624/4609/1462
f 2617/4616/1461 2641/4595/1461 2616/4595/1461
f 2618/4600/1459 2647/4602/1459 2619/4602/1459
f 2619/4598/1463 2646/4607/1463 2626/4607/1463
f 2626/4615/1461 2644/4619/1461 2625/4613/1461
f 2618/4597/1462 2644/4618/1462 2645/4597/1462
f 2652/4618/1462 2651/4597/1462 2655/4597/1462
f 2653/4605/1462 2648/4609/1462 2654/4609/1462
f 2661/4600/1459 2651/4600/1459 2662/4600/1459
f 2657/4617/1458 2650/4613/1458 2648/4617/1458
f 2662/4600/1458 2650/4613/1458 2663/4613/1458
f 2658/4595/1461 2653/4595/1461 2659/4595/1461
f 2657/4617/1458 2649/4601/1458 2658/4601/1458
f 2641/4605/1460 2656/4609/1460 2642/4609/1460
f 2638/4617/1458 2658/4601/1458 2632/4601/1458
f 2632/4595/1461 2659/4595/1461 2641/4595/1461
f 2642/4617/1459 2657/4617/1459 2638/4617/1459
f 2635/4600/1458 2663/4613/1458 2637/4613/1458
f 2637/4613/1461 2660/4619/1461 2644/4619/1461
f 2645/4600/1459 2662/4600/1459 2635/4600/1459
f 2644/4618/1475 2661/4597/1475 2645/4597/1475
f 2654/4609/1460 2660/4618/1460 2656/4609/1460
f 2648/4609/1462 2652/4618/1462 2654/4609/1462
f 2664/4591/1462 2670/4618/1462 2665/4597/1462
f 2668/4611/1462 2666/4605/1462 2669/4609/1462
f 2678/4618/1463 2674/4611/1463 2676/4610/1463
f 2673/4603/1460 2668/4611/1460 2674/4611/1460
f 2677/4591/1459 2665/4600/1459 2679/4600/1459
f 2676/4610/1460 2668/4611/1460 2671/4610/1460
f 2652/4618/1461 2678/4618/1461 2660/4618/1461
f 2655/4600/1459 2679/4600/1459 2665/4600/1459
f 2678/4618/1476 2661/4597/1476 2660/4618/1476
f 2675/4609/1459 2654/4609/1459 2656/4609/1459
f 2653/4595/1461 2672/4595/1461 2659/4595/1461
f 2672/4605/1476 2656/4609/1476 2659/4605/1476
f 2624/4609/1458 2672/4605/1458 2616/4605/1458
f 2629/4611/1459 2675/4609/1459 2624/4609/1459
f 2620/4603/1460 2674/4611/1460 2629/4611/1460
f 2616/4595/1461 2673/4603/1461 2620/4603/1461
f 2618/4597/1458 2678/4618/1458 2625/4618/1458
f 2622/4591/1459 2679/4600/1459 2618/4600/1459
f 2625/4618/1461 2676/4610/1461 2628/4610/1461
f 2628/4610/1460 2677/4591/1460 2622/4591/1460
f 2669/4609/1474 2653/4605/1474 2654/4609/1474
f 2670/4618/1458 2675/4609/1458 2678/4618/1458
f 2671/4610/1462 2669/4609/1462 2670/4618/1462
f 2577/4587/1458 2579/4590/1458 2578/4588/1458
f 2579/4590/1459 2583/4592/1459 2582/4591/1459
f 2583/4592/1460 2581/4594/1460 2580/4593/1460
f 2581/4594/1461 2577/4616/1461 2576/4595/1461
f 2582/4591/1462 2580/4593/1462 2576/4596/1462
f 2579/4598/1463 2577/4621/1463 2581/4594/1463
f 2585/4587/1458 2587/4590/1458 2586/4588/1458
f 2587/4590/1459 2591/4592/1459 2590/4591/1459
f 2591/4592/1460 2589/4594/1460 2588/4593/1460
f 2589/4594/1461 2585/4616/1461 2584/4595/1461
f 2590/4591/1462 2588/4593/1462 2584/4596/1462
f 2587/4598/1463 2585/4621/1463 2589/4594/1463
f 2593/4599/1458 2595/4602/1458 2594/4600/1458
f 2595/4602/1459 2599/4592/1459 2598/4591/1459
f 2599/4592/1460 2597/4604/1460 2596/4603/1460
f 2597/4604/1461 2593/4616/1461 2592/4595/1461
f 2598/4591/1462 2596/4603/1462 2592/4605/1462
f 2595/4598/1463 2593/4620/1463 2597/4604/1463
f 2601/4599/1458 2603/4602/1458 2602/4600/1458
f 2603/4602/1459 2607/4592/1459 2606/4591/1459
f 2607/4592/1460 2605/4604/1460 2604/4603/1460
f 2605/4604/1461 2601/4616/1461 2600/4595/1461
f 2606/4591/1462 2604/4603/1462 2600/4605/1462
f 2603/4598/1463 2601/4620/1463 2605/4604/1463
f 2609/4587/1458 2611/4590/1458 2610/4588/1458
f 2611/4590/1459 2615/4592/1459 2614/4591/1459
f 2615/4592/1460 2613/4594/1460 2612/4593/1460
f 2613/4594/1461 2609/4616/1461 2608/4595/1461
f 2614/4591/1462 2612/4593/1462 2608/4596/1462
f 2611/4598/1463 2609/4621/1463 2613/4594/1463
f 2619/4602/1459 2623/4592/1459 2622/4591/1459
f 2621/4604/1461 2617/4616/1461 2616/4595/1461
f 2630/4606/1463 2631/4612/1463 2626/4607/1463
f 2624/4609/1462 2625/4618/1462 2628/4610/1462
f 2629/4611/1460 2628/4610/1460 2631/4612/1460
f 2625/4613/1458 2624/4617/1458 2627/4614/1458
f 2640/4616/1461 2633/4616/1461 2632/4595/1461
f 2672/4595/1461 2666/4595/1461 2667/4603/1461
f 2676/4610/1460 2671/4610/1460 2664/4591/1460
f 2656/4617/1463 2660/4619/1463 2663/4613/1463
f 2619/4598/1463 2626/4607/1463 2631/4612/1463
f 2627/4608/1463 2617/4620/1463 2621/4604/1463
f 2623/4592/1460 2631/4612/1460 2628/4610/1460
f 2630/4606/1460 2621/4604/1460 2620/4603/1460
f 2633/4599/1458 2639/4614/1458 2638/4617/1458
f 2636/4615/1458 2634/4602/1458 2635/4600/1458
f 2655/4597/1474 2665/4597/1474 2670/4618/1474
f 2646/4615/1461 2636/4615/1461 2637/4613/1461
f 2647/4598/1463 2634/4598/1463 2636/4607/1463
f 2645/4600/1459 2635/4600/1459 2634/4602/1459
f 2643/4608/1463 2639/4608/1463 2633/4620/1463
f 2642/4617/1459 2638/4617/1459 2639/4614/1459
f 2624/4617/1459 2642/4617/1459 2643/4614/1459
f 2627/4608/1463 2643/4608/1463 2640/4620/1463
f 2616/4605/1462 2641/4605/1462 2642/4609/1462
f 2617/4616/1461 2640/4616/1461 2641/4595/1461
f 2618/4600/1459 2645/4600/1459 2647/4602/1459
f 2619/4598/1463 2647/4598/1463 2646/4607/1463
f 2626/4615/1461 2646/4615/1461 2644/4619/1461
f 2618/4597/1462 2625/4618/1462 2644/4618/1462
f 2652/4618/1462 2650/4618/1462 2651/4597/1462
f 2653/4605/1462 2649/4605/1462 2648/4609/1462
f 2661/4600/1459 2655/4600/1459 2651/4600/1459
f 2657/4617/1458 2663/4613/1458 2650/4613/1458
f 2662/4600/1458 2651/4600/1458 2650/4613/1458
f 2658/4595/1461 2649/4595/1461 2653/4595/1461
f 2657/4617/1458 2648/4617/1458 2649/4601/1458
f 2641/4605/1460 2659/4605/1460 2656/4609/1460
f 2638/4617/1458 2657/4617/1458 2658/4601/1458
f 2632/4595/1461 2658/4595/1461 2659/4595/1461
f 2642/4617/1459 2656/4617/1459 2657/4617/1459
f 2635/4600/1458 2662/4600/1458 2663/4613/1458
f 2637/4613/1461 2663/4613/1461 2660/4619/1461
f 2645/4600/1459 2661/4600/1459 2662/4600/1459
f 2644/4618/1460 2660/4618/1460 2661/4597/1460
f 2654/4609/1460 2652/4618/1460 2660/4618/1460
f 2648/4609/1462 2650/4618/1462 2652/4618/1462
f 2664/4591/1462 2671/4610/1462 2670/4618/1462
f 2668/4611/1462 2667/4603/1462 2666/4605/1462
f 2678/4618/1463 2675/4609/1463 2674/4611/1463
f 2673/4603/1460 2667/4603/1460 2668/4611/1460
f 2677/4591/1459 2664/4591/1459 2665/4600/1459
f 2676/4610/1460 2674/4611/1460 2668/4611/1460
f 2652/4618/1461 2670/4618/1461 2678/4618/1461
f 2655/4600/1459 2661/4600/1459 2679/4600/1459
f 2678/4618/1476 2679/4597/1476 2661/4597/1476
f 2675/4609/1459 2669/4609/1459 2654/4609/1459
f 2653/4595/1461 2666/4595/1461 2672/4595/1461
f 2672/4605/1476 2675/4609/1476 2656/4609/1476
f 2624/4609/1458 2675/4609/1458 2672/4605/1458
f 2629/4611/1459 2674/4611/1459 2675/4609/1459
f 2620/4603/1460 2673/4603/1460 2674/4611/1460
f 2616/4595/1461 2672/4595/1461 2673/4603/1461
f 2618/4597/1458 2679/4597/1458 2678/4618/1458
f 2622/4591/1459 2677/4591/1459 2679/4600/1459
f 2625/4618/1461 2678/4618/1461 2676/4610/1461
f 2628/4610/1460 2676/4610/1460 2677/4591/1460
f 2669/4609/1474 2666/4605/1474 2653/4605/1474
f 2670/4618/1458 2669/4609/1458 2675/4609/1458
f 2671/4610/1462 2668/4611/1462 2669/4609/1462
o UIO
v 82.908295 167.233551 84.800438
v 194.252289 139.352570 84.800438
v 82.908295 167.233551 -136.353012
v 194.252289 139.352570 -136.353012
v 82.908295 138.869629 -136.880264
v 82.908295 138.869629 85.327652
v 82.908295 116.595016 -136.880264
v 82.908295 116.595016 85.327652
v 184.288162 116.595016 -136.880264
v 184.288162 116.595016 85.327652
v 184.288162 127.732330 -136.880264
v 184.288162 127.732330 85.327652
v 194.298859 138.869629 -136.880264
v 194.298859 138.869629 85.327652
v 194.298859 127.732330 -136.880264
v 194.298859 127.732330 85.327652
v 82.908295 138.869644 30.027071
v 82.908295 138.869644 -81.579666
vn 0.2429 0.9701 -0.0000
vn -0.0000 -1.0000 -0.0000
vn -0.0000 -0.0000 -1.0000
vn -0.0000 1.0000 -0.0000
vn -0.0000 -0.0000 1.0000
vn 1.0000 -0.0000 -0.0000
vt 0.252680 0.608610
vt 0.992865 0.992766
vt 0.252684 0.992774
vt 0.992861 0.608602
vt 0.444547 0.252464
vt 0.994741 0.001442
vt 0.994741 0.252462
vt 0.439611 0.088930
vt 0.439611 0.045809
vt 0.400851 0.045808
vt 0.486212 0.263966
vt 0.822213 0.263965
vt 0.988701 0.599314
vt 0.008327 0.002687
vt 0.400851 0.002685
vt 0.400851 0.045807
vt 0.019258 0.991383
vt 0.063601 0.106655
vt 0.063601 0.991383
vt 0.063601 0.106655
vt 0.063601 0.991383
vt 0.061359 0.991383
vt 0.021501 0.106655
vt 0.061359 0.106655
vt 0.444546 0.001444
vt 0.400851 0.002687
vt 0.008327 0.002685
vt 0.008327 0.088929
vt 0.988700 0.263964
vt 0.319727 0.599317
vt 0.319726 0.263967
vt 0.439610 0.045807
vt 0.439611 0.088929
vt 0.008327 0.088930
vt 0.019258 0.106655
vt 0.021501 0.991383
s 0
f 2681/4622/1477 2682/4623/1477 2680/4624/1477
f 2681/4622/1477 2683/4625/1477 2682/4623/1477
f 2686/4626/1478 2689/4627/1478 2687/4628/1478
f 2692/4629/1479 2694/4630/1479 2690/4631/1479
f 2697/4632/1480 2696/4633/1480 2693/4634/1480
f 2687/4635/1481 2689/4636/1481 2691/4637/1481
f 2690/4638/1482 2689/4639/1482 2688/4640/1482
f 2692/4638/1482 2695/4641/1482 2694/4642/1482
f 2690/4643/1478 2695/4644/1478 2691/4645/1478
f 2686/4626/1478 2688/4646/1478 2689/4627/1478
f 2688/4647/1479 2686/4648/1479 2690/4631/1479
f 2686/4648/1479 2684/4649/1479 2690/4631/1479
f 2684/4649/1479 2692/4629/1479 2690/4631/1479
f 2696/4633/1480 2685/4650/1480 2693/4634/1480
f 2693/4634/1480 2692/4651/1480 2697/4632/1480
f 2692/4651/1480 2684/4652/1480 2697/4632/1480
f 2691/4637/1481 2695/4653/1481 2693/4654/1481
f 2693/4654/1481 2685/4655/1481 2691/4637/1481
f 2685/4655/1481 2687/4635/1481 2691/4637/1481
f 2690/4638/1482 2691/4656/1482 2689/4639/1482
f 2692/4638/1482 2693/4656/1482 2695/4641/1482
f 2690/4643/1478 2694/4657/1478 2695/4644/1478
o joi
v -259.965515 2.037339 158.317352
v -259.965515 134.351440 158.317352
v -259.965515 2.037339 86.376816
v -259.965515 134.351440 86.376816
v -144.477295 2.037339 158.317352
v -202.221405 134.351440 158.317352
v -202.221405 2.037339 158.317352
v -86.733192 2.037339 158.317352
v -231.093475 134.351440 158.317352
v -231.093475 2.037339 158.317352
v -173.349350 2.037339 158.317352
v -173.349350 134.351440 158.317352
v -115.605247 2.037339 158.317352
v -57.861137 2.037339 158.317352
v -72.297165 2.037339 158.317352
v -101.169220 2.037339 158.317352
v -130.041275 2.037339 158.317352
v -158.913330 2.037339 158.317352
v -158.913330 134.351440 158.317352
v -187.785385 134.351440 158.317352
v -187.785385 2.037339 158.317352
v -216.657440 2.037339 158.317352
v -216.657440 134.351440 158.317352
v -245.529495 134.351440 158.317352
v -245.529495 2.037339 158.317352
v -259.965515 68.194397 158.317352
v -259.965515 68.194397 86.376816
v -115.605247 68.194397 158.317352
v -101.169220 68.194397 158.317352
v -259.965515 101.272926 158.317352
v -259.965515 101.272926 86.376816
v -144.477295 101.272926 158.317352
v -130.041275 101.272926 158.317352
v -259.965515 117.812180 158.317352
v -259.965515 117.812180 86.376816
v -144.477295 117.812180 158.317352
v -158.913330 117.812180 158.317352
v -259.965515 84.733658 86.376816
v -115.605247 84.733658 158.317352
v -130.041275 84.733658 158.317352
v -259.965515 84.733658 158.317352
v -259.965515 35.115868 86.376816
v -86.733192 35.115868 158.317352
v -72.297165 35.115868 158.317352
v -259.965515 35.115864 158.317352
v -259.965515 51.655128 158.317352
v -259.965515 51.655132 86.376816
v -86.733192 51.655132 158.317352
v -101.169220 51.655132 158.317352
v -259.965515 18.576603 86.376816
v -57.861137 18.576603 158.317352
v -72.297165 18.576603 158.317352
v -259.965515 18.576601 158.317352
v -259.965515 134.351440 158.317352
v -259.965515 134.351440 86.376816
v -202.221405 134.351440 158.317352
v -202.221405 134.351440 86.376816
v -231.093475 134.351440 158.317352
v -231.093475 134.351440 86.376816
v -173.349350 134.351440 86.376816
v -173.349350 134.351440 158.317352
v -57.861137 2.037339 158.317352
v -57.861137 2.037339 86.376816
v -158.913330 134.351440 86.376816
v -158.913330 134.351440 158.317352
v -187.785385 134.351440 158.317352
v -187.785385 134.351440 86.376816
v -216.657440 134.351440 86.376816
v -216.657440 134.351440 158.317352
v -245.529495 134.351440 158.317352
v -245.529495 134.351440 86.376816
v -115.605247 68.194397 86.376816
v -115.605247 68.194397 158.317352
v -101.169220 68.194397 158.317352
v -101.169220 68.194397 86.376816
v -144.477295 101.272926 158.317352
v -144.477295 101.272926 86.376816
v -130.041275 101.272926 86.376816
v -130.041275 101.272926 158.317352
v -144.477295 117.812180 158.317352
v -144.477295 117.812180 86.376816
v -158.913330 117.812180 158.317352
v -158.913330 117.812180 86.376816
v -115.605247 84.733658 86.376816
v -115.605247 84.733658 158.317352
v -130.041275 84.733658 86.376816
v -130.041275 84.733658 158.317352
v -86.733192 35.115868 158.317352
v -86.733192 35.115868 86.376816
v -72.297165 35.115868 86.376816
v -72.297165 35.115868 158.317352
v -86.733192 51.655132 158.317352
v -86.733192 51.655132 86.376816
v -101.169220 51.655132 158.317352
v -101.169220 51.655132 86.376816
v -57.861137 18.576603 158.317352
v -57.861137 18.576603 86.376816
v -72.297165 18.576603 86.376816
v -72.297165 18.576603 158.317352
vn -1.0000 -0.0000 -0.0000
vn -0.0000 -0.0000 1.0000
vn -0.0000 1.0000 -0.0000
vn 1.0000 -0.0000 -0.0000
vt 0.010233 0.637525
vt 0.010234 0.578330
vt 0.267714 0.578334
vt 0.577721 0.519145
vt 0.629388 0.519145
vt 0.732718 0.815123
vt 0.267708 0.933505
vt 0.267707 0.992701
vt 0.010226 0.992696
vt 0.010228 0.933501
vt 0.267709 0.874310
vt 0.010229 0.874306
vt 0.267710 0.815115
vt 0.010230 0.815110
vt 0.267711 0.755920
vt 0.010231 0.755915
vt 0.267712 0.696725
vt 0.010232 0.696720
vt 0.267713 0.637529
vt 0.010235 0.519134
vt 0.267715 0.519139
vt 0.319374 0.992702
vt 0.371042 0.992702
vt 0.422709 0.992703
vt 0.474377 0.992704
vt 0.629381 0.933512
vt 0.474386 0.519143
vt 0.681049 0.874318
vt 0.526044 0.992705
vt 0.422718 0.519142
vt 0.629380 0.992707
vt 0.577712 0.992706
vt 0.319383 0.519140
vt 0.371051 0.519141
vt 0.681048 0.933513
vt 0.732717 0.874319
vt 0.784387 0.755929
vt 0.784386 0.815124
vt 0.836055 0.696735
vt 0.836054 0.755930
vt 0.887724 0.637541
vt 0.887723 0.696736
vt 0.939393 0.578346
vt 0.939392 0.637542
vt 0.991061 0.519152
vt 0.991060 0.578347
vt 0.939394 0.519151
vt 0.784391 0.519148
vt 0.732724 0.519147
vt 0.836059 0.519149
vt 0.887726 0.519150
vt 0.681056 0.519146
vt 0.526053 0.519144
vt 0.010136 0.508277
vt 0.603984 0.326778
vt 0.603984 0.508275
vt 0.603984 0.326779
vt 0.010136 0.508276
vt 0.010135 0.326780
vt 0.010136 0.508277
vt 0.603984 0.326779
vt 0.603984 0.326779
vt 0.981466 0.363908
vt 0.981466 0.432967
vt 0.637316 0.432970
vt 0.637313 0.087673
vt 0.637313 0.018614
vt 0.981463 0.018611
vt 0.981464 0.087671
vt 0.637314 0.156732
vt 0.981464 0.156730
vt 0.637314 0.225792
vt 0.981465 0.225789
vt 0.637315 0.294851
vt 0.981465 0.294849
vt 0.637315 0.363910
vt 0.981467 0.502027
vt 0.637316 0.502029
s 0
f 2739/4658/1483 2747/4659/1483 2750/4660/1483
f 2708/4661/1484 2715/4662/1484 2737/4663/1484
f 2731/4664/1483 2699/4665/1483 2701/4666/1483
f 2731/4664/1483 2701/4666/1483 2732/4667/1483
f 2727/4668/1483 2731/4664/1483 2732/4667/1483
f 2727/4668/1483 2732/4667/1483 2728/4669/1483
f 2738/4670/1483 2727/4668/1483 2728/4669/1483
f 2738/4670/1483 2728/4669/1483 2735/4671/1483
f 2723/4672/1483 2738/4670/1483 2735/4671/1483
f 2723/4672/1483 2735/4671/1483 2724/4673/1483
f 2743/4674/1483 2723/4672/1483 2724/4673/1483
f 2743/4674/1483 2724/4673/1483 2744/4675/1483
f 2742/4676/1483 2743/4674/1483 2739/4658/1483
f 2743/4674/1483 2744/4675/1483 2739/4658/1483
f 2700/4677/1483 2698/4678/1483 2750/4660/1483
f 2750/4660/1483 2742/4676/1483 2739/4658/1483
f 2747/4659/1483 2700/4677/1483 2750/4660/1483
f 2721/4679/1484 2699/4665/1484 2731/4664/1484
f 2721/4679/1484 2731/4664/1484 2706/4680/1484
f 2731/4664/1484 2727/4668/1484 2706/4680/1484
f 2706/4680/1484 2727/4668/1484 2720/4681/1484
f 2727/4668/1484 2738/4670/1484 2720/4681/1484
f 2720/4681/1484 2738/4670/1484 2703/4682/1484
f 2738/4670/1484 2723/4672/1484 2703/4682/1484
f 2703/4682/1484 2723/4672/1484 2734/4683/1484
f 2723/4672/1484 2743/4674/1484 2704/4684/1484
f 2734/4683/1484 2723/4672/1484 2729/4685/1484
f 2717/4686/1484 2703/4682/1484 2734/4683/1484
f 2743/4674/1484 2742/4676/1484 2719/4687/1484
f 2734/4683/1484 2716/4688/1484 2709/4689/1484
f 2709/4689/1484 2717/4686/1484 2734/4683/1484
f 2729/4685/1484 2723/4672/1484 2704/4684/1484
f 2750/4660/1484 2698/4678/1484 2722/4690/1484
f 2742/4676/1484 2750/4660/1484 2707/4691/1484
f 2729/4685/1484 2733/4692/1484 2734/4683/1484
f 2750/4660/1484 2722/4690/1484 2707/4691/1484
f 2707/4691/1484 2719/4687/1484 2742/4676/1484
f 2704/4684/1484 2743/4674/1484 2719/4687/1484
f 2737/4663/1484 2730/4693/1484 2729/4685/1484
f 2725/4694/1484 2736/4695/1484 2737/4663/1484
f 2746/4696/1484 2726/4697/1484 2725/4694/1484
f 2740/4698/1484 2745/4699/1484 2746/4696/1484
f 2749/4700/1484 2741/4701/1484 2740/4698/1484
f 2711/4702/1484 2748/4703/1484 2749/4700/1484
f 2712/4704/1484 2711/4702/1484 2749/4700/1484
f 2740/4698/1484 2746/4696/1484 2710/4705/1484
f 2746/4696/1484 2725/4694/1484 2714/4706/1484
f 2740/4698/1484 2710/4705/1484 2713/4707/1484
f 2712/4704/1484 2749/4700/1484 2705/4708/1484
f 2749/4700/1484 2740/4698/1484 2705/4708/1484
f 2705/4708/1484 2740/4698/1484 2713/4707/1484
f 2710/4705/1484 2746/4696/1484 2714/4706/1484
f 2737/4663/1484 2729/4685/1484 2708/4661/1484
f 2725/4694/1484 2737/4663/1484 2715/4662/1484
f 2714/4706/1484 2725/4694/1484 2702/4709/1484
f 2729/4685/1484 2704/4684/1484 2718/4710/1484
f 2702/4709/1484 2725/4694/1484 2715/4662/1484
f 2729/4685/1484 2718/4710/1484 2708/4661/1484
f 2773/4711/1485 2775/4712/1485 2774/4713/1485
f 2774/4714/1486 2777/4715/1486 2773/4716/1486
f 2778/4712/1485 2779/4711/1485 2777/4716/1485
f 2762/4717/1486 2780/4714/1486 2761/4713/1486
f 2783/4712/1486 2776/4717/1486 2784/4716/1486
f 2782/4716/1485 2783/4713/1485 2784/4711/1485
f 2781/4713/1486 2770/4716/1486 2769/4718/1486
f 2770/4711/1485 2772/4712/1485 2769/4713/1485
f 2792/4719/1486 2771/4717/1486 2791/4716/1486
f 2791/4711/1485 2790/4712/1485 2792/4713/1485
f 2786/4719/1486 2789/4717/1486 2785/4716/1486
f 2787/4712/1485 2785/4711/1485 2788/4716/1485
f 2787/4713/1486 2796/4716/1486 2795/4714/1486
f 2794/4712/1485 2796/4711/1485 2793/4716/1485
f 2760/4714/1486 2793/4717/1486 2759/4716/1486
f 2763/4720/1485 2758/4721/1485 2757/4722/1485
f 2773/4711/1485 2776/4716/1485 2775/4712/1485
f 2774/4714/1486 2778/4713/1486 2777/4715/1486
f 2778/4712/1485 2780/4713/1485 2779/4711/1485
f 2762/4717/1486 2779/4716/1486 2780/4714/1486
f 2783/4712/1486 2775/4713/1486 2776/4717/1486
f 2782/4716/1485 2781/4712/1485 2783/4713/1485
f 2781/4713/1486 2782/4717/1486 2770/4716/1486
f 2770/4711/1485 2771/4716/1485 2772/4712/1485
f 2792/4719/1486 2772/4713/1486 2771/4717/1486
f 2791/4711/1485 2789/4716/1485 2790/4712/1485
f 2786/4719/1486 2790/4713/1486 2789/4717/1486
f 2787/4712/1485 2786/4713/1485 2785/4711/1485
f 2787/4713/1486 2788/4717/1486 2796/4716/1486
f 2794/4712/1485 2795/4713/1485 2796/4711/1485
f 2760/4714/1486 2794/4713/1486 2793/4717/1486
f 2768/4723/1485 2752/4724/1485 2751/4725/1485
f 2768/4723/1485 2751/4725/1485 2767/4726/1485
f 2756/4727/1485 2768/4723/1485 2767/4726/1485
f 2756/4727/1485 2767/4726/1485 2755/4728/1485
f 2765/4729/1485 2756/4727/1485 2755/4728/1485
f 2765/4729/1485 2755/4728/1485 2766/4730/1485
f 2754/4731/1485 2765/4729/1485 2766/4730/1485
f 2754/4731/1485 2766/4730/1485 2753/4732/1485
f 2764/4733/1485 2754/4731/1485 2753/4732/1485
f 2764/4733/1485 2753/4732/1485 2763/4720/1485
f 2762/4734/1485 2761/4735/1485 2757/4722/1485
f 2757/4722/1485 2764/4733/1485 2763/4720/1485
f 2758/4721/1485 2762/4734/1485 2757/4722/1485
o jy
v -89.545715 2.037384 -136.880280
v -89.545715 2.037384 85.327660
v -89.545738 127.732315 85.327660
v -89.545692 127.732315 -136.880280
v -89.545708 127.732315 -76.826363
v -89.545715 2.037384 -76.826324
v -89.545692 127.732315 -120.307961
v -89.545715 2.037384 -120.307961
v -89.545708 94.296036 -76.826363
v -89.545692 94.296036 -120.307961
v -57.218773 2.037354 157.353790
v -57.218773 51.633949 157.353790
v -57.218773 2.037354 152.333710
v -57.218773 51.633949 152.333710
v -52.198708 2.037354 157.353790
v -52.198708 51.633949 157.353790
v -52.198708 2.037354 152.333710
v -52.198708 51.633949 152.333710
v -259.138733 134.351440 157.353790
v -259.138733 183.948059 157.353790
v -259.138733 134.351440 152.333710
v -259.138733 183.948059 152.333710
v -254.118652 134.351440 157.353790
v -254.118652 183.948059 157.353790
v -254.118652 134.351440 152.333710
v -254.118652 183.948059 152.333710
v -259.138733 134.351440 94.137390
v -259.138733 183.948059 94.137390
v -259.138733 134.351440 89.117310
v -259.138733 183.948059 89.117310
v -254.118652 134.351440 94.137390
v -254.118652 183.948059 94.137390
v -254.118652 134.351440 89.117310
v -254.118652 183.948059 89.117310
v -167.167664 134.351440 157.353790
v -167.167664 183.948059 157.353790
v -167.167664 134.351440 152.333710
v -167.167664 183.948059 152.333710
v -162.147598 134.351440 157.353790
v -162.147598 183.948059 157.353790
v -162.147598 134.351440 152.333710
v -162.147598 183.948059 152.333710
v -136.517944 101.272919 157.353790
v -136.517944 150.869522 157.353790
v -136.517944 101.272919 152.333710
v -136.517944 150.869522 152.333710
v -131.497864 101.272919 157.353790
v -131.497864 150.869522 157.353790
v -131.497864 101.272919 152.333710
v -131.497864 150.869522 152.333710
v -107.137199 68.194374 157.353790
v -107.137199 117.790985 157.353790
v -107.137199 68.194374 152.333710
v -107.137199 117.790985 152.333710
v -102.117119 68.194374 157.353790
v -102.117119 117.790985 157.353790
v -102.117119 68.194374 152.333710
v -102.117119 117.790985 152.333710
v -78.240471 35.115875 157.353790
v -78.240471 84.712479 157.353790
v -78.240471 35.115875 152.333710
v -78.240471 84.712479 152.333710
v -73.220406 35.115875 157.353790
v -73.220406 84.712479 157.353790
v -73.220406 35.115875 152.333710
v -73.220406 84.712479 152.333710
v -259.138733 178.672928 94.137390
v -259.138733 178.672928 89.117310
v -254.118652 178.672928 89.117310
v -254.118652 178.672928 94.137390
v -259.138733 178.672928 157.353790
v -259.138733 178.672928 152.333710
v -254.118652 178.672928 152.333710
v -254.118652 178.672928 157.353790
v -167.167664 178.672928 157.353790
v -167.167664 178.672928 152.333710
v -162.147598 178.672928 152.333710
v -162.147598 178.672928 157.353790
v -136.517944 145.594406 157.353790
v -136.517944 145.594406 152.333710
v -131.497864 145.594406 152.333710
v -131.497864 145.594406 157.353790
v -107.137199 112.515854 157.353790
v -107.137199 112.515854 152.333710
v -102.117119 112.515854 152.333710
v -102.117119 112.515854 157.353790
v -78.240471 79.437347 157.353790
v -78.240471 79.437347 152.333710
v -73.220406 79.437347 152.333710
v -73.220406 79.437347 157.353790
v -57.218773 46.358833 157.353790
v -57.218773 46.358833 152.333710
v -52.198708 46.358833 152.333710
v -52.198708 46.358833 157.353790
vn -1.0000 -0.0000 -0.0000
vn -0.0000 -0.0000 -1.0000
vn 1.0000 -0.0000 -0.0000
vn -0.0000 -0.0000 1.0000
vn -0.0000 -1.0000 -0.0000
vn -0.0000 1.0000 -0.0000
vn -0.7905 -0.6125 -0.0000
vn 0.7905 0.6125 -0.0000
vn -0.8052 -0.5930 -0.0000
vn 0.8052 0.5930 -0.0000
vn -0.8108 -0.5853 -0.0000
vn 0.8108 0.5853 -0.0000
vn -0.9002 -0.4355 -0.0000
vn 0.9002 0.4355 -0.0000
vt 0.667921 0.851534
vt 0.013136 0.478987
vt 0.013135 0.986549
vt 0.843502 0.851535
vt 0.667921 0.986552
vt 0.843502 0.986552
vt 0.910424 0.478990
vt 0.843504 0.478990
vt 0.667923 0.478989
vt 0.910422 0.986553
vt 0.523036 0.163388
vt 0.677176 0.240457
vt 0.523036 0.240458
vt 0.677176 0.163387
vt 0.831316 0.240457
vt 0.831316 0.163387
vt 0.985456 0.240456
vt 0.677177 0.317527
vt 0.831317 0.471667
vt 0.677177 0.471667
vt 0.677176 0.009247
vt 0.368896 0.163388
vt 0.368896 0.240458
vt 0.985457 0.317526
vt 0.831317 0.317527
vt 0.523037 0.317528
vt 0.368897 0.317528
vt 0.831316 0.009247
vt 0.985456 0.163386
s 0
f 2805/4736/1487 2798/4737/1487 2799/4738/1487
f 2806/4739/1487 2801/4740/1487 2803/4741/1487
f 2797/4742/1487 2804/4743/1487 2806/4739/1487
f 2799/4738/1487 2801/4740/1487 2805/4736/1487
f 2805/4736/1487 2802/4744/1487 2798/4737/1487
f 2806/4739/1487 2805/4736/1487 2801/4740/1487
f 2803/4741/1487 2800/4745/1487 2806/4739/1487
f 2800/4745/1487 2797/4742/1487 2806/4739/1487
f 2810/4746/1488 2889/4747/1488 2888/4748/1488
f 2814/4749/1489 2890/4750/1489 2889/4747/1489
f 2812/4751/1490 2887/4752/1490 2890/4750/1490
f 2813/4753/1491 2807/4754/1491 2809/4755/1491
f 2810/4756/1492 2812/4751/1492 2814/4749/1492
f 2816/4757/1487 2868/4748/1487 2867/4758/1487
f 2820/4751/1490 2867/4752/1490 2870/4750/1490
f 2821/4753/1491 2815/4754/1491 2817/4755/1491
f 2818/4756/1492 2820/4751/1492 2822/4749/1492
f 2824/4757/1487 2864/4748/1487 2863/4758/1487
f 2826/4746/1488 2865/4747/1488 2864/4748/1488
f 2830/4749/1489 2866/4750/1489 2865/4747/1489
f 2829/4753/1491 2823/4754/1491 2825/4755/1491
f 2826/4756/1492 2828/4751/1492 2830/4749/1492
f 2834/4746/1488 2873/4747/1488 2872/4748/1488
f 2836/4751/1490 2871/4752/1490 2874/4750/1490
f 2837/4753/1491 2831/4754/1491 2833/4755/1491
f 2834/4756/1492 2836/4751/1492 2838/4749/1492
f 2842/4746/1488 2877/4747/1488 2876/4748/1488
f 2844/4751/1490 2875/4752/1490 2878/4750/1490
f 2845/4753/1491 2839/4754/1491 2841/4755/1491
f 2842/4756/1492 2844/4751/1492 2846/4749/1492
f 2850/4746/1488 2881/4747/1488 2880/4748/1488
f 2852/4751/1490 2879/4752/1490 2882/4750/1490
f 2853/4753/1491 2847/4754/1491 2849/4755/1491
f 2850/4756/1492 2852/4751/1492 2854/4749/1492
f 2858/4746/1488 2885/4747/1488 2884/4748/1488
f 2860/4751/1490 2883/4752/1490 2886/4750/1490
f 2861/4753/1491 2855/4754/1491 2857/4755/1491
f 2858/4756/1492 2860/4751/1492 2862/4749/1492
f 2866/4750/1490 2823/4759/1490 2827/4760/1490
f 2865/4747/1489 2827/4760/1489 2829/4753/1489
f 2864/4748/1488 2829/4753/1488 2825/4761/1488
f 2863/4758/1487 2825/4761/1487 2823/4762/1487
f 2870/4750/1490 2815/4759/1490 2819/4760/1490
f 2869/4747/1489 2819/4760/1489 2821/4753/1489
f 2868/4748/1488 2821/4753/1488 2817/4761/1488
f 2867/4758/1487 2817/4761/1487 2815/4762/1487
f 2874/4750/1490 2831/4759/1490 2835/4760/1490
f 2873/4747/1489 2835/4760/1489 2837/4753/1489
f 2872/4748/1488 2837/4753/1488 2833/4761/1488
f 2871/4758/1487 2833/4761/1487 2831/4762/1487
f 2878/4750/1490 2839/4759/1490 2843/4760/1490
f 2877/4747/1489 2843/4760/1489 2845/4753/1489
f 2876/4748/1488 2845/4753/1488 2841/4761/1488
f 2875/4758/1487 2841/4761/1487 2839/4762/1487
f 2882/4750/1490 2847/4759/1490 2851/4760/1490
f 2881/4747/1489 2851/4760/1489 2853/4753/1489
f 2880/4748/1488 2853/4753/1488 2849/4761/1488
f 2879/4758/1487 2849/4761/1487 2847/4762/1487
f 2886/4750/1490 2855/4759/1490 2859/4760/1490
f 2885/4747/1489 2859/4760/1489 2861/4753/1489
f 2884/4748/1488 2861/4753/1488 2857/4761/1488
f 2883/4758/1487 2857/4761/1487 2855/4762/1487
f 2890/4750/1490 2807/4759/1490 2811/4760/1490
f 2889/4747/1489 2811/4760/1489 2813/4753/1489
f 2888/4748/1488 2813/4753/1488 2809/4761/1488
f 2887/4758/1487 2809/4761/1487 2807/4762/1487
f 2863/4758/1487 2818/4746/1487 2824/4757/1487
f 2866/4750/1491 2868/4748/1491 2863/4752/1491
f 2828/4751/1489 2869/4747/1489 2866/4750/1489
f 2824/4763/1492 2822/4749/1492 2828/4751/1492
f 2872/4748/1488 2822/4749/1488 2834/4746/1488
f 2871/4758/1491 2869/4747/1491 2872/4748/1491
f 2832/4764/1490 2870/4750/1490 2871/4752/1490
f 2834/4756/1492 2820/4751/1492 2832/4763/1492
f 2842/4746/1488 2873/4747/1488 2838/4749/1488
f 2875/4758/1493 2873/4747/1493 2876/4748/1493
f 2840/4764/1490 2874/4750/1490 2875/4752/1490
f 2842/4756/1494 2836/4751/1494 2840/4763/1494
f 2850/4746/1488 2877/4747/1488 2846/4749/1488
f 2879/4758/1495 2877/4747/1495 2880/4748/1495
f 2848/4764/1490 2878/4750/1490 2879/4752/1490
f 2850/4756/1496 2844/4751/1496 2848/4763/1496
f 2858/4746/1488 2881/4747/1488 2854/4749/1488
f 2883/4758/1497 2881/4747/1497 2884/4748/1497
f 2856/4764/1490 2882/4750/1490 2883/4752/1490
f 2858/4756/1498 2852/4751/1498 2856/4763/1498
f 2885/4747/1499 2887/4758/1499 2886/4750/1499
f 2885/4747/1488 2810/4746/1488 2888/4748/1488
f 2860/4751/1500 2810/4756/1500 2862/4749/1500
f 2886/4750/1490 2808/4764/1490 2860/4751/1490
f 2810/4746/1488 2814/4749/1488 2889/4747/1488
f 2814/4749/1489 2812/4751/1489 2890/4750/1489
f 2812/4751/1490 2808/4764/1490 2887/4752/1490
f 2813/4753/1491 2811/4760/1491 2807/4754/1491
f 2810/4756/1492 2808/4763/1492 2812/4751/1492
f 2816/4757/1487 2818/4746/1487 2868/4748/1487
f 2820/4751/1490 2816/4764/1490 2867/4752/1490
f 2821/4753/1491 2819/4760/1491 2815/4754/1491
f 2818/4756/1492 2816/4763/1492 2820/4751/1492
f 2824/4757/1487 2826/4746/1487 2864/4748/1487
f 2826/4746/1488 2830/4749/1488 2865/4747/1488
f 2830/4749/1489 2828/4751/1489 2866/4750/1489
f 2829/4753/1491 2827/4760/1491 2823/4754/1491
f 2826/4756/1492 2824/4763/1492 2828/4751/1492
f 2834/4746/1488 2838/4749/1488 2873/4747/1488
f 2836/4751/1490 2832/4764/1490 2871/4752/1490
f 2837/4753/1491 2835/4760/1491 2831/4754/1491
f 2834/4756/1492 2832/4763/1492 2836/4751/1492
f 2842/4746/1488 2846/4749/1488 2877/4747/1488
f 2844/4751/1490 2840/4764/1490 2875/4752/1490
f 2845/4753/1491 2843/4760/1491 2839/4754/1491
f 2842/4756/1492 2840/4763/1492 2844/4751/1492
f 2850/4746/1488 2854/4749/1488 2881/4747/1488
f 2852/4751/1490 2848/4764/1490 2879/4752/1490
f 2853/4753/1491 2851/4760/1491 2847/4754/1491
f 2850/4756/1492 2848/4763/1492 2852/4751/1492
f 2858/4746/1488 2862/4749/1488 2885/4747/1488
f 2860/4751/1490 2856/4764/1490 2883/4752/1490
f 2861/4753/1491 2859/4760/1491 2855/4754/1491
f 2858/4756/1492 2856/4763/1492 2860/4751/1492
f 2866/4750/1490 2863/4752/1490 2823/4759/1490
f 2865/4747/1489 2866/4750/1489 2827/4760/1489
f 2864/4748/1488 2865/4747/1488 2829/4753/1488
f 2863/4758/1487 2864/4748/1487 2825/4761/1487
f 2870/4750/1490 2867/4752/1490 2815/4759/1490
f 2869/4747/1489 2870/4750/1489 2819/4760/1489
f 2868/4748/1488 2869/4747/1488 2821/4753/1488
f 2867/4758/1487 2868/4748/1487 2817/4761/1487
f 2874/4750/1490 2871/4752/1490 2831/4759/1490
f 2873/4747/1489 2874/4750/1489 2835/4760/1489
f 2872/4748/1488 2873/4747/1488 2837/4753/1488
f 2871/4758/1487 2872/4748/1487 2833/4761/1487
f 2878/4750/1490 2875/4752/1490 2839/4759/1490
f 2877/4747/1489 2878/4750/1489 2843/4760/1489
f 2876/4748/1488 2877/4747/1488 2845/4753/1488
f 2875/4758/1487 2876/4748/1487 2841/4761/1487
f 2882/4750/1490 2879/4752/1490 2847/4759/1490
f 2881/4747/1489 2882/4750/1489 2851/4760/1489
f 2880/4748/1488 2881/4747/1488 2853/4753/1488
f 2879/4758/1487 2880/4748/1487 2849/4761/1487
f 2886/4750/1490 2883/4752/1490 2855/4759/1490
f 2885/4747/1489 2886/4750/1489 2859/4760/1489
f 2884/4748/1488 2885/4747/1488 2861/4753/1488
f 2883/4758/1487 2884/4748/1487 2857/4761/1487
f 2890/4750/1490 2887/4752/1490 2807/4759/1490
f 2889/4747/1489 2890/4750/1489 2811/4760/1489
f 2888/4748/1488 2889/4747/1488 2813/4753/1488
f 2887/4758/1487 2888/4748/1487 2809/4761/1487
f 2863/4758/1487 2868/4748/1487 2818/4746/1487
f 2866/4750/1491 2869/4747/1491 2868/4748/1491
f 2828/4751/1489 2822/4749/1489 2869/4747/1489
f 2824/4763/1492 2818/4756/1492 2822/4749/1492
f 2872/4748/1488 2869/4747/1488 2822/4749/1488
f 2871/4758/1491 2870/4750/1491 2869/4747/1491
f 2832/4764/1490 2820/4751/1490 2870/4750/1490
f 2834/4756/1492 2822/4749/1492 2820/4751/1492
f 2842/4746/1488 2876/4748/1488 2873/4747/1488
f 2875/4758/1493 2874/4750/1493 2873/4747/1493
f 2840/4764/1490 2836/4751/1490 2874/4750/1490
f 2842/4756/1494 2838/4749/1494 2836/4751/1494
f 2850/4746/1488 2880/4748/1488 2877/4747/1488
f 2879/4758/1495 2878/4750/1495 2877/4747/1495
f 2848/4764/1490 2844/4751/1490 2878/4750/1490
f 2850/4756/1496 2846/4749/1496 2844/4751/1496
f 2858/4746/1488 2884/4748/1488 2881/4747/1488
f 2883/4758/1497 2882/4750/1497 2881/4747/1497
f 2856/4764/1490 2852/4751/1490 2882/4750/1490
f 2858/4756/1498 2854/4749/1498 2852/4751/1498
f 2885/4747/1499 2888/4748/1499 2887/4758/1499
f 2885/4747/1488 2862/4749/1488 2810/4746/1488
f 2860/4751/1500 2808/4763/1500 2810/4756/1500
f 2886/4750/1490 2887/4752/1490 2808/4764/1490
o ver
v -271.675110 318.014526 -147.140259
v 92.240829 318.014526 -147.140259
v -271.675110 375.752167 -25.017946
v 92.240829 375.752167 -25.017946
v 92.240829 370.498871 -28.538263
v -271.675110 372.539734 -27.170639
v -271.675110 318.014526 97.104370
v 92.240829 318.014526 97.104370
v 92.240829 370.498871 -21.497629
v -271.675110 372.539734 -22.865253
v -271.675110 362.797363 -19.721838
v -271.675110 361.789551 -19.821100
v -271.675110 360.820465 -20.115070
v -271.675110 359.927338 -20.592451
v -271.675110 359.144531 -21.234898
v -271.675110 358.502075 -22.017721
v -271.675110 358.024689 -22.910839
v -271.675110 357.730713 -23.879929
v -271.675110 357.631470 -24.887747
v -271.675110 357.730713 -25.895565
v -271.675110 358.024689 -26.864655
v -271.675110 358.502075 -27.757772
v -271.675110 359.144531 -28.540596
v -271.675110 359.927338 -29.183044
v -271.675110 360.820465 -29.660425
v -271.675110 361.789551 -29.954395
v -271.675110 362.797363 -30.053658
v -271.675110 363.805176 -29.954395
v -271.675110 364.774261 -29.660425
v -271.675110 365.667389 -29.183044
v -271.675110 366.450226 -28.540596
v -271.675110 367.092651 -27.757772
v -271.675110 367.570038 -26.864655
v -271.675110 367.864014 -25.895565
v -271.675110 367.963287 -24.887747
v -271.675110 367.864014 -23.879929
v -271.675110 367.570038 -22.910839
v -271.675110 367.092651 -22.017721
v -271.675110 366.450226 -21.234898
v -271.675110 365.667389 -20.592451
v -271.675110 364.774261 -20.115070
v -271.675110 363.805176 -19.821100
v -271.675110 352.382996 11.372583
v -271.675110 351.375153 11.273321
v -271.675110 350.406067 10.979349
v -271.675110 349.512970 10.501970
v -271.675110 348.730133 9.859522
v -271.675110 348.087677 9.076700
v -271.675110 347.610291 8.183580
v -271.675110 347.316345 7.214495
v -271.675110 347.217072 6.206675
v -271.675110 347.316345 5.198854
v -271.675110 347.610291 4.229767
v -271.675110 348.087677 3.336649
v -271.675110 348.730133 2.553825
v -271.675110 349.512970 1.911379
v -271.675110 350.406067 1.433996
v -271.675110 351.375153 1.140024
v -271.675110 352.382996 1.040766
v -271.675110 353.390808 1.140024
v -271.675110 354.359894 1.433996
v -271.675110 355.252991 1.911379
v -271.675110 356.035828 2.553825
v -271.675110 356.678284 3.336649
v -271.675110 357.155670 4.229767
v -271.675110 357.449615 5.198854
v -271.675110 357.548889 6.206675
v -271.675110 357.449615 7.214495
v -271.675110 357.155670 8.183580
v -271.675110 356.678284 9.076700
v -271.675110 356.035828 9.859522
v -271.675110 355.252991 10.501970
v -271.675110 354.359894 10.979349
v -271.675110 353.390808 11.273321
v -271.675110 336.340729 48.701622
v -271.675110 335.332916 48.602356
v -271.675110 334.363831 48.308388
v -271.675110 333.470703 47.831017
v -271.675110 332.687866 47.188568
v -271.675110 332.045410 46.405746
v -271.675110 331.568054 45.512627
v -271.675110 331.274078 44.543526
v -271.675110 331.174805 43.535706
v -271.675110 331.274078 42.527893
v -271.675110 331.568054 41.558800
v -271.675110 332.045410 40.665680
v -271.675110 332.687866 39.882858
v -271.675110 333.470703 39.240410
v -271.675110 334.363831 38.763023
v -271.675110 335.332916 38.469055
v -271.675110 336.340729 38.369797
v -271.675110 337.348541 38.469055
v -271.675110 338.317627 38.763023
v -271.675110 339.210754 39.240410
v -271.675110 339.993591 39.882858
v -271.675110 340.636017 40.665680
v -271.675110 341.113403 41.558800
v -271.675110 341.407379 42.527893
v -271.675110 341.506622 43.535706
v -271.675110 341.407379 44.543526
v -271.675110 341.113403 45.512627
v -271.675110 340.636017 46.405746
v -271.675110 339.993591 47.188568
v -271.675110 339.210754 47.831017
v -271.675110 338.317627 48.308388
v -271.675110 337.348541 48.602356
v -282.006927 362.797363 -22.529690
v -279.212616 362.797363 -19.721840
v -281.794220 362.797363 -21.455173
v -281.188477 362.797363 -20.544241
v -280.281952 362.797363 -19.935575
v -282.006927 362.337341 -22.574999
v -279.212616 361.789551 -19.821102
v -281.794220 362.127716 -21.521128
v -281.188477 361.949982 -20.627701
v -280.281952 361.831238 -20.030729
v -282.006927 361.894989 -22.709187
v -279.212616 360.820465 -20.115072
v -281.794220 361.483765 -21.716461
v -281.188477 361.135193 -20.874870
v -280.281952 360.902252 -20.312536
v -282.006927 361.487305 -22.927095
v -279.212616 359.927338 -20.592453
v -281.794220 360.890320 -22.033667
v -281.188477 360.384247 -21.276255
v -280.281952 360.046082 -20.770168
v -282.006927 361.129974 -23.220348
v -279.212616 359.144531 -21.234900
v -281.794220 360.370178 -22.460550
v -281.188477 359.726044 -21.816425
v -280.281952 359.295654 -21.386034
v -282.006927 360.836700 -23.577681
v -279.212616 358.502075 -22.017723
v -281.794220 359.943298 -22.980711
v -281.188477 359.185883 -22.474625
v -280.281952 358.679779 -22.136469
v -282.006927 360.618805 -23.985359
v -279.212616 358.024689 -22.910841
v -281.794220 359.626068 -23.574160
v -281.188477 358.784485 -23.225561
v -280.281952 358.222168 -22.992634
v -282.006927 360.484619 -24.427715
v -279.212616 357.730713 -23.879930
v -281.794220 359.430756 -24.218086
v -281.188477 358.537323 -24.040373
v -280.281952 357.940338 -23.921629
v -282.006927 360.439301 -24.887751
v -279.212616 357.631470 -24.887749
v -281.794220 359.364777 -24.887751
v -281.188477 358.453857 -24.887751
v -280.281952 357.845184 -24.887751
v -282.006927 360.484619 -25.347786
v -279.212616 357.730713 -25.895569
v -281.794220 359.430756 -25.557413
v -281.188477 358.537323 -25.735126
v -280.281952 357.940338 -25.853870
v -282.006927 360.618805 -25.790140
v -279.212616 358.024689 -26.864658
v -281.794220 359.626068 -26.201340
v -281.188477 358.784485 -26.549938
v -280.281952 358.222168 -26.782866
v -282.006927 360.836700 -26.197821
v -279.212616 358.502075 -27.757774
v -281.794220 359.943298 -26.794790
v -281.188477 359.185883 -27.300875
v -280.281952 358.679779 -27.639030
v -282.006927 361.129974 -26.555151
v -279.212616 359.144531 -28.540600
v -281.794220 360.370178 -27.314949
v -281.188477 359.726044 -27.959076
v -280.281952 359.295654 -28.389465
v -282.006927 361.487305 -26.848406
v -279.212616 359.927338 -29.183046
v -281.794220 360.890320 -27.741835
v -281.188477 360.384247 -28.499247
v -280.281952 360.046082 -29.005333
v -282.006927 361.894989 -27.066315
v -279.212616 360.820465 -29.660427
v -281.794220 361.483765 -28.059040
v -281.188477 361.135193 -28.900631
v -280.281952 360.902252 -29.462963
v -282.006927 362.337341 -27.200502
v -279.212616 361.789551 -29.954397
v -281.794220 362.127716 -28.254374
v -281.188477 361.949982 -29.147800
v -280.281952 361.831238 -29.744770
v -282.006927 362.797363 -27.245811
v -279.212616 362.797363 -30.053659
v -281.794220 362.797363 -28.320328
v -281.188477 362.797363 -29.231260
v -280.281952 362.797363 -29.839924
v -282.006927 363.257416 -27.200502
v -279.212616 363.805176 -29.954397
v -281.794220 363.467041 -28.254374
v -281.188477 363.644745 -29.147800
v -280.281952 363.763489 -29.744770
v -282.006927 363.699768 -27.066315
v -279.212616 364.774261 -29.660427
v -281.794220 364.110962 -28.059040
v -281.188477 364.459564 -28.900629
v -280.281952 364.692474 -29.462963
v -282.006927 364.107422 -26.848406
v -279.212616 365.667389 -29.183046
v -281.794220 364.704407 -27.741835
v -281.188477 365.210480 -28.499247
v -280.281952 365.548645 -29.005333
v -282.006927 364.464783 -26.555151
v -279.212616 366.450226 -28.540600
v -281.794220 365.224579 -27.314949
v -281.188477 365.868683 -27.959076
v -280.281952 366.299072 -28.389465
v -282.006927 364.758026 -26.197821
v -279.212616 367.092651 -27.757774
v -281.794220 365.651459 -26.794790
v -281.188477 366.408875 -27.300875
v -280.281952 366.914948 -27.639030
v -282.006927 364.975922 -25.790140
v -279.212616 367.570038 -26.864658
v -281.794220 365.968658 -26.201340
v -281.188477 366.810242 -26.549940
v -280.281952 367.372589 -26.782866
v -282.006927 365.110107 -25.347786
v -279.212616 367.864014 -25.895569
v -281.794220 366.164001 -25.557413
v -281.188477 367.057404 -25.735126
v -280.281952 367.654388 -25.853870
v -282.006927 365.155426 -24.887751
v -279.212616 367.963287 -24.887749
v -281.794220 366.229950 -24.887751
v -281.188477 367.140869 -24.887751
v -280.281952 367.749542 -24.887751
v -282.006927 365.110107 -24.427715
v -279.212616 367.864014 -23.879930
v -281.794220 366.164001 -24.218086
v -281.188477 367.057404 -24.040373
v -280.281952 367.654388 -23.921629
v -282.006927 364.975922 -23.985359
v -279.212616 367.570038 -22.910841
v -281.794220 365.968658 -23.574160
v -281.188477 366.810242 -23.225561
v -280.281952 367.372589 -22.992634
v -282.006927 364.758026 -23.577681
v -279.212616 367.092651 -22.017723
v -281.794220 365.651459 -22.980711
v -281.188477 366.408875 -22.474625
v -280.281952 366.914948 -22.136469
v -282.006927 364.464783 -23.220348
v -279.212616 366.450226 -21.234900
v -281.794220 365.224579 -22.460552
v -281.188477 365.868683 -21.816425
v -280.281952 366.299072 -21.386034
v -282.006927 364.107422 -22.927094
v -279.212616 365.667389 -20.592453
v -281.794220 364.704407 -22.033667
v -281.188477 365.210480 -21.276255
v -280.281952 365.548645 -20.770168
v -282.006927 363.699768 -22.709187
v -279.212616 364.774261 -20.115072
v -281.794220 364.110962 -21.716461
v -281.188477 364.459564 -20.874870
v -280.281952 364.692474 -20.312538
v -282.006927 363.257416 -22.574999
v -279.212616 363.805176 -19.821102
v -281.794220 363.467041 -21.521128
v -281.188477 363.644745 -20.627701
v -280.281952 363.763489 -20.030729
v -282.006958 352.382996 8.564734
v -279.212646 352.382996 11.372580
v -281.794220 352.382996 9.639254
v -281.188507 352.382996 10.550184
v -280.281982 352.382996 11.158850
v -282.006958 351.922974 8.519426
v -279.212646 351.375153 11.273317
v -281.794220 351.713318 9.573294
v -281.188507 351.535614 10.466722
v -280.281982 351.416870 11.063688
v -282.006958 351.480591 8.385233
v -279.212646 350.406067 10.979345
v -281.794220 351.069397 9.377958
v -281.188507 350.720795 10.219549
v -280.281982 350.487854 10.781885
v -282.006958 351.072906 8.167322
v -279.212646 349.512970 10.501966
v -281.794220 350.475952 9.060755
v -281.188507 349.969849 9.818167
v -280.281982 349.631714 10.324251
v -282.006958 350.715576 7.874075
v -279.212646 348.730133 9.859518
v -281.794220 349.955780 8.633871
v -281.188507 349.311646 9.277994
v -280.281982 348.881256 9.708387
v -282.006958 350.422333 7.516741
v -279.212646 348.087677 9.076696
v -281.794220 349.528900 8.113710
v -281.188507 348.771484 8.619795
v -280.281982 348.265381 8.957952
v -282.006958 350.204407 7.109056
v -279.212646 347.610291 8.183580
v -281.794220 349.211700 7.520258
v -281.188507 348.370087 7.868856
v -280.281982 347.807770 8.101786
v -282.006958 350.070221 6.666706
v -279.212646 347.316345 7.214491
v -281.794220 349.016357 6.876333
v -281.188507 348.122925 7.054049
v -280.281982 347.525970 7.172792
v -282.006958 350.024933 6.206671
v -279.212646 347.217072 6.206673
v -281.794220 348.950409 6.206671
v -281.188507 348.039490 6.206673
v -280.281982 347.430817 6.206673
v -282.006958 350.070221 5.746635
v -279.212646 347.316345 5.198853
v -281.794220 349.016357 5.537006
v -281.188507 348.122925 5.359295
v -280.281982 347.525970 5.240551
v -282.006958 350.204407 5.304283
v -279.212646 347.610291 4.229765
v -281.794220 349.211700 4.893084
v -281.188507 348.370087 4.544487
v -280.281982 347.807770 4.311560
v -282.006958 350.422333 4.896601
v -279.212646 348.087677 3.336647
v -281.794220 349.528900 4.299629
v -281.188507 348.771484 3.793547
v -280.281982 348.265381 3.455391
v -282.006958 350.715576 4.539267
v -279.212646 348.730133 2.553823
v -281.794220 349.955780 3.779469
v -281.188507 349.311646 3.135345
v -280.281982 348.881256 2.704958
v -282.006958 351.072906 4.246019
v -279.212646 349.512970 1.911377
v -281.794220 350.475952 3.352591
v -281.188507 349.969849 2.595179
v -280.281982 349.631714 2.089090
v -282.006958 351.480591 4.028107
v -279.212646 350.406067 1.433994
v -281.794220 351.069397 3.035381
v -281.188507 350.720795 2.193792
v -280.281982 350.487854 1.631456
v -282.006958 351.922974 3.893915
v -279.212646 351.375153 1.140022
v -281.794220 351.713318 2.840046
v -281.188507 351.535614 1.946621
v -280.281982 351.416870 1.349653
v -282.006958 352.382996 3.848608
v -279.212646 352.382996 1.040764
v -281.794220 352.382996 2.774088
v -281.188507 352.382996 1.863159
v -280.281982 352.382996 1.254494
v -282.006958 352.843018 3.893915
v -279.212646 353.390808 1.140022
v -281.794220 353.052643 2.840046
v -281.188507 353.230347 1.946621
v -280.281982 353.349091 1.349653
v -282.006958 353.285370 4.028107
v -279.212646 354.359894 1.433994
v -281.794220 353.696564 3.035381
v -281.188507 354.045166 2.193792
v -280.281982 354.278107 1.631458
v -282.006958 353.693054 4.246016
v -279.212646 355.252991 1.911377
v -281.794220 354.290009 3.352591
v -281.188507 354.796112 2.595179
v -280.281982 355.134247 2.089092
v -282.006958 354.050385 4.539268
v -279.212646 356.035828 2.553823
v -281.794220 354.810181 3.779472
v -281.188507 355.454315 3.135347
v -280.281982 355.884705 2.704958
v -282.006958 354.343628 4.896605
v -279.212646 356.678284 3.336647
v -281.794220 355.237061 4.299635
v -281.188507 355.994476 3.793549
v -280.281982 356.500549 3.455393
v -282.006958 354.561554 5.304277
v -279.212646 357.155670 4.229765
v -281.794220 355.554260 4.893078
v -281.188507 356.395874 4.544483
v -280.281982 356.958191 4.311560
v -282.006958 354.695740 5.746637
v -279.212646 357.449615 5.198853
v -281.794220 355.749603 5.537006
v -281.188507 356.643036 5.359295
v -280.281982 357.239990 5.240551
v -282.006958 354.741028 6.206671
v -279.212646 357.548889 6.206673
v -281.794220 355.815552 6.206671
v -281.188507 356.726501 6.206673
v -280.281982 357.335144 6.206673
v -282.006958 354.695740 6.666704
v -279.212646 357.449615 7.214491
v -281.794220 355.749603 6.876333
v -281.188507 356.643036 7.054049
v -280.281982 357.239990 7.172792
v -282.006958 354.561554 7.109060
v -279.212646 357.155670 8.183580
v -281.794220 355.554260 7.520262
v -281.188507 356.395874 7.868860
v -280.281982 356.958191 8.101786
v -282.006958 354.343628 7.516737
v -279.212646 356.678284 9.076696
v -281.794220 355.237061 8.113707
v -281.188507 355.994476 8.619795
v -280.281982 356.500549 8.957952
v -282.006958 354.050385 7.874071
v -279.212646 356.035828 9.859518
v -281.794220 354.810181 8.633871
v -281.188507 355.454315 9.277994
v -280.281982 355.884705 9.708387
v -282.006958 353.693054 8.167326
v -279.212646 355.252991 10.501966
v -281.794220 354.290009 9.060751
v -281.188507 354.796112 9.818167
v -280.281982 355.134247 10.324251
v -282.006958 353.285370 8.385233
v -279.212646 354.359894 10.979345
v -281.794220 353.696564 9.377958
v -281.188507 354.045166 10.219549
v -280.281982 354.278107 10.781881
v -282.006958 352.843018 8.519426
v -279.212646 353.390808 11.273317
v -281.794220 353.052643 9.573294
v -281.188507 353.230347 10.466722
v -280.281982 353.349091 11.063688
v -282.006958 336.340729 45.893761
v -279.212646 336.340729 48.701607
v -281.794220 336.340729 46.968285
v -281.188507 336.340729 47.879211
v -280.281982 336.340729 48.487877
v -282.006958 335.880676 45.848465
v -279.212646 335.332916 48.602356
v -281.794220 335.671051 46.902328
v -281.188507 335.493347 47.795753
v -280.281982 335.374603 48.392731
v -282.006958 335.438354 45.714272
v -279.212646 334.363831 48.308388
v -281.794220 335.027130 46.706993
v -281.188507 334.678528 47.548584
v -280.281982 334.445618 48.110909
v -282.006958 335.030640 45.496361
v -279.212646 333.470703 47.831001
v -281.794220 334.433685 46.389778
v -281.188507 333.927612 47.147202
v -280.281982 333.589447 47.653290
v -282.006958 334.673340 45.203117
v -279.212646 332.687866 47.188553
v -281.794220 333.913513 45.962898
v -281.188507 333.269409 46.607033
v -280.281982 332.839020 47.037415
v -282.006958 334.380066 44.845757
v -279.212646 332.045410 46.405731
v -281.794220 333.486633 45.442741
v -281.188507 332.729218 45.948822
v -280.281982 332.223145 46.286980
v -282.006958 334.162170 44.438095
v -279.212646 331.568054 45.512611
v -281.794220 333.169434 44.849297
v -281.188507 332.327850 45.197899
v -280.281982 331.765503 45.430817
v -282.006958 334.027954 43.995735
v -279.212646 331.274078 44.543510
v -281.794220 332.974091 44.205360
v -281.188507 332.080688 44.383087
v -280.281982 331.483704 44.501816
v -282.006958 333.982666 43.535706
v -279.212646 331.174805 43.535706
v -281.794220 332.908142 43.535706
v -281.188507 331.997223 43.535706
v -280.281982 331.388550 43.535706
v -282.006958 334.027954 43.075676
v -279.212646 331.274078 42.527878
v -281.794220 332.974091 42.866051
v -281.188507 332.080688 42.688324
v -280.281982 331.483704 42.569588
v -282.006958 334.162170 42.633308
v -279.212646 331.568054 41.558792
v -281.794220 333.169434 42.222115
v -281.188507 332.327850 41.873505
v -280.281982 331.765503 41.640594
v -282.006958 334.380066 42.225632
v -279.212646 332.045410 40.665672
v -281.794220 333.486633 41.628670
v -281.188507 332.729218 41.122574
v -280.281982 332.223145 40.784416
v -282.006958 334.673340 41.868294
v -279.212646 332.687866 39.882851
v -281.794220 333.913513 41.108498
v -281.188507 333.269409 40.464378
v -280.281982 332.839020 40.033989
v -282.006958 335.030640 41.575050
v -279.212646 333.470703 39.240402
v -281.794220 334.433685 40.681625
v -281.188507 333.927612 39.924210
v -280.281982 333.589447 39.418121
v -282.006958 335.438354 41.357132
v -279.212646 334.363831 38.763023
v -281.794220 335.027130 40.364418
v -281.188507 334.678528 39.522820
v -280.281982 334.445618 38.960487
v -282.006958 335.880676 41.222946
v -279.212646 335.332916 38.469048
v -281.794220 335.671051 40.169067
v -281.188507 335.493347 39.275642
v -280.281982 335.374603 38.678673
v -282.006958 336.340729 41.177643
v -279.212646 336.340729 38.369789
v -281.794220 336.340729 40.103119
v -281.188507 336.340729 39.192184
v -280.281982 336.340729 38.583527
v -282.006958 336.800751 41.222946
v -279.212646 337.348541 38.469048
v -281.794220 337.010376 40.169067
v -281.188507 337.188110 39.275642
v -280.281982 337.306854 38.678673
v -282.006958 337.243103 41.357132
v -279.212646 338.317627 38.763023
v -281.794220 337.654297 40.364418
v -281.188507 338.002899 39.522820
v -280.281982 338.235840 38.960487
v -282.006958 337.650787 41.575050
v -279.212646 339.210754 39.240402
v -281.794220 338.247772 40.681625
v -281.188507 338.753845 39.924210
v -280.281982 339.092010 39.418121
v -282.006958 338.008118 41.868294
v -279.212646 339.993591 39.882851
v -281.794220 338.767914 41.108498
v -281.188507 339.412048 40.464378
v -280.281982 339.842438 40.033989
v -282.006958 338.301392 42.225632
v -279.212646 340.636017 40.665672
v -281.794220 339.194824 41.628670
v -281.188507 339.952209 41.122574
v -280.281982 340.458313 40.784416
v -282.006958 338.519287 42.633308
v -279.212646 341.113403 41.558792
v -281.794220 339.512024 42.222115
v -281.188507 340.353607 41.873505
v -280.281982 340.915955 41.640594
v -282.006958 338.653473 43.075676
v -279.212646 341.407379 42.527878
v -281.794220 339.707336 42.866051
v -281.188507 340.600769 42.688324
v -280.281982 341.197754 42.569588
v -282.006958 338.698792 43.535706
v -279.212646 341.506622 43.535706
v -281.794220 339.773315 43.535706
v -281.188507 340.684235 43.535706
v -280.281982 341.292908 43.535706
v -282.006958 338.653473 43.995735
v -279.212646 341.407379 44.543510
v -281.794220 339.707336 44.205360
v -281.188507 340.600769 44.383087
v -280.281982 341.197754 44.501816
v -282.006958 338.519287 44.438095
v -279.212646 341.113403 45.512611
v -281.794220 339.512024 44.849297
v -281.188507 340.353607 45.197884
v -280.281982 340.915924 45.430817
v -282.006958 338.301392 44.845757
v -279.212646 340.636017 46.405731
v -281.794220 339.194824 45.442741
v -281.188507 339.952209 45.948822
v -280.281982 340.458313 46.286980
v -282.006958 338.008118 45.203117
v -279.212646 339.993591 47.188553
v -281.794220 338.767914 45.962898
v -281.188507 339.412048 46.607033
v -280.281982 339.842438 47.037415
v -282.006958 337.650787 45.496361
v -279.212646 339.210754 47.831001
v -281.794220 338.247772 46.389778
v -281.188507 338.753845 47.147202
v -280.281982 339.092010 47.653290
v -282.006958 337.243103 45.714272
v -279.212646 338.317627 48.308388
v -281.794220 337.654297 46.706993
v -281.188507 338.002899 47.548584
v -280.281982 338.235840 48.110909
v -282.006958 336.800751 45.848465
v -279.212646 337.348541 48.602356
v -281.794220 337.010376 46.902328
v -281.188507 337.188110 47.795753
v -280.281982 337.306854 48.392731
v -271.675110 362.797363 -30.053658
v -271.675110 361.789551 -29.954395
v -271.675110 360.820465 -29.660425
v -271.675110 359.927338 -29.183044
v -271.675110 359.144531 -28.540596
v -271.675110 358.502075 -27.757772
v -271.675110 358.024689 -26.864655
v -271.675110 357.730713 -25.895565
v -271.675110 357.730713 -23.879929
v -271.675110 358.024689 -22.910839
v -271.675110 358.502075 -22.017721
v -271.675110 359.144531 -21.234898
v -271.675110 359.927338 -20.592451
v -271.675110 360.820465 -20.115070
v -271.675110 361.789551 -19.821100
v -271.675110 362.797363 -19.721838
v -271.675110 363.805176 -19.821100
v -271.675110 364.774261 -20.115070
v -271.675110 365.667389 -20.592451
v -271.675110 366.450226 -21.234898
v -271.675110 367.092651 -22.017721
v -271.675110 367.570038 -22.910839
v -271.675110 367.864014 -23.879929
v -271.675110 367.864014 -25.895565
v -271.675110 367.570038 -26.864655
v -271.675110 367.092651 -27.757772
v -271.675110 366.450226 -28.540596
v -271.675110 365.667389 -29.183044
v -271.675110 364.774261 -29.660425
v -271.675110 363.805176 -29.954395
v -271.675110 352.382996 -61.148079
v -271.675110 351.375153 -61.048820
v -271.675110 350.406067 -60.754845
v -271.675110 349.512970 -60.277466
v -271.675110 348.730133 -59.635017
v -271.675110 348.087677 -58.852196
v -271.675110 347.610291 -57.959076
v -271.675110 347.316345 -56.989990
v -271.675110 347.217072 -55.982170
v -271.675110 347.316345 -54.974350
v -271.675110 347.610291 -54.005264
v -271.675110 348.087677 -53.112144
v -271.675110 348.730133 -52.329319
v -271.675110 349.512970 -51.686874
v -271.675110 350.406067 -51.209492
v -271.675110 351.375153 -50.915520
v -271.675110 352.382996 -50.816261
v -271.675110 353.390808 -50.915520
v -271.675110 354.359894 -51.209492
v -271.675110 355.252991 -51.686874
v -271.675110 356.035828 -52.329319
v -271.675110 356.678284 -53.112144
v -271.675110 357.155670 -54.005264
v -271.675110 357.449615 -54.974350
v -271.675110 357.548889 -55.982170
v -271.675110 357.449615 -56.989990
v -271.675110 357.155670 -57.959076
v -271.675110 356.678284 -58.852196
v -271.675110 356.035828 -59.635017
v -271.675110 355.252991 -60.277466
v -271.675110 354.359894 -60.754845
v -271.675110 353.390808 -61.048820
v -271.675079 336.340729 -98.477104
v -271.675079 335.332916 -98.377838
v -271.675079 334.363831 -98.083870
v -271.675079 333.470703 -97.606483
v -271.675079 332.687866 -96.964035
v -271.675079 332.045410 -96.181213
v -271.675079 331.568054 -95.288109
v -271.675079 331.274078 -94.319008
v -271.675110 331.174805 -93.311188
v -271.675110 331.274078 -92.303375
v -271.675110 331.568054 -91.334282
v -271.675110 332.045410 -90.441162
v -271.675110 332.687866 -89.658340
v -271.675110 333.470703 -89.015900
v -271.675110 334.363831 -88.538513
v -271.675110 335.332916 -88.244545
v -271.675110 336.340729 -88.145287
v -271.675110 337.348541 -88.244545
v -271.675110 338.317627 -88.538513
v -271.675110 339.210754 -89.015900
v -271.675110 339.993591 -89.658340
v -271.675110 340.636017 -90.441162
v -271.675110 341.113403 -91.334282
v -271.675110 341.407379 -92.303375
v -271.675110 341.506622 -93.311188
v -271.675110 341.407379 -94.319008
v -271.675110 341.113403 -95.288109
v -271.675079 340.636017 -96.181213
v -271.675079 339.993591 -96.964035
v -271.675079 339.210754 -97.606483
v -271.675079 338.317627 -98.083870
v -271.675079 337.348541 -98.377838
v -282.006927 362.797363 -27.245811
v -279.212616 362.797363 -30.053659
v -281.794220 362.797363 -28.320328
v -281.188477 362.797363 -29.231260
v -280.281952 362.797363 -29.839924
v -282.006927 362.337341 -27.200502
v -279.212616 361.789551 -29.954397
v -281.794220 362.127716 -28.254374
v -281.188477 361.949982 -29.147800
v -280.281952 361.831238 -29.744770
v -282.006927 361.894989 -27.066315
v -279.212616 360.820465 -29.660427
v -281.794220 361.483765 -28.059040
v -281.188477 361.135193 -28.900631
v -280.281952 360.902252 -29.462963
v -282.006927 361.487305 -26.848406
v -279.212616 359.927338 -29.183046
v -281.794220 360.890320 -27.741835
v -281.188477 360.384247 -28.499247
v -280.281952 360.046082 -29.005333
v -282.006927 361.129974 -26.555151
v -279.212616 359.144531 -28.540600
v -281.794220 360.370178 -27.314949
v -281.188477 359.726044 -27.959076
v -280.281952 359.295654 -28.389465
v -282.006927 360.836700 -26.197821
v -279.212616 358.502075 -27.757774
v -281.794220 359.943298 -26.794790
v -281.188477 359.185883 -27.300875
v -280.281952 358.679779 -27.639030
v -282.006927 360.618805 -25.790140
v -279.212616 358.024689 -26.864658
v -281.794220 359.626068 -26.201340
v -281.188477 358.784485 -26.549940
v -280.281952 358.222168 -26.782866
v -282.006927 360.484619 -25.347786
v -279.212616 357.730713 -25.895569
v -281.794220 359.430756 -25.557413
v -281.188477 358.537323 -25.735126
v -280.281952 357.940338 -25.853870
v -282.006927 360.484619 -24.427715
v -279.212616 357.730713 -23.879930
v -281.794220 359.430756 -24.218086
v -281.188477 358.537323 -24.040373
v -280.281952 357.940338 -23.921629
v -282.006927 360.618805 -23.985359
v -279.212616 358.024689 -22.910841
v -281.794220 359.626068 -23.574160
v -281.188477 358.784485 -23.225561
v -280.281952 358.222168 -22.992634
v -282.006927 360.836700 -23.577681
v -279.212616 358.502075 -22.017723
v -281.794220 359.943298 -22.980711
v -281.188477 359.185883 -22.474625
v -280.281952 358.679779 -22.136469
v -282.006927 361.129974 -23.220348
v -279.212616 359.144531 -21.234900
v -281.794220 360.370178 -22.460552
v -281.188477 359.726044 -21.816425
v -280.281952 359.295654 -21.386034
v -282.006927 361.487305 -22.927095
v -279.212616 359.927338 -20.592453
v -281.794220 360.890320 -22.033667
v -281.188477 360.384247 -21.276255
v -280.281952 360.046082 -20.770168
v -282.006927 361.894989 -22.709187
v -279.212616 360.820465 -20.115072
v -281.794220 361.483765 -21.716461
v -281.188477 361.135193 -20.874870
v -280.281952 360.902252 -20.312536
v -282.006927 362.337341 -22.574999
v -279.212616 361.789551 -19.821102
v -281.794220 362.127716 -21.521128
v -281.188477 361.949982 -20.627701
v -280.281952 361.831238 -20.030729
v -282.006927 362.797363 -22.529690
v -279.212616 362.797363 -19.721840
v -281.794220 362.797363 -21.455173
v -281.188477 362.797363 -20.544241
v -280.281952 362.797363 -19.935575
v -282.006927 363.257416 -22.574999
v -279.212616 363.805176 -19.821102
v -281.794220 363.467041 -21.521128
v -281.188477 363.644745 -20.627701
v -280.281952 363.763489 -20.030729
v -282.006927 363.699768 -22.709187
v -279.212616 364.774261 -20.115072
v -281.794220 364.110962 -21.716461
v -281.188477 364.459564 -20.874870
v -280.281952 364.692474 -20.312538
v -282.006927 364.107422 -22.927094
v -279.212616 365.667389 -20.592453
v -281.794220 364.704407 -22.033667
v -281.188477 365.210480 -21.276255
v -280.281952 365.548645 -20.770168
v -282.006927 364.464783 -23.220348
v -279.212616 366.450226 -21.234900
v -281.794220 365.224579 -22.460550
v -281.188477 365.868683 -21.816425
v -280.281952 366.299072 -21.386034
v -282.006927 364.758026 -23.577681
v -279.212616 367.092651 -22.017723
v -281.794220 365.651459 -22.980711
v -281.188477 366.408875 -22.474625
v -280.281952 366.914948 -22.136469
v -282.006927 364.975922 -23.985359
v -279.212616 367.570038 -22.910841
v -281.794220 365.968658 -23.574160
v -281.188477 366.810242 -23.225561
v -280.281952 367.372589 -22.992634
v -282.006927 365.110107 -24.427715
v -279.212616 367.864014 -23.879930
v -281.794220 366.164001 -24.218086
v -281.188477 367.057404 -24.040373
v -280.281952 367.654388 -23.921629
v -282.006927 365.110107 -25.347786
v -279.212616 367.864014 -25.895569
v -281.794220 366.164001 -25.557413
v -281.188477 367.057404 -25.735126
v -280.281952 367.654388 -25.853870
v -282.006927 364.975922 -25.790140
v -279.212616 367.570038 -26.864658
v -281.794220 365.968658 -26.201340
v -281.188477 366.810242 -26.549938
v -280.281952 367.372589 -26.782866
v -282.006927 364.758026 -26.197821
v -279.212616 367.092651 -27.757774
v -281.794220 365.651459 -26.794790
v -281.188477 366.408875 -27.300875
v -280.281952 366.914948 -27.639030
v -282.006927 364.464783 -26.555151
v -279.212616 366.450226 -28.540600
v -281.794220 365.224579 -27.314949
v -281.188477 365.868683 -27.959076
v -280.281952 366.299072 -28.389465
v -282.006927 364.107422 -26.848406
v -279.212616 365.667389 -29.183046
v -281.794220 364.704407 -27.741835
v -281.188477 365.210480 -28.499247
v -280.281952 365.548645 -29.005333
v -282.006927 363.699768 -27.066315
v -279.212616 364.774261 -29.660427
v -281.794220 364.110962 -28.059040
v -281.188477 364.459564 -28.900629
v -280.281952 364.692474 -29.462963
v -282.006927 363.257416 -27.200502
v -279.212616 363.805176 -29.954397
v -281.794220 363.467041 -28.254374
v -281.188477 363.644745 -29.147800
v -280.281952 363.763489 -29.744770
v -282.006927 352.382996 -58.340240
v -279.212585 352.382996 -61.148079
v -281.794189 352.382996 -59.414757
v -281.188477 352.382996 -60.325691
v -280.281921 352.382996 -60.934349
v -282.006927 351.922974 -58.294930
v -279.212585 351.375153 -61.048820
v -281.794189 351.713318 -59.348801
v -281.188477 351.535614 -60.242226
v -280.281921 351.416870 -60.839195
v -282.006927 351.480591 -58.160736
v -279.212585 350.406067 -60.754852
v -281.794189 351.069397 -59.153458
v -281.188477 350.720795 -59.995049
v -280.281921 350.487854 -60.557388
v -282.006927 351.072906 -57.942825
v -279.212585 349.512970 -60.277473
v -281.794189 350.475952 -58.836258
v -281.188477 349.969849 -59.593666
v -280.281921 349.631714 -60.099754
v -282.006927 350.715576 -57.649574
v -279.212585 348.730133 -59.635025
v -281.794189 349.955780 -58.409378
v -281.188477 349.311646 -59.053497
v -280.281921 348.881256 -59.483887
v -282.006927 350.422333 -57.292244
v -279.212585 348.087677 -58.852196
v -281.794189 349.528900 -57.889214
v -281.188477 348.771484 -58.395302
v -280.281921 348.265381 -58.733459
v -282.006927 350.204407 -56.884560
v -279.212585 347.610291 -57.959076
v -281.794189 349.211700 -57.295761
v -281.188477 348.370087 -57.644356
v -280.281921 347.807770 -57.877281
v -282.006927 350.070221 -56.442207
v -279.212585 347.316345 -56.989990
v -281.794189 349.016357 -56.651836
v -281.188477 348.122925 -56.829548
v -280.281921 347.525970 -56.948292
v -282.006927 350.024933 -55.982170
v -279.212585 347.217072 -55.982170
v -281.794189 348.950409 -55.982170
v -281.188477 348.039490 -55.982170
v -280.281921 347.430817 -55.982170
v -282.006927 350.070221 -55.522141
v -279.212585 347.316345 -54.974350
v -281.794189 349.016357 -55.312511
v -281.188477 348.122925 -55.134796
v -280.281921 347.525970 -55.016052
v -282.006927 350.204407 -55.079784
v -279.212585 347.610291 -54.005264
v -281.794189 349.211700 -54.668587
v -281.188477 348.370087 -54.319984
v -280.281921 347.807770 -54.087059
v -282.006927 350.422333 -54.672104
v -279.212585 348.087677 -53.112144
v -281.794189 349.528900 -54.075134
v -281.188477 348.771484 -53.569046
v -280.281921 348.265381 -53.230888
v -282.006927 350.715576 -54.314770
v -279.212585 348.730133 -52.329323
v -281.794189 349.955780 -53.554970
v -281.188477 349.311646 -52.910843
v -280.281921 348.881256 -52.480457
v -282.006927 351.072906 -54.021523
v -279.212585 349.512970 -51.686874
v -281.794189 350.475952 -53.128094
v -281.188477 349.969849 -52.370674
v -280.281921 349.631714 -51.864590
v -282.006927 351.480591 -53.803612
v -279.212585 350.406067 -51.209496
v -281.794189 351.069397 -52.810883
v -281.188477 350.720795 -51.969292
v -280.281921 350.487854 -51.406956
v -282.006927 351.922974 -53.669418
v -279.212585 351.375153 -50.915520
v -281.794189 351.713318 -52.615547
v -281.188477 351.535614 -51.722122
v -280.281921 351.416870 -51.125153
v -282.006927 352.382996 -53.624111
v -279.212585 352.382996 -50.816261
v -281.794189 352.382996 -52.549591
v -281.188477 352.382996 -51.638657
v -280.281921 352.382996 -51.029991
v -282.006927 352.843018 -53.669418
v -279.212585 353.390808 -50.915520
v -281.794189 353.052643 -52.615547
v -281.188477 353.230347 -51.722122
v -280.281921 353.349091 -51.125153
v -282.006927 353.285370 -53.803612
v -279.212585 354.359894 -51.209496
v -281.794189 353.696564 -52.810883
v -281.188477 354.045166 -51.969292
v -280.281921 354.278107 -51.406960
v -282.006927 353.693054 -54.021519
v -279.212585 355.252991 -51.686874
v -281.794189 354.290009 -53.128094
v -281.188477 354.796112 -52.370674
v -280.281921 355.134247 -51.864594
v -282.006927 354.050385 -54.314774
v -279.212585 356.035828 -52.329323
v -281.794189 354.810181 -53.554977
v -281.188477 355.454315 -52.910847
v -280.281921 355.884705 -52.480457
v -282.006927 354.343628 -54.672108
v -279.212585 356.678284 -53.112144
v -281.794189 355.237061 -54.075138
v -281.188477 355.994476 -53.569046
v -280.281921 356.500549 -53.230892
v -282.006927 354.561554 -55.079781
v -279.212585 357.155670 -54.005264
v -281.794189 355.554260 -54.668583
v -281.188477 356.395874 -54.319984
v -280.281921 356.958191 -54.087059
v -282.006927 354.695740 -55.522141
v -279.212585 357.449615 -54.974350
v -281.794189 355.749603 -55.312511
v -281.188477 356.643036 -55.134796
v -280.281921 357.239990 -55.016052
v -282.006927 354.741028 -55.982170
v -279.212585 357.548889 -55.982170
v -281.794189 355.815552 -55.982170
v -281.188477 356.726501 -55.982170
v -280.281921 357.335144 -55.982170
v -282.006927 354.695740 -56.442207
v -279.212585 357.449615 -56.989990
v -281.794189 355.749603 -56.651836
v -281.188477 356.643036 -56.829548
v -280.281921 357.239990 -56.948292
v -282.006927 354.561554 -56.884567
v -279.212585 357.155670 -57.959076
v -281.794189 355.554260 -57.295761
v -281.188477 356.395874 -57.644356
v -280.281921 356.958191 -57.877281
v -282.006927 354.343628 -57.292236
v -279.212585 356.678284 -58.852196
v -281.794189 355.237061 -57.889206
v -281.188477 355.994476 -58.395294
v -280.281921 356.500549 -58.733452
v -282.006927 354.050385 -57.649574
v -279.212585 356.035828 -59.635025
v -281.794189 354.810181 -58.409370
v -281.188477 355.454315 -59.053497
v -280.281921 355.884705 -59.483887
v -282.006927 353.693054 -57.942825
v -279.212585 355.252991 -60.277473
v -281.794189 354.290009 -58.836250
v -281.188477 354.796112 -59.593666
v -280.281921 355.134247 -60.099754
v -282.006927 353.285370 -58.160736
v -279.212585 354.359894 -60.754852
v -281.794189 353.696564 -59.153458
v -281.188477 354.045166 -59.995049
v -280.281921 354.278107 -60.557388
v -282.006927 352.843018 -58.294930
v -279.212585 353.390808 -61.048820
v -281.794189 353.052643 -59.348801
v -281.188477 353.230347 -60.242226
v -280.281921 353.349091 -60.839195
v -282.006897 336.340729 -95.669258
v -279.212585 336.340729 -98.477104
v -281.794189 336.340729 -96.743782
v -281.188446 336.340729 -97.654709
v -280.281921 336.340729 -98.263374
v -282.006897 335.880676 -95.623947
v -279.212585 335.332916 -98.377838
v -281.794189 335.671051 -96.677834
v -281.188446 335.493347 -97.571251
v -280.281921 335.374603 -98.168228
v -282.006897 335.438354 -95.489769
v -279.212585 334.363831 -98.083870
v -281.794189 335.027130 -96.482491
v -281.188446 334.678528 -97.324081
v -280.281921 334.445618 -97.886406
v -282.006897 335.030640 -95.271858
v -279.212585 333.470703 -97.606499
v -281.794189 334.433685 -96.165276
v -281.188446 333.927612 -96.922684
v -280.281921 333.589447 -97.428772
v -282.006897 334.673340 -94.978600
v -279.212585 332.687866 -96.964050
v -281.794189 333.913513 -95.738396
v -281.188446 333.269409 -96.382515
v -280.281921 332.839020 -96.812912
v -282.006897 334.380066 -94.621254
v -279.212585 332.045410 -96.181229
v -281.794189 333.486633 -95.218239
v -281.188446 332.729218 -95.724319
v -280.281921 332.223145 -96.062477
v -282.006897 334.162170 -94.213593
v -279.212585 331.568054 -95.288109
v -281.794189 333.169434 -94.624794
v -281.188446 332.327850 -94.973396
v -280.281921 331.765503 -95.206314
v -282.006927 334.027954 -93.771233
v -279.212585 331.274078 -94.319008
v -281.794189 332.974091 -93.980858
v -281.188446 332.080688 -94.158569
v -280.281921 331.483704 -94.277313
v -282.006927 333.982666 -93.311203
v -279.212585 331.174805 -93.311203
v -281.794189 332.908142 -93.311203
v -281.188477 331.997223 -93.311203
v -280.281921 331.388550 -93.311203
v -282.006927 334.027954 -92.851173
v -279.212585 331.274078 -92.303375
v -281.794189 332.974091 -92.641548
v -281.188477 332.080688 -92.463821
v -280.281921 331.483704 -92.345070
v -282.006927 334.162170 -92.408806
v -279.212585 331.568054 -91.334290
v -281.794189 333.169434 -91.997612
v -281.188477 332.327850 -91.649002
v -280.281921 331.765503 -91.416077
v -282.006927 334.380066 -92.001129
v -279.212585 332.045410 -90.441170
v -281.794189 333.486633 -91.404160
v -281.188477 332.729218 -90.898071
v -280.281921 332.223145 -90.559914
v -282.006927 334.673340 -91.643791
v -279.212585 332.687866 -89.658348
v -281.794189 333.913513 -90.883995
v -281.188477 333.269409 -90.239876
v -280.281921 332.839020 -89.809479
v -282.006927 335.030640 -91.350540
v -279.212585 333.470703 -89.015907
v -281.794189 334.433685 -90.457115
v -281.188477 333.927612 -89.699699
v -280.281921 333.589447 -89.193619
v -282.006927 335.438354 -91.132629
v -279.212585 334.363831 -88.538521
v -281.794189 335.027130 -90.139908
v -281.188477 334.678528 -89.298317
v -280.281921 334.445618 -88.735985
v -282.006927 335.880676 -90.998444
v -279.212585 335.332916 -88.244545
v -281.794189 335.671051 -89.944565
v -281.188477 335.493347 -89.051140
v -280.281921 335.374603 -88.454170
v -282.006927 336.340729 -90.953133
v -279.212585 336.340729 -88.145287
v -281.794189 336.340729 -89.878616
v -281.188477 336.340729 -88.967690
v -280.281921 336.340729 -88.359024
v -282.006927 336.800751 -90.998444
v -279.212585 337.348541 -88.244545
v -281.794189 337.010376 -89.944565
v -281.188477 337.188110 -89.051140
v -280.281921 337.306854 -88.454170
v -282.006927 337.243103 -91.132629
v -279.212585 338.317627 -88.538521
v -281.794189 337.654297 -90.139908
v -281.188477 338.002899 -89.298317
v -280.281921 338.235840 -88.735985
v -282.006927 337.650787 -91.350540
v -279.212585 339.210754 -89.015907
v -281.794189 338.247772 -90.457115
v -281.188477 338.753845 -89.699699
v -280.281921 339.092010 -89.193619
v -282.006927 338.008118 -91.643791
v -279.212585 339.993591 -89.658348
v -281.794189 338.767914 -90.883995
v -281.188477 339.412048 -90.239876
v -280.281921 339.842438 -89.809479
v -282.006927 338.301392 -92.001129
v -279.212585 340.636017 -90.441170
v -281.794189 339.194824 -91.404160
v -281.188477 339.952209 -90.898071
v -280.281921 340.458313 -90.559914
v -282.006927 338.519287 -92.408806
v -279.212585 341.113403 -91.334290
v -281.794189 339.512024 -91.997612
v -281.188477 340.353607 -91.649002
v -280.281921 340.915955 -91.416077
v -282.006927 338.653473 -92.851173
v -279.212585 341.407379 -92.303375
v -281.794189 339.707336 -92.641548
v -281.188477 340.600769 -92.463821
v -280.281921 341.197754 -92.345070
v -282.006927 338.698792 -93.311203
v -279.212585 341.506622 -93.311203
v -281.794189 339.773315 -93.311203
v -281.188477 340.684235 -93.311203
v -280.281921 341.292908 -93.311203
v -282.006927 338.653473 -93.771233
v -279.212585 341.407379 -94.319008
v -281.794189 339.707336 -93.980858
v -281.188477 340.600769 -94.158569
v -280.281921 341.197754 -94.277313
v -282.006927 338.519287 -94.213593
v -279.212585 341.113403 -95.288109
v -281.794189 339.512024 -94.624794
v -281.188477 340.353607 -94.973381
v -280.281921 340.915924 -95.206314
v -282.006927 338.301392 -94.621254
v -279.212585 340.636017 -96.181229
v -281.794189 339.194824 -95.218239
v -281.188446 339.952209 -95.724319
v -280.281921 340.458313 -96.062477
v -282.006927 338.008118 -94.978600
v -279.212585 339.993591 -96.964050
v -281.794189 338.767914 -95.738396
v -281.188446 339.412048 -96.382515
v -280.281921 339.842438 -96.812912
v -282.006897 337.650787 -95.271858
v -279.212585 339.210754 -97.606499
v -281.794189 338.247772 -96.165276
v -281.188446 338.753845 -96.922684
v -280.281921 339.092010 -97.428772
v -282.006897 337.243103 -95.489769
v -279.212585 338.317627 -98.083870
v -281.794189 337.654297 -96.482491
v -281.188446 338.002899 -97.324081
v -280.281921 338.235840 -97.886406
v -282.006897 336.800751 -95.623947
v -279.212585 337.348541 -98.377838
v -281.794189 337.010376 -96.677834
v -281.188446 337.188110 -97.571251
v -280.281921 337.306854 -98.168228
v 92.240829 362.797363 -30.053658
v 92.240829 361.789551 -29.954395
v 92.240829 360.820465 -29.660427
v 92.240829 359.927338 -29.183044
v 92.240829 359.144531 -28.540598
v 92.240829 358.502075 -27.757774
v 92.240829 358.024689 -26.864656
v 92.240829 357.730713 -25.895567
v 92.240829 357.631470 -24.887749
v 92.240829 357.730713 -23.879930
v 92.240829 358.024689 -22.910841
v 92.240829 358.502075 -22.017723
v 92.240829 359.144531 -21.234900
v 92.240829 359.927338 -20.592453
v 92.240829 360.820465 -20.115070
v 92.240829 361.789551 -19.821102
v 92.240829 362.797363 -19.721840
v 92.240829 363.805176 -19.821102
v 92.240829 364.774261 -20.115070
v 92.240829 365.667389 -20.592453
v 92.240829 366.450226 -21.234900
v 92.240829 367.092651 -22.017723
v 92.240829 367.570038 -22.910841
v 92.240829 367.864014 -23.879930
v 92.240829 367.963287 -24.887749
v 92.240829 367.864014 -25.895567
v 92.240829 367.570038 -26.864656
v 92.240829 367.092651 -27.757774
v 92.240829 366.450226 -28.540598
v 92.240829 365.667389 -29.183044
v 92.240829 364.774261 -29.660427
v 92.240829 363.805176 -29.954395
v 92.240860 352.382996 -61.148079
v 92.240860 351.375153 -61.048820
v 92.240860 350.406067 -60.754845
v 92.240860 349.512970 -60.277466
v 92.240860 348.730133 -59.635017
v 92.240860 348.087677 -58.852196
v 92.240860 347.610291 -57.959076
v 92.240860 347.316345 -56.989986
v 92.240860 347.217072 -55.982170
v 92.240860 347.316345 -54.974350
v 92.240860 347.610291 -54.005264
v 92.240860 348.087677 -53.112144
v 92.240860 348.730133 -52.329319
v 92.240860 349.512970 -51.686874
v 92.240860 350.406067 -51.209492
v 92.240860 351.375153 -50.915520
v 92.240860 352.382996 -50.816261
v 92.240860 353.390808 -50.915520
v 92.240860 354.359894 -51.209492
v 92.240860 355.252991 -51.686874
v 92.240860 356.035828 -52.329319
v 92.240860 356.678284 -53.112144
v 92.240860 357.155670 -54.005264
v 92.240860 357.449615 -54.974350
v 92.240860 357.548889 -55.982170
v 92.240860 357.449615 -56.989986
v 92.240860 357.155670 -57.959076
v 92.240860 356.678284 -58.852196
v 92.240860 356.035828 -59.635017
v 92.240860 355.252991 -60.277466
v 92.240860 354.359894 -60.754845
v 92.240860 353.390808 -61.048820
v 92.240829 336.340729 -98.477104
v 92.240829 335.332916 -98.377853
v 92.240829 334.363831 -98.083885
v 92.240829 333.470703 -97.606499
v 92.240829 332.687866 -96.964050
v 92.240829 332.045441 -96.181229
v 92.240829 331.568054 -95.288109
v 92.240829 331.274078 -94.319031
v 92.240799 331.174805 -93.311203
v 92.240799 331.274078 -92.303375
v 92.240799 331.568054 -91.334290
v 92.240799 332.045441 -90.441170
v 92.240799 332.687866 -89.658348
v 92.240799 333.470703 -89.015907
v 92.240799 334.363831 -88.538521
v 92.240799 335.332916 -88.244545
v 92.240799 336.340729 -88.145287
v 92.240799 337.348541 -88.244545
v 92.240799 338.317627 -88.538521
v 92.240799 339.210754 -89.015907
v 92.240799 339.993591 -89.658348
v 92.240799 340.636017 -90.441170
v 92.240799 341.113403 -91.334290
v 92.240799 341.407379 -92.303375
v 92.240799 341.506622 -93.311203
v 92.240799 341.407379 -94.319031
v 92.240799 341.113403 -95.288109
v 92.240829 340.636017 -96.181229
v 92.240829 339.993591 -96.964050
v 92.240829 339.210754 -97.606499
v 92.240829 338.317627 -98.083885
v 92.240829 337.348541 -98.377853
v 102.572678 362.797363 -27.245810
v 99.778336 362.797363 -30.053658
v 102.359940 362.797363 -28.320328
v 101.754227 362.797363 -29.231258
v 100.847672 362.797363 -29.839924
v 102.572678 362.337341 -27.200500
v 99.778336 361.789551 -29.954395
v 102.359940 362.127716 -28.254372
v 101.754227 361.949982 -29.147800
v 100.847672 361.831238 -29.744770
v 102.572678 361.894989 -27.066313
v 99.778336 360.820465 -29.660427
v 102.359940 361.483765 -28.059038
v 101.754227 361.135193 -28.900629
v 100.847672 360.902252 -29.462963
v 102.572678 361.487305 -26.848404
v 99.778336 359.927338 -29.183044
v 102.359940 360.890320 -27.741833
v 101.754227 360.384247 -28.499245
v 100.847672 360.046082 -29.005331
v 102.572678 361.129974 -26.555151
v 99.778336 359.144531 -28.540598
v 102.359940 360.370178 -27.314949
v 101.754227 359.726044 -27.959074
v 100.847672 359.295654 -28.389465
v 102.572678 360.836700 -26.197819
v 99.778336 358.502075 -27.757774
v 102.359940 359.943298 -26.794788
v 101.754227 359.185883 -27.300873
v 100.847672 358.679779 -27.639030
v 102.572678 360.618805 -25.790138
v 99.778336 358.024689 -26.864656
v 102.359940 359.626068 -26.201340
v 101.754227 358.784485 -26.549938
v 100.847672 358.222168 -26.782864
v 102.572678 360.484619 -25.347784
v 99.778336 357.730713 -25.895567
v 102.359940 359.430756 -25.557411
v 101.754227 358.537323 -25.735126
v 100.847672 357.940338 -25.853870
v 102.572678 360.439301 -24.887749
v 99.778336 357.631470 -24.887749
v 102.359940 359.364807 -24.887749
v 101.754227 358.453857 -24.887749
v 100.847672 357.845184 -24.887749
v 102.572678 360.484619 -24.427713
v 99.778336 357.730713 -23.879930
v 102.359940 359.430756 -24.218086
v 101.754227 358.537323 -24.040371
v 100.847672 357.940338 -23.921627
v 102.572678 360.618805 -23.985359
v 99.778336 358.024689 -22.910841
v 102.359940 359.626068 -23.574158
v 101.754227 358.784485 -23.225559
v 100.847672 358.222168 -22.992634
v 102.572678 360.836700 -23.577679
v 99.778336 358.502075 -22.017723
v 102.359940 359.943298 -22.980709
v 101.754227 359.185883 -22.474625
v 100.847672 358.679779 -22.136467
v 102.572678 361.129974 -23.220348
v 99.778336 359.144531 -21.234900
v 102.359940 360.370178 -22.460548
v 101.754227 359.726044 -21.816423
v 100.847672 359.295654 -21.386032
v 102.572678 361.487305 -22.927094
v 99.778336 359.927338 -20.592453
v 102.359940 360.890320 -22.033665
v 101.754227 360.384247 -21.276253
v 100.847672 360.046082 -20.770166
v 102.572678 361.894989 -22.709183
v 99.778336 360.820465 -20.115070
v 102.359940 361.483765 -21.716459
v 101.754227 361.135193 -20.874870
v 100.847672 360.902252 -20.312536
v 102.572678 362.337341 -22.574997
v 99.778336 361.789551 -19.821102
v 102.359940 362.127716 -21.521126
v 101.754227 361.949982 -20.627697
v 100.847672 361.831238 -20.030729
v 102.572678 362.797363 -22.529688
v 99.778336 362.797363 -19.721840
v 102.359940 362.797363 -21.455172
v 101.754227 362.797363 -20.544239
v 100.847672 362.797363 -19.935574
v 102.572678 363.257416 -22.574997
v 99.778336 363.805176 -19.821102
v 102.359940 363.467041 -21.521126
v 101.754227 363.644745 -20.627697
v 100.847672 363.763489 -20.030729
v 102.572678 363.699768 -22.709185
v 99.778336 364.774261 -20.115070
v 102.359940 364.110962 -21.716459
v 101.754227 364.459564 -20.874870
v 100.847672 364.692474 -20.312536
v 102.572678 364.107422 -22.927094
v 99.778336 365.667389 -20.592453
v 102.359940 364.704407 -22.033665
v 101.754227 365.210510 -21.276253
v 100.847672 365.548645 -20.770166
v 102.572678 364.464783 -23.220346
v 99.778336 366.450226 -21.234900
v 102.359940 365.224579 -22.460548
v 101.754227 365.868683 -21.816423
v 100.847672 366.299072 -21.386032
v 102.572678 364.758026 -23.577679
v 99.778336 367.092651 -22.017723
v 102.359940 365.651459 -22.980709
v 101.754227 366.408875 -22.474625
v 100.847672 366.914948 -22.136467
v 102.572678 364.975922 -23.985359
v 99.778336 367.570038 -22.910841
v 102.359940 365.968658 -23.574158
v 101.754227 366.810242 -23.225559
v 100.847672 367.372589 -22.992634
v 102.572678 365.110107 -24.427713
v 99.778336 367.864014 -23.879930
v 102.359940 366.164001 -24.218086
v 101.754227 367.057434 -24.040371
v 100.847672 367.654388 -23.921627
v 102.572678 365.155426 -24.887749
v 99.778336 367.963287 -24.887749
v 102.359940 366.229950 -24.887749
v 101.754227 367.140869 -24.887749
v 100.847672 367.749542 -24.887749
v 102.572678 365.110107 -25.347784
v 99.778336 367.864014 -25.895567
v 102.359940 366.164001 -25.557411
v 101.754227 367.057434 -25.735126
v 100.847672 367.654388 -25.853870
v 102.572678 364.975922 -25.790138
v 99.778336 367.570038 -26.864656
v 102.359940 365.968658 -26.201340
v 101.754227 366.810242 -26.549938
v 100.847672 367.372589 -26.782864
v 102.572678 364.758026 -26.197819
v 99.778336 367.092651 -27.757774
v 102.359940 365.651459 -26.794788
v 101.754227 366.408875 -27.300873
v 100.847672 366.914948 -27.639030
v 102.572678 364.464783 -26.555149
v 99.778336 366.450226 -28.540598
v 102.359940 365.224579 -27.314947
v 101.754227 365.868683 -27.959074
v 100.847672 366.299072 -28.389465
v 102.572678 364.107422 -26.848404
v 99.778336 365.667389 -29.183044
v 102.359940 364.704407 -27.741833
v 101.754227 365.210510 -28.499245
v 100.847672 365.548645 -29.005331
v 102.572678 363.699768 -27.066313
v 99.778336 364.774261 -29.660427
v 102.359940 364.110962 -28.059038
v 101.754227 364.459564 -28.900627
v 100.847672 364.692474 -29.462961
v 102.572678 363.257416 -27.200500
v 99.778336 363.805176 -29.954395
v 102.359940 363.467041 -28.254372
v 101.754227 363.644745 -29.147800
v 100.847672 363.763489 -29.744770
v 102.572708 352.382996 -58.340233
v 99.778336 352.382996 -61.148079
v 102.359970 352.382996 -59.414757
v 101.754227 352.382996 -60.325684
v 100.847672 352.382996 -60.934349
v 102.572708 351.922974 -58.294930
v 99.778336 351.375153 -61.048820
v 102.359970 351.713318 -59.348793
v 101.754227 351.535614 -60.242218
v 100.847672 351.416870 -60.839188
v 102.572708 351.480591 -58.160736
v 99.778336 350.406067 -60.754845
v 102.359970 351.069397 -59.153458
v 101.754227 350.720795 -59.995049
v 100.847672 350.487854 -60.557388
v 102.572708 351.072906 -57.942825
v 99.778336 349.512970 -60.277466
v 102.359970 350.475952 -58.836258
v 101.754227 349.969849 -59.593666
v 100.847672 349.631714 -60.099747
v 102.572708 350.715576 -57.649574
v 99.778336 348.730133 -59.635017
v 102.359970 349.955780 -58.409370
v 101.754227 349.311646 -59.053490
v 100.847672 348.881256 -59.483887
v 102.572708 350.422333 -57.292236
v 99.778336 348.087677 -58.852196
v 102.359970 349.528900 -57.889214
v 101.754227 348.771484 -58.395294
v 100.847672 348.265381 -58.733452
v 102.572708 350.204407 -56.884560
v 99.778336 347.610291 -57.959076
v 102.359970 349.211700 -57.295753
v 101.754227 348.370087 -57.644363
v 100.847672 347.807770 -57.877281
v 102.572708 350.070221 -56.442207
v 99.778336 347.316345 -56.989990
v 102.359970 349.016357 -56.651833
v 101.754227 348.122925 -56.829552
v 100.847672 347.525970 -56.948292
v 102.572708 350.024933 -55.982170
v 99.778336 347.217072 -55.982170
v 102.359970 348.950409 -55.982170
v 101.754227 348.039490 -55.982170
v 100.847672 347.430817 -55.982170
v 102.572708 350.070221 -55.522133
v 99.778336 347.316345 -54.974350
v 102.359970 349.016357 -55.312508
v 101.754227 348.122925 -55.134796
v 100.847672 347.525970 -55.016052
v 102.572708 350.204407 -55.079784
v 99.778336 347.610291 -54.005264
v 102.359970 349.211700 -54.668583
v 101.754227 348.370087 -54.319988
v 100.847672 347.807770 -54.087059
v 102.572708 350.422333 -54.672100
v 99.778336 348.087677 -53.112144
v 102.359970 349.528900 -54.075127
v 101.754227 348.771484 -53.569046
v 100.847672 348.265381 -53.230888
v 102.572708 350.715576 -54.314766
v 99.778336 348.730133 -52.329323
v 102.359970 349.955780 -53.554970
v 101.754227 349.311646 -52.910847
v 100.847672 348.881256 -52.480457
v 102.572708 351.072906 -54.021519
v 99.778336 349.512970 -51.686874
v 102.359970 350.475952 -53.128090
v 101.754227 349.969849 -52.370678
v 100.847672 349.631714 -51.864586
v 102.572708 351.480591 -53.803604
v 99.778336 350.406067 -51.209496
v 102.359970 351.069397 -52.810883
v 101.754227 350.720795 -51.969292
v 100.847672 350.487854 -51.406956
v 102.572708 351.922974 -53.669415
v 99.778336 351.375153 -50.915520
v 102.359970 351.713318 -52.615547
v 101.754227 351.535614 -51.722122
v 100.847672 351.416870 -51.125153
v 102.572708 352.382996 -53.624107
v 99.778336 352.382996 -50.816261
v 102.359970 352.382996 -52.549591
v 101.754227 352.382996 -51.638657
v 100.847672 352.382996 -51.029991
v 102.572708 352.843018 -53.669415
v 99.778336 353.390808 -50.915520
v 102.359970 353.052643 -52.615547
v 101.754227 353.230347 -51.722122
v 100.847672 353.349091 -51.125153
v 102.572708 353.285370 -53.803604
v 99.778336 354.359894 -51.209496
v 102.359970 353.696564 -52.810883
v 101.754227 354.045166 -51.969292
v 100.847672 354.278107 -51.406956
v 102.572708 353.693054 -54.021519
v 99.778336 355.252991 -51.686874
v 102.359970 354.290009 -53.128090
v 101.754227 354.796112 -52.370678
v 100.847672 355.134277 -51.864594
v 102.572708 354.050385 -54.314766
v 99.778336 356.035828 -52.329323
v 102.359970 354.810181 -53.554974
v 101.754227 355.454315 -52.910847
v 100.847672 355.884705 -52.480457
v 102.572708 354.343628 -54.672104
v 99.778336 356.678284 -53.112144
v 102.359970 355.237061 -54.075134
v 101.754227 355.994476 -53.569050
v 100.847672 356.500549 -53.230888
v 102.572708 354.561554 -55.079781
v 99.778336 357.155670 -54.005264
v 102.359970 355.554260 -54.668583
v 101.754227 356.395874 -54.319984
v 100.847672 356.958191 -54.087059
v 102.572708 354.695740 -55.522141
v 99.778336 357.449615 -54.974350
v 102.359970 355.749603 -55.312508
v 101.754227 356.643036 -55.134796
v 100.847672 357.239990 -55.016052
v 102.572708 354.741028 -55.982170
v 99.778336 357.548889 -55.982170
v 102.359970 355.815552 -55.982170
v 101.754227 356.726501 -55.982170
v 100.847672 357.335144 -55.982170
v 102.572708 354.695740 -56.442207
v 99.778336 357.449615 -56.989990
v 102.359970 355.749603 -56.651833
v 101.754227 356.643036 -56.829552
v 100.847672 357.239990 -56.948292
v 102.572708 354.561554 -56.884563
v 99.778336 357.155670 -57.959076
v 102.359970 355.554260 -57.295761
v 101.754227 356.395874 -57.644363
v 100.847672 356.958191 -57.877281
v 102.572708 354.343628 -57.292236
v 99.778336 356.678284 -58.852196
v 102.359970 355.237061 -57.889206
v 101.754227 355.994476 -58.395294
v 100.847672 356.500549 -58.733444
v 102.572708 354.050385 -57.649574
v 99.778336 356.035828 -59.635017
v 102.359970 354.810181 -58.409370
v 101.754227 355.454315 -59.053490
v 100.847672 355.884705 -59.483887
v 102.572708 353.693054 -57.942825
v 99.778336 355.252991 -60.277466
v 102.359970 354.290009 -58.836250
v 101.754227 354.796112 -59.593666
v 100.847672 355.134277 -60.099747
v 102.572708 353.285370 -58.160736
v 99.778336 354.359894 -60.754845
v 102.359970 353.696564 -59.153458
v 101.754227 354.045166 -59.995049
v 100.847672 354.278107 -60.557381
v 102.572708 352.843018 -58.294930
v 99.778336 353.390808 -61.048820
v 102.359970 353.052643 -59.348793
v 101.754227 353.230347 -60.242218
v 100.847672 353.349091 -60.839188
v 102.572617 336.340729 -95.669258
v 99.778336 336.340729 -98.477104
v 102.360001 336.340729 -96.743767
v 101.754227 336.340729 -97.654709
v 100.847672 336.340729 -98.263374
v 102.572617 335.880676 -95.623947
v 99.778336 335.332916 -98.377838
v 102.360001 335.671051 -96.677834
v 101.754227 335.493347 -97.571251
v 100.847672 335.374603 -98.168213
v 102.572617 335.438354 -95.489754
v 99.778336 334.363831 -98.083870
v 102.360001 335.027130 -96.482491
v 101.754227 334.678528 -97.324066
v 100.847672 334.445618 -97.886406
v 102.572617 335.030640 -95.271835
v 99.778336 333.470703 -97.606499
v 102.360001 334.433685 -96.165276
v 101.754227 333.927612 -96.922684
v 100.847672 333.589447 -97.428772
v 102.572617 334.673340 -94.978600
v 99.778336 332.687866 -96.964050
v 102.360001 333.913513 -95.738396
v 101.754227 333.269409 -96.382515
v 100.847672 332.839020 -96.812912
v 102.572617 334.380066 -94.621254
v 99.778336 332.045441 -96.181229
v 102.360001 333.486633 -95.218239
v 101.754227 332.729218 -95.724319
v 100.847672 332.223145 -96.062477
v 102.572617 334.162170 -94.213577
v 99.778336 331.568054 -95.288109
v 102.360001 333.169434 -94.624794
v 101.754227 332.327850 -94.973381
v 100.847672 331.765503 -95.206314
v 102.572617 334.027954 -93.771210
v 99.778336 331.274078 -94.319008
v 102.360001 332.974091 -93.980858
v 101.754227 332.080688 -94.158569
v 100.847672 331.483704 -94.277313
v 102.572617 333.982666 -93.311188
v 99.778305 331.174805 -93.311188
v 102.359970 332.908142 -93.311188
v 101.754227 331.997223 -93.311188
v 100.847641 331.388550 -93.311188
v 102.572617 334.027954 -92.851173
v 99.778305 331.274078 -92.303375
v 102.359970 332.974091 -92.641533
v 101.754227 332.080688 -92.463821
v 100.847641 331.483704 -92.345070
v 102.572617 334.162170 -92.408806
v 99.778305 331.568054 -91.334282
v 102.359970 333.169434 -91.997589
v 101.754227 332.327850 -91.649002
v 100.847641 331.765503 -91.416077
v 102.572617 334.380066 -92.001129
v 99.778305 332.045441 -90.441162
v 102.359970 333.486633 -91.404152
v 101.754227 332.729218 -90.898071
v 100.847641 332.223145 -90.559914
v 102.572617 334.673340 -91.643791
v 99.778305 332.687866 -89.658348
v 102.359970 333.913513 -90.883987
v 101.754227 333.269409 -90.239868
v 100.847641 332.839020 -89.809479
v 102.572617 335.030640 -91.350540
v 99.778305 333.470703 -89.015900
v 102.359970 334.433685 -90.457115
v 101.754227 333.927612 -89.699699
v 100.847641 333.589447 -89.193611
v 102.572617 335.438354 -91.132622
v 99.778305 334.363831 -88.538513
v 102.359970 335.027130 -90.139908
v 101.754227 334.678528 -89.298317
v 100.847641 334.445618 -88.735985
v 102.572617 335.880676 -90.998436
v 99.778305 335.332916 -88.244545
v 102.359970 335.671051 -89.944557
v 101.754227 335.493347 -89.051140
v 100.847641 335.374603 -88.454163
v 102.572617 336.340729 -90.953133
v 99.778305 336.340729 -88.145287
v 102.359970 336.340729 -89.878616
v 101.754227 336.340729 -88.967682
v 100.847641 336.340729 -88.359016
v 102.572617 336.800751 -90.998436
v 99.778305 337.348541 -88.244545
v 102.359970 337.010376 -89.944557
v 101.754227 337.188110 -89.051140
v 100.847641 337.306854 -88.454163
v 102.572617 337.243103 -91.132622
v 99.778305 338.317627 -88.538513
v 102.359970 337.654297 -90.139908
v 101.754227 338.002930 -89.298317
v 100.847641 338.235840 -88.735985
v 102.572617 337.650787 -91.350540
v 99.778305 339.210754 -89.015900
v 102.359970 338.247772 -90.457115
v 101.754227 338.753845 -89.699699
v 100.847641 339.092010 -89.193611
v 102.572617 338.008118 -91.643791
v 99.778305 339.993591 -89.658348
v 102.359970 338.767914 -90.883987
v 101.754227 339.412048 -90.239868
v 100.847641 339.842438 -89.809479
v 102.572617 338.301392 -92.001129
v 99.778305 340.636017 -90.441162
v 102.359970 339.194824 -91.404152
v 101.754227 339.952240 -90.898071
v 100.847641 340.458313 -90.559914
v 102.572617 338.519287 -92.408806
v 99.778305 341.113403 -91.334282
v 102.359970 339.512024 -91.997589
v 101.754227 340.353607 -91.649002
v 100.847641 340.915955 -91.416077
v 102.572617 338.653473 -92.851173
v 99.778305 341.407379 -92.303375
v 102.359970 339.707336 -92.641533
v 101.754227 340.600769 -92.463821
v 100.847641 341.197754 -92.345070
v 102.572617 338.698792 -93.311188
v 99.778305 341.506622 -93.311188
v 102.359970 339.773315 -93.311188
v 101.754227 340.684235 -93.311188
v 100.847641 341.292908 -93.311188
v 102.572617 338.653473 -93.771210
v 99.778305 341.407379 -94.319008
v 102.359970 339.707336 -93.980858
v 101.754227 340.600769 -94.158569
v 100.847641 341.197754 -94.277313
v 102.572617 338.519287 -94.213577
v 99.778305 341.113403 -95.288109
v 102.359970 339.512024 -94.624794
v 101.754227 340.353607 -94.973381
v 100.847641 340.915955 -95.206314
v 102.572617 338.301392 -94.621254
v 99.778336 340.636017 -96.181229
v 102.359970 339.194824 -95.218239
v 101.754227 339.952240 -95.724319
v 100.847672 340.458313 -96.062477
v 102.572617 338.008118 -94.978600
v 99.778336 339.993591 -96.964050
v 102.360001 338.767914 -95.738396
v 101.754227 339.412048 -96.382515
v 100.847672 339.842438 -96.812912
v 102.572617 337.650787 -95.271835
v 99.778336 339.210754 -97.606499
v 102.360001 338.247772 -96.165276
v 101.754227 338.753845 -96.922684
v 100.847672 339.092010 -97.428772
v 102.572617 337.243103 -95.489754
v 99.778336 338.317627 -98.083870
v 102.360001 337.654297 -96.482491
v 101.754227 338.002930 -97.324066
v 100.847672 338.235840 -97.886406
v 102.572617 336.800751 -95.623947
v 99.778336 337.348541 -98.377838
v 102.360001 337.010376 -96.677834
v 101.754227 337.188110 -97.571251
v 100.847672 337.306854 -98.168213
v 92.240829 362.797363 -19.721840
v 92.240829 361.789551 -19.821102
v 92.240829 360.820465 -20.115070
v 92.240829 359.927338 -20.592453
v 92.240829 359.144531 -21.234900
v 92.240829 358.502075 -22.017723
v 92.240829 358.024689 -22.910841
v 92.240829 357.730713 -23.879930
v 92.240829 357.730713 -25.895567
v 92.240829 358.024689 -26.864656
v 92.240829 358.502075 -27.757774
v 92.240829 359.144531 -28.540598
v 92.240829 359.927338 -29.183044
v 92.240829 360.820465 -29.660427
v 92.240829 361.789551 -29.954395
v 92.240829 362.797363 -30.053658
v 92.240829 363.805176 -29.954395
v 92.240829 364.774261 -29.660427
v 92.240829 365.667389 -29.183044
v 92.240829 366.450226 -28.540598
v 92.240829 367.092651 -27.757774
v 92.240829 367.570038 -26.864656
v 92.240829 367.864014 -25.895567
v 92.240829 367.864014 -23.879930
v 92.240829 367.570038 -22.910841
v 92.240829 367.092651 -22.017723
v 92.240829 366.450226 -21.234900
v 92.240829 365.667389 -20.592453
v 92.240829 364.774261 -20.115070
v 92.240829 363.805176 -19.821102
v 92.240829 352.382996 11.372583
v 92.240829 351.375153 11.273321
v 92.240829 350.406067 10.979353
v 92.240829 349.512970 10.501970
v 92.240829 348.730133 9.859522
v 92.240829 348.087677 9.076696
v 92.240829 347.610291 8.183580
v 92.240829 347.316345 7.214495
v 92.240829 347.217072 6.206675
v 92.240829 347.316345 5.198856
v 92.240829 347.610291 4.229765
v 92.240829 348.087677 3.336649
v 92.240829 348.730133 2.553825
v 92.240829 349.512970 1.911379
v 92.240829 350.406067 1.433996
v 92.240829 351.375153 1.140026
v 92.240829 352.382996 1.040766
v 92.240829 353.390808 1.140026
v 92.240829 354.359894 1.433996
v 92.240829 355.252991 1.911379
v 92.240829 356.035828 2.553825
v 92.240829 356.678284 3.336649
v 92.240829 357.155670 4.229765
v 92.240829 357.449615 5.198856
v 92.240829 357.548889 6.206675
v 92.240829 357.449615 7.214495
v 92.240829 357.155670 8.183580
v 92.240829 356.678284 9.076696
v 92.240829 356.035828 9.859522
v 92.240829 355.252991 10.501970
v 92.240829 354.359894 10.979353
v 92.240829 353.390808 11.273321
v 92.240860 336.340729 48.701607
v 92.240860 335.332916 48.602341
v 92.240860 334.363831 48.308372
v 92.240860 333.470703 47.831001
v 92.240860 332.687866 47.188553
v 92.240860 332.045441 46.405731
v 92.240860 331.568054 45.512611
v 92.240860 331.274078 44.543510
v 92.240860 331.174805 43.535706
v 92.240860 331.274078 42.527878
v 92.240860 331.568054 41.558792
v 92.240860 332.045441 40.665672
v 92.240860 332.687866 39.882851
v 92.240860 333.470703 39.240402
v 92.240860 334.363831 38.763023
v 92.240860 335.332916 38.469048
v 92.240860 336.340729 38.369789
v 92.240860 337.348541 38.469048
v 92.240860 338.317627 38.763023
v 92.240860 339.210754 39.240402
v 92.240860 339.993591 39.882851
v 92.240860 340.636017 40.665672
v 92.240860 341.113403 41.558792
v 92.240860 341.407379 42.527878
v 92.240860 341.506622 43.535706
v 92.240860 341.407379 44.543510
v 92.240860 341.113403 45.512611
v 92.240860 340.636017 46.405731
v 92.240860 339.993591 47.188553
v 92.240860 339.210754 47.831001
v 92.240860 338.317627 48.308372
v 92.240860 337.348541 48.602341
v 102.572678 362.797363 -22.529688
v 99.778336 362.797363 -19.721840
v 102.359940 362.797363 -21.455172
v 101.754227 362.797363 -20.544239
v 100.847672 362.797363 -19.935574
v 102.572678 362.337341 -22.574997
v 99.778336 361.789551 -19.821102
v 102.359940 362.127716 -21.521126
v 101.754227 361.949982 -20.627697
v 100.847672 361.831238 -20.030729
v 102.572678 361.894989 -22.709183
v 99.778336 360.820465 -20.115070
v 102.359940 361.483765 -21.716459
v 101.754227 361.135193 -20.874870
v 100.847672 360.902252 -20.312536
v 102.572678 361.487305 -22.927094
v 99.778336 359.927338 -20.592453
v 102.359940 360.890320 -22.033665
v 101.754227 360.384247 -21.276253
v 100.847672 360.046082 -20.770166
v 102.572678 361.129974 -23.220346
v 99.778336 359.144531 -21.234900
v 102.359940 360.370178 -22.460548
v 101.754227 359.726044 -21.816423
v 100.847672 359.295654 -21.386032
v 102.572678 360.836700 -23.577679
v 99.778336 358.502075 -22.017723
v 102.359940 359.943298 -22.980709
v 101.754227 359.185883 -22.474625
v 100.847672 358.679779 -22.136467
v 102.572678 360.618805 -23.985359
v 99.778336 358.024689 -22.910841
v 102.359940 359.626068 -23.574158
v 101.754227 358.784485 -23.225559
v 100.847672 358.222168 -22.992634
v 102.572678 360.484619 -24.427713
v 99.778336 357.730713 -23.879930
v 102.359940 359.430756 -24.218086
v 101.754227 358.537323 -24.040371
v 100.847672 357.940338 -23.921627
v 102.572678 360.484619 -25.347784
v 99.778336 357.730713 -25.895567
v 102.359940 359.430756 -25.557411
v 101.754227 358.537323 -25.735126
v 100.847672 357.940338 -25.853870
v 102.572678 360.618805 -25.790138
v 99.778336 358.024689 -26.864656
v 102.359940 359.626068 -26.201340
v 101.754227 358.784485 -26.549938
v 100.847672 358.222168 -26.782864
v 102.572678 360.836700 -26.197819
v 99.778336 358.502075 -27.757774
v 102.359940 359.943298 -26.794788
v 101.754227 359.185883 -27.300873
v 100.847672 358.679779 -27.639030
v 102.572678 361.129974 -26.555149
v 99.778336 359.144531 -28.540598
v 102.359940 360.370178 -27.314947
v 101.754227 359.726044 -27.959074
v 100.847672 359.295654 -28.389465
v 102.572678 361.487305 -26.848404
v 99.778336 359.927338 -29.183044
v 102.359940 360.890320 -27.741833
v 101.754227 360.384247 -28.499245
v 100.847672 360.046082 -29.005331
v 102.572678 361.894989 -27.066313
v 99.778336 360.820465 -29.660427
v 102.359940 361.483765 -28.059038
v 101.754227 361.135193 -28.900629
v 100.847672 360.902252 -29.462963
v 102.572678 362.337341 -27.200500
v 99.778336 361.789551 -29.954395
v 102.359940 362.127716 -28.254372
v 101.754227 361.949982 -29.147800
v 100.847672 361.831238 -29.744770
v 102.572678 362.797363 -27.245810
v 99.778336 362.797363 -30.053658
v 102.359940 362.797363 -28.320328
v 101.754227 362.797363 -29.231258
v 100.847672 362.797363 -29.839924
v 102.572678 363.257416 -27.200500
v 99.778336 363.805176 -29.954395
v 102.359940 363.467041 -28.254372
v 101.754227 363.644745 -29.147800
v 100.847672 363.763489 -29.744770
v 102.572678 363.699768 -27.066313
v 99.778336 364.774261 -29.660427
v 102.359940 364.110962 -28.059038
v 101.754227 364.459564 -28.900627
v 100.847672 364.692474 -29.462961
v 102.572678 364.107422 -26.848404
v 99.778336 365.667389 -29.183044
v 102.359940 364.704407 -27.741833
v 101.754227 365.210510 -28.499245
v 100.847672 365.548645 -29.005331
v 102.572678 364.464783 -26.555151
v 99.778336 366.450226 -28.540598
v 102.359940 365.224579 -27.314949
v 101.754227 365.868683 -27.959074
v 100.847672 366.299072 -28.389465
v 102.572678 364.758026 -26.197819
v 99.778336 367.092651 -27.757774
v 102.359940 365.651459 -26.794788
v 101.754227 366.408875 -27.300873
v 100.847672 366.914948 -27.639030
v 102.572678 364.975922 -25.790138
v 99.778336 367.570038 -26.864656
v 102.359940 365.968658 -26.201340
v 101.754227 366.810242 -26.549938
v 100.847672 367.372589 -26.782864
v 102.572678 365.110107 -25.347784
v 99.778336 367.864014 -25.895567
v 102.359940 366.164001 -25.557411
v 101.754227 367.057434 -25.735126
v 100.847672 367.654388 -25.853870
v 102.572678 365.110107 -24.427713
v 99.778336 367.864014 -23.879930
v 102.359940 366.164001 -24.218086
v 101.754227 367.057434 -24.040371
v 100.847672 367.654388 -23.921627
v 102.572678 364.975922 -23.985359
v 99.778336 367.570038 -22.910841
v 102.359940 365.968658 -23.574158
v 101.754227 366.810242 -23.225559
v 100.847672 367.372589 -22.992634
v 102.572678 364.758026 -23.577679
v 99.778336 367.092651 -22.017723
v 102.359940 365.651459 -22.980709
v 101.754227 366.408875 -22.474625
v 100.847672 366.914948 -22.136467
v 102.572678 364.464783 -23.220348
v 99.778336 366.450226 -21.234900
v 102.359940 365.224579 -22.460548
v 101.754227 365.868683 -21.816423
v 100.847672 366.299072 -21.386032
v 102.572678 364.107422 -22.927094
v 99.778336 365.667389 -20.592453
v 102.359940 364.704407 -22.033665
v 101.754227 365.210510 -21.276253
v 100.847672 365.548645 -20.770166
v 102.572678 363.699768 -22.709185
v 99.778336 364.774261 -20.115070
v 102.359940 364.110962 -21.716459
v 101.754227 364.459564 -20.874870
v 100.847672 364.692474 -20.312536
v 102.572678 363.257416 -22.574997
v 99.778336 363.805176 -19.821102
v 102.359940 363.467041 -21.521126
v 101.754227 363.644745 -20.627697
v 100.847672 363.763489 -20.030729
v 102.572617 352.382996 8.564734
v 99.778305 352.382996 11.372583
v 102.359940 352.382996 9.639254
v 101.754196 352.382996 10.550188
v 100.847672 352.382996 11.158854
v 102.572617 351.922974 8.519430
v 99.778305 351.375153 11.273321
v 102.359940 351.713318 9.573298
v 101.754196 351.535614 10.466726
v 100.847672 351.416870 11.063696
v 102.572617 351.480591 8.385237
v 99.778305 350.406067 10.979349
v 102.359940 351.069397 9.377962
v 101.754196 350.720795 10.219553
v 100.847672 350.487854 10.781889
v 102.572617 351.072906 8.167326
v 99.778305 349.512970 10.501970
v 102.359940 350.475952 9.060755
v 101.754196 349.969849 9.818171
v 100.847672 349.631714 10.324259
v 102.572617 350.715576 7.874075
v 99.778305 348.730133 9.859522
v 102.359940 349.955780 8.633875
v 101.754196 349.311646 9.277998
v 100.847672 348.881256 9.708391
v 102.572617 350.422333 7.516745
v 99.778305 348.087677 9.076700
v 102.359940 349.528900 8.113714
v 101.754196 348.771484 8.619799
v 100.847672 348.265381 8.957956
v 102.572617 350.204407 7.109056
v 99.778305 347.610291 8.183580
v 102.359940 349.211700 7.520262
v 101.754196 348.370087 7.868856
v 100.847672 347.807770 8.101786
v 102.572617 350.070221 6.666710
v 99.778305 347.316345 7.214491
v 102.359940 349.016357 6.876337
v 101.754196 348.122925 7.054045
v 100.847672 347.525970 7.172792
v 102.572617 350.024933 6.206673
v 99.778305 347.217072 6.206671
v 102.359940 348.950409 6.206673
v 101.754196 348.039490 6.206671
v 100.847672 347.430817 6.206671
v 102.572617 350.070221 5.746639
v 99.778305 347.316345 5.198853
v 102.359940 349.016357 5.537010
v 101.754196 348.122925 5.359293
v 100.847672 347.525970 5.240551
v 102.572617 350.204407 5.304283
v 99.778305 347.610291 4.229767
v 102.359940 349.211700 4.893087
v 101.754196 348.370087 4.544483
v 100.847672 347.807770 4.311560
v 102.572617 350.422333 4.896605
v 99.778305 348.087677 3.336651
v 102.359940 349.528900 4.299633
v 101.754196 348.771484 3.793547
v 100.847672 348.265381 3.455391
v 102.572617 350.715576 4.539268
v 99.778305 348.730133 2.553822
v 102.359940 349.955780 3.779472
v 101.754196 349.311646 3.135344
v 100.847672 348.881256 2.704956
v 102.572617 351.072906 4.246021
v 99.778305 349.512970 1.911377
v 102.359940 350.475952 3.352594
v 101.754196 349.969849 2.595177
v 100.847672 349.631714 2.089092
v 102.572617 351.480591 4.028109
v 99.778305 350.406067 1.433994
v 102.359940 351.069397 3.035385
v 101.754196 350.720795 2.193792
v 100.847672 350.487854 1.631456
v 102.572617 351.922974 3.893919
v 99.778305 351.375153 1.140022
v 102.359940 351.713318 2.840050
v 101.754196 351.535614 1.946621
v 100.847672 351.416870 1.349655
v 102.572617 352.382996 3.848608
v 99.778305 352.382996 1.040764
v 102.359940 352.382996 2.774088
v 101.754196 352.382996 1.863159
v 100.847672 352.382996 1.254494
v 102.572617 352.843018 3.893919
v 99.778305 353.390808 1.140022
v 102.359940 353.052643 2.840050
v 101.754196 353.230347 1.946621
v 100.847672 353.349091 1.349655
v 102.572617 353.285370 4.028109
v 99.778305 354.359894 1.433994
v 102.359940 353.696564 3.035385
v 101.754196 354.045166 2.193792
v 100.847672 354.278107 1.631460
v 102.572617 353.693054 4.246017
v 99.778305 355.252991 1.911377
v 102.359940 354.290009 3.352594
v 101.754196 354.796112 2.595177
v 100.847672 355.134277 2.089092
v 102.572617 354.050385 4.539272
v 99.778305 356.035828 2.553822
v 102.359940 354.810181 3.779472
v 101.754196 355.454315 3.135347
v 100.847672 355.884705 2.704956
v 102.572617 354.343628 4.896608
v 99.778305 356.678284 3.336651
v 102.359940 355.237061 4.299639
v 101.754196 355.994476 3.793547
v 100.847672 356.500549 3.455395
v 102.572617 354.561554 5.304279
v 99.778305 357.155670 4.229767
v 102.359940 355.554260 4.893082
v 101.754196 356.395874 4.544483
v 100.847672 356.958191 4.311560
v 102.572617 354.695740 5.746639
v 99.778305 357.449615 5.198853
v 102.359940 355.749603 5.537010
v 101.754196 356.643036 5.359293
v 100.847672 357.239990 5.240551
v 102.572617 354.741028 6.206673
v 99.778305 357.548889 6.206671
v 102.359940 355.815552 6.206673
v 101.754196 356.726501 6.206671
v 100.847672 357.335144 6.206671
v 102.572617 354.695740 6.666706
v 99.778305 357.449615 7.214491
v 102.359940 355.749603 6.876337
v 101.754196 356.643036 7.054045
v 100.847672 357.239990 7.172792
v 102.572617 354.561554 7.109064
v 99.778305 357.155670 8.183580
v 102.359940 355.554260 7.520262
v 101.754196 356.395874 7.868860
v 100.847672 356.958191 8.101786
v 102.572617 354.343628 7.516741
v 99.778305 356.678284 9.076700
v 102.359940 355.237061 8.113710
v 101.754196 355.994476 8.619795
v 100.847672 356.500549 8.957956
v 102.572617 354.050385 7.874075
v 99.778305 356.035828 9.859522
v 102.359940 354.810181 8.633871
v 101.754196 355.454315 9.277998
v 100.847672 355.884705 9.708391
v 102.572617 353.693054 8.167326
v 99.778305 355.252991 10.501970
v 102.359940 354.290009 9.060755
v 101.754196 354.796112 9.818171
v 100.847672 355.134277 10.324255
v 102.572617 353.285370 8.385237
v 99.778305 354.359894 10.979349
v 102.359940 353.696564 9.377962
v 101.754196 354.045166 10.219553
v 100.847672 354.278107 10.781889
v 102.572617 352.843018 8.519430
v 99.778305 353.390808 11.273321
v 102.359940 353.052643 9.573298
v 101.754196 353.230347 10.466726
v 100.847672 353.349091 11.063696
v 102.572708 336.340729 45.893761
v 99.778336 336.340729 48.701622
v 102.359970 336.340729 46.968285
v 101.754227 336.340729 47.879211
v 100.847672 336.340729 48.487892
v 102.572708 335.880676 45.848465
v 99.778336 335.332916 48.602356
v 102.359970 335.671051 46.902328
v 101.754227 335.493347 47.795769
v 100.847672 335.374603 48.392731
v 102.572708 335.438354 45.714272
v 99.778336 334.363831 48.308388
v 102.359970 335.027130 46.706993
v 101.754227 334.678528 47.548584
v 100.847672 334.445618 48.110924
v 102.572708 335.030640 45.496361
v 99.778336 333.470703 47.831001
v 102.359970 334.433685 46.389778
v 101.754227 333.927612 47.147202
v 100.847672 333.589447 47.653290
v 102.572708 334.673340 45.203117
v 99.778336 332.687866 47.188553
v 102.359970 333.913513 45.962898
v 101.754227 333.269409 46.607033
v 100.847672 332.839020 47.037430
v 102.572708 334.380066 44.845779
v 99.778336 332.045441 46.405731
v 102.359970 333.486633 45.442741
v 101.754227 332.729218 45.948837
v 100.847672 332.223145 46.286995
v 102.572708 334.162170 44.438095
v 99.778336 331.568054 45.512611
v 102.359970 333.169434 44.849297
v 101.754227 332.327850 45.197899
v 100.847672 331.765503 45.430832
v 102.572708 334.027954 43.995735
v 99.778336 331.274078 44.543526
v 102.359970 332.974091 44.205360
v 101.754227 332.080688 44.383087
v 100.847672 331.483704 44.501831
v 102.572708 333.982666 43.535706
v 99.778336 331.174805 43.535706
v 102.359970 332.908142 43.535706
v 101.754227 331.997223 43.535706
v 100.847672 331.388550 43.535706
v 102.572708 334.027954 43.075676
v 99.778336 331.274078 42.527893
v 102.359970 332.974091 42.866051
v 101.754227 332.080688 42.688339
v 100.847672 331.483704 42.569588
v 102.572708 334.162170 42.633308
v 99.778305 331.568054 41.558800
v 102.359970 333.169434 42.222115
v 101.754227 332.327850 41.873520
v 100.847672 331.765503 41.640594
v 102.572708 334.380066 42.225647
v 99.778305 332.045441 40.665680
v 102.359970 333.486633 41.628670
v 101.754227 332.729218 41.122581
v 100.847672 332.223145 40.784424
v 102.572708 334.673340 41.868309
v 99.778305 332.687866 39.882858
v 102.359970 333.913513 41.108505
v 101.754227 333.269409 40.464386
v 100.847672 332.839020 40.033989
v 102.572708 335.030640 41.575050
v 99.778305 333.470703 39.240410
v 102.359970 334.433685 40.681625
v 101.754227 333.927612 39.924210
v 100.847672 333.589447 39.418129
v 102.572708 335.438354 41.357140
v 99.778305 334.363831 38.763023
v 102.359970 335.027130 40.364418
v 101.754227 334.678528 39.522827
v 100.847672 334.445618 38.960495
v 102.572708 335.880676 41.222946
v 99.778305 335.332916 38.469055
v 102.359970 335.671051 40.169075
v 101.754227 335.493347 39.275650
v 100.847672 335.374603 38.678680
v 102.572708 336.340729 41.177643
v 99.778305 336.340729 38.369797
v 102.359970 336.340729 40.103127
v 101.754227 336.340729 39.192192
v 100.847672 336.340729 38.583527
v 102.572708 336.800751 41.222946
v 99.778305 337.348541 38.469055
v 102.359970 337.010376 40.169075
v 101.754227 337.188110 39.275650
v 100.847672 337.306854 38.678680
v 102.572708 337.243103 41.357140
v 99.778305 338.317627 38.763023
v 102.359970 337.654297 40.364418
v 101.754227 338.002930 39.522827
v 100.847672 338.235840 38.960495
v 102.572708 337.650787 41.575050
v 99.778305 339.210754 39.240410
v 102.359970 338.247772 40.681625
v 101.754227 338.753845 39.924210
v 100.847672 339.092010 39.418129
v 102.572708 338.008118 41.868309
v 99.778305 339.993591 39.882858
v 102.359970 338.767914 41.108505
v 101.754227 339.412048 40.464386
v 100.847672 339.842438 40.033989
v 102.572708 338.301392 42.225647
v 99.778305 340.636017 40.665680
v 102.359970 339.194824 41.628670
v 101.754227 339.952240 41.122581
v 100.847672 340.458313 40.784424
v 102.572708 338.519287 42.633308
v 99.778305 341.113403 41.558800
v 102.359970 339.512024 42.222115
v 101.754227 340.353607 41.873505
v 100.847672 340.915955 41.640594
v 102.572708 338.653473 43.075676
v 99.778336 341.407379 42.527893
v 102.359970 339.707336 42.866051
v 101.754227 340.600769 42.688339
v 100.847672 341.197754 42.569588
v 102.572708 338.698792 43.535706
v 99.778336 341.506622 43.535706
v 102.359970 339.773315 43.535706
v 101.754227 340.684235 43.535706
v 100.847672 341.292908 43.535706
v 102.572708 338.653473 43.995735
v 99.778336 341.407379 44.543526
v 102.359970 339.707336 44.205360
v 101.754227 340.600769 44.383087
v 100.847672 341.197754 44.501831
v 102.572708 338.519287 44.438095
v 99.778336 341.113403 45.512611
v 102.359970 339.512024 44.849297
v 101.754227 340.353607 45.197899
v 100.847672 340.915955 45.430832
v 102.572708 338.301392 44.845779
v 99.778336 340.636017 46.405731
v 102.359970 339.194824 45.442741
v 101.754227 339.952240 45.948837
v 100.847672 340.458313 46.286995
v 102.572708 338.008118 45.203117
v 99.778336 339.993591 47.188553
v 102.359970 338.767914 45.962898
v 101.754227 339.412048 46.607033
v 100.847672 339.842438 47.037430
v 102.572708 337.650787 45.496361
v 99.778336 339.210754 47.831001
v 102.359970 338.247772 46.389778
v 101.754227 338.753845 47.147202
v 100.847672 339.092010 47.653290
v 102.572708 337.243103 45.714272
v 99.778336 338.317627 48.308388
v 102.359970 337.654297 46.706993
v 101.754227 338.002930 47.548584
v 100.847672 338.235840 48.110924
v 102.572708 336.800751 45.848465
v 99.778336 337.348541 48.602356
v 102.359970 337.010376 46.902328
v 101.754227 337.188110 47.795769
v 100.847672 337.306854 48.392731
v 105.835068 325.087769 -148.263290
v 105.835068 375.752167 -25.017946
v -278.812439 375.752167 -25.017946
v -278.812439 325.087769 -148.263290
v 105.835068 325.087769 98.227402
v -278.812439 325.087769 98.227402
v -271.675110 318.014526 -147.140259
v 92.240829 318.014526 -147.140259
v 92.240829 370.498871 -28.538263
v 105.835068 325.087769 -148.263290
v 105.835068 375.752167 -25.017946
v 105.835068 318.014526 -147.140259
v 105.835068 370.498871 -28.538263
v -271.675110 372.539734 -27.170639
v -278.812439 375.752167 -25.017946
v -278.812439 325.087769 -148.263290
v -278.812439 318.014526 -147.140259
v -278.812439 372.539734 -27.170639
v -271.675110 318.014526 97.104370
v 92.240829 318.014526 97.104370
v 92.240829 370.498871 -21.497629
v 105.835068 325.087769 98.227402
v 105.835068 318.014526 97.104370
v 105.835068 370.498871 -21.497629
v -271.675110 372.539734 -22.865253
v -278.812439 325.087769 98.227402
v -278.812439 318.014526 97.104370
v -278.812439 372.539734 -22.865253
vn 1.0000 -0.0000 -0.0000
vn -1.0000 -0.0000 -0.0000
vn -0.0000 -1.0000 -0.0000
vn 0.6857 -0.7139 0.1420
vn 0.6857 -0.1420 -0.7139
vn 0.6857 0.7139 -0.1420
vn 0.6857 0.6052 0.4044
vn 0.6857 0.1420 0.7139
vn -0.0979 -0.0000 0.9952
vn -0.3799 -0.1805 0.9073
vn -0.0979 -0.1942 0.9761
vn -0.3799 -0.0000 0.9250
vn -0.7026 -0.1388 0.6979
vn -0.7026 -0.0000 0.7115
vn -0.9202 -0.0764 0.3840
vn -0.9202 -0.0000 0.3915
vn -0.9946 -0.0202 0.1017
vn -0.3799 -0.3540 0.8546
vn -0.0979 -0.3808 0.9194
vn -0.7026 -0.2723 0.6574
vn -0.9202 -0.1498 0.3617
vn -0.9946 -0.0396 0.0957
vn -0.3799 -0.5139 0.7691
vn -0.0979 -0.5529 0.8275
vn -0.7026 -0.3953 0.5916
vn -0.9202 -0.2175 0.3255
vn -0.9946 -0.0576 0.0862
vn -0.3799 -0.6541 0.6541
vn -0.0979 -0.7037 0.7037
vn -0.7026 -0.5031 0.5031
vn -0.9202 -0.2768 0.2768
vn -0.9946 -0.0733 0.0733
vn -0.0979 -0.8275 0.5529
vn -0.3799 -0.7691 0.5139
vn -0.7026 -0.5916 0.3953
vn -0.9202 -0.3255 0.2175
vn -0.9946 -0.0861 0.0575
vn -0.3799 -0.8546 0.3540
vn -0.0979 -0.9194 0.3808
vn -0.7026 -0.6574 0.2723
vn -0.9202 -0.3617 0.1498
vn -0.9946 -0.0957 0.0396
vn -0.3799 -0.9073 0.1805
vn -0.0979 -0.9761 0.1942
vn -0.7026 -0.6979 0.1388
vn -0.9202 -0.3840 0.0764
vn -0.9946 -0.1016 0.0202
vn -0.0974 -0.9905 0.0976
vn -0.3783 -0.9212 0.0907
vn -0.7009 -0.7098 0.0699
vn -0.9195 -0.3912 0.0385
vn -0.9946 -0.1036 -0.0000
vn -0.0974 -0.9905 -0.0976
vn -0.3799 -0.9073 -0.1805
vn -0.0979 -0.9761 -0.1942
vn -0.3783 -0.9212 -0.0907
vn -0.7026 -0.6979 -0.1388
vn -0.7009 -0.7098 -0.0699
vn -0.9202 -0.3840 -0.0764
vn -0.9195 -0.3912 -0.0385
vn -0.9946 -0.1016 -0.0202
vn -0.3799 -0.8546 -0.3540
vn -0.0979 -0.9194 -0.3808
vn -0.7026 -0.6574 -0.2723
vn -0.9202 -0.3617 -0.1498
vn -0.9946 -0.0957 -0.0396
vn -0.3799 -0.7691 -0.5139
vn -0.0979 -0.8275 -0.5529
vn -0.7026 -0.5916 -0.3953
vn -0.9202 -0.3255 -0.2175
vn -0.9946 -0.0861 -0.0575
vn -0.3799 -0.6541 -0.6541
vn -0.0979 -0.7037 -0.7037
vn -0.7026 -0.5031 -0.5031
vn -0.9202 -0.2768 -0.2768
vn -0.9946 -0.0733 -0.0733
vn -0.3799 -0.5139 -0.7691
vn -0.0979 -0.5529 -0.8275
vn -0.7026 -0.3953 -0.5916
vn -0.9202 -0.2175 -0.3255
vn -0.9946 -0.0576 -0.0862
vn -0.0979 -0.3808 -0.9194
vn -0.3799 -0.3540 -0.8546
vn -0.7026 -0.2723 -0.6574
vn -0.9202 -0.1498 -0.3617
vn -0.9946 -0.0396 -0.0957
vn -0.0979 -0.1942 -0.9761
vn -0.3799 -0.1805 -0.9073
vn -0.7026 -0.1388 -0.6979
vn -0.9202 -0.0764 -0.3840
vn -0.9946 -0.0202 -0.1017
vn -0.3799 -0.0000 -0.9250
vn -0.0979 -0.0000 -0.9952
vn -0.7026 -0.0000 -0.7115
vn -0.9202 -0.0000 -0.3915
vn -0.9946 -0.0000 -0.1035
vn -0.3799 0.1805 -0.9073
vn -0.0979 0.1942 -0.9761
vn -0.7026 0.1388 -0.6979
vn -0.9202 0.0764 -0.3840
vn -0.9946 0.0202 -0.1016
vn -0.0979 0.3808 -0.9194
vn -0.3799 0.3540 -0.8546
vn -0.7026 0.2723 -0.6574
vn -0.9202 0.1498 -0.3617
vn -0.9946 0.0396 -0.0957
vn -0.3799 0.5139 -0.7691
vn -0.0979 0.5529 -0.8275
vn -0.7026 0.3953 -0.5916
vn -0.9202 0.2175 -0.3255
vn -0.9946 0.0576 -0.0862
vn -0.3799 0.6541 -0.6541
vn -0.0979 0.7037 -0.7037
vn -0.7026 0.5031 -0.5031
vn -0.9202 0.2768 -0.2768
vn -0.9946 0.0733 -0.0733
vn -0.0979 0.8275 -0.5529
vn -0.3799 0.7691 -0.5139
vn -0.7026 0.5916 -0.3953
vn -0.9202 0.3255 -0.2175
vn -0.9946 0.0861 -0.0576
vn -0.3799 0.8546 -0.3540
vn -0.0979 0.9194 -0.3808
vn -0.7026 0.6574 -0.2723
vn -0.9202 0.3617 -0.1498
vn -0.9946 0.0957 -0.0396
vn -0.0979 0.9761 -0.1942
vn -0.3799 0.9073 -0.1805
vn -0.7026 0.6979 -0.1388
vn -0.9202 0.3840 -0.0764
vn -0.9946 0.1016 -0.0202
vn -0.0974 0.9905 -0.0976
vn -0.3783 0.9212 -0.0907
vn -0.7009 0.7098 -0.0699
vn -0.9195 0.3912 -0.0385
vn -0.9946 0.1036 -0.0000
vn -0.0974 0.9905 0.0976
vn -0.3799 0.9073 0.1805
vn -0.0979 0.9761 0.1942
vn -0.3783 0.9212 0.0907
vn -0.7026 0.6979 0.1388
vn -0.7009 0.7098 0.0699
vn -0.9202 0.3840 0.0764
vn -0.9946 0.1016 0.0202
vn -0.3799 0.8546 0.3540
vn -0.0979 0.9194 0.3808
vn -0.7026 0.6574 0.2723
vn -0.9202 0.3617 0.1498
vn -0.9946 0.0957 0.0396
vn -0.3799 0.7691 0.5139
vn -0.0979 0.8275 0.5529
vn -0.7026 0.5916 0.3953
vn -0.9202 0.3255 0.2175
vn -0.9946 0.0861 0.0575
vn -0.3799 0.6541 0.6541
vn -0.0979 0.7037 0.7037
vn -0.7026 0.5031 0.5031
vn -0.9202 0.2768 0.2768
vn -0.9946 0.0733 0.0733
vn -0.0979 0.5529 0.8275
vn -0.3799 0.5139 0.7691
vn -0.7026 0.3953 0.5916
vn -0.9202 0.2175 0.3255
vn -0.9946 0.0576 0.0862
vn -0.3799 0.3540 0.8546
vn -0.0979 0.3808 0.9194
vn -0.7026 0.2723 0.6574
vn -0.9202 0.1498 0.3617
vn -0.9946 0.0396 0.0957
vn -0.0979 0.1942 0.9761
vn -0.3799 0.1805 0.9073
vn -0.7026 0.1388 0.6979
vn -0.9202 0.0764 0.3840
vn -0.9946 0.0202 0.1016
vn -0.9946 -0.0000 0.1036
vn -0.9946 -0.0202 0.1015
vn -0.9946 -0.0576 0.0860
vn -0.9202 -0.2768 0.2769
vn -0.9946 -0.0861 0.0576
vn -0.0979 -0.9952 -0.0000
vn -0.3799 -0.9250 -0.0000
vn -0.7026 -0.7115 -0.0000
vn -0.9202 -0.3915 -0.0000
vn -0.9946 -0.0861 -0.0576
vn -0.9946 -0.0576 -0.0860
vn -0.9946 -0.0202 -0.1015
vn -0.9946 -0.0000 -0.1036
vn -0.9946 0.0202 -0.1015
vn -0.9946 0.0576 -0.0861
vn -0.9946 0.0733 -0.0732
vn -0.9946 0.0861 -0.0575
vn -0.3799 0.9250 -0.0000
vn -0.0979 0.9952 -0.0000
vn -0.7026 0.7115 -0.0000
vn -0.9202 0.3915 -0.0000
vn -0.9946 0.0576 0.0861
vn -0.9946 0.0202 0.1015
vn -0.0979 -0.1941 0.9761
vn -0.9946 -0.0576 0.0861
vn -0.9946 -0.0733 0.0732
vn -0.9946 -0.0733 -0.0732
vn -0.9946 -0.0576 -0.0861
vn -0.9946 0.0957 0.0397
vn -0.9946 0.0861 0.0576
vn -0.9946 0.0733 0.0732
vn -0.0979 0.1941 0.9761
vn 0.6857 -0.1420 0.7139
vn 0.6857 -0.0000 0.7279
vn 0.6857 -0.2785 0.6725
vn 0.6857 -0.4044 0.6052
vn 0.6857 -0.5147 0.5147
vn 0.6857 -0.6052 0.4044
vn 0.6857 -0.6725 0.2785
vn 0.6857 -0.7279 -0.0000
vn 0.6857 -0.7139 -0.1420
vn 0.6857 -0.6725 -0.2786
vn 0.6857 -0.6052 -0.4044
vn 0.6857 -0.5147 -0.5147
vn 0.6857 -0.4044 -0.6052
vn 0.6857 -0.2785 -0.6725
vn 0.6857 -0.0000 -0.7279
vn 0.6857 0.1420 -0.7139
vn 0.6857 0.2785 -0.6725
vn 0.6857 0.4044 -0.6052
vn 0.6857 0.5147 -0.5146
vn 0.6857 0.6052 -0.4044
vn 0.6857 0.6725 -0.2785
vn 0.6857 0.7279 -0.0000
vn 0.6857 0.7139 0.1420
vn 0.6857 0.6725 0.2786
vn 0.6857 0.5147 0.5146
vn 0.6857 0.4044 0.6052
vn 0.6857 0.2786 0.6725
vn 0.6857 -0.6725 0.2786
vn 0.6857 0.5147 -0.5147
vn 0.6857 0.6725 -0.2786
vn 0.6857 0.5147 0.5147
vn 0.6857 -0.2786 -0.6725
vn 0.6857 0.2785 0.6725
vn -0.9946 0.0202 0.1017
vn -0.9195 0.3912 0.0385
vn -0.9946 0.0202 -0.1017
vn -0.0979 -0.3809 -0.9194
vn -0.9202 0.2768 0.2769
vn -0.9202 0.2768 -0.2769
vn -0.7027 0.3953 -0.5916
vn -0.9946 0.0576 -0.0860
vn -0.9946 -0.0202 -0.1016
vn -0.9946 -0.0957 -0.0397
vn -0.9946 -0.1015 -0.0202
vn -0.9946 -0.0202 0.1016
vn -0.0979 0.1941 -0.9761
vn 0.6857 -0.2786 -0.6724
vn 0.6857 -0.2786 0.6724
vn 0.6857 0.2786 0.6724
vn 0.6857 0.2786 -0.6724
vn 0.6857 0.2786 -0.6725
vn -0.6857 -0.7139 -0.1420
vn -0.6857 -0.1420 0.7139
vn -0.6857 0.7139 0.1420
vn -0.6857 0.1420 -0.7139
vn 0.0979 -0.0000 -0.9952
vn 0.3799 -0.1805 -0.9073
vn 0.0979 -0.1942 -0.9761
vn 0.3799 -0.0000 -0.9250
vn 0.7026 -0.1388 -0.6979
vn 0.7026 -0.0000 -0.7115
vn 0.9202 -0.0764 -0.3840
vn 0.9202 -0.0000 -0.3915
vn 0.9946 -0.0202 -0.1014
vn 0.0979 -0.3808 -0.9194
vn 0.3799 -0.3540 -0.8546
vn 0.7027 -0.2723 -0.6574
vn 0.9202 -0.1498 -0.3617
vn 0.9946 -0.0396 -0.0957
vn 0.3799 -0.5139 -0.7691
vn 0.0979 -0.5529 -0.8275
vn 0.7026 -0.3953 -0.5916
vn 0.9202 -0.2175 -0.3255
vn 0.9946 -0.0576 -0.0860
vn 0.3799 -0.6541 -0.6541
vn 0.0979 -0.7037 -0.7037
vn 0.7026 -0.5031 -0.5031
vn 0.9202 -0.2768 -0.2768
vn 0.9946 -0.0733 -0.0734
vn 0.3799 -0.7691 -0.5139
vn 0.0979 -0.8275 -0.5529
vn 0.7026 -0.5916 -0.3953
vn 0.9202 -0.3255 -0.2175
vn 0.9946 -0.0861 -0.0574
vn 0.0979 -0.9194 -0.3808
vn 0.3799 -0.8546 -0.3540
vn 0.7026 -0.6574 -0.2723
vn 0.9202 -0.3617 -0.1498
vn 0.9946 -0.0957 -0.0396
vn 0.3799 -0.9073 -0.1805
vn 0.0979 -0.9761 -0.1942
vn 0.7026 -0.6979 -0.1388
vn 0.9202 -0.3840 -0.0764
vn 0.9946 -0.1016 -0.0202
vn 0.3783 -0.9212 -0.0907
vn 0.0974 -0.9905 -0.0976
vn 0.7009 -0.7098 -0.0699
vn 0.9195 -0.3912 -0.0385
vn 0.9946 -0.1036 -0.0000
vn 0.0974 -0.9905 0.0976
vn 0.3799 -0.9073 0.1805
vn 0.0979 -0.9761 0.1942
vn 0.3783 -0.9212 0.0907
vn 0.7026 -0.6979 0.1388
vn 0.7009 -0.7098 0.0699
vn 0.9202 -0.3840 0.0764
vn 0.9195 -0.3912 0.0385
vn 0.9946 -0.1016 0.0202
vn 0.3799 -0.8546 0.3540
vn 0.0979 -0.9194 0.3808
vn 0.7027 -0.6574 0.2723
vn 0.9202 -0.3617 0.1498
vn 0.9946 -0.0957 0.0397
vn 0.3799 -0.7691 0.5139
vn 0.0979 -0.8275 0.5529
vn 0.7026 -0.5916 0.3953
vn 0.9202 -0.3255 0.2175
vn 0.9946 -0.0861 0.0577
vn 0.3799 -0.6541 0.6541
vn 0.0979 -0.7037 0.7037
vn 0.7026 -0.5031 0.5031
vn 0.9202 -0.2768 0.2768
vn 0.9946 -0.0733 0.0733
vn 0.3799 -0.5139 0.7691
vn 0.0979 -0.5529 0.8275
vn 0.7026 -0.3953 0.5916
vn 0.9202 -0.2175 0.3255
vn 0.9946 -0.0576 0.0860
vn 0.3799 -0.3540 0.8546
vn 0.0979 -0.3808 0.9194
vn 0.7027 -0.2723 0.6574
vn 0.9202 -0.1498 0.3617
vn 0.9946 -0.0396 0.0957
vn 0.3799 -0.1805 0.9073
vn 0.0979 -0.1942 0.9761
vn 0.7026 -0.1388 0.6979
vn 0.9202 -0.0764 0.3840
vn 0.9946 -0.0202 0.1014
vn 0.3799 -0.0000 0.9250
vn 0.0979 -0.0000 0.9952
vn 0.7026 -0.0000 0.7115
vn 0.9202 -0.0000 0.3915
vn 0.9946 -0.0000 0.1036
vn 0.3799 0.1805 0.9073
vn 0.0979 0.1942 0.9761
vn 0.7026 0.1388 0.6979
vn 0.9202 0.0764 0.3840
vn 0.9946 0.0202 0.1016
vn 0.3799 0.3540 0.8546
vn 0.0979 0.3808 0.9194
vn 0.7027 0.2723 0.6574
vn 0.9202 0.1498 0.3617
vn 0.9946 0.0396 0.0957
vn 0.3799 0.5139 0.7691
vn 0.0979 0.5529 0.8275
vn 0.7027 0.3953 0.5916
vn 0.9202 0.2175 0.3255
vn 0.9946 0.0576 0.0863
vn 0.0979 0.7037 0.7037
vn 0.3799 0.6541 0.6541
vn 0.7027 0.5031 0.5031
vn 0.9202 0.2768 0.2768
vn 0.9946 0.0733 0.0734
vn 0.0979 0.8275 0.5529
vn 0.3799 0.7691 0.5139
vn 0.7026 0.5916 0.3953
vn 0.9202 0.3255 0.2175
vn 0.9946 0.0861 0.0574
vn 0.3799 0.8546 0.3540
vn 0.0979 0.9194 0.3808
vn 0.7027 0.6574 0.2723
vn 0.9202 0.3617 0.1498
vn 0.9946 0.0957 0.0396
vn 0.0979 0.9761 0.1942
vn 0.3799 0.9073 0.1805
vn 0.7026 0.6979 0.1388
vn 0.9202 0.3840 0.0764
vn 0.9946 0.1016 0.0202
vn 0.0974 0.9905 0.0976
vn 0.3783 0.9212 0.0907
vn 0.7009 0.7098 0.0699
vn 0.9195 0.3912 0.0385
vn 0.9946 0.1036 -0.0000
vn 0.0979 0.9761 -0.1942
vn 0.3783 0.9212 -0.0907
vn 0.3799 0.9073 -0.1805
vn 0.7026 0.6979 -0.1388
vn 0.7009 0.7098 -0.0699
vn 0.9202 0.3840 -0.0764
vn 0.9195 0.3912 -0.0385
vn 0.9946 0.1016 -0.0202
vn 0.0979 0.9194 -0.3808
vn 0.3799 0.8546 -0.3540
vn 0.7027 0.6574 -0.2723
vn 0.9202 0.3617 -0.1498
vn 0.9946 0.0957 -0.0396
vn 0.3799 0.7691 -0.5139
vn 0.0979 0.8275 -0.5529
vn 0.7026 0.5916 -0.3953
vn 0.9202 0.3255 -0.2175
vn 0.9946 0.0861 -0.0574
vn 0.0979 0.7037 -0.7037
vn 0.3799 0.6541 -0.6541
vn 0.7027 0.5031 -0.5031
vn 0.9202 0.2768 -0.2768
vn 0.9946 0.0733 -0.0733
vn 0.0979 0.5529 -0.8275
vn 0.3799 0.5139 -0.7691
vn 0.7026 0.3953 -0.5916
vn 0.9202 0.2175 -0.3255
vn 0.9946 0.0576 -0.0863
vn 0.3799 0.3540 -0.8546
vn 0.0979 0.3808 -0.9194
vn 0.7027 0.2723 -0.6574
vn 0.9202 0.1498 -0.3617
vn 0.9946 0.0396 -0.0957
vn 0.3799 0.1805 -0.9073
vn 0.0979 0.1942 -0.9761
vn 0.7026 0.1388 -0.6979
vn 0.9202 0.0764 -0.3840
vn 0.9946 0.0202 -0.1016
vn 0.9946 -0.0000 -0.1036
vn 0.7026 -0.0000 -0.7116
vn 0.9946 -0.0202 -0.1016
vn 0.7026 -0.2723 -0.6574
vn 0.9202 -0.2175 -0.3256
vn 0.9946 -0.0576 -0.0863
vn 0.9202 -0.2769 -0.2769
vn 0.9946 -0.0733 -0.0732
vn 0.0979 -0.9952 -0.0000
vn 0.3799 -0.9250 -0.0000
vn 0.7026 -0.7115 -0.0000
vn 0.9202 -0.3915 -0.0000
vn 0.7026 -0.6574 0.2723
vn 0.9946 -0.0861 0.0574
vn 0.9202 -0.2769 0.2768
vn 0.9946 -0.0733 0.0732
vn 0.9202 -0.2175 0.3256
vn 0.9946 -0.0576 0.0861
vn 0.7026 -0.2723 0.6574
vn 0.9946 -0.0202 0.1016
vn 0.9946 0.0202 0.1014
vn 0.7026 0.2723 0.6574
vn 0.7026 0.3953 0.5916
vn 0.9946 0.0576 0.0861
vn 0.7026 0.5031 0.5031
vn 0.9202 0.2769 0.2768
vn 0.9946 0.0733 0.0731
vn 0.9946 0.0861 0.0576
vn 0.7026 0.6574 0.2723
vn 0.3799 0.9250 -0.0000
vn 0.0979 0.9952 -0.0000
vn 0.7026 0.7115 -0.0000
vn 0.9202 0.3915 -0.0000
vn 0.7026 0.6574 -0.2723
vn 0.9946 0.0861 -0.0577
vn 0.7026 0.5031 -0.5032
vn 0.9202 0.2769 -0.2768
vn 0.7026 0.2723 -0.6574
vn 0.9946 -0.0575 -0.0861
vn 0.9946 -0.0732 -0.0732
vn 0.9946 -0.0861 -0.0575
vn 0.0979 -0.9761 -0.1941
vn 0.9946 -0.1016 -0.0201
vn 0.7026 -0.7116 -0.0000
vn 0.9946 -0.0957 0.0396
vn 0.9946 -0.0861 0.0576
vn 0.9946 -0.0732 0.0732
vn 0.9946 -0.0575 0.0861
vn 0.7026 -0.0000 0.7116
vn 0.9946 0.0575 0.0861
vn 0.7026 0.5031 0.5032
vn 0.9946 0.0732 0.0732
vn 0.9946 0.0861 0.0575
vn 0.9946 0.1016 0.0201
vn 0.7026 0.7116 -0.0000
vn 0.9946 0.0861 -0.0575
vn 0.7026 0.5031 -0.5031
vn 0.9946 0.0732 -0.0732
vn 0.9946 0.0575 -0.0861
vn -0.6857 -0.1420 -0.7139
vn -0.6857 -0.0000 -0.7279
vn -0.6857 -0.2786 -0.6725
vn -0.6857 -0.4044 -0.6052
vn -0.6857 -0.5147 -0.5147
vn -0.6857 -0.6052 -0.4044
vn -0.6857 -0.6725 -0.2785
vn -0.6857 -0.7279 -0.0000
vn -0.6857 -0.7139 0.1420
vn -0.6857 -0.6725 0.2785
vn -0.6857 -0.6052 0.4044
vn -0.6857 -0.5147 0.5147
vn -0.6857 -0.4044 0.6052
vn -0.6857 -0.2786 0.6725
vn -0.6857 -0.0000 0.7279
vn -0.6857 0.1420 0.7139
vn -0.6856 0.2785 0.6725
vn -0.6857 0.4044 0.6052
vn -0.6857 0.5147 0.5146
vn -0.6857 0.6052 0.4044
vn -0.6857 0.6725 0.2785
vn -0.6857 0.7279 -0.0000
vn 0.0974 0.9905 -0.0976
vn -0.6857 0.7139 -0.1420
vn -0.6857 0.6725 -0.2785
vn -0.6857 0.6052 -0.4044
vn -0.6857 0.5147 -0.5146
vn -0.6857 0.4044 -0.6052
vn -0.6856 0.2785 -0.6725
vn -0.6858 -0.2786 -0.6724
vn -0.6858 -0.2786 0.6724
vn -0.6857 0.5147 0.5148
vn -0.6857 0.5147 -0.5148
vn -0.6856 -0.2785 -0.6725
vn -0.6857 -0.6725 -0.2786
vn -0.6858 0.2786 0.6724
vn -0.6857 0.5147 0.5147
vn -0.6857 0.6724 -0.2786
vn -0.6857 0.5147 -0.5147
vn 0.7027 -0.1388 0.6979
vn 0.7027 -0.0000 0.7115
vn 0.7027 -0.3953 0.5916
vn 0.7027 -0.5916 0.3953
vn 0.9946 -0.0861 -0.0578
vn 0.9946 -0.0396 -0.0958
vn 0.9946 0.0202 -0.1014
vn 0.7027 0.3953 -0.5916
vn 0.9946 0.0576 -0.0860
vn 0.9946 0.0957 -0.0397
vn 0.9946 0.0576 0.0860
vn 0.7027 0.1388 0.6979
vn 0.9202 -0.2768 0.2769
vn 0.7027 -0.5031 0.5031
vn 0.9946 -0.0575 0.0863
vn 0.9946 -0.0861 0.0575
vn 0.7027 -0.6979 0.1388
vn 0.0979 -0.9194 -0.3809
vn 0.7027 -0.6574 -0.2723
vn 0.7027 -0.5031 -0.5031
vn 0.9946 -0.0861 -0.0576
vn 0.9946 -0.0732 -0.0733
vn 0.7027 -0.0000 -0.7115
vn 0.9946 0.0202 -0.1018
vn 0.9202 0.2768 -0.2769
vn 0.9946 0.0576 -0.0861
vn 0.9946 0.0732 -0.0733
vn 0.9946 0.1016 -0.0203
vn 0.9946 0.0861 0.0577
vn 0.9946 0.0202 0.1018
vn 0.9946 -0.0202 0.1018
vn 0.9202 -0.2769 0.2769
vn 0.9946 -0.0957 -0.0397
vn 0.9946 -0.0576 -0.0861
vn 0.0979 -0.1941 -0.9761
vn 0.9946 -0.0202 -0.1018
vn 0.9202 0.2175 -0.3256
vn 0.9946 0.0733 -0.0732
vn 0.9202 0.2769 -0.2769
vn 0.9946 0.0861 -0.0576
vn 0.9202 0.2769 0.2769
vn 0.0979 0.3809 0.9194
vn -0.6857 -0.5147 0.5146
vn -0.6857 -0.6725 0.2786
vn -0.6857 -0.2785 -0.6725
vn -0.6857 0.6725 -0.2786
vn -0.6857 0.4044 0.6053
vn 0.9946 0.0733 0.0733
vn -0.6857 -0.2785 0.6725
vn -0.6857 -0.4044 0.6053
vn -0.6857 0.2785 -0.6725
vn -0.6857 0.2785 0.6725
vn -0.9946 0.0576 0.0860
vn -0.9946 0.0957 -0.0397
vn -0.9946 -0.0396 0.0958
vn 0.9946 -0.0733 -0.0733
vn 0.9946 0.0732 0.0733
vn -0.0000 0.9249 0.3802
vn -0.0000 0.9249 -0.3802
vn -0.0000 -0.9145 0.4047
vn -0.0000 -0.9104 0.4138
vn -0.0000 -0.1568 0.9876
vn -0.0000 -0.1568 -0.9876
vn -0.0000 -0.9145 -0.4047
vn -0.0000 -0.9104 -0.4138
vn -0.0000 1.0000 -0.0000
vt 0.790862 0.771622
vt 0.692781 0.536828
vt 0.790862 0.758465
vt 0.651663 0.743515
vt 0.651663 0.752121
vt 0.542671 0.991932
vt 0.810028 0.989916
vt 0.991840 0.719023
vt 0.991840 0.989916
vt 0.800679 0.765044
vt 0.692782 0.993260
vt 0.542671 0.503705
vt 0.658084 0.747818
vt 0.810028 0.719023
vt 0.634121 0.127731
vt 0.706949 0.067964
vt 0.766716 0.140791
vt 0.766716 0.140791
vt 0.742681 0.185758
vt 0.658157 0.082765
vt 0.731823 0.075509
vt 0.759171 0.165665
vt 0.669015 0.193013
vt 0.580253 0.456113
vt 0.567463 0.469903
vt 0.567193 0.456113
vt 0.579983 0.469903
vt 0.568233 0.481593
vt 0.473528 0.104690
vt 0.472212 0.089474
vt 0.481293 0.096926
vt 0.466076 0.095610
vt 0.461501 0.080683
vt 0.555185 0.469903
vt 0.554385 0.456113
vt 0.557463 0.481593
vt 0.487393 0.087796
vt 0.477033 0.082258
vt 0.464812 0.075726
vt 0.543619 0.469903
vt 0.542319 0.456113
vt 0.547319 0.481593
vt 0.491595 0.077651
vt 0.480354 0.074241
vt 0.467094 0.070219
vt 0.533209 0.469903
vt 0.531461 0.456113
vt 0.538189 0.481593
vt 0.493737 0.066882
vt 0.482047 0.065731
vt 0.468257 0.064372
vt 0.522226 0.456113
vt 0.524357 0.469903
vt 0.530424 0.481593
vt 0.482047 0.057053
vt 0.493737 0.055902
vt 0.468257 0.058411
vt 0.984429 0.427605
vt 0.972271 0.441395
vt 0.973570 0.427605
vt 0.982680 0.441395
vt 0.968571 0.453085
vt 0.480354 0.048542
vt 0.491595 0.045132
vt 0.467094 0.052565
vt 0.960705 0.441395
vt 0.961505 0.427605
vt 0.958427 0.453085
vt 0.477033 0.040525
vt 0.487393 0.034988
vt 0.464812 0.047057
vt 0.948696 0.427605
vt 0.948426 0.441395
vt 0.947657 0.453086
vt 0.481293 0.025858
vt 0.472212 0.033310
vt 0.461501 0.042100
vt 0.935907 0.441395
vt 0.935637 0.427605
vt 0.936677 0.453086
vt 0.466076 0.027174
vt 0.473528 0.018093
vt 0.457285 0.037885
vt 0.923629 0.441395
vt 0.922828 0.427605
vt 0.925907 0.453086
vt 0.464398 0.011993
vt 0.458861 0.022353
vt 0.452329 0.034573
vt 0.912062 0.441395
vt 0.910763 0.427605
vt 0.915763 0.453086
vt 0.450844 0.019032
vt 0.454254 0.007791
vt 0.446821 0.032292
vt 0.901653 0.441395
vt 0.899904 0.427605
vt 0.906633 0.453086
vt 0.442333 0.017339
vt 0.443484 0.005649
vt 0.440975 0.031129
vt 0.892801 0.441395
vt 0.890670 0.427606
vt 0.898868 0.453086
vt 0.433655 0.017339
vt 0.432504 0.005649
vt 0.435014 0.031129
vt 0.918445 0.218701
vt 0.909335 0.204911
vt 0.919744 0.204911
vt 0.923444 0.193220
vt 0.421734 0.007791
vt 0.425144 0.019032
vt 0.429167 0.032292
vt 0.930510 0.218701
vt 0.931310 0.204911
vt 0.933589 0.193220
vt 0.417127 0.022353
vt 0.411590 0.011993
vt 0.423659 0.034573
vt 0.943589 0.204911
vt 0.943318 0.218701
vt 0.944358 0.193220
vt 0.409912 0.027174
vt 0.402460 0.018093
vt 0.418703 0.037885
vt 0.956108 0.204911
vt 0.956378 0.218701
vt 0.955338 0.193220
vt 0.403776 0.033310
vt 0.394696 0.025858
vt 0.414488 0.042101
vt 0.969187 0.218701
vt 0.968386 0.204911
vt 0.966108 0.193220
vt 0.388595 0.034988
vt 0.398955 0.040525
vt 0.411176 0.047057
vt 0.979953 0.204911
vt 0.981252 0.218701
vt 0.976252 0.193220
vt 0.395635 0.048542
vt 0.384393 0.045132
vt 0.408895 0.052565
vt 0.990362 0.204911
vt 0.992110 0.218701
vt 0.985382 0.193220
vt 0.382251 0.055902
vt 0.393942 0.057053
vt 0.407732 0.058411
vt 0.653704 0.458528
vt 0.646601 0.472318
vt 0.655453 0.472318
vt 0.993147 0.193220
vt 0.999214 0.204911
vt 0.393942 0.065731
vt 0.382251 0.066882
vt 0.407732 0.064372
vt 0.665862 0.472318
vt 0.664563 0.458528
vt 0.669562 0.484008
vt 0.395635 0.074241
vt 0.384393 0.077651
vt 0.408895 0.070219
vt 0.676628 0.458528
vt 0.677428 0.472318
vt 0.679707 0.484008
vt 0.388595 0.087796
vt 0.398955 0.082258
vt 0.411176 0.075726
vt 0.689437 0.458528
vt 0.689707 0.472318
vt 0.690476 0.484008
vt 0.394696 0.096926
vt 0.403776 0.089474
vt 0.414488 0.080683
vt 0.702226 0.472318
vt 0.702496 0.458528
vt 0.701457 0.484008
vt 0.409912 0.095610
vt 0.402460 0.104690
vt 0.418703 0.084898
vt 0.714505 0.472318
vt 0.715305 0.458528
vt 0.712226 0.484008
vt 0.411590 0.110791
vt 0.417127 0.100431
vt 0.423659 0.088210
vt 0.726071 0.472318
vt 0.727370 0.458528
vt 0.722371 0.484008
vt 0.425145 0.103751
vt 0.421735 0.114993
vt 0.429167 0.090491
vt 0.736480 0.472318
vt 0.738229 0.458528
vt 0.731501 0.484008
vt 0.432504 0.117135
vt 0.433655 0.105444
vt 0.435014 0.091654
vt 0.615985 0.456113
vt 0.623089 0.469903
vt 0.614237 0.469903
vt 0.745333 0.472318
vt 0.739265 0.484008
vt 0.442333 0.105444
vt 0.443484 0.117135
vt 0.440975 0.091654
vt 0.603827 0.469903
vt 0.605127 0.456113
vt 0.600127 0.481593
vt 0.454254 0.114993
vt 0.450844 0.103751
vt 0.446821 0.090491
vt 0.593061 0.456113
vt 0.592261 0.469903
vt 0.589983 0.481593
vt 0.458861 0.100431
vt 0.464398 0.110791
vt 0.452329 0.088210
vt 0.579213 0.481593
vt 0.457285 0.084898
vt 0.844212 0.687919
vt 0.831422 0.701709
vt 0.831152 0.687919
vt 0.843172 0.713399
vt 0.832192 0.713399
vt 0.493737 0.066882
vt 0.480354 0.074241
vt 0.482047 0.065731
vt 0.468257 0.064372
vt 0.819144 0.701709
vt 0.818344 0.687919
vt 0.821422 0.713399
vt 0.482047 0.057053
vt 0.806278 0.687919
vt 0.807578 0.701709
vt 0.811278 0.713399
vt 0.491595 0.045132
vt 0.480354 0.048542
vt 0.467094 0.052564
vt 0.797168 0.701709
vt 0.795420 0.687919
vt 0.802148 0.713399
vt 0.477033 0.040525
vt 0.464812 0.047057
vt 0.786185 0.687919
vt 0.788316 0.701708
vt 0.794383 0.713399
vt 0.472212 0.033310
vt 0.481293 0.025858
vt 0.461501 0.042101
vt 0.901150 0.686870
vt 0.913308 0.700660
vt 0.912009 0.686870
vt 0.907878 0.712350
vt 0.917008 0.712350
vt 0.473528 0.018093
vt 0.466076 0.027174
vt 0.457285 0.037885
vt 0.924074 0.686870
vt 0.924874 0.700660
vt 0.927153 0.712350
vt 0.464398 0.011993
vt 0.458861 0.022353
vt 0.936883 0.686870
vt 0.937153 0.700660
vt 0.937922 0.712350
vt 0.450844 0.019032
vt 0.446821 0.032292
vt 0.949672 0.700660
vt 0.949942 0.686870
vt 0.948903 0.712350
vt 0.442333 0.017339
vt 0.440975 0.031129
vt 0.961950 0.700659
vt 0.962751 0.686869
vt 0.959672 0.712350
vt 0.433655 0.017339
vt 0.432504 0.005649
vt 0.435014 0.031129
vt 0.974816 0.686869
vt 0.973517 0.700659
vt 0.969817 0.712350
vt 0.425144 0.019032
vt 0.421734 0.007791
vt 0.429167 0.032292
vt 0.985675 0.686869
vt 0.983926 0.700659
vt 0.978947 0.712350
vt 0.411590 0.011993
vt 0.417127 0.022353
vt 0.423659 0.034573
vt 0.994909 0.686869
vt 0.992778 0.700659
vt 0.986711 0.712350
vt 0.402460 0.018093
vt 0.409912 0.027174
vt 0.418703 0.037885
vt 0.791997 0.160128
vt 0.804155 0.173918
vt 0.802855 0.160128
vt 0.793745 0.173919
vt 0.807855 0.185609
vt 0.394696 0.025858
vt 0.414488 0.042101
vt 0.814921 0.160128
vt 0.815721 0.173918
vt 0.817999 0.185609
vt 0.388595 0.034988
vt 0.398955 0.040525
vt 0.411176 0.047057
vt 0.827729 0.160128
vt 0.827999 0.173918
vt 0.828769 0.185609
vt 0.395635 0.048542
vt 0.384393 0.045132
vt 0.408895 0.052564
vt 0.840519 0.173918
vt 0.840789 0.160128
vt 0.839749 0.185609
vt 0.382251 0.055901
vt 0.393942 0.057053
vt 0.407732 0.058411
vt 0.852797 0.173918
vt 0.853597 0.160128
vt 0.850519 0.185608
vt 0.393942 0.065731
vt 0.382251 0.066882
vt 0.407732 0.064372
vt 0.864363 0.173918
vt 0.865663 0.160128
vt 0.860663 0.185608
vt 0.384393 0.077651
vt 0.395635 0.074241
vt 0.408895 0.070219
vt 0.874773 0.173918
vt 0.876521 0.160128
vt 0.869793 0.185608
vt 0.398955 0.082258
vt 0.388595 0.087796
vt 0.411176 0.075726
vt 0.985674 0.686870
vt 0.992778 0.700660
vt 0.983926 0.700660
vt 0.978946 0.712350
vt 0.403776 0.089474
vt 0.394696 0.096926
vt 0.414488 0.080683
vt 0.973516 0.700660
vt 0.974816 0.686870
vt 0.969816 0.712350
vt 0.409912 0.095610
vt 0.402460 0.104690
vt 0.418703 0.084898
vt 0.962750 0.686870
vt 0.961950 0.700660
vt 0.959672 0.712350
vt 0.417127 0.100431
vt 0.411590 0.110791
vt 0.423659 0.088210
vt 0.949672 0.700660
vt 0.949942 0.686870
vt 0.948902 0.712350
vt 0.421734 0.114993
vt 0.425145 0.103751
vt 0.429167 0.090491
vt 0.937152 0.700660
vt 0.936882 0.686869
vt 0.937922 0.712350
vt 0.433655 0.105444
vt 0.432504 0.117135
vt 0.435014 0.091654
vt 0.924874 0.700660
vt 0.924074 0.686869
vt 0.927152 0.712350
vt 0.442333 0.105444
vt 0.443484 0.117135
vt 0.440975 0.091654
vt 0.913308 0.700659
vt 0.912008 0.686869
vt 0.917008 0.712350
vt 0.450844 0.103751
vt 0.454254 0.114993
vt 0.446821 0.090491
vt 0.902898 0.700659
vt 0.901150 0.686869
vt 0.907878 0.712350
vt 0.464398 0.110791
vt 0.458861 0.100431
vt 0.452329 0.088210
vt 0.889179 0.687919
vt 0.878196 0.701709
vt 0.879944 0.687919
vt 0.880980 0.713399
vt 0.873216 0.713399
vt 0.466076 0.095610
vt 0.473528 0.104690
vt 0.457285 0.084898
vt 0.867786 0.701709
vt 0.869086 0.687919
vt 0.864086 0.713399
vt 0.472212 0.089474
vt 0.481293 0.096926
vt 0.461501 0.080683
vt 0.857020 0.687919
vt 0.856220 0.701709
vt 0.853941 0.713399
vt 0.477033 0.082258
vt 0.487393 0.087796
vt 0.464813 0.075726
vt 0.843941 0.701709
vt 0.491595 0.077651
vt 0.467094 0.070219
vt 0.931290 0.149525
vt 0.944079 0.163315
vt 0.944349 0.149526
vt 0.931560 0.163315
vt 0.943310 0.175006
vt 0.481292 0.096926
vt 0.477033 0.082259
vt 0.487393 0.087796
vt 0.472212 0.089474
vt 0.464812 0.075727
vt 0.957158 0.149526
vt 0.956358 0.163316
vt 0.954079 0.175006
vt 0.491595 0.077652
vt 0.480354 0.074242
vt 0.467094 0.070219
vt 0.969223 0.149526
vt 0.967924 0.163316
vt 0.964224 0.175006
vt 0.482047 0.065731
vt 0.493737 0.066882
vt 0.468257 0.064372
vt 0.978333 0.163316
vt 0.980082 0.149526
vt 0.973353 0.175006
vt 0.493737 0.055902
vt 0.482047 0.057053
vt 0.468257 0.058411
vt 0.987185 0.163316
vt 0.989316 0.149526
vt 0.981118 0.175006
vt 0.480354 0.048542
vt 0.491595 0.045132
vt 0.467094 0.052565
vt 0.895557 0.149525
vt 0.907715 0.163315
vt 0.906416 0.149525
vt 0.897306 0.163315
vt 0.911415 0.175006
vt 0.487393 0.034988
vt 0.477033 0.040525
vt 0.464813 0.047057
vt 0.919281 0.163315
vt 0.918481 0.149525
vt 0.921560 0.175006
vt 0.481293 0.025858
vt 0.472212 0.033310
vt 0.461501 0.042101
vt 0.932329 0.175006
vt 0.466076 0.027174
vt 0.473529 0.018093
vt 0.457286 0.037885
vt 0.944349 0.149526
vt 0.943310 0.175006
vt 0.458861 0.022353
vt 0.464399 0.011993
vt 0.452329 0.034574
vt 0.956358 0.163316
vt 0.454254 0.007791
vt 0.450844 0.019032
vt 0.446822 0.032292
vt 0.969223 0.149526
vt 0.967924 0.163316
vt 0.964224 0.175006
vt 0.442333 0.017339
vt 0.443485 0.005649
vt 0.440975 0.031129
vt 0.978333 0.163316
vt 0.973354 0.175006
vt 0.432504 0.005649
vt 0.433656 0.017339
vt 0.435014 0.031129
vt 0.981118 0.175006
vt 0.425145 0.019032
vt 0.421735 0.007791
vt 0.429167 0.032292
vt 0.907715 0.163315
vt 0.897306 0.163315
vt 0.911415 0.175006
vt 0.417128 0.022353
vt 0.411590 0.011993
vt 0.423660 0.034573
vt 0.919281 0.163315
vt 0.918481 0.149525
vt 0.921560 0.175006
vt 0.409912 0.027173
vt 0.402460 0.018093
vt 0.418703 0.037885
vt 0.931560 0.163315
vt 0.931290 0.149525
vt 0.394696 0.025857
vt 0.403777 0.033310
vt 0.414488 0.042100
vt 0.944079 0.163315
vt 0.944349 0.149525
vt 0.398955 0.040525
vt 0.388595 0.034987
vt 0.411176 0.047057
vt 0.956358 0.163316
vt 0.384393 0.045132
vt 0.395635 0.048542
vt 0.408895 0.052564
vt 0.967924 0.163316
vt 0.393942 0.057053
vt 0.382251 0.055901
vt 0.407732 0.058411
vt 0.980082 0.149526
vt 0.382251 0.066881
vt 0.393942 0.065730
vt 0.407732 0.064372
vt 0.987186 0.163316
vt 0.989316 0.149526
vt 0.395634 0.074241
vt 0.384393 0.077651
vt 0.408895 0.070219
vt 0.906416 0.149525
vt 0.897306 0.163315
vt 0.911415 0.175006
vt 0.388595 0.087795
vt 0.398955 0.082258
vt 0.411176 0.075726
vt 0.919281 0.163315
vt 0.394695 0.096925
vt 0.403776 0.089473
vt 0.414488 0.080683
vt 0.931560 0.163315
vt 0.931290 0.149525
vt 0.932329 0.175006
vt 0.409912 0.095609
vt 0.402460 0.104690
vt 0.418703 0.084898
vt 0.417127 0.100430
vt 0.411589 0.110790
vt 0.423659 0.088210
vt 0.954079 0.175006
vt 0.421734 0.114992
vt 0.425144 0.103751
vt 0.429167 0.090491
vt 0.969223 0.149526
vt 0.432503 0.117135
vt 0.433655 0.105444
vt 0.435013 0.091654
vt 0.980082 0.149526
vt 0.443484 0.117135
vt 0.442333 0.105444
vt 0.440975 0.091654
vt 0.987185 0.163316
vt 0.981118 0.175006
vt 0.450843 0.103751
vt 0.454253 0.114993
vt 0.446821 0.090491
vt 0.902285 0.175006
vt 0.464398 0.110791
vt 0.458861 0.100431
vt 0.452329 0.088210
vt 0.919281 0.163315
vt 0.466076 0.095610
vt 0.473528 0.104691
vt 0.457285 0.084898
vt 0.461500 0.080683
vt 0.567194 0.358911
vt 0.580253 0.358911
vt 0.593061 0.358911
vt 0.554385 0.358911
vt 0.542320 0.358911
vt 0.531461 0.358911
vt 0.993663 0.427605
vt 0.984428 0.330403
vt 0.993663 0.330403
vt 0.973570 0.330403
vt 0.961504 0.330403
vt 0.948696 0.330403
vt 0.935636 0.330404
vt 0.922828 0.330404
vt 0.910762 0.330404
vt 0.899904 0.330404
vt 0.890669 0.330404
vt 0.907586 0.218701
vt 0.918445 0.315902
vt 0.907586 0.315902
vt 0.930510 0.315902
vt 0.943318 0.315902
vt 0.956378 0.315902
vt 0.969187 0.315902
vt 0.981252 0.315902
vt 0.992110 0.315902
vt 0.644470 0.458528
vt 0.653704 0.361326
vt 0.644470 0.361326
vt 0.664563 0.361326
vt 0.676628 0.361326
vt 0.689437 0.361326
vt 0.702496 0.361326
vt 0.715305 0.361326
vt 0.727370 0.361326
vt 0.738228 0.361326
vt 0.747463 0.361326
vt 0.605127 0.358911
vt 0.615985 0.358911
vt 0.831152 0.590717
vt 0.844212 0.590717
vt 0.857020 0.590717
vt 0.818344 0.590717
vt 0.806279 0.590717
vt 0.795420 0.590717
vt 0.891916 0.686870
vt 0.901150 0.589668
vt 0.891915 0.589668
vt 0.912008 0.589668
vt 0.924074 0.589668
vt 0.936882 0.589668
vt 0.949942 0.589668
vt 0.962750 0.589668
vt 0.974816 0.589668
vt 0.985674 0.589668
vt 0.994909 0.589668
vt 0.802855 0.062927
vt 0.791996 0.062927
vt 0.814920 0.062927
vt 0.827729 0.062927
vt 0.840788 0.062927
vt 0.853596 0.062926
vt 0.865662 0.062926
vt 0.876520 0.062926
vt 0.994909 0.686870
vt 0.985674 0.589668
vt 0.994909 0.589668
vt 0.974816 0.589668
vt 0.962750 0.589668
vt 0.949942 0.589668
vt 0.936882 0.589668
vt 0.924074 0.589668
vt 0.912009 0.589668
vt 0.901150 0.589668
vt 0.891916 0.589668
vt 0.869086 0.590717
vt 0.879944 0.590717
vt 0.944350 0.052324
vt 0.931291 0.052324
vt 0.918482 0.052324
vt 0.957159 0.052324
vt 0.969224 0.052324
vt 0.980082 0.052324
vt 0.989317 0.052324
vt 0.906417 0.052324
vt 0.895558 0.052323
vt 0.944350 0.052324
vt 0.957159 0.052324
vt 0.969224 0.052324
vt 0.906417 0.052323
vt 0.895558 0.052323
vt 0.969224 0.052324
vt 0.980083 0.052324
vt 0.989317 0.052324
vt 0.931291 0.052324
vt 0.693889 0.200559
vt 0.634121 0.127731
vt 0.634121 0.140791
vt 0.648922 0.091999
vt 0.751916 0.176523
vt 0.766716 0.127731
vt 0.706949 0.200559
vt 0.634121 0.140791
vt 0.931310 0.204911
vt 0.943319 0.218701
vt 0.930510 0.218701
vt 0.943589 0.204911
vt 0.919744 0.204911
vt 0.914314 0.193220
vt 0.442333 0.017339
vt 0.482047 0.065730
vt 0.477033 0.082258
vt 0.567463 0.469903
vt 0.589983 0.481593
vt 0.625220 0.456113
vt 0.411590 0.110791
vt 0.660433 0.484008
vt 0.990362 0.204911
vt 0.993147 0.193220
vt 0.999214 0.204911
vt 0.407732 0.058411
vt 0.992110 0.218701
vt 0.981252 0.218701
vt 0.985382 0.193220
vt 0.966108 0.193220
vt 0.433655 0.017339
vt 0.421734 0.007791
vt 0.432504 0.005649
vt 0.429167 0.032292
vt 0.425144 0.019032
vt 0.443484 0.005649
vt 0.440975 0.031129
vt 0.793745 0.173919
vt 0.454254 0.007791
vt 0.450844 0.019032
vt 0.983926 0.700660
vt 0.994909 0.686870
vt 0.985674 0.686870
vt 0.978946 0.712350
vt 0.992778 0.700660
vt 0.464398 0.011993
vt 0.458861 0.022353
vt 0.446821 0.032292
vt 0.973516 0.700660
vt 0.974816 0.686870
vt 0.969816 0.712350
vt 0.466076 0.027174
vt 0.457285 0.037885
vt 0.962750 0.686870
vt 0.961950 0.700660
vt 0.949942 0.686870
vt 0.948902 0.712350
vt 0.949672 0.700660
vt 0.487393 0.034988
vt 0.461501 0.042101
vt 0.937152 0.700660
vt 0.936882 0.686869
vt 0.937922 0.712350
vt 0.924874 0.700660
vt 0.924074 0.686869
vt 0.927152 0.712350
vt 0.468257 0.058411
vt 0.913308 0.700659
vt 0.912009 0.686869
vt 0.482047 0.065730
vt 0.468257 0.064372
vt 0.480354 0.074241
vt 0.491595 0.077651
vt 0.795420 0.687919
vt 0.788316 0.701709
vt 0.786185 0.687919
vt 0.797168 0.701709
vt 0.794383 0.713399
vt 0.467094 0.070219
vt 0.806278 0.687919
vt 0.811278 0.713399
vt 0.807578 0.701709
vt 0.481293 0.096926
vt 0.461501 0.080683
vt 0.472212 0.089474
vt 0.819144 0.701709
vt 0.466076 0.095610
vt 0.473528 0.104690
vt 0.831422 0.701709
vt 0.464398 0.110791
vt 0.458861 0.100431
vt 0.457285 0.084898
vt 0.450844 0.103751
vt 0.454254 0.114993
vt 0.446821 0.090491
vt 0.857020 0.687919
vt 0.443484 0.117135
vt 0.440975 0.091654
vt 0.442333 0.105444
vt 0.433655 0.105444
vt 0.878196 0.701709
vt 0.879944 0.687919
vt 0.887048 0.701709
vt 0.889179 0.687919
vt 0.880980 0.713399
vt 0.417127 0.100431
vt 0.907878 0.712350
vt 0.402460 0.104690
vt 0.924874 0.700659
vt 0.394696 0.096926
vt 0.414488 0.080683
vt 0.398955 0.082258
vt 0.388595 0.087796
vt 0.949942 0.686870
vt 0.948902 0.712350
vt 0.384393 0.077651
vt 0.382251 0.066882
vt 0.407732 0.064372
vt 0.393942 0.065731
vt 0.393942 0.057053
vt 0.983926 0.700660
vt 0.384393 0.045132
vt 0.408895 0.052565
vt 0.395635 0.048542
vt 0.992778 0.700660
vt 0.986710 0.712350
vt 0.398955 0.040525
vt 0.388595 0.034988
vt 0.403776 0.033310
vt 0.394696 0.025858
vt 0.414488 0.042101
vt 0.409912 0.027174
vt 0.402460 0.018093
vt 0.423660 0.034573
vt 0.417127 0.022353
vt 0.477033 0.040525
vt 0.481292 0.025857
vt 0.487393 0.034987
vt 0.464812 0.047057
vt 0.472212 0.033310
vt 0.480354 0.048542
vt 0.491595 0.045132
vt 0.482047 0.057053
vt 0.493737 0.055901
vt 0.468257 0.058411
vt 0.978333 0.163316
vt 0.989316 0.149526
vt 0.980082 0.149526
vt 0.987185 0.163316
vt 0.493737 0.066881
vt 0.468257 0.064372
vt 0.482047 0.065730
vt 0.969223 0.149526
vt 0.964224 0.175006
vt 0.480354 0.074241
vt 0.491595 0.077651
vt 0.467094 0.070219
vt 0.956358 0.163315
vt 0.487393 0.087795
vt 0.464813 0.075726
vt 0.477033 0.082258
vt 0.943310 0.175006
vt 0.481293 0.096925
vt 0.472212 0.089473
vt 0.932329 0.175006
vt 0.466076 0.095609
vt 0.473529 0.104690
vt 0.461501 0.080683
vt 0.919281 0.163315
vt 0.918481 0.149525
vt 0.921560 0.175006
vt 0.458861 0.100430
vt 0.464399 0.110790
vt 0.452329 0.088210
vt 0.911415 0.175006
vt 0.454254 0.114992
vt 0.446822 0.090491
vt 0.450844 0.103751
vt 0.902285 0.175005
vt 0.442333 0.105444
vt 0.443485 0.117135
vt 0.432504 0.117135
vt 0.433656 0.105444
vt 0.440975 0.091654
vt 0.421735 0.114993
vt 0.425145 0.103751
vt 0.435014 0.091654
vt 0.956358 0.163315
vt 0.954079 0.175006
vt 0.417128 0.100431
vt 0.411590 0.110791
vt 0.429167 0.090491
vt 0.409913 0.095610
vt 0.402460 0.104691
vt 0.418703 0.084898
vt 0.394696 0.096926
vt 0.403777 0.089474
vt 0.398955 0.082259
vt 0.388595 0.087796
vt 0.411176 0.075727
vt 0.384393 0.077652
vt 0.395635 0.074242
vt 0.897306 0.163315
vt 0.393942 0.065731
vt 0.382251 0.066882
vt 0.408895 0.070219
vt 0.978333 0.163316
vt 0.382251 0.055902
vt 0.407732 0.058411
vt 0.393942 0.057053
vt 0.395634 0.048542
vt 0.384393 0.045133
vt 0.954079 0.175006
vt 0.388595 0.034988
vt 0.411176 0.047057
vt 0.398955 0.040525
vt 0.403776 0.033310
vt 0.394695 0.025858
vt 0.409912 0.027174
vt 0.402460 0.018094
vt 0.418703 0.037885
vt 0.411589 0.011993
vt 0.423659 0.034574
vt 0.417127 0.022353
vt 0.911415 0.175006
vt 0.421734 0.007791
vt 0.425144 0.019032
vt 0.433655 0.017339
vt 0.432503 0.005649
vt 0.435013 0.031129
vt 0.981118 0.175006
vt 0.443484 0.005649
vt 0.442333 0.017339
vt 0.964224 0.175006
vt 0.454253 0.007791
vt 0.446821 0.032292
vt 0.450843 0.019032
vt 0.464398 0.011993
vt 0.452329 0.034573
vt 0.458861 0.022353
vt 0.466076 0.027174
vt 0.473528 0.018093
vt 0.457285 0.037885
vt 0.930510 0.315902
vt 0.943319 0.315902
vt 0.747463 0.458528
vt 0.981252 0.315902
vt 0.992110 0.315902
vt 0.985675 0.589668
vt 0.994909 0.589668
vt 0.974816 0.589668
vt 0.962751 0.589668
vt 0.949942 0.589668
vt 0.936883 0.589668
vt 0.924074 0.589668
vt 0.912009 0.589668
vt 0.901150 0.589668
vt 0.891916 0.589668
vt 0.806279 0.590717
vt 0.795420 0.590717
vt 0.844212 0.590717
vt 0.857020 0.590717
vt 0.891915 0.686869
vt 0.949942 0.589668
vt 0.440975 0.031129
vt 0.461500 0.042100
vt 0.980083 0.052324
vt 0.969224 0.052324
vt 0.918482 0.052324
vt 0.969224 0.052324
vt 0.693889 0.200559
vt 0.759171 0.165665
vt 0.669015 0.193013
vt 0.641667 0.102857
vt 0.658157 0.185758
vt 0.648922 0.091999
vt 0.742681 0.082764
vt 0.675910 0.255969
vt 0.663902 0.242179
vt 0.663101 0.255969
vt 0.676180 0.242179
vt 0.666180 0.230489
vt 0.411590 0.011993
vt 0.409912 0.027174
vt 0.402460 0.018093
vt 0.417127 0.022353
vt 0.418703 0.037885
vt 0.651036 0.255969
vt 0.652335 0.242179
vt 0.656036 0.230488
vt 0.403776 0.033310
vt 0.394696 0.025858
vt 0.641926 0.242179
vt 0.640177 0.255969
vt 0.646906 0.230488
vt 0.398955 0.040525
vt 0.388595 0.034988
vt 0.411176 0.047057
vt 0.890669 0.427605
vt 0.901652 0.441395
vt 0.899903 0.427605
vt 0.892799 0.441395
vt 0.906631 0.453085
vt 0.384393 0.045132
vt 0.395635 0.048542
vt 0.408895 0.052565
vt 0.912061 0.441395
vt 0.910762 0.427605
vt 0.915761 0.453085
vt 0.393942 0.057053
vt 0.382251 0.055902
vt 0.407732 0.058411
vt 0.922827 0.427605
vt 0.923627 0.441395
vt 0.925906 0.453085
vt 0.382251 0.066882
vt 0.407732 0.064372
vt 0.935906 0.441395
vt 0.935636 0.427605
vt 0.936675 0.453086
vt 0.395635 0.074241
vt 0.384393 0.077651
vt 0.948425 0.441395
vt 0.948695 0.427605
vt 0.947655 0.453086
vt 0.388595 0.087796
vt 0.411176 0.075726
vt 0.960704 0.441396
vt 0.961504 0.427606
vt 0.958425 0.453086
vt 0.403776 0.089474
vt 0.394696 0.096926
vt 0.972270 0.441396
vt 0.973569 0.427606
vt 0.968570 0.453086
vt 0.409912 0.095610
vt 0.418703 0.084898
vt 0.982679 0.441396
vt 0.984428 0.427606
vt 0.977699 0.453086
vt 0.996363 0.557987
vt 0.985380 0.571777
vt 0.987129 0.557987
vt 0.988165 0.583467
vt 0.980401 0.583467
vt 0.421734 0.114993
vt 0.425144 0.103751
vt 0.429167 0.090491
vt 0.974971 0.571777
vt 0.976270 0.557987
vt 0.971271 0.583467
vt 0.433655 0.105444
vt 0.432504 0.117135
vt 0.963405 0.571777
vt 0.964205 0.557987
vt 0.961126 0.583467
vt 0.442333 0.105444
vt 0.951126 0.571777
vt 0.951396 0.557987
vt 0.950357 0.583467
vt 0.454254 0.114993
vt 0.450844 0.103751
vt 0.938607 0.571777
vt 0.938337 0.557987
vt 0.939376 0.583467
vt 0.458861 0.100431
vt 0.452329 0.088210
vt 0.926328 0.571777
vt 0.925528 0.557987
vt 0.928607 0.583467
vt 0.473528 0.104690
vt 0.457285 0.084898
vt 0.914762 0.571777
vt 0.913463 0.557987
vt 0.918462 0.583467
vt 0.481293 0.096926
vt 0.472212 0.089474
vt 0.461501 0.080683
vt 0.904353 0.571777
vt 0.902605 0.557987
vt 0.909333 0.583467
vt 0.477033 0.082258
vt 0.893370 0.557987
vt 0.895501 0.571777
vt 0.901568 0.583467
vt 0.480354 0.074241
vt 0.467094 0.070219
vt 0.598595 0.328687
vt 0.607706 0.342477
vt 0.597296 0.342477
vt 0.602726 0.354167
vt 0.593596 0.354167
vt 0.482047 0.065731
vt 0.468257 0.064372
vt 0.585730 0.342477
vt 0.586530 0.328687
vt 0.583452 0.354167
vt 0.493737 0.055901
vt 0.468257 0.058411
vt 0.573722 0.328687
vt 0.573451 0.342477
vt 0.572682 0.354167
vt 0.480354 0.048542
vt 0.467094 0.052564
vt 0.560662 0.328687
vt 0.560932 0.342477
vt 0.561702 0.354167
vt 0.487393 0.034987
vt 0.477033 0.040525
vt 0.464812 0.047057
vt 0.547854 0.328687
vt 0.548654 0.342477
vt 0.550932 0.354167
vt 0.472212 0.033310
vt 0.481293 0.025858
vt 0.461501 0.042101
vt 0.535788 0.328687
vt 0.537088 0.342477
vt 0.540788 0.354167
vt 0.473528 0.018093
vt 0.466076 0.027174
vt 0.457285 0.037885
vt 0.526678 0.342477
vt 0.524930 0.328687
vt 0.531658 0.354167
vt 0.464398 0.011993
vt 0.458861 0.022353
vt 0.452329 0.034573
vt 0.724702 0.255969
vt 0.731806 0.242180
vt 0.722953 0.242179
vt 0.725738 0.230489
vt 0.717974 0.230489
vt 0.454254 0.007791
vt 0.450844 0.019032
vt 0.446821 0.032292
vt 0.713843 0.255969
vt 0.712544 0.242179
vt 0.708844 0.230489
vt 0.442333 0.017339
vt 0.443484 0.005649
vt 0.440975 0.031129
vt 0.700978 0.242179
vt 0.701778 0.255969
vt 0.698699 0.230489
vt 0.433655 0.017339
vt 0.432504 0.005649
vt 0.435014 0.031129
vt 0.688699 0.242179
vt 0.688969 0.255969
vt 0.687930 0.230489
vt 0.421734 0.007791
vt 0.429167 0.032292
vt 0.676950 0.230489
vt 0.837354 0.291394
vt 0.825345 0.305184
vt 0.824545 0.291394
vt 0.838393 0.316874
vt 0.827624 0.316874
vt 0.388595 0.034987
vt 0.403776 0.033310
vt 0.398955 0.040525
vt 0.414488 0.042100
vt 0.411176 0.047057
vt 0.813779 0.305184
vt 0.812480 0.291394
vt 0.817479 0.316874
vt 0.395635 0.048542
vt 0.384393 0.045132
vt 0.408895 0.052564
vt 0.801621 0.291394
vt 0.803370 0.305184
vt 0.808349 0.316874
vt 0.393942 0.057053
vt 0.407732 0.058411
vt 0.792387 0.291394
vt 0.794518 0.305184
vt 0.870250 0.438295
vt 0.856419 0.449985
vt 0.861398 0.438295
vt 0.382251 0.066882
vt 0.393942 0.065730
vt 0.407732 0.064372
vt 0.863147 0.424505
vt 0.850989 0.438295
vt 0.852288 0.424505
vt 0.847289 0.449985
vt 0.395634 0.074241
vt 0.384393 0.077651
vt 0.408895 0.070219
vt 0.839423 0.438295
vt 0.840223 0.424505
vt 0.837144 0.449985
vt 0.388595 0.087796
vt 0.398955 0.082258
vt 0.411176 0.075726
vt 0.827144 0.438295
vt 0.827414 0.424505
vt 0.826375 0.449985
vt 0.394696 0.096926
vt 0.403776 0.089474
vt 0.414488 0.080683
vt 0.814355 0.424505
vt 0.814625 0.438295
vt 0.815394 0.449985
vt 0.402460 0.104690
vt 0.409912 0.095610
vt 0.418703 0.084898
vt 0.802346 0.438295
vt 0.801546 0.424505
vt 0.804625 0.449985
vt 0.417127 0.100431
vt 0.411590 0.110791
vt 0.423659 0.088210
vt 0.790780 0.438295
vt 0.789481 0.424505
vt 0.794480 0.449985
vt 0.421734 0.114993
vt 0.425144 0.103751
vt 0.429167 0.090491
vt 0.780371 0.438295
vt 0.778622 0.424505
vt 0.785350 0.449985
vt 0.433655 0.105444
vt 0.432504 0.117135
vt 0.435013 0.091654
vt 0.879944 0.687919
vt 0.887048 0.701709
vt 0.880980 0.713399
vt 0.873216 0.713399
vt 0.443484 0.117135
vt 0.442333 0.105444
vt 0.440975 0.091654
vt 0.869086 0.687919
vt 0.867786 0.701709
vt 0.864086 0.713399
vt 0.450844 0.103751
vt 0.454254 0.114993
vt 0.446821 0.090491
vt 0.857020 0.687919
vt 0.856220 0.701709
vt 0.853942 0.713399
vt 0.464398 0.110791
vt 0.844212 0.687919
vt 0.843942 0.701709
vt 0.843172 0.713399
vt 0.473528 0.104690
vt 0.457285 0.084898
vt 0.831422 0.701709
vt 0.481293 0.096926
vt 0.472212 0.089474
vt 0.461501 0.080683
vt 0.819144 0.701709
vt 0.818344 0.687919
vt 0.821422 0.713399
vt 0.487393 0.087796
vt 0.477033 0.082259
vt 0.464812 0.075727
vt 0.807578 0.701709
vt 0.806278 0.687919
vt 0.811278 0.713399
vt 0.480354 0.074241
vt 0.491595 0.077651
vt 0.467094 0.070219
vt 0.795420 0.687919
vt 0.797168 0.701709
vt 0.802148 0.713399
vt 0.493737 0.066882
vt 0.482047 0.065731
vt 0.468257 0.064372
vt 0.788316 0.701709
vt 0.786185 0.687919
vt 0.794384 0.713399
vt 0.493737 0.055902
vt 0.482047 0.057053
vt 0.468257 0.058411
vt 0.984429 0.427605
vt 0.972271 0.441395
vt 0.973570 0.427605
vt 0.977701 0.453086
vt 0.968571 0.453086
vt 0.480354 0.048542
vt 0.491595 0.045132
vt 0.467094 0.052564
vt 0.961505 0.427605
vt 0.960705 0.441395
vt 0.958426 0.453086
vt 0.477033 0.040525
vt 0.487393 0.034988
vt 0.464812 0.047057
vt 0.948696 0.427605
vt 0.948426 0.441395
vt 0.947657 0.453086
vt 0.481293 0.025858
vt 0.472212 0.033310
vt 0.461501 0.042100
vt 0.935907 0.441395
vt 0.935637 0.427605
vt 0.936676 0.453086
vt 0.466076 0.027174
vt 0.473528 0.018093
vt 0.457285 0.037885
vt 0.923628 0.441395
vt 0.922828 0.427605
vt 0.925907 0.453086
vt 0.458861 0.022353
vt 0.464398 0.011993
vt 0.910763 0.427605
vt 0.912062 0.441395
vt 0.915762 0.453086
vt 0.450844 0.019032
vt 0.454254 0.007791
vt 0.446821 0.032292
vt 0.899904 0.427605
vt 0.901653 0.441395
vt 0.906632 0.453086
vt 0.442333 0.017339
vt 0.892800 0.441395
vt 0.890670 0.427605
vt 0.898868 0.453086
vt 0.433655 0.017339
vt 0.886146 0.291394
vt 0.873988 0.305184
vt 0.875287 0.291394
vt 0.879418 0.316874
vt 0.870288 0.316874
vt 0.425145 0.019032
vt 0.429167 0.032292
vt 0.862422 0.305184
vt 0.863222 0.291394
vt 0.860143 0.316874
vt 0.417127 0.022353
vt 0.411590 0.011993
vt 0.423659 0.034573
vt 0.850143 0.305184
vt 0.850413 0.291394
vt 0.849374 0.316874
vt 0.409912 0.027174
vt 0.418703 0.037885
vt 0.837624 0.305184
vt 0.394696 0.025858
vt 0.931290 0.149525
vt 0.919282 0.163315
vt 0.918482 0.149525
vt 0.931560 0.163315
vt 0.921560 0.175006
vt 0.472212 0.033310
vt 0.906416 0.149525
vt 0.907716 0.163315
vt 0.911416 0.175006
vt 0.464398 0.011993
vt 0.458860 0.022353
vt 0.895558 0.149525
vt 0.897306 0.163315
vt 0.902286 0.175006
vt 0.450843 0.019032
vt 0.446821 0.032292
vt 0.989317 0.149525
vt 0.978334 0.163315
vt 0.980082 0.149525
vt 0.987186 0.163315
vt 0.973354 0.175006
vt 0.442333 0.017339
vt 0.967924 0.163315
vt 0.969224 0.149525
vt 0.964224 0.175006
vt 0.432503 0.005649
vt 0.435013 0.031129
vt 0.957158 0.149525
vt 0.956358 0.163315
vt 0.954080 0.175006
vt 0.421734 0.007791
vt 0.425144 0.019032
vt 0.429167 0.032292
vt 0.944080 0.163315
vt 0.944350 0.149525
vt 0.943310 0.175006
vt 0.417127 0.022353
vt 0.423659 0.034574
vt 0.932330 0.175006
vt 0.402460 0.018094
vt 0.418703 0.037885
vt 0.921560 0.175006
vt 0.403776 0.033310
vt 0.394695 0.025858
vt 0.414488 0.042101
vt 0.906416 0.149525
vt 0.907716 0.163315
vt 0.388595 0.034988
vt 0.398955 0.040525
vt 0.411176 0.047057
vt 0.395634 0.048542
vt 0.408895 0.052565
vt 0.980083 0.149525
vt 0.987187 0.163314
vt 0.978334 0.163315
vt 0.981120 0.175006
vt 0.973355 0.175006
vt 0.382251 0.055902
vt 0.407732 0.058411
vt 0.967925 0.163315
vt 0.969224 0.149525
vt 0.964225 0.175006
vt 0.393942 0.065731
vt 0.382251 0.066882
vt 0.407732 0.064372
vt 0.956359 0.163315
vt 0.957159 0.149525
vt 0.954081 0.175006
vt 0.395635 0.074242
vt 0.384393 0.077652
vt 0.408895 0.070219
vt 0.944080 0.163315
vt 0.944350 0.149525
vt 0.943311 0.175006
vt 0.388595 0.087796
vt 0.411176 0.075727
vt 0.931291 0.149525
vt 0.931561 0.163315
vt 0.932331 0.175006
vt 0.394696 0.096926
vt 0.414488 0.080683
vt 0.919283 0.163316
vt 0.918482 0.149526
vt 0.921561 0.175006
vt 0.409912 0.095610
vt 0.402460 0.104691
vt 0.418703 0.084898
vt 0.907717 0.163316
vt 0.906417 0.149526
vt 0.911417 0.175007
vt 0.423660 0.088210
vt 0.895558 0.149526
vt 0.897307 0.163316
vt 0.902287 0.175007
vt 0.421735 0.114993
vt 0.989317 0.149525
vt 0.978334 0.163315
vt 0.981119 0.175006
vt 0.973354 0.175006
vt 0.432504 0.117135
vt 0.435014 0.091654
vt 0.967924 0.163315
vt 0.957158 0.149525
vt 0.454254 0.114992
vt 0.446822 0.090491
vt 0.464399 0.110790
vt 0.466076 0.095609
vt 0.457286 0.084898
vt 0.472212 0.089473
vt 0.461501 0.080683
vt 0.477033 0.082258
vt 0.487393 0.087795
vt 0.480354 0.074241
vt 0.491595 0.077651
vt 0.493737 0.066881
vt 0.482047 0.065730
vt 0.468257 0.064372
vt 0.482047 0.057053
vt 0.493737 0.055901
vt 0.468257 0.058411
vt 0.956358 0.163315
vt 0.954080 0.175006
vt 0.491595 0.045132
vt 0.467094 0.052564
vt 0.943310 0.175006
vt 0.477033 0.040525
vt 0.487393 0.034987
vt 0.461500 0.042100
vt 0.663101 0.353171
vt 0.675909 0.353171
vt 0.688969 0.353171
vt 0.651035 0.353171
vt 0.640177 0.353171
vt 0.899905 0.330403
vt 0.890670 0.330403
vt 0.910763 0.330403
vt 0.922829 0.330403
vt 0.935637 0.330403
vt 0.948697 0.330404
vt 0.961505 0.330404
vt 0.973571 0.330404
vt 0.984429 0.330404
vt 0.993662 0.427606
vt 0.993664 0.330404
vt 0.987129 0.460785
vt 0.976270 0.460785
vt 0.964205 0.460785
vt 0.951396 0.460785
vt 0.938337 0.460785
vt 0.925528 0.460785
vt 0.913463 0.460785
vt 0.902604 0.460785
vt 0.893370 0.460785
vt 0.609454 0.328687
vt 0.598595 0.231485
vt 0.609454 0.231485
vt 0.586530 0.231485
vt 0.573722 0.231485
vt 0.560662 0.231485
vt 0.547854 0.231485
vt 0.535788 0.231485
vt 0.524930 0.231485
vt 0.515695 0.231485
vt 0.713843 0.353171
vt 0.724701 0.353171
vt 0.701777 0.353171
vt 0.824545 0.194192
vt 0.837354 0.194192
vt 0.850413 0.194192
vt 0.812480 0.194192
vt 0.801621 0.194192
vt 0.872381 0.424505
vt 0.863147 0.327303
vt 0.872381 0.327303
vt 0.852288 0.327303
vt 0.840223 0.327303
vt 0.827414 0.327303
vt 0.814355 0.327303
vt 0.801546 0.327303
vt 0.789481 0.327303
vt 0.778622 0.327303
vt 0.769388 0.327303
vt 0.869086 0.590717
vt 0.879944 0.590717
vt 0.857020 0.590717
vt 0.844212 0.590717
vt 0.831152 0.590717
vt 0.818344 0.590717
vt 0.806278 0.590717
vt 0.795420 0.590717
vt 0.993663 0.427605
vt 0.984429 0.330403
vt 0.993663 0.330403
vt 0.973570 0.330403
vt 0.961505 0.330403
vt 0.948696 0.330403
vt 0.935637 0.330403
vt 0.922828 0.330403
vt 0.910763 0.330403
vt 0.899904 0.330403
vt 0.890670 0.330403
vt 0.875287 0.194192
vt 0.886146 0.194192
vt 0.863222 0.194192
vt 0.918482 0.052323
vt 0.931290 0.052323
vt 0.944350 0.052323
vt 0.906416 0.052323
vt 0.895558 0.052323
vt 0.980082 0.052323
vt 0.989317 0.052323
vt 0.969224 0.052323
vt 0.957158 0.052323
vt 0.906416 0.052323
vt 0.989317 0.149525
vt 0.980081 0.052323
vt 0.989316 0.052323
vt 0.969223 0.052323
vt 0.957157 0.052323
vt 0.944349 0.052323
vt 0.931289 0.052324
vt 0.918481 0.052324
vt 0.906416 0.052324
vt 0.895557 0.052324
vt 0.989317 0.052323
vt 0.957158 0.052323
vt 0.658157 0.185758
vt 0.742681 0.082765
vt 0.648922 0.091999
vt 0.742681 0.082764
vt 0.751916 0.176523
vt 0.994233 0.571777
vt 0.402460 0.104690
vt 0.652335 0.242179
vt 0.640177 0.255969
vt 0.651036 0.255969
vt 0.641926 0.242179
vt 0.663902 0.242179
vt 0.666180 0.230488
vt 0.675910 0.255969
vt 0.688699 0.242179
vt 0.700978 0.242179
vt 0.713843 0.255969
vt 0.708844 0.230489
vt 0.722953 0.242179
vt 0.724702 0.255969
vt 0.717974 0.230489
vt 0.731806 0.242179
vt 0.733936 0.255969
vt 0.843941 0.701709
vt 0.831152 0.687919
vt 0.844212 0.687919
vt 0.832192 0.713399
vt 0.831422 0.701709
vt 0.425144 0.103751
vt 0.421734 0.114993
vt 0.417128 0.100431
vt 0.856220 0.701709
vt 0.857020 0.687919
vt 0.853942 0.713399
vt 0.409912 0.095610
vt 0.418703 0.084898
vt 0.867786 0.701709
vt 0.869086 0.687919
vt 0.394696 0.096926
vt 0.878196 0.701709
vt 0.879944 0.687919
vt 0.864086 0.713399
vt 0.398955 0.082258
vt 0.414488 0.080683
vt 0.880980 0.713399
vt 0.395634 0.074241
vt 0.384393 0.077651
vt 0.408895 0.070219
vt 0.799184 0.557536
vt 0.790074 0.571326
vt 0.788326 0.557536
vt 0.800484 0.571326
vt 0.795054 0.583017
vt 0.382251 0.066882
vt 0.393942 0.065730
vt 0.811250 0.557536
vt 0.812050 0.571326
vt 0.804184 0.583017
vt 0.393942 0.057053
vt 0.382251 0.055902
vt 0.407732 0.064372
vt 0.824328 0.571326
vt 0.824058 0.557537
vt 0.825098 0.583017
vt 0.395635 0.048542
vt 0.384393 0.045132
vt 0.836848 0.571327
vt 0.837118 0.557537
vt 0.398955 0.040525
vt 0.849126 0.571327
vt 0.849926 0.557537
vt 0.836078 0.583017
vt 0.403776 0.033310
vt 0.394696 0.025858
vt 0.411176 0.047057
vt 0.861992 0.557537
vt 0.856992 0.583017
vt 0.860692 0.571327
vt 0.402460 0.018093
vt 0.414488 0.042101
vt 0.872850 0.557537
vt 0.871102 0.571327
vt 0.418703 0.037885
vt 0.603495 0.208598
vt 0.614478 0.194808
vt 0.605244 0.194808
vt 0.606280 0.220288
vt 0.612347 0.208598
vt 0.425144 0.019032
vt 0.421734 0.007791
vt 0.423659 0.034573
vt 0.593086 0.208598
vt 0.594385 0.194808
vt 0.589386 0.220288
vt 0.433655 0.017339
vt 0.582320 0.194808
vt 0.581520 0.208598
vt 0.440975 0.031129
vt 0.442333 0.017339
vt 0.569241 0.208598
vt 0.569511 0.194808
vt 0.568472 0.220288
vt 0.450844 0.019032
vt 0.454254 0.007791
vt 0.556452 0.194808
vt 0.556722 0.208598
vt 0.464398 0.011993
vt 0.458861 0.022353
vt 0.544443 0.208598
vt 0.543643 0.194808
vt 0.546722 0.220288
vt 0.466076 0.027174
vt 0.473528 0.018093
vt 0.452329 0.034573
vt 0.531578 0.194808
vt 0.532877 0.208598
vt 0.481293 0.025858
vt 0.472212 0.033310
vt 0.457285 0.037885
vt 0.520719 0.194808
vt 0.527447 0.220288
vt 0.522468 0.208598
vt 0.461501 0.042101
vt 0.906632 0.453086
vt 0.491595 0.045132
vt 0.480354 0.048542
vt 0.464812 0.047057
vt 0.915762 0.453086
vt 0.493737 0.055902
vt 0.467094 0.052565
vt 0.922828 0.427605
vt 0.925907 0.453086
vt 0.493737 0.066882
vt 0.468257 0.064372
vt 0.935637 0.427605
vt 0.936676 0.453086
vt 0.935907 0.441395
vt 0.491595 0.077651
vt 0.467094 0.070219
vt 0.948426 0.441395
vt 0.947657 0.453086
vt 0.487393 0.087796
vt 0.464812 0.075726
vt 0.477033 0.082258
vt 0.960704 0.441395
vt 0.961505 0.427605
vt 0.472212 0.089474
vt 0.481293 0.096926
vt 0.972271 0.441395
vt 0.973570 0.427605
vt 0.958426 0.453086
vt 0.466076 0.095610
vt 0.457285 0.084898
vt 0.982680 0.441395
vt 0.984428 0.427605
vt 0.977700 0.453086
vt 0.458861 0.100431
vt 0.797168 0.701709
vt 0.786185 0.687919
vt 0.795420 0.687919
vt 0.802148 0.713399
vt 0.788316 0.701709
vt 0.450844 0.103751
vt 0.446821 0.090491
vt 0.806278 0.687919
vt 0.811278 0.713399
vt 0.443484 0.117135
vt 0.440975 0.091654
vt 0.818344 0.687919
vt 0.819144 0.701709
vt 0.435013 0.091654
vt 0.433655 0.105444
vt 0.944080 0.163315
vt 0.931290 0.149525
vt 0.944350 0.149525
vt 0.943310 0.175006
vt 0.931560 0.163315
vt 0.403776 0.089473
vt 0.402460 0.104690
vt 0.394695 0.096926
vt 0.414487 0.080683
vt 0.409912 0.095609
vt 0.956358 0.163315
vt 0.957158 0.149525
vt 0.388595 0.087796
vt 0.398955 0.082258
vt 0.969223 0.149525
vt 0.964224 0.175006
vt 0.967924 0.163315
vt 0.384393 0.077651
vt 0.395634 0.074241
vt 0.411176 0.075726
vt 0.978333 0.163315
vt 0.980082 0.149525
vt 0.973354 0.175006
vt 0.382251 0.066881
vt 0.393942 0.065730
vt 0.408894 0.070219
vt 0.987186 0.163315
vt 0.989317 0.149525
vt 0.981119 0.175006
vt 0.393942 0.057053
vt 0.382251 0.055901
vt 0.407732 0.058411
vt 0.906416 0.149526
vt 0.897306 0.163315
vt 0.895558 0.149526
vt 0.911416 0.175006
vt 0.907716 0.163315
vt 0.395635 0.048542
vt 0.384393 0.045132
vt 0.408895 0.052564
vt 0.919282 0.163315
vt 0.918482 0.149526
vt 0.921560 0.175006
vt 0.398955 0.040525
vt 0.388595 0.034987
vt 0.411176 0.047057
vt 0.931290 0.149526
vt 0.932330 0.175006
vt 0.931560 0.163315
vt 0.403776 0.033310
vt 0.394696 0.025857
vt 0.944080 0.163315
vt 0.944350 0.149526
vt 0.409912 0.027174
vt 0.402460 0.018093
vt 0.414488 0.042100
vt 0.956358 0.163315
vt 0.957158 0.149525
vt 0.411590 0.011993
vt 0.417128 0.022353
vt 0.418703 0.037885
vt 0.967924 0.163315
vt 0.969224 0.149525
vt 0.421735 0.007791
vt 0.425145 0.019032
vt 0.423660 0.034573
vt 0.980082 0.149525
vt 0.978334 0.163315
vt 0.432504 0.005649
vt 0.433656 0.017339
vt 0.429167 0.032292
vt 0.987186 0.163315
vt 0.989317 0.149525
vt 0.981118 0.175006
vt 0.442333 0.017339
vt 0.443485 0.005649
vt 0.440975 0.031129
vt 0.907716 0.163315
vt 0.895558 0.149525
vt 0.906416 0.149525
vt 0.902286 0.175006
vt 0.897306 0.163315
vt 0.450844 0.019032
vt 0.454254 0.007791
vt 0.919282 0.163315
vt 0.918482 0.149525
vt 0.921560 0.175006
vt 0.458861 0.022353
vt 0.464399 0.011993
vt 0.452329 0.034574
vt 0.931290 0.149525
vt 0.473529 0.018094
vt 0.466076 0.027174
vt 0.944350 0.149525
vt 0.472212 0.033310
vt 0.481293 0.025858
vt 0.461501 0.042101
vt 0.487393 0.034988
vt 0.477033 0.040525
vt 0.969223 0.149525
vt 0.491595 0.045133
vt 0.480354 0.048543
vt 0.464812 0.047057
vt 0.978334 0.163315
vt 0.980082 0.149525
vt 0.493737 0.055902
vt 0.468257 0.058411
vt 0.482047 0.057053
vt 0.989317 0.149525
vt 0.493737 0.066882
vt 0.468257 0.064373
vt 0.482047 0.065731
vt 0.491595 0.077652
vt 0.467094 0.070219
vt 0.480354 0.074242
vt 0.919282 0.163315
vt 0.487393 0.087796
vt 0.477033 0.082259
vt 0.481292 0.096926
vt 0.472212 0.089474
vt 0.464812 0.075727
vt 0.944079 0.163315
vt 0.944350 0.149526
vt 0.466076 0.095610
vt 0.473528 0.104691
vt 0.457285 0.084898
vt 0.957158 0.149526
vt 0.954080 0.175006
vt 0.458860 0.100431
vt 0.464398 0.110791
vt 0.452329 0.088210
vt 0.967924 0.163315
vt 0.969223 0.149526
vt 0.450843 0.103751
vt 0.454253 0.114993
vt 0.980082 0.149526
vt 0.978334 0.163315
vt 0.443484 0.117135
vt 0.442332 0.105444
vt 0.446821 0.090491
vt 0.989317 0.149526
vt 0.973354 0.175006
vt 0.432503 0.117135
vt 0.435013 0.091654
vt 0.433655 0.105444
vt 0.895558 0.149525
vt 0.906416 0.149525
vt 0.425144 0.103751
vt 0.421734 0.114992
vt 0.429166 0.090491
vt 0.918482 0.149525
vt 0.417127 0.100431
vt 0.411589 0.110790
vt 0.423659 0.088210
vt 0.640177 0.353170
vt 0.675909 0.353171
vt 0.688969 0.353171
vt 0.713843 0.353171
vt 0.515695 0.328687
vt 0.429167 0.090491
vt 0.844212 0.590717
vt 0.831152 0.590717
vt 0.818344 0.590717
vt 0.857020 0.590717
vt 0.869086 0.590717
vt 0.788326 0.460335
vt 0.779091 0.557536
vt 0.779091 0.460335
vt 0.799184 0.460335
vt 0.811250 0.460335
vt 0.824058 0.460335
vt 0.837118 0.460335
vt 0.849926 0.460335
vt 0.861992 0.460335
vt 0.872850 0.460335
vt 0.882085 0.557537
vt 0.594385 0.097606
vt 0.605244 0.097606
vt 0.582320 0.097606
vt 0.569511 0.097606
vt 0.556452 0.097606
vt 0.543643 0.097606
vt 0.531578 0.097606
vt 0.520719 0.097606
vt 0.922828 0.330403
vt 0.935637 0.330403
vt 0.961505 0.330403
vt 0.984428 0.330403
vt 0.806278 0.590717
vt 0.795420 0.590717
vt 0.461500 0.080683
vt 0.440974 0.091654
vt 0.418703 0.084898
vt 0.944350 0.052324
vt 0.931290 0.052324
vt 0.918482 0.052324
vt 0.957158 0.052324
vt 0.969223 0.052324
vt 0.980082 0.052324
vt 0.989317 0.052324
vt 0.906416 0.052324
vt 0.895558 0.052324
vt 0.931290 0.052324
vt 0.944350 0.052324
vt 0.969224 0.052324
vt 0.980082 0.052324
vt 0.989317 0.052324
vt 0.681081 0.198011
vt 0.658157 0.185758
vt 0.648922 0.176523
vt 0.641667 0.165665
vt 0.636669 0.153599
vt 0.636669 0.114923
vt 0.641667 0.102857
vt 0.648922 0.091999
vt 0.658157 0.082764
vt 0.669015 0.075509
vt 0.681081 0.070511
vt 0.693889 0.067964
vt 0.719757 0.070511
vt 0.731823 0.075509
vt 0.742681 0.082764
vt 0.751916 0.091999
vt 0.759171 0.102857
vt 0.764169 0.114923
vt 0.766716 0.127731
vt 0.764169 0.153599
vt 0.751916 0.176523
vt 0.742681 0.185758
vt 0.731823 0.193013
vt 0.719757 0.198011
vt 0.731823 0.193013
vt 0.693889 0.200559
vt 0.719757 0.198011
vt 0.681081 0.198011
vt 0.641667 0.165665
vt 0.636669 0.153599
vt 0.634121 0.140791
vt 0.636669 0.114923
vt 0.669015 0.075509
vt 0.681081 0.070511
vt 0.719757 0.070511
vt 0.742681 0.082764
vt 0.751916 0.091999
vt 0.759171 0.102857
vt 0.764169 0.114923
vt 0.764169 0.153599
vt 0.759171 0.165665
vt 0.751916 0.176523
vt 0.658157 0.185758
vt 0.636669 0.153599
vt 0.648922 0.176523
vt 0.641667 0.165665
vt 0.634121 0.140791
vt 0.641667 0.102857
vt 0.634121 0.127731
vt 0.636669 0.114923
vt 0.648922 0.091999
vt 0.681081 0.070511
vt 0.658157 0.082764
vt 0.669015 0.075509
vt 0.693889 0.067964
vt 0.706949 0.067964
vt 0.719757 0.070511
vt 0.742681 0.082765
vt 0.764169 0.114923
vt 0.751916 0.091999
vt 0.759171 0.102858
vt 0.766716 0.127732
vt 0.766716 0.140791
vt 0.764169 0.153599
vt 0.751915 0.176523
vt 0.719757 0.198011
vt 0.742681 0.185758
vt 0.731822 0.193013
vt 0.706949 0.200559
vt 0.693889 0.200559
vt 0.681081 0.198011
vt 0.977701 0.453085
vt 0.914314 0.193220
vt 0.609257 0.481593
vt 0.902899 0.700660
vt 0.798725 0.185609
vt 0.887048 0.701709
vt 0.719757 0.070511
vt 0.759171 0.102857
vt 0.764169 0.153599
vt 0.759171 0.165665
vt 0.731823 0.193013
vt 0.641667 0.165665
vt 0.636669 0.153599
vt 0.636669 0.114923
vt 0.648922 0.091999
vt 0.658157 0.082765
vt 0.706949 0.067964
vt 0.719757 0.070511
vt 0.731823 0.075509
vt 0.751916 0.091999
vt 0.759171 0.102857
vt 0.764169 0.114923
vt 0.766716 0.127731
vt 0.764169 0.153599
vt 0.759171 0.165665
vt 0.742681 0.185758
vt 0.719757 0.198011
vt 0.681081 0.198011
vt 0.669015 0.193013
vt 0.658157 0.185758
vt 0.648922 0.176523
vt 0.636669 0.153599
vt 0.648922 0.091999
vt 0.636669 0.114923
vt 0.641667 0.102858
vt 0.669015 0.075509
vt 0.706949 0.067964
vt 0.719757 0.070511
vt 0.759171 0.102857
vt 0.766716 0.140791
vt 0.751916 0.176523
vt 0.764169 0.153599
vt 0.759171 0.165665
vt 0.742681 0.185758
vt 0.719757 0.198011
vt 0.669015 0.193013
vt 0.636669 0.153599
vt 0.976253 0.193220
vt 0.435013 0.031129
vt 0.986710 0.712350
vt 0.452329 0.034573
vt 0.959672 0.712350
vt 0.917008 0.712350
vt 0.802148 0.713399
vt 0.464812 0.075727
vt 0.452329 0.088210
vt 0.873216 0.713399
vt 0.418703 0.084898
vt 0.978946 0.712350
vt 0.902285 0.175005
vt 0.973354 0.175006
vt 0.954079 0.175006
vt 0.423660 0.088210
vt 0.408895 0.052565
vt 0.414488 0.042101
vt 0.658157 0.082764
vt 0.706949 0.200559
vt 0.693889 0.067964
vt 0.731823 0.075509
vt 0.742681 0.082765
vt 0.751916 0.091999
vt 0.764169 0.153599
vt 0.731823 0.193013
vt 0.681081 0.198011
vt 0.636669 0.114923
vt 0.751915 0.091999
vt 0.766716 0.127731
vt 0.759171 0.102857
vt 0.764169 0.114923
vt 0.766716 0.140791
vt 0.764169 0.153599
vt 0.759171 0.165665
vt 0.742681 0.185758
vt 0.706949 0.200559
vt 0.731823 0.193013
vt 0.719757 0.198011
vt 0.693889 0.200559
vt 0.681081 0.198011
vt 0.669015 0.193013
vt 0.648922 0.176523
vt 0.634121 0.140791
vt 0.641667 0.165665
vt 0.636669 0.153600
vt 0.634121 0.127732
vt 0.636669 0.114923
vt 0.641667 0.102858
vt 0.658157 0.082765
vt 0.693889 0.067964
vt 0.669015 0.075509
vt 0.681081 0.070511
vt 0.706949 0.067964
vt 0.719757 0.070511
vt 0.731822 0.075509
vt 0.898867 0.453085
vt 0.864183 0.449985
vt 0.884397 0.305184
vt 0.981118 0.175006
vt 0.987186 0.163315
vt 0.769388 0.424505
vt 0.719757 0.198011
vt 0.641667 0.165665
vt 0.669015 0.075509
vt 0.759171 0.102857
vt 0.751916 0.176523
vt 0.669015 0.193013
vt 0.742681 0.185758
vt 0.731823 0.193013
vt 0.681081 0.198011
vt 0.669015 0.193013
vt 0.634121 0.140791
vt 0.636669 0.114923
vt 0.658157 0.082765
vt 0.693889 0.067964
vt 0.669015 0.075509
vt 0.681081 0.070511
vt 0.759171 0.102857
vt 0.764169 0.114923
vt 0.759171 0.165665
vt 0.646906 0.230488
vt 0.676950 0.230489
vt 0.698700 0.230489
vt 0.843172 0.713399
vt 0.873216 0.713399
vt 0.411176 0.075726
vt 0.814328 0.583017
vt 0.407732 0.058411
vt 0.846848 0.583017
vt 0.866122 0.583017
vt 0.598516 0.220288
vt 0.429167 0.032292
vt 0.579241 0.220288
vt 0.557491 0.220288
vt 0.536577 0.220288
vt 0.898868 0.453086
vt 0.468257 0.058411
vt 0.968571 0.453086
vt 0.452329 0.088210
vt 0.794383 0.713399
vt 0.821422 0.713399
vt 0.954080 0.175006
vt 0.407732 0.064372
vt 0.973354 0.175006
vt 0.435014 0.031129
vt 0.911416 0.175006
vt 0.446822 0.032292
vt 0.932330 0.175006
vt 0.457286 0.037885
vt 0.467094 0.052565
vt 0.943310 0.175006
vt 0.981118 0.175006
vt 0.724701 0.353171
vt 0.879944 0.590717
vt 0.882085 0.460335
vt 0.352309 -0.000000
vt 0.005881 1.000000
vt 0.005881 0.000000
vt 0.352309 -0.000000
vt 0.005881 1.000000
vt 0.005881 0.000000
vt 0.485865 0.852836
vt 0.448669 0.165822
vt 0.448669 0.862698
vt 0.356719 0.412874
vt 0.417917 0.996738
vt 0.356719 0.996738
vt 0.378537 0.097231
vt 0.360009 0.408669
vt 0.360009 0.097231
vt 0.529344 0.845978
vt 0.492030 0.144037
vt 0.503022 0.126261
vt 0.422327 0.221998
vt 0.436720 0.236342
vt 0.436720 0.967700
vt 0.448669 0.165822
vt 0.466827 0.137102
vt 0.436720 0.249318
vt 0.436720 0.980677
vt 0.422327 0.995021
vt 0.417917 0.412874
vt 0.356719 0.412874
vt 0.378537 0.408669
vt 0.492030 0.856270
vt 0.505538 0.994392
vt 0.440979 0.867050
vt 0.505539 0.867050
vt 0.412026 0.379044
vt 0.381206 0.358391
vt 0.412026 0.345721
vt 0.505539 0.994392
vt 0.384062 0.367680
vt 0.415043 0.388441
vt 0.384062 0.409201
vt 0.352309 1.000000
vt 0.352309 1.000000
vt 0.466827 0.137102
vt 0.417917 0.412874
vt 0.378537 0.408669
vt 0.436720 0.995021
vt 0.436720 0.221998
vt 0.436720 0.995021
vt 0.378537 0.097231
vt 0.440979 0.994392
s 0
f 2899/4765/1501 2892/4766/1501 2895/4767/1501
f 2900/4768/1502 2896/4769/1502 2891/4770/1502
f 2898/4771/1503 2891/4772/1503 2892/4773/1503
f 2895/4767/1501 2894/4774/1501 2899/4765/1501
f 2899/4765/1501 2898/4775/1501 2892/4766/1501
f 2891/4770/1502 2897/4776/1502 2900/4768/1502
f 2900/4768/1502 2893/4777/1502 2896/4769/1502
f 2898/4771/1503 2897/4778/1503 2891/4772/1503
s 1
f 2908/4779/1504 2916/4780/1505 2924/4781/1506
f 2960/4782/1507 2964/4783/1508 2948/4784/1505
f 2980/4785/1505 2988/4786/1506 2996/4787/1508
f 2998/4788/1509 3006/4789/1510 3003/4790/1511
f 3001/4791/1512 3005/4792/1513 3006/4789/1510
f 3000/4793/1514 3004/4794/1515 3005/4795/1513
f 2999/4796/1516 3002/4797/1517 3004/4794/1515
f 3003/4790/1511 3011/4798/1518 3008/4799/1519
f 3011/4798/1518 3005/4792/1513 3010/4800/1520
f 3010/4801/1520 3004/4794/1515 3009/4802/1521
f 3004/4794/1515 3007/4803/1522 3009/4802/1521
f 3008/4799/1519 3016/4804/1523 3013/4805/1524
f 3011/4798/1518 3015/4806/1525 3016/4804/1523
f 3015/4807/1525 3009/4802/1521 3014/4808/1526
f 3009/4802/1521 3012/4809/1527 3014/4808/1526
f 3013/4805/1524 3021/4810/1528 3018/4811/1529
f 3016/4804/1523 3020/4812/1530 3021/4810/1528
f 3020/4813/1530 3014/4808/1526 3019/4814/1531
f 3014/4808/1526 3017/4815/1532 3019/4814/1531
f 3023/4816/1533 3021/4810/1528 3026/4817/1534
f 3021/4810/1528 3025/4818/1535 3026/4817/1534
f 3020/4813/1530 3024/4819/1536 3025/4820/1535
f 3019/4814/1531 3022/4821/1537 3024/4819/1536
f 3023/4822/1533 3031/4823/1538 3028/4824/1539
f 3026/4825/1534 3030/4826/1540 3031/4823/1538
f 3025/4820/1535 3029/4827/1541 3030/4828/1540
f 3024/4819/1536 3027/4829/1542 3029/4827/1541
f 3028/4824/1539 3036/4830/1543 3033/4831/1544
f 3031/4823/1538 3035/4832/1545 3036/4830/1543
f 3030/4828/1540 3034/4833/1546 3035/4834/1545
f 3029/4827/1541 3032/4835/1547 3034/4833/1546
f 3038/4836/1548 3036/4830/1543 3041/4837/1549
f 3041/4837/1549 3035/4832/1545 3040/4838/1550
f 3040/4839/1550 3034/4833/1546 3039/4840/1551
f 3039/4840/1551 3032/4835/1547 3037/4841/1552
f 3038/4836/1553 3046/4842/1554 3043/4843/1555
f 3041/4837/1556 3045/4844/1557 3046/4842/1554
f 3040/4839/1558 3044/4845/1559 3045/4846/1557
f 3039/4840/1560 3042/4847/1561 3044/4845/1559
f 3043/4843/1555 3051/4848/1562 3048/4849/1563
f 3051/4848/1562 3045/4844/1557 3050/4850/1564
f 3050/4851/1564 3044/4845/1559 3049/4852/1565
f 3044/4845/1559 3047/4853/1566 3049/4852/1565
f 3048/4849/1563 3056/4854/1567 3053/4855/1568
f 3051/4848/1562 3055/4856/1569 3056/4854/1567
f 3050/4851/1564 3054/4857/1570 3055/4858/1569
f 3049/4852/1565 3052/4859/1571 3054/4857/1570
f 3053/4855/1568 3061/4860/1572 3058/4861/1573
f 3061/4860/1572 3055/4856/1569 3060/4862/1574
f 3055/4858/1569 3059/4863/1575 3060/4864/1574
f 3059/4863/1575 3052/4859/1571 3057/4865/1576
f 3058/4861/1573 3066/4866/1577 3063/4867/1578
f 3061/4860/1572 3065/4868/1579 3066/4866/1577
f 3060/4864/1574 3064/4869/1580 3065/4870/1579
f 3059/4863/1575 3062/4871/1581 3064/4869/1580
f 3068/4872/1582 3066/4873/1577 3071/4874/1583
f 3066/4873/1577 3070/4875/1584 3071/4874/1583
f 3070/4876/1584 3064/4869/1580 3069/4877/1585
f 3069/4877/1585 3062/4871/1581 3067/4878/1586
f 3073/4879/1587 3071/4874/1583 3076/4880/1588
f 3071/4874/1583 3075/4881/1589 3076/4880/1588
f 3070/4876/1584 3074/4882/1590 3075/4883/1589
f 3074/4882/1590 3067/4878/1586 3072/4884/1591
f 3073/4879/1587 3081/4885/1592 3078/4886/1593
f 3081/4885/1592 3075/4881/1589 3080/4887/1594
f 3075/4883/1589 3079/4888/1595 3080/4889/1594
f 3079/4888/1595 3072/4884/1591 3077/4890/1596
f 3078/4886/1593 3086/4891/1597 3083/4892/1598
f 3081/4885/1592 3085/4893/1599 3086/4891/1597
f 3080/4889/1594 3084/4894/1600 3085/4895/1599
f 3079/4888/1595 3082/4896/1601 3084/4894/1600
f 3088/4897/1602 3086/4891/1597 3091/4898/1603
f 3091/4898/1603 3085/4893/1599 3090/4899/1604
f 3090/4900/1604 3084/4894/1600 3089/4901/1605
f 3089/4901/1605 3082/4896/1601 3087/4902/1606
f 3088/4897/1602 3096/4903/1607 3093/4904/1608
f 3096/4903/1607 3090/4899/1604 3095/4905/1609
f 3090/4900/1604 3094/4906/1610 3095/4907/1609
f 3089/4901/1605 3092/4908/1611 3094/4906/1610
f 3093/4904/1608 3101/4909/1612 3098/4910/1613
f 3096/4903/1607 3100/4911/1614 3101/4909/1612
f 3100/4912/1614 3094/4906/1610 3099/4913/1615
f 3099/4913/1615 3092/4908/1611 3097/4914/1616
f 3103/4915/1617 3101/4916/1612 3106/4917/1618
f 3101/4909/1612 3105/4918/1619 3106/4919/1618
f 3100/4912/1614 3104/4920/1620 3105/4921/1619
f 3099/4913/1615 3102/4922/1621 3104/4920/1620
f 3103/4915/1617 3111/4923/1622 3108/4924/1623
f 3106/4917/1618 3110/4925/1624 3111/4923/1622
f 3105/4921/1619 3109/4926/1625 3110/4927/1624
f 3104/4920/1620 3107/4928/1626 3109/4926/1625
f 3113/4929/1627 3111/4923/1622 3116/4930/1628
f 3116/4930/1628 3110/4925/1624 3115/4931/1629
f 3115/4932/1629 3109/4926/1625 3114/4933/1630
f 3109/4926/1625 3112/4934/1631 3114/4933/1630
f 3118/4935/1632 3116/4930/1628 3121/4936/1633
f 3121/4936/1633 3115/4931/1629 3120/4937/1634
f 3120/4938/1634 3114/4933/1630 3119/4939/1635
f 3114/4933/1630 3117/4940/1636 3119/4939/1635
f 3118/4935/1637 3126/4941/1638 3123/4942/1639
f 3121/4936/1640 3125/4943/1641 3126/4941/1638
f 3120/4938/1642 3124/4944/1643 3125/4945/1641
f 3124/4944/1643 3117/4940/1636 3122/4946/1644
f 3123/4942/1639 3131/4947/1645 3128/4948/1646
f 3131/4947/1645 3125/4943/1641 3130/4949/1647
f 3130/4950/1647 3124/4944/1643 3129/4951/1648
f 3129/4951/1648 3122/4946/1644 3127/4952/1649
f 3128/4948/1646 3136/4953/1650 3133/4954/1651
f 3131/4947/1645 3135/4955/1652 3136/4953/1650
f 3130/4950/1647 3134/4956/1653 3135/4957/1652
f 3134/4956/1653 3127/4952/1649 3132/4958/1654
f 3133/4954/1651 3141/4959/1655 3138/4960/1656
f 3141/4959/1655 3135/4955/1652 3140/4961/1657
f 3140/4962/1657 3134/4956/1653 3139/4963/1658
f 3134/4956/1653 3137/4964/1659 3139/4963/1658
f 3143/4965/1660 3141/4966/1655 3146/4967/1661
f 3146/4968/1661 3140/4961/1657 3145/4969/1662
f 3140/4962/1657 3144/4970/1663 3145/4971/1662
f 3139/4963/1658 3142/4972/1664 3144/4970/1663
f 3143/4965/1660 3151/4973/1665 3148/4974/1666
f 3146/4967/1661 3150/4975/1667 3151/4973/1665
f 3150/4976/1667 3144/4970/1663 3149/4977/1668
f 3149/4977/1668 3142/4972/1664 3147/4978/1669
f 3153/4979/1670 3151/4973/1665 3156/4980/1671
f 3151/4973/1665 3155/4981/1672 3156/4980/1671
f 3150/4976/1667 3154/4982/1673 3155/4983/1672
f 3149/4977/1668 3152/4984/1674 3154/4982/1673
f 3153/4979/1670 3001/4791/1512 2998/4788/1509
f 3001/4791/1512 3155/4981/1672 3000/4985/1514
f 3155/4983/1672 2999/4796/1516 3000/4793/1514
f 3154/4982/1673 2997/4986/1675 2999/4796/1516
f 3158/4987/1509 3166/4988/1510 3163/4989/1511
f 3166/4988/1510 3160/4990/1514 3165/4991/1513
f 3165/4992/1513 3159/4993/1516 3164/4994/1515
f 3159/4993/1516 3162/4995/1676 3164/4994/1515
f 3163/4989/1511 3171/4996/1518 3168/4997/1519
f 3166/4988/1510 3170/4998/1520 3171/4996/1518
f 3165/4992/1513 3169/4999/1521 3170/4820/1520
f 3164/4994/1515 3167/4821/1522 3169/4999/1521
f 3173/5000/1524 3171/4996/1518 3176/5001/1523
f 3176/5001/1523 3170/4998/1520 3175/5002/1525
f 3175/5003/1525 3169/4999/1521 3174/5004/1526
f 3174/5004/1526 3167/4821/1522 3172/5005/1677
f 3173/5000/1524 3181/5006/1528 3178/5007/1529
f 3181/5006/1528 3175/5002/1525 3180/5008/1530
f 3180/4834/1530 3174/5004/1526 3179/5009/1678
f 3179/5009/1678 3172/5005/1677 3177/5010/1532
f 3183/5011/1533 3181/5006/1528 3186/5012/1534
f 3181/5006/1528 3185/5013/1535 3186/5012/1534
f 3180/4834/1530 3184/5014/1536 3185/5015/1535
f 3179/5009/1678 3182/5016/1679 3184/5014/1536
f 3183/5017/1533 3191/5018/1538 3188/5019/1539
f 3191/5018/1538 3185/5020/1535 3190/5021/1540
f 3190/5022/1540 3184/5014/1536 3189/5023/1541
f 3184/5014/1536 3187/5024/1542 3189/5023/1541
f 3193/5025/1544 3191/5018/1538 3196/5026/1543
f 3191/5018/1538 3195/5027/1545 3196/5026/1543
f 3195/5028/1545 3189/5023/1541 3194/5029/1546
f 3189/5023/1541 3192/4853/1547 3194/5029/1546
f 3198/5030/1680 3196/5026/1543 3201/5031/1681
f 3196/5026/1543 3200/5032/1682 3201/5031/1681
f 3200/4858/1682 3194/5029/1546 3199/5033/1683
f 3194/5029/1546 3197/5034/1552 3199/5033/1683
f 3198/5030/1680 3206/5035/1554 3203/5036/1555
f 3201/5031/1681 3205/5037/1557 3206/5035/1554
f 3200/4858/1682 3204/5038/1559 3205/4864/1557
f 3204/5038/1559 3197/5034/1552 3202/5039/1561
f 3203/5036/1555 3211/5040/1562 3208/5041/1563
f 3206/5035/1554 3210/5042/1564 3211/5040/1562
f 3205/4864/1557 3209/5043/1565 3210/5044/1564
f 3204/5038/1559 3207/5045/1566 3209/5043/1565
f 3213/5046/1568 3211/5040/1562 3216/5047/1567
f 3211/5040/1562 3215/5048/1569 3216/5047/1567
f 3210/5044/1564 3214/5049/1570 3215/5050/1569
f 3209/5043/1565 3212/5051/1684 3214/5049/1570
f 3218/5052/1573 3216/5047/1567 3221/5053/1572
f 3221/5053/1572 3215/5048/1569 3220/5054/1574
f 3220/5055/1574 3214/5049/1570 3219/5056/1575
f 3219/5056/1575 3212/5051/1684 3217/5057/1576
f 3223/5058/1578 3221/5053/1572 3226/5059/1577
f 3221/5053/1572 3225/5060/1579 3226/5059/1577
f 3225/5061/1579 3219/5056/1575 3224/5062/1580
f 3224/5062/1580 3217/5057/1576 3222/5063/1685
f 3223/5064/1578 3231/5065/1583 3228/5066/1582
f 3226/5067/1577 3230/5068/1584 3231/5065/1583
f 3225/5061/1579 3229/4894/1585 3230/5069/1584
f 3229/4894/1585 3222/5063/1685 3227/5070/1586
f 3233/5071/1587 3231/5065/1583 3236/5072/1588
f 3236/5072/1588 3230/5068/1584 3235/5073/1589
f 3235/5074/1589 3229/4894/1585 3234/5075/1590
f 3234/5075/1590 3227/5070/1586 3232/5076/1686
f 3238/5077/1593 3236/5072/1588 3241/5078/1592
f 3236/5072/1588 3240/5079/1594 3241/5078/1592
f 3235/5074/1589 3239/5080/1595 3240/5081/1594
f 3234/5075/1590 3237/5082/1687 3239/5080/1595
f 3238/5077/1593 3246/5083/1597 3243/5084/1598
f 3246/5083/1597 3240/5079/1594 3245/5085/1599
f 3245/5086/1599 3239/5080/1595 3244/5087/1600
f 3239/5080/1595 3242/5088/1688 3244/5087/1600
f 3243/5084/1598 3251/5089/1603 3248/5090/1602
f 3246/5083/1597 3250/5091/1604 3251/5089/1603
f 3245/5086/1599 3249/5092/1605 3250/5093/1604
f 3249/5092/1605 3242/5088/1688 3247/5094/1606
f 3248/5090/1602 3256/5095/1607 3253/5096/1608
f 3256/5095/1607 3250/5091/1604 3255/5097/1609
f 3255/5098/1609 3249/5092/1605 3254/5099/1610
f 3254/5099/1610 3247/5094/1606 3252/5100/1689
f 3253/5096/1608 3261/5101/1612 3258/5102/1613
f 3256/5095/1607 3260/5103/1614 3261/5101/1612
f 3255/5098/1609 3259/5104/1615 3260/5105/1614
f 3254/5099/1610 3257/5106/1690 3259/5104/1615
f 3263/5107/1617 3261/5108/1612 3266/5109/1618
f 3261/5108/1612 3265/5110/1619 3266/5109/1618
f 3260/5105/1614 3264/5111/1620 3265/5112/1619
f 3264/5111/1620 3257/5106/1690 3262/5113/1691
f 3263/5107/1617 3271/5114/1622 3268/5115/1623
f 3266/5109/1618 3270/5116/1624 3271/5114/1622
f 3265/5112/1619 3269/5117/1625 3270/5118/1624
f 3269/5117/1625 3262/5113/1691 3267/5119/1626
f 3273/5120/1627 3271/5114/1622 3276/5121/1628
f 3271/5114/1622 3275/5122/1629 3276/5121/1628
f 3270/5118/1624 3274/5123/1630 3275/5124/1629
f 3274/5123/1630 3267/5119/1626 3272/5125/1631
f 3273/5120/1627 3281/5126/1692 3278/5127/1693
f 3276/5121/1628 3280/5128/1694 3281/5126/1692
f 3280/5129/1694 3274/5123/1630 3279/5130/1695
f 3274/5123/1630 3277/5131/1636 3279/5130/1695
f 3278/5127/1693 3286/5132/1638 3283/5133/1639
f 3281/5126/1692 3285/5134/1641 3286/5132/1638
f 3280/5129/1694 3284/5135/1643 3285/5136/1641
f 3279/5130/1695 3282/5137/1644 3284/5135/1643
f 3283/5133/1639 3291/5138/1645 3288/5139/1646
f 3286/5132/1638 3290/5140/1647 3291/5138/1645
f 3285/5136/1641 3289/5141/1648 3290/5142/1647
f 3284/5135/1643 3287/5143/1649 3289/5141/1648
f 3288/5139/1646 3296/5144/1650 3293/5145/1651
f 3296/5144/1650 3290/5140/1647 3295/5146/1652
f 3290/5142/1647 3294/5147/1653 3295/5148/1652
f 3289/5141/1648 3292/5149/1654 3294/5147/1653
f 3293/5145/1651 3301/5150/1655 3298/5151/1656
f 3296/5144/1650 3300/5152/1657 3301/5150/1655
f 3300/5153/1657 3294/5147/1653 3299/5154/1658
f 3294/5147/1653 3297/5155/1659 3299/5154/1658
f 3298/5156/1656 3306/5157/1661 3303/5158/1660
f 3306/5157/1661 3300/5159/1657 3305/5160/1662
f 3300/5153/1657 3304/5161/1663 3305/5162/1662
f 3299/5154/1658 3302/5163/1696 3304/5161/1663
f 3303/5158/1660 3311/5164/1665 3308/5165/1666
f 3306/5157/1661 3310/5166/1667 3311/5164/1665
f 3305/5162/1662 3309/5167/1668 3310/5168/1667
f 3304/5161/1663 3307/5169/1669 3309/5167/1668
f 3313/5170/1670 3311/5164/1665 3316/5171/1671
f 3316/5171/1671 3310/5166/1667 3315/5172/1672
f 3310/5168/1667 3314/5173/1673 3315/5174/1672
f 3314/5173/1673 3307/5169/1669 3312/5175/1697
f 3158/4987/1509 3316/5171/1671 3161/5176/1512
f 3316/5171/1671 3160/4990/1514 3161/5176/1512
f 3315/5174/1672 3159/4993/1516 3160/5177/1514
f 3314/5173/1673 3157/5178/1675 3159/4993/1516
f 3318/5179/1509 3326/5180/1510 3323/5181/1698
f 3321/5182/1512 3325/5183/1513 3326/5180/1510
f 3320/5184/1514 3324/5185/1515 3325/5186/1513
f 3319/5187/1516 3322/5188/1676 3324/5185/1515
f 3328/5189/1519 3326/5180/1510 3331/5190/1518
f 3331/5190/1518 3325/5183/1513 3330/5191/1520
f 3330/5192/1520 3324/5185/1515 3329/5193/1521
f 3329/5193/1521 3322/5188/1676 3327/5194/1522
f 3333/5195/1524 3331/5190/1518 3336/5196/1523
f 3331/5190/1518 3335/5197/1525 3336/5196/1523
f 3330/5192/1520 3334/5198/1526 3335/5199/1525
f 3329/5193/1521 3332/5200/1699 3334/5198/1526
f 3333/5195/1524 3341/5201/1528 3338/5202/1529
f 3336/5196/1523 3340/5203/1530 3341/5201/1528
f 3340/5204/1530 3334/5198/1526 3339/5205/1531
f 3339/5205/1531 3332/5200/1699 3337/5206/1700
f 3338/5202/1529 3346/5207/1534 3343/5208/1533
f 3341/5201/1528 3345/5209/1535 3346/5207/1534
f 3340/5204/1530 3344/5210/1536 3345/5211/1535
f 3339/5205/1531 3342/5212/1679 3344/5210/1536
f 3343/5213/1533 3351/5214/1538 3348/5215/1539
f 3346/5216/1534 3350/5217/1540 3351/5214/1538
f 3350/5218/1540 3344/5210/1536 3349/5219/1541
f 3344/5210/1536 3347/5220/1542 3349/5219/1541
f 3348/5215/1539 3356/5221/1543 3353/5222/1544
f 3356/5221/1543 3350/5217/1540 3355/5223/1545
f 3355/5224/1545 3349/5219/1541 3354/5225/1546
f 3354/5225/1546 3347/5220/1542 3352/5226/1547
f 3358/5179/1680 3356/5221/1543 3361/5182/1681
f 3356/5221/1543 3360/5227/1682 3361/5182/1681
f 3355/5224/1545 3359/5228/1683 3360/5229/1682
f 3359/5228/1683 3352/5226/1547 3357/5230/1552
f 3358/5179/1680 3366/5180/1554 3363/5231/1555
f 3361/5182/1681 3365/5232/1557 3366/5180/1554
f 3360/5229/1682 3364/5233/1559 3365/5234/1557
f 3359/5228/1683 3362/5235/1561 3364/5233/1559
f 3363/5231/1555 3371/5236/1562 3368/5189/1563
f 3366/5180/1554 3370/5191/1564 3371/5236/1562
f 3370/5237/1564 3364/5233/1559 3369/5238/1565
f 3364/5233/1559 3367/5239/1566 3369/5238/1565
f 3373/5240/1568 3371/5236/1562 3376/5241/1567
f 3371/5236/1562 3375/5242/1569 3376/5241/1567
f 3370/5237/1564 3374/5243/1570 3375/5244/1569
f 3374/5243/1570 3367/5239/1566 3372/5245/1684
f 3373/5240/1568 3381/5246/1572 3378/5202/1573
f 3381/5246/1572 3375/5242/1569 3380/5247/1574
f 3380/5248/1574 3374/5243/1570 3379/5249/1575
f 3374/5243/1570 3377/5250/1701 3379/5249/1575
f 3378/5202/1573 3386/5207/1577 3383/5208/1578
f 3386/5207/1577 3380/5247/1574 3385/5251/1579
f 3380/5248/1574 3384/5252/1580 3385/5253/1579
f 3384/5252/1580 3377/5250/1701 3382/5254/1702
f 3383/5213/1578 3391/5255/1583 3388/5215/1582
f 3386/5256/1577 3390/5257/1584 3391/5255/1583
f 3385/5253/1579 3389/5258/1585 3390/5259/1584
f 3384/5252/1580 3387/5260/1586 3389/5258/1585
f 3388/5215/1582 3396/5261/1588 3393/5262/1587
f 3391/5255/1583 3395/5263/1589 3396/5261/1588
f 3390/5259/1584 3394/5264/1590 3395/5265/1589
f 3389/5258/1585 3392/5266/1686 3394/5264/1590
f 3393/5262/1587 3401/5267/1592 3398/5268/1593
f 3401/5267/1592 3395/5263/1589 3400/5227/1594
f 3400/5269/1594 3394/5264/1590 3399/5270/1595
f 3399/5270/1595 3392/5266/1686 3397/5271/1687
f 3398/5268/1593 3406/5272/1597 3403/5273/1598
f 3401/5267/1592 3405/5183/1599 3406/5272/1597
f 3400/5269/1594 3404/5274/1600 3405/5275/1599
f 3399/5270/1595 3402/5276/1688 3404/5274/1600
f 3403/5273/1598 3411/5277/1603 3408/5189/1602
f 3411/5277/1603 3405/5183/1599 3410/5191/1604
f 3410/5278/1604 3404/5274/1600 3409/5279/1605
f 3404/5274/1600 3407/5280/1606 3409/5279/1605
f 3413/5240/1608 3411/5277/1603 3416/5281/1607
f 3411/5277/1603 3415/5242/1609 3416/5281/1607
f 3410/5278/1604 3414/5282/1610 3415/5283/1609
f 3414/5282/1610 3407/5280/1606 3412/5284/1689
f 3418/5285/1613 3416/5281/1607 3421/5201/1612
f 3421/5201/1612 3415/5242/1609 3420/5247/1614
f 3420/5286/1614 3414/5282/1610 3419/5287/1615
f 3414/5282/1610 3417/5288/1690 3419/5287/1615
f 3418/5285/1613 3426/5289/1618 3423/5290/1617
f 3421/5201/1612 3425/5251/1619 3426/5289/1618
f 3420/5286/1614 3424/5291/1620 3425/5292/1619
f 3424/5291/1620 3417/5288/1690 3422/5293/1621
f 3428/5294/1623 3426/5295/1618 3431/5214/1622
f 3426/5295/1618 3430/5296/1624 3431/5214/1622
f 3430/5297/1624 3424/5291/1620 3429/5298/1625
f 3424/5291/1620 3427/5299/1626 3429/5298/1625
f 3428/5294/1623 3436/5300/1628 3433/5222/1627
f 3431/5214/1622 3435/5223/1629 3436/5300/1628
f 3435/5301/1629 3429/5298/1625 3434/5302/1630
f 3434/5302/1630 3427/5299/1626 3432/5303/1631
f 3433/5222/1627 3441/5304/1692 3438/5305/1693
f 3436/5300/1628 3440/5306/1694 3441/5304/1692
f 3435/5301/1629 3439/5307/1695 3440/5308/1694
f 3434/5302/1630 3437/5309/1636 3439/5307/1695
f 3438/5305/1693 3446/5180/1638 3443/5181/1639
f 3441/5304/1692 3445/5232/1641 3446/5180/1638
f 3440/5308/1694 3444/5310/1643 3445/5311/1641
f 3444/5310/1643 3437/5309/1636 3442/5312/1644
f 3443/5181/1639 3451/5236/1645 3448/5189/1646
f 3446/5180/1638 3450/5313/1647 3451/5236/1645
f 3450/5314/1647 3444/5310/1643 3449/5315/1648
f 3444/5310/1643 3447/5316/1703 3449/5315/1648
f 3453/5317/1651 3451/5236/1645 3456/5196/1650
f 3451/5236/1645 3455/5197/1652 3456/5196/1650
f 3455/5318/1652 3449/5315/1648 3454/5319/1653
f 3454/5319/1653 3447/5316/1703 3452/5320/1704
f 3453/5317/1651 3461/5201/1655 3458/5321/1656
f 3461/5201/1655 3455/5197/1652 3460/5203/1657
f 3460/5322/1657 3454/5319/1653 3459/5323/1658
f 3454/5319/1653 3457/5324/1705 3459/5323/1658
f 3463/5208/1660 3461/5201/1655 3466/5325/1661
f 3461/5201/1655 3465/5326/1662 3466/5325/1661
f 3460/5322/1657 3464/5327/1663 3465/5328/1662
f 3459/5323/1658 3462/5329/1696 3464/5327/1663
f 3463/5213/1660 3471/5214/1665 3468/5215/1666
f 3471/5214/1665 3465/5330/1662 3470/5257/1667
f 3470/5331/1667 3464/5327/1663 3469/5332/1668
f 3464/5327/1663 3467/5333/1669 3469/5332/1668
f 3468/5215/1666 3476/5334/1671 3473/5262/1706
f 3471/5214/1665 3475/5263/1672 3476/5334/1671
f 3470/5331/1667 3474/5335/1673 3475/5336/1672
f 3469/5332/1668 3472/5337/1697 3474/5335/1673
f 3318/5179/1509 3476/5334/1671 3321/5182/1512
f 3321/5182/1512 3475/5263/1672 3320/5227/1514
f 3320/5184/1514 3474/5335/1673 3319/5187/1516
f 3319/5187/1516 3472/5337/1697 3317/5338/1675
f 3087/4902/1606 3047/4853/1566 3007/4803/1522
f 2998/4788/1509 2902/5339/1707 2901/5340/1708
f 3153/4979/1670 2901/5340/1708 2932/5341/1508
f 3003/4790/1511 2903/5342/1709 2902/5339/1707
f 3008/4799/1519 2904/5343/1710 2903/5342/1709
f 3013/4805/1524 2905/5344/1711 2904/5343/1710
f 3018/5345/1529 2906/5346/1712 2905/5347/1711
f 3023/4822/1533 2907/5348/1713 2906/5346/1712
f 3028/4824/1539 2908/5349/1504 2907/5348/1713
f 3033/4831/1544 2909/5350/1714 2908/5349/1504
f 3038/4836/1553 2910/5351/1715 2909/5350/1714
f 3043/4843/1555 2911/5352/1716 2910/5351/1715
f 3048/4849/1563 2912/5353/1717 2911/5352/1716
f 3053/4855/1568 2913/5354/1718 2912/5353/1717
f 3058/4861/1573 2914/5355/1719 2913/5354/1718
f 3063/5356/1578 2915/5357/1720 2914/5358/1719
f 3068/4872/1582 2916/5359/1505 2915/5357/1720
f 3073/4879/1587 2917/5360/1721 2916/5359/1505
f 3078/4886/1593 2918/5361/1722 2917/5360/1721
f 3083/4892/1598 2919/5362/1723 2918/5361/1722
f 3088/4897/1602 2920/5363/1724 2919/5362/1723
f 3093/4904/1608 2921/5364/1725 2920/5363/1724
f 3098/5365/1613 2922/5366/1726 2921/5367/1725
f 3103/4915/1617 2923/5368/1727 2922/5366/1726
f 3108/4924/1623 2924/5369/1506 2923/5368/1727
f 3113/4929/1627 2925/5370/1728 2924/5369/1506
f 3118/4935/1637 2926/5371/1729 2925/5370/1728
f 3123/4942/1639 2927/5372/1730 2926/5371/1729
f 3128/4948/1646 2928/5373/1507 2927/5372/1730
f 3133/4954/1651 2929/5374/1731 2928/5373/1507
f 3138/4960/1656 2930/5375/1732 2929/5374/1731
f 3143/4965/1660 2931/5376/1733 2930/5377/1732
f 3148/4974/1666 2932/5341/1508 2931/5376/1733
f 3227/5070/1586 3207/5045/1566 3167/4821/1522
f 3158/4987/1509 2934/5378/1707 2933/5379/1708
f 3313/5170/1670 2933/5379/1708 2964/5380/1508
f 3163/4989/1511 2935/5381/1709 2934/5378/1707
f 3168/4997/1519 2936/5382/1710 2935/5381/1709
f 3173/5000/1524 2937/5383/1711 2936/5382/1710
f 3178/5384/1529 2938/5385/1712 2937/5386/1711
f 3183/5017/1533 2939/5387/1734 2938/5385/1712
f 3188/5019/1539 2940/5388/1504 2939/5387/1734
f 3193/5025/1544 2941/5389/1714 2940/5388/1504
f 3198/5030/1680 2942/5390/1715 2941/5389/1714
f 3203/5036/1555 2943/5391/1716 2942/5390/1715
f 3208/5041/1563 2944/5392/1717 2943/5391/1716
f 3213/5046/1568 2945/5393/1718 2944/5392/1717
f 3218/5052/1573 2946/5394/1719 2945/5393/1718
f 3223/5064/1578 2947/5395/1720 2946/5396/1719
f 3228/5066/1582 2948/5397/1505 2947/5395/1720
f 3233/5071/1587 2949/5398/1721 2948/5397/1505
f 3238/5077/1593 2950/5399/1722 2949/5398/1721
f 3243/5084/1598 2951/5400/1723 2950/5399/1722
f 3248/5090/1602 2952/5401/1724 2951/5400/1723
f 3253/5096/1608 2953/5402/1735 2952/5401/1724
f 3258/5403/1613 2954/5404/1726 2953/5405/1735
f 3263/5107/1617 2955/5406/1736 2954/5404/1726
f 3268/5115/1623 2956/5407/1506 2955/5406/1736
f 3273/5120/1627 2957/5408/1728 2956/5407/1506
f 3278/5127/1693 2958/5409/1729 2957/5408/1728
f 3283/5133/1639 2959/5410/1730 2958/5409/1729
f 3288/5139/1646 2960/5411/1507 2959/5410/1730
f 3293/5145/1651 2961/5412/1737 2960/5411/1507
f 3298/5151/1656 2962/5413/1732 2961/5412/1737
f 3303/5158/1660 2963/5414/1733 2962/5415/1732
f 3308/5165/1666 2964/5380/1508 2963/5414/1733
f 3407/5280/1606 3367/5239/1566 3327/5194/1522
f 3318/5179/1509 2966/5416/1707 2965/5417/1708
f 3473/5262/1706 2965/5417/1708 2996/5418/1508
f 3323/5181/1698 2967/5419/1709 2966/5416/1707
f 3328/5189/1519 2968/5420/1710 2967/5419/1709
f 3333/5195/1524 2969/5421/1711 2968/5420/1710
f 3338/5202/1529 2970/5422/1712 2969/5421/1711
f 3343/5213/1533 2971/5423/1734 2970/5424/1712
f 3348/5215/1539 2972/5418/1504 2971/5423/1734
f 3353/5222/1544 2973/5417/1714 2972/5418/1504
f 3358/5179/1680 2974/5425/1715 2973/5417/1714
f 3363/5231/1555 2975/5426/1716 2974/5425/1715
f 3368/5189/1563 2976/5427/1717 2975/5426/1716
f 3373/5240/1568 2977/5421/1718 2976/5427/1717
f 3378/5202/1573 2978/5422/1719 2977/5421/1718
f 3383/5213/1578 2979/5428/1738 2978/5429/1719
f 3388/5215/1582 2980/5418/1505 2979/5428/1738
f 3393/5262/1587 2981/5417/1721 2980/5418/1505
f 3398/5268/1593 2982/5416/1722 2981/5417/1721
f 3403/5273/1598 2983/5419/1723 2982/5416/1722
f 3408/5189/1602 2984/5430/1724 2983/5419/1723
f 3413/5240/1608 2985/5431/1735 2984/5430/1724
f 3418/5285/1613 2986/5432/1726 2985/5431/1735
f 3423/5213/1617 2987/5423/1736 2986/5424/1726
f 3428/5294/1623 2988/5418/1506 2987/5423/1736
f 3433/5222/1627 2989/5433/1728 2988/5418/1506
f 3438/5305/1693 2990/5416/1729 2989/5433/1728
f 3443/5181/1639 2991/5426/1730 2990/5416/1729
f 3448/5189/1646 2992/5427/1507 2991/5426/1730
f 3453/5317/1651 2993/5421/1737 2992/5427/1507
f 3458/5321/1656 2994/5422/1732 2993/5421/1737
f 3463/5213/1660 2995/5428/1739 2994/5429/1732
f 3468/5215/1666 2996/5418/1508 2995/5428/1739
f 3493/5434/1508 3485/5435/1504 3478/4780/1505
f 3512/5436/1717 3508/5437/1505 3524/5438/1508
f 3556/5439/1508 3548/5440/1504 3540/5441/1505
f 3580/5442/1588 3572/5443/1593 3577/5444/1587
f 3579/4881/1589 3575/5445/1592 3580/5442/1588
f 3579/4883/1589 3573/4888/1595 3574/4889/1594
f 3576/4884/1591 3573/4888/1595 3578/4882/1590
f 3585/5446/1583 3577/5444/1587 3582/4872/1582
f 3585/5446/1583 3579/4881/1589 3580/5442/1588
f 3584/4876/1584 3578/4882/1590 3579/4883/1589
f 3583/4877/1585 3576/4884/1591 3578/4882/1590
f 3590/4873/1577 3582/4872/1582 3587/5356/1578
f 3589/5447/1579 3585/5446/1583 3590/4873/1577
f 3589/4870/1579 3583/4877/1585 3584/4876/1584
f 3586/4871/1581 3583/4877/1585 3588/4869/1580
f 3595/4860/1572 3587/4867/1578 3592/4861/1573
f 3595/4860/1572 3589/4868/1579 3590/4866/1577
f 3594/4864/1574 3588/4869/1580 3589/4870/1579
f 3593/5448/1575 3586/4871/1581 3588/4869/1580
f 3600/4854/1567 3592/4861/1573 3597/4855/1568
f 3599/4856/1569 3595/4860/1572 3600/4854/1567
f 3598/4857/1570 3594/4864/1574 3599/4858/1569
f 3596/4859/1684 3593/5448/1575 3598/4857/1570
f 3605/4848/1562 3597/4855/1568 3602/4849/1563
f 3604/4850/1564 3600/4854/1567 3605/4848/1562
f 3603/4852/1565 3599/4858/1569 3604/4851/1564
f 3601/4853/1566 3598/4857/1570 3603/4852/1565
f 3607/4843/1555 3605/4848/1562 3602/4849/1563
f 3609/4844/1557 3605/4848/1562 3610/4842/1554
f 3608/4845/1559 3604/4851/1564 3609/4846/1557
f 3606/4847/1561 3603/4852/1565 3608/4845/1559
f 3041/4837/1556 3607/4843/1555 3038/4836/1553
f 3041/4837/1556 3609/4844/1557 3610/4842/1554
f 3040/4839/1558 3608/4845/1559 3609/4846/1557
f 3039/4840/1560 3606/4847/1561 3608/4845/1559
f 3615/4830/1543 3038/4836/1548 3612/4831/1544
f 3614/4832/1545 3041/4837/1549 3615/4830/1543
f 3613/4833/1546 3040/4839/1550 3614/4834/1545
f 3611/4835/1547 3039/4840/1551 3613/4833/1546
f 3620/4823/1538 3612/4831/1544 3617/4824/1539
f 3620/4823/1538 3614/4832/1545 3615/4830/1543
f 3619/4828/1540 3613/4833/1546 3614/4834/1545
f 3616/4829/1542 3613/4833/1546 3618/4827/1541
f 3625/4825/1534 3617/4824/1539 3622/4822/1533
f 3625/4825/1534 3619/4826/1540 3620/4823/1538
f 3623/4819/1536 3619/4828/1540 3624/4820/1535
f 3621/4821/1537 3618/4827/1541 3623/4819/1536
f 3630/4810/1528 3622/4816/1533 3627/4811/1529
f 3630/4810/1528 3624/4818/1535 3625/4817/1534
f 3629/4813/1530 3623/4819/1536 3624/4820/1535
f 3628/5449/1531 3621/4821/1537 3623/4819/1536
f 3635/4804/1523 3627/4811/1529 3632/4805/1524
f 3634/4806/1525 3630/4810/1528 3635/4804/1523
f 3633/4808/1526 3629/4813/1530 3634/4807/1525
f 3631/4809/1527 3628/5449/1531 3633/4808/1526
f 3640/4798/1518 3632/4805/1524 3637/4799/1519
f 3640/4798/1518 3634/4806/1525 3635/4804/1523
f 3638/5450/1521 3634/4807/1525 3639/4801/1520
f 3636/4803/1522 3633/4808/1526 3638/5450/1521
f 3642/4790/1511 3640/4798/1518 3637/4799/1519
f 3644/4792/1513 3640/4798/1518 3645/5451/1510
f 3643/4794/1515 3639/4801/1520 3644/4795/1513
f 3641/4797/1517 3638/5450/1521 3643/4794/1515
f 3650/4791/1512 3642/4790/1511 3647/4788/1509
f 3650/4791/1512 3644/4792/1513 3645/5451/1510
f 3648/4796/1516 3644/4795/1513 3649/4793/1514
f 3646/4986/1675 3643/4794/1515 3648/4796/1516
f 3655/4980/1671 3647/4788/1509 3652/4979/1670
f 3654/5452/1672 3650/4791/1512 3655/4980/1671
f 3653/4982/1673 3649/4793/1514 3654/4983/1672
f 3651/4984/1740 3648/4796/1516 3653/4982/1673
f 3660/4973/1665 3652/4979/1670 3657/4974/1666
f 3660/4973/1665 3654/5452/1672 3655/4980/1671
f 3659/4976/1667 3653/4982/1673 3654/4983/1672
f 3658/4977/1668 3651/4984/1740 3653/4982/1673
f 3665/4967/1661 3657/4974/1666 3662/4965/1660
f 3665/4967/1661 3659/4975/1667 3660/4973/1665
f 3663/4970/1663 3659/4976/1667 3664/4971/1662
f 3661/4972/1696 3658/4977/1668 3663/4970/1663
f 3670/4966/1655 3662/4965/1660 3667/5453/1656
f 3669/4961/1657 3665/4968/1661 3670/4959/1655
f 3669/4962/1657 3663/4970/1663 3664/4971/1662
f 3666/4964/1659 3663/4970/1663 3668/4963/1658
f 3675/4953/1650 3667/4960/1656 3672/4954/1651
f 3674/4955/1652 3670/4959/1655 3675/4953/1650
f 3673/4956/1653 3669/4962/1657 3674/4957/1652
f 3671/4958/1654 3668/4963/1658 3673/4956/1653
f 3677/4948/1646 3675/4953/1650 3672/4954/1651
f 3679/4949/1647 3675/4953/1650 3680/4947/1645
f 3678/4951/1648 3674/4957/1652 3679/5454/1647
f 3678/4951/1648 3671/4958/1654 3673/4956/1653
f 3685/4941/1638 3677/4948/1646 3682/4942/1639
f 3684/4943/1641 3680/4947/1645 3685/4941/1638
f 3684/4945/1641 3678/4951/1648 3679/5454/1647
f 3681/4946/1644 3678/4951/1648 3683/4944/1643
f 3118/4935/1637 3685/4941/1638 3682/4942/1639
f 3121/4936/1640 3684/4943/1641 3685/4941/1638
f 3120/4938/1642 3683/4944/1643 3684/4945/1641
f 3117/4940/1636 3683/4944/1643 3119/4939/1741
f 3690/4930/1628 3118/4935/1632 3687/4929/1627
f 3689/4931/1629 3121/4936/1633 3690/4930/1628
f 3688/4933/1630 3120/4938/1634 3689/4932/1629
f 3688/4933/1630 3117/4940/1636 3119/4939/1635
f 3695/4923/1622 3687/4929/1627 3692/4924/1623
f 3695/4923/1622 3689/4931/1629 3690/4930/1628
f 3694/4927/1624 3688/4933/1630 3689/4932/1629
f 3693/4926/1625 3686/4934/1631 3688/4933/1630
f 3700/4917/1618 3692/4924/1623 3697/4915/1617
f 3699/5455/1619 3695/4923/1622 3700/4917/1618
f 3698/4920/1620 3694/4927/1624 3699/4921/1619
f 3696/4922/1621 3693/4926/1625 3698/4920/1620
f 3702/5365/1613 3700/4917/1618 3697/4915/1617
f 3705/5456/1612 3699/5457/1619 3700/5458/1618
f 3704/4912/1614 3698/4920/1620 3699/4921/1619
f 3701/5459/1616 3698/4920/1620 3703/4913/1615
f 3710/4903/1607 3702/5460/1613 3707/5461/1608
f 3710/4903/1607 3704/5462/1614 3705/5456/1612
f 3708/4906/1610 3704/4912/1614 3709/4907/1609
f 3708/4906/1610 3701/5459/1616 3703/4913/1615
f 3712/4897/1602 3710/4903/1607 3707/5461/1608
f 3714/5463/1604 3710/4903/1607 3715/4898/1603
f 3714/4900/1604 3708/4906/1610 3709/4907/1609
f 3713/4901/1605 3706/4908/1689 3708/4906/1610
f 3720/4891/1597 3712/4897/1602 3717/4892/1598
f 3719/4893/1599 3715/4898/1603 3720/4891/1597
f 3718/4894/1600 3714/4900/1604 3719/4895/1599
f 3716/4896/1742 3713/4901/1605 3718/4894/1600
f 3575/5445/1592 3717/4892/1598 3572/5443/1593
f 3575/5445/1592 3719/4893/1599 3720/4891/1597
f 3574/4889/1594 3718/4894/1600 3719/4895/1599
f 3571/4890/1687 3718/4894/1600 3573/4888/1595
f 3727/5071/1587 3725/5078/1592 3722/5077/1593
f 3730/5072/1588 3724/5079/1594 3725/5078/1592
f 3728/5464/1590 3724/5465/1594 3729/5466/1589
f 3728/5464/1590 3721/5467/1687 3723/5468/1595
f 3735/5065/1583 3727/5071/1587 3732/5066/1743
f 3734/5068/1584 3730/5072/1588 3735/5065/1583
f 3733/4863/1585 3729/5466/1589 3734/5469/1584
f 3731/5470/1586 3728/5464/1590 3733/4863/1585
f 3737/5064/1578 3735/5065/1583 3732/5066/1743
f 3740/5471/1577 3734/5068/1584 3735/5065/1583
f 3739/5472/1579 3733/4863/1585 3734/5469/1584
f 3738/5473/1580 3731/5470/1586 3733/4863/1585
f 3745/5474/1572 3737/5475/1578 3742/5476/1573
f 3744/5477/1574 3740/5478/1577 3745/5474/1572
f 3744/5479/1574 3738/5473/1580 3739/5472/1579
f 3743/5480/1575 3736/5481/1702 3738/5473/1580
f 3750/5482/1567 3742/5476/1573 3747/5483/1568
f 3749/5484/1569 3745/5474/1572 3750/5482/1567
f 3748/5485/1570 3744/5479/1574 3749/4846/1569
f 3746/5486/1571 3743/5480/1575 3748/5485/1570
f 3752/5487/1563 3750/5482/1567 3747/5483/1568
f 3755/5488/1562 3749/5484/1569 3750/5482/1567
f 3754/4839/1564 3748/5485/1570 3749/4846/1569
f 3753/4840/1565 3746/5486/1571 3748/5485/1570
f 3757/5489/1555 3755/5488/1562 3752/5487/1563
f 3759/5490/1557 3755/5488/1562 3760/5491/1554
f 3758/4833/1559 3754/4839/1564 3759/5492/1557
f 3758/4833/1559 3751/5493/1566 3753/4840/1565
f 3765/5494/1681 3757/5489/1555 3762/5495/1680
f 3764/5496/1682 3760/5491/1554 3765/5494/1681
f 3764/4828/1682 3758/4833/1559 3759/5492/1557
f 3761/4829/1552 3758/4833/1559 3763/4827/1683
f 3770/5497/1543 3762/5495/1680 3767/5498/1544
f 3769/5499/1545 3765/5494/1681 3770/5497/1543
f 3768/4819/1546 3764/4828/1682 3769/4820/1545
f 3766/5500/1547 3763/4827/1683 3768/4819/1546
f 3775/5501/1538 3767/5498/1544 3772/5502/1539
f 3775/5501/1538 3769/5499/1545 3770/5497/1543
f 3773/5503/1541 3769/4820/1545 3774/4813/1540
f 3771/5504/1542 3768/4819/1546 3773/5503/1541
f 3780/5150/1534 3772/5502/1539 3777/5151/1533
f 3779/5152/1535 3775/5501/1538 3780/5150/1534
f 3778/5505/1536 3774/4813/1540 3779/5506/1535
f 3778/5505/1536 3771/5504/1542 3773/5503/1541
f 3782/5507/1529 3780/5508/1534 3777/5509/1533
f 3785/5510/1528 3779/5511/1535 3780/5508/1534
f 3784/4801/1530 3778/5505/1536 3779/5506/1535
f 3783/4802/1531 3776/5512/1679 3778/5505/1536
f 3787/5513/1524 3785/5510/1528 3782/5507/1529
f 3789/5514/1525 3785/5510/1528 3790/5515/1523
f 3789/5516/1525 3783/4802/1531 3784/4801/1530
f 3786/5517/1699 3783/4802/1531 3788/5518/1526
f 3795/5519/1518 3787/5513/1524 3792/4997/1519
f 3794/4998/1520 3790/5515/1523 3795/5519/1518
f 3793/5520/1521 3789/5516/1525 3794/5521/1520
f 3793/5520/1521 3786/5517/1699 3788/5518/1526
f 3797/4989/1511 3795/5519/1518 3792/4997/1519
f 3800/5522/1510 3794/4998/1520 3795/5519/1518
f 3799/5523/1513 3793/5520/1521 3794/5521/1520
f 3798/5524/1515 3791/5525/1522 3793/5520/1521
f 3802/4987/1509 3800/5522/1510 3797/4989/1511
f 3804/4990/1514 3800/5522/1510 3805/5176/1512
f 3803/5526/1516 3799/5523/1513 3804/5527/1514
f 3801/5528/1675 3798/5524/1515 3803/5526/1516
f 3810/5171/1671 3802/4987/1509 3807/5529/1670
f 3810/5171/1671 3804/4990/1514 3805/5176/1512
f 3809/5530/1672 3803/5526/1516 3804/5527/1514
f 3806/5531/1674 3803/5526/1516 3808/5532/1673
f 3815/5164/1665 3807/5529/1670 3812/5165/1666
f 3814/5166/1667 3810/5171/1671 3815/5164/1665
f 3813/5533/1668 3809/5530/1672 3814/4962/1667
f 3813/5533/1668 3806/5531/1674 3808/5532/1673
f 3820/5534/1661 3812/5165/1666 3817/5535/1660
f 3820/5534/1661 3814/5166/1667 3815/5164/1665
f 3819/4957/1662 3813/5533/1668 3814/4962/1667
f 3818/4956/1663 3811/4964/1669 3813/5533/1668
f 3825/5536/1655 3817/5535/1660 3822/5537/1656
f 3824/5538/1657 3820/5534/1661 3825/5536/1655
f 3823/5539/1744 3819/4957/1662 3824/4950/1657
f 3821/4952/1705 3818/4956/1663 3823/5539/1744
f 3830/5144/1650 3822/5151/1656 3827/5145/1651
f 3830/5144/1650 3824/5540/1657 3825/5150/1655
f 3829/5541/1652 3823/5539/1744 3824/4950/1657
f 3828/4944/1653 3821/4952/1705 3823/5539/1744
f 3832/5139/1646 3830/5144/1650 3827/5145/1651
f 3834/5140/1647 3830/5144/1650 3835/5542/1645
f 3833/4939/1648 3829/5541/1652 3834/5543/1647
f 3831/5544/1649 3828/4944/1653 3833/4939/1648
f 3837/5133/1639 3835/5542/1645 3832/5139/1646
f 3839/5134/1641 3835/5542/1645 3840/5132/1638
f 3838/5545/1643 3834/5543/1647 3839/5546/1641
f 3838/5545/1643 3831/5544/1649 3833/4939/1648
f 3842/5547/1693 3840/5132/1638 3837/5133/1639
f 3844/5548/1694 3840/5132/1638 3845/5126/1692
f 3843/4926/1695 3839/5546/1641 3844/5549/1694
f 3843/4926/1695 3836/4934/1644 3838/5545/1643
f 3850/5121/1628 3842/5547/1693 3847/5120/1627
f 3849/5122/1629 3845/5126/1692 3850/5121/1628
f 3849/5550/1629 3843/4926/1695 3844/5549/1694
f 3846/5551/1631 3843/4926/1695 3848/5552/1630
f 3855/5114/1622 3847/5120/1627 3852/5115/1623
f 3854/5116/1624 3850/5121/1628 3855/5114/1622
f 3853/5553/1625 3849/5550/1629 3854/4912/1624
f 3853/5553/1625 3846/5551/1631 3848/5552/1630
f 3860/5554/1618 3852/5115/1623 3857/5107/1617
f 3860/5554/1618 3854/5116/1624 3855/5114/1622
f 3859/5555/1619 3853/5553/1625 3854/4912/1624
f 3856/5556/1621 3853/5553/1625 3858/5557/1620
f 3865/5558/1612 3857/5107/1617 3862/5403/1613
f 3864/5559/1614 3860/5554/1618 3865/5558/1612
f 3863/5560/1745 3859/5555/1619 3864/5561/1614
f 3861/4902/1690 3858/5557/1620 3863/5560/1745
f 3870/5095/1607 3862/5102/1613 3867/5096/1608
f 3870/5095/1607 3864/5103/1614 3865/5101/1612
f 3868/5562/1610 3864/5561/1614 3869/5563/1746
f 3866/5564/1747 3863/5560/1745 3868/5562/1610
f 3875/5089/1603 3867/5096/1608 3872/5090/1602
f 3874/5091/1604 3870/5095/1607 3875/5089/1603
f 3873/5565/1605 3869/5563/1746 3874/5566/1604
f 3871/4890/1606 3868/5562/1610 3873/5565/1605
f 3877/5084/1598 3875/5089/1603 3872/5090/1602
f 3880/5083/1597 3874/5091/1604 3875/5089/1603
f 3879/5055/1599 3873/5565/1605 3874/5566/1604
f 3876/5567/1601 3873/5565/1605 3878/5568/1600
f 3722/5077/1593 3880/5083/1597 3877/5084/1598
f 3724/5079/1594 3880/5083/1597 3725/5078/1592
f 3723/5468/1595 3879/5055/1599 3724/5465/1594
f 3721/5467/1687 3878/5568/1600 3723/5468/1595
f 3890/5221/1588 3882/5179/1593 3887/5262/1587
f 3889/5263/1589 3885/5182/1592 3890/5221/1588
f 3888/5569/1590 3884/5570/1594 3889/5571/1589
f 3886/5572/1748 3883/5573/1595 3888/5569/1590
f 3895/5214/1583 3887/5262/1587 3892/5215/1582
f 3895/5214/1583 3889/5263/1589 3890/5221/1588
f 3893/5574/1585 3889/5571/1589 3894/5575/1584
f 3893/5574/1585 3886/5572/1748 3888/5569/1590
f 3897/5213/1578 3895/5214/1583 3892/5215/1582
f 3900/5295/1577 3894/5257/1584 3895/5214/1583
f 3898/5576/1580 3894/5575/1584 3899/5577/1579
f 3896/5578/1702 3893/5574/1585 3898/5576/1580
f 3905/5579/1572 3897/5580/1578 3902/5581/1573
f 3905/5579/1572 3899/5251/1579 3900/5582/1577
f 3904/5583/1574 3898/5576/1580 3899/5577/1579
f 3901/5584/1576 3898/5576/1580 3903/5585/1575
f 3910/5241/1567 3902/5581/1573 3907/5586/1568
f 3909/5587/1569 3905/5579/1572 3910/5241/1567
f 3908/5588/1570 3904/5583/1574 3909/5589/1569
f 3906/5590/1571 3903/5585/1575 3908/5588/1570
f 3912/5189/1563 3910/5241/1567 3907/5586/1568
f 3915/5591/1562 3909/5587/1569 3910/5241/1567
f 3914/5592/1564 3908/5588/1570 3909/5589/1569
f 3911/5593/1749 3908/5588/1570 3913/5594/1565
f 3920/5180/1554 3912/5189/1563 3917/5181/1555
f 3919/5595/1557 3915/5591/1562 3920/5180/1554
f 3919/5596/1557 3913/5594/1565 3914/5592/1564
f 3918/5597/1559 3911/5593/1749 3913/5594/1565
f 3922/5179/1680 3920/5180/1554 3917/5181/1555
f 3924/5598/1682 3920/5180/1554 3925/5182/1681
f 3923/5599/1683 3919/5596/1557 3924/5600/1682
f 3923/5599/1683 3916/5601/1750 3918/5597/1559
f 3930/5602/1543 3922/5179/1680 3927/5603/1544
f 3929/5604/1545 3925/5182/1681 3930/5602/1543
f 3928/5605/1546 3924/5600/1682 3929/5606/1545
f 3926/5607/1547 3923/5599/1683 3928/5605/1546
f 3932/5215/1539 3930/5602/1543 3927/5603/1544
f 3934/5608/1540 3930/5602/1543 3935/5214/1538
f 3934/5609/1540 3928/5605/1546 3929/5606/1545
f 3931/5610/1542 3928/5605/1546 3933/5611/1541
f 3937/5213/1533 3935/5214/1538 3932/5215/1539
f 3939/5612/1535 3935/5214/1538 3940/5216/1534
f 3938/5613/1536 3934/5609/1540 3939/5614/1535
f 3938/5613/1536 3931/5610/1542 3933/5611/1541
f 3942/5202/1529 3940/5289/1534 3937/5208/1533
f 3945/5201/1528 3939/5251/1535 3940/5289/1534
f 3944/5615/1530 3938/5613/1536 3939/5614/1535
f 3943/5616/1531 3936/5617/1679 3938/5613/1536
f 3950/5196/1523 3942/5202/1529 3947/5195/1524
f 3949/5197/1525 3945/5201/1528 3950/5196/1523
f 3949/5618/1525 3943/5616/1531 3944/5615/1530
f 3948/5619/1526 3941/5620/1532 3943/5616/1531
f 3955/5621/1518 3947/5195/1524 3952/5189/1519
f 3954/5622/1520 3950/5196/1523 3955/5621/1518
f 3953/5623/1521 3949/5618/1525 3954/5624/1520
f 3953/5623/1521 3946/5625/1699 3948/5619/1526
f 3960/5180/1510 3952/5189/1519 3957/5273/1511
f 3959/5232/1513 3955/5621/1518 3960/5180/1510
f 3958/5626/1515 3954/5624/1520 3959/5627/1513
f 3956/5628/1751 3953/5623/1521 3958/5626/1515
f 3962/5179/1509 3960/5180/1510 3957/5273/1511
f 3964/5227/1514 3960/5180/1510 3965/5182/1512
f 3964/5629/1514 3958/5626/1515 3959/5627/1513
f 3963/5630/1516 3956/5628/1751 3958/5626/1515
f 3970/5221/1671 3962/5179/1509 3967/5222/1670
f 3969/5263/1672 3965/5182/1512 3970/5221/1671
f 3968/5631/1673 3964/5629/1514 3969/5632/1672
f 3966/5633/1674 3963/5630/1516 3968/5631/1673
f 3972/5215/1666 3970/5221/1671 3967/5222/1670
f 3975/5214/1665 3969/5263/1672 3970/5221/1671
f 3974/5634/1667 3968/5631/1673 3969/5632/1672
f 3973/5635/1668 3966/5633/1674 3968/5631/1673
f 3977/5213/1660 3975/5214/1665 3972/5215/1666
f 3979/5330/1662 3975/5214/1665 3980/5636/1661
f 3978/5637/1663 3974/5634/1667 3979/5638/1662
f 3978/5637/1663 3971/5639/1669 3973/5635/1668
f 3985/5640/1655 3977/5580/1660 3982/5202/1656
f 3985/5640/1655 3979/5251/1662 3980/5582/1661
f 3984/5641/1657 3978/5637/1663 3979/5638/1662
f 3981/5642/1705 3978/5637/1663 3983/5643/1658
f 3990/5241/1650 3982/5202/1656 3987/5586/1651
f 3989/5587/1652 3985/5640/1655 3990/5241/1650
f 3988/5644/1653 3984/5641/1657 3989/5645/1652
f 3988/5644/1653 3981/5642/1705 3983/5643/1658
f 3995/5591/1645 3987/5586/1651 3992/5189/1646
f 3994/5646/1647 3990/5241/1650 3995/5591/1645
f 3994/5647/1647 3988/5644/1653 3989/5645/1652
f 3991/5648/1703 3988/5644/1653 3993/5649/1648
f 3997/5181/1639 3995/5591/1645 3992/5189/1646
f 4000/5180/1638 3994/5646/1647 3995/5591/1645
f 3998/5650/1643 3994/5647/1647 3999/5651/1641
f 3998/5650/1643 3991/5648/1703 3993/5649/1648
f 4005/5182/1692 3997/5181/1639 4002/5305/1693
f 4004/5598/1694 4000/5180/1638 4005/5182/1692
f 4003/5652/1695 3999/5651/1641 4004/5653/1694
f 4001/5654/1636 3998/5650/1643 4003/5652/1695
f 4010/5602/1628 4002/5305/1693 4007/5262/1627
f 4009/5604/1629 4005/5182/1692 4010/5602/1628
f 4009/5655/1629 4003/5652/1695 4004/5653/1694
f 4006/5656/1631 4003/5652/1695 4008/5657/1630
f 4015/5214/1622 4007/5262/1627 4012/5215/1623
f 4014/5658/1624 4010/5602/1628 4015/5214/1622
f 4014/5659/1624 4008/5657/1630 4009/5655/1629
f 4013/5660/1625 4006/5656/1631 4008/5657/1630
f 4017/5213/1617 4015/5214/1622 4012/5215/1623
f 4019/5612/1619 4015/5214/1622 4020/5295/1618
f 4018/5661/1620 4014/5659/1624 4019/5662/1619
f 4016/5663/1621 4013/5660/1625 4018/5661/1620
f 4025/5201/1612 4017/5208/1617 4022/5202/1613
f 4025/5201/1612 4019/5664/1619 4020/5289/1618
f 4024/5665/1614 4018/5661/1620 4019/5662/1619
f 4023/5666/1745 4016/5663/1621 4018/5661/1620
f 4027/5240/1608 4025/5201/1612 4022/5202/1613
f 4029/5667/1609 4025/5201/1612 4030/5241/1607
f 4029/5668/1609 4023/5666/1745 4024/5665/1614
f 4026/5669/1611 4023/5666/1745 4028/5670/1610
f 4035/5190/1603 4027/5240/1608 4032/5189/1602
f 4035/5190/1603 4029/5667/1609 4030/5241/1607
f 4034/5671/1604 4028/5670/1610 4029/5668/1609
f 4031/5672/1606 4028/5670/1610 4033/5673/1605
f 4040/5180/1597 4032/5189/1602 4037/5181/1752
f 4039/5183/1599 4035/5190/1603 4040/5180/1597
f 4038/5674/1600 4034/5671/1604 4039/5675/1599
f 4036/5676/1601 4033/5673/1605 4038/5674/1600
f 3885/5182/1592 4037/5181/1752 3882/5179/1593
f 3885/5182/1592 4039/5183/1599 4040/5180/1597
f 3884/5570/1594 4038/5674/1600 4039/5675/1599
f 3883/5573/1595 4036/5676/1601 4038/5674/1600
f 3646/4986/1675 3117/4940/1636 3571/4890/1687
f 3478/5677/1505 3572/5443/1593 3477/5678/1721
f 3477/5678/1721 3717/4892/1598 3506/5361/1722
f 3479/5357/1720 3577/5444/1587 3478/5677/1505
f 3480/5358/1719 3582/4872/1582 3479/5357/1720
f 3481/5354/1718 3587/4867/1578 3480/5355/1719
f 3482/5353/1717 3592/4861/1573 3481/5354/1718
f 3483/5352/1716 3597/4855/1568 3482/5353/1717
f 3484/5351/1715 3602/4849/1563 3483/5352/1716
f 2909/5350/1714 3607/4843/1555 3484/5351/1715
f 3485/5349/1504 3038/4836/1548 2909/5350/1714
f 3486/5348/1713 3612/4831/1544 3485/5349/1504
f 3487/5346/1712 3617/4824/1539 3486/5348/1713
f 3488/5347/1711 3622/4822/1533 3487/5346/1712
f 3489/5343/1710 3627/4811/1529 3488/5344/1711
f 3490/5342/1709 3632/4805/1524 3489/5343/1710
f 3491/5339/1707 3637/4799/1519 3490/5342/1709
f 3492/5340/1708 3642/4790/1511 3491/5339/1707
f 3493/5341/1508 3647/4788/1509 3492/5340/1708
f 3494/5376/1733 3652/4979/1670 3493/5341/1508
f 3495/5377/1732 3657/4974/1666 3494/5376/1733
f 3496/5374/1731 3662/5679/1660 3495/5375/1732
f 3497/5373/1507 3667/4960/1656 3496/5374/1731
f 3498/5372/1730 3672/4954/1651 3497/5373/1507
f 3499/5371/1729 3677/4948/1646 3498/5372/1730
f 2925/5370/1728 3682/4942/1639 3499/5371/1729
f 3500/5369/1506 3118/4935/1632 2925/5370/1728
f 3501/5368/1727 3687/4929/1627 3500/5369/1506
f 3502/5366/1726 3692/4924/1623 3501/5368/1727
f 3503/5367/1725 3697/4915/1617 3502/5366/1726
f 3504/5680/1724 3702/5460/1613 3503/5681/1725
f 3505/5362/1723 3707/5461/1608 3504/5680/1724
f 3506/5361/1722 3712/4897/1602 3505/5362/1723
f 3761/4829/1552 3801/5528/1675 3841/4928/1636
f 3508/5397/1505 3722/5077/1593 3507/5398/1721
f 3507/5398/1721 3877/5084/1598 3538/5399/1722
f 3509/5395/1753 3727/5071/1587 3508/5397/1505
f 3510/5396/1719 3732/5066/1743 3509/5395/1753
f 3511/5682/1718 3737/5475/1578 3510/5683/1719
f 3512/5684/1717 3742/5476/1573 3511/5682/1718
f 3513/5685/1716 3747/5483/1568 3512/5684/1717
f 3514/5686/1715 3752/5487/1563 3513/5685/1716
f 3515/5687/1714 3757/5489/1555 3514/5686/1715
f 3516/5688/1504 3762/5495/1680 3515/5687/1714
f 3517/5689/1734 3767/5498/1544 3516/5688/1504
f 3518/5690/1712 3772/5502/1539 3517/5689/1734
f 3519/5691/1711 3777/5151/1533 3518/5690/1712
f 3520/5692/1710 3782/5507/1529 3519/5693/1711
f 3521/5381/1754 3787/5513/1524 3520/5692/1710
f 3522/5378/1707 3792/4997/1519 3521/5381/1754
f 3523/5694/1708 3797/4989/1511 3522/5378/1707
f 3524/5695/1508 3802/4987/1509 3523/5694/1708
f 3525/5414/1755 3807/5529/1670 3524/5695/1508
f 3526/5415/1732 3812/5165/1666 3525/5414/1755
f 3527/5412/1737 3817/5696/1660 3526/5413/1732
f 3528/5411/1507 3822/5151/1656 3527/5412/1737
f 3529/5410/1730 3827/5145/1651 3528/5411/1507
f 3530/5409/1729 3832/5139/1646 3529/5410/1730
f 3531/5697/1728 3837/5133/1639 3530/5409/1729
f 3532/5407/1506 3842/5547/1693 3531/5697/1728
f 3533/5406/1736 3847/5120/1627 3532/5407/1506
f 3534/5404/1726 3852/5115/1623 3533/5406/1736
f 3535/5405/1725 3857/5107/1617 3534/5404/1726
f 3536/5401/1724 3862/5102/1613 3535/5402/1725
f 3537/5400/1756 3867/5096/1608 3536/5401/1724
f 3538/5399/1722 3872/5090/1602 3537/5400/1756
f 4001/5654/1636 4021/5698/1616 3881/5699/1687
f 3540/5418/1505 3882/5179/1593 3539/5417/1721
f 3539/5417/1721 4037/5181/1752 3570/5416/1722
f 3541/5428/1720 3887/5262/1587 3540/5418/1505
f 3542/5424/1719 3892/5215/1582 3541/5428/1720
f 3543/5700/1718 3897/5580/1578 3542/5422/1719
f 3544/5701/1717 3902/5581/1573 3543/5700/1718
f 3545/5426/1716 3907/5586/1568 3544/5701/1717
f 3546/5416/1715 3912/5189/1563 3545/5426/1716
f 3547/5417/1714 3917/5181/1555 3546/5416/1715
f 3548/5702/1504 3922/5179/1680 3547/5417/1714
f 3549/5428/1734 3927/5603/1544 3548/5702/1504
f 3550/5424/1712 3932/5215/1539 3549/5428/1734
f 3551/5421/1711 3937/5208/1533 3550/5422/1712
f 3552/5703/1710 3942/5202/1529 3551/5421/1711
f 3553/5426/1754 3947/5195/1524 3552/5703/1710
f 3554/5416/1707 3952/5189/1519 3553/5426/1754
f 3555/5417/1708 3957/5273/1511 3554/5416/1707
f 3556/5418/1508 3962/5179/1509 3555/5417/1708
f 3557/5423/1755 3967/5222/1670 3556/5418/1508
f 3558/5424/1732 3972/5215/1666 3557/5423/1755
f 3559/5421/1737 3977/5580/1660 3558/5422/1732
f 3560/5701/1507 3982/5202/1656 3559/5421/1737
f 3561/5426/1730 3987/5586/1651 3560/5701/1507
f 3562/5416/1729 3992/5189/1646 3561/5426/1730
f 3563/5433/1728 3997/5181/1639 3562/5416/1729
f 3564/5702/1506 4002/5305/1693 3563/5433/1728
f 3565/5428/1727 4007/5262/1627 3564/5702/1506
f 3566/5424/1726 4012/5215/1623 3565/5428/1727
f 3567/5421/1735 4017/5208/1617 3566/5422/1726
f 3568/5430/1724 4022/5202/1613 3567/5421/1735
f 3569/5419/1757 4027/5240/1608 3568/5430/1724
f 3570/5416/1722 4032/5189/1602 3569/5419/1757
f 4048/4780/1758 4056/4781/1759 4064/5704/1760
f 4088/5705/1759 4096/5706/1760 4104/5707/1761
f 4120/5708/1759 4128/5709/1760 4136/5710/1761
f 4138/5711/1762 4146/5712/1763 4143/5713/1764
f 4141/5714/1765 4145/5715/1766 4146/5712/1763
f 4140/5716/1767 4144/5717/1768 4145/5718/1766
f 4139/5719/1769 4142/5720/1770 4144/5717/1768
f 4148/5721/1771 4146/5712/1763 4151/5722/1772
f 4151/5722/1772 4145/5715/1766 4150/5723/1773
f 4145/5718/1766 4149/5724/1774 4150/5725/1773
f 4149/5724/1774 4142/5720/1770 4147/5070/1775
f 4148/5721/1771 4156/5726/1776 4153/5727/1777
f 4151/5722/1772 4155/5728/1778 4156/5726/1776
f 4150/5725/1773 4154/5729/1779 4155/5730/1778
f 4149/5724/1774 4152/5731/1780 4154/5729/1779
f 4153/5732/1777 4161/5733/1781 4158/5734/1782
f 4156/5735/1776 4160/5736/1783 4161/5733/1781
f 4160/5737/1783 4154/5729/1779 4159/5738/1784
f 4159/5738/1784 4152/5731/1780 4157/5739/1785
f 4158/5734/1782 4166/5740/1786 4163/5741/1787
f 4161/5733/1781 4165/5742/1788 4166/5740/1786
f 4160/5737/1783 4164/5743/1789 4165/5744/1788
f 4164/5743/1789 4157/5739/1785 4162/5745/1790
f 4168/5746/1791 4166/5740/1786 4171/5747/1792
f 4166/5740/1786 4170/5748/1793 4171/5747/1792
f 4165/5744/1788 4169/5092/1794 4170/5749/1793
f 4164/5743/1789 4167/5750/1795 4169/5092/1794
f 4168/5746/1791 4176/5751/1796 4173/5752/1797
f 4171/5747/1792 4175/5753/1798 4176/5751/1796
f 4170/5749/1793 4174/5754/1799 4175/5755/1798
f 4169/5092/1794 4172/5100/1800 4174/5754/1799
f 4173/5752/1797 4181/5756/1801 4178/5757/1802
f 4181/5756/1801 4175/5753/1798 4180/5758/1803
f 4180/5759/1803 4174/5754/1799 4179/5104/1804
f 4174/5754/1799 4177/5760/1805 4179/5104/1804
f 4178/5757/1806 4186/5761/1807 4183/5762/1808
f 4181/5756/1809 4185/5763/1810 4186/5761/1807
f 4180/5759/1811 4184/5764/1812 4185/5765/1810
f 4179/5104/1813 4182/4940/1814 4184/5764/1812
f 4183/5762/1808 4191/5766/1815 4188/5767/1816
f 4191/5766/1815 4185/5763/1810 4190/5768/1817
f 4190/4945/1817 4184/5764/1812 4189/5769/1818
f 4189/5769/1818 4182/4940/1814 4187/5770/1819
f 4188/5767/1816 4196/5771/1820 4193/5772/1821
f 4191/5766/1815 4195/5773/1822 4196/5771/1820
f 4190/4945/1817 4194/5123/1823 4195/5454/1822
f 4194/5123/1823 4187/5770/1819 4192/5125/1824
f 4193/5774/1821 4201/5775/1825 4198/5776/1826
f 4201/5775/1825 4195/5777/1822 4200/5778/1827
f 4200/5779/1827 4194/5123/1823 4199/5780/1828
f 4194/5123/1823 4197/5781/1829 4199/5780/1828
f 4198/5776/1826 4206/5782/1830 4203/5783/1831
f 4201/5775/1825 4205/5784/1832 4206/5782/1830
f 4200/5779/1827 4204/5785/1833 4205/5786/1832
f 4199/5780/1828 4202/5137/1834 4204/5785/1833
f 4203/5783/1831 4211/5787/1835 4208/5788/1836
f 4206/5782/1830 4210/5789/1837 4211/5787/1835
f 4205/5786/1832 4209/5790/1838 4210/4971/1837
f 4204/5785/1833 4207/5143/1839 4209/5790/1838
f 4208/5788/1836 4216/5791/1840 4213/5792/1841
f 4211/5787/1835 4215/5793/1842 4216/5791/1840
f 4215/5794/1842 4209/5790/1838 4214/5795/1843
f 4209/5790/1838 4212/5528/1844 4214/5795/1843
f 4213/5792/1841 4221/5796/1845 4218/5797/1846
f 4216/5791/1840 4220/5798/1847 4221/5796/1845
f 4220/5523/1847 4214/5795/1843 4219/5799/1848
f 4214/5795/1843 4217/5800/1849 4219/5799/1848
f 4218/5797/1846 4226/5801/1850 4223/5802/1851
f 4221/5796/1845 4225/5803/1852 4226/5801/1850
f 4225/5804/1852 4219/5799/1848 4224/5520/1853
f 4219/5799/1848 4222/5805/1854 4224/5520/1853
f 4223/5802/1851 4231/5806/1855 4228/5807/1856
f 4231/5806/1855 4225/5803/1852 4230/5808/1857
f 4230/5809/1857 4224/5520/1853 4229/5810/1858
f 4229/5810/1858 4222/5805/1854 4227/5811/1859
f 4228/5807/1856 4236/5812/1860 4233/5813/1861
f 4236/5812/1860 4230/5808/1857 4235/5814/1862
f 4230/5809/1857 4234/5815/1863 4235/4801/1862
f 4234/5815/1863 4227/5811/1859 4232/4803/1864
f 4238/5816/1865 4236/5812/1860 4241/5817/1866
f 4241/5817/1866 4235/5814/1862 4240/5818/1867
f 4235/4801/1862 4239/5819/1868 4240/4807/1867
f 4239/5819/1868 4232/4803/1864 4237/5820/1869
f 4243/5821/1870 4241/5822/1866 4246/5823/1871
f 4246/5823/1871 4240/5824/1867 4245/5825/1872
f 4240/4807/1867 4244/5826/1873 4245/4992/1872
f 4239/5819/1868 4242/5827/1874 4244/5826/1873
f 4243/5821/1870 4251/5828/1875 4248/5829/1876
f 4251/5828/1875 4245/5825/1872 4250/5830/1877
f 4250/5831/1877 4244/5826/1873 4249/4999/1878
f 4249/4999/1878 4242/5827/1874 4247/5832/1879
f 4253/5833/1880 4251/5828/1875 4256/5834/1881
f 4251/5828/1875 4255/5835/1882 4256/5834/1881
f 4250/5831/1877 4254/5836/1883 4255/5003/1882
f 4249/4999/1878 4252/5837/1884 4254/5836/1883
f 4258/5838/1885 4256/5834/1881 4261/5839/1886
f 4261/5839/1886 4255/5835/1882 4260/5840/1887
f 4260/5841/1887 4254/5836/1883 4259/5842/1888
f 4254/5836/1883 4257/5843/1889 4259/5842/1888
f 4263/5844/1890 4261/5839/1891 4266/5845/1892
f 4261/5839/1891 4265/5846/1893 4266/5845/1892
f 4260/5841/1894 4264/5847/1895 4265/5848/1893
f 4259/5842/1896 4262/5849/1897 4264/5847/1895
f 4268/5850/1898 4266/5845/1892 4271/5851/1899
f 4271/5851/1899 4265/5846/1893 4270/5852/1900
f 4270/5853/1900 4264/5847/1895 4269/5854/1901
f 4264/5847/1895 4267/5855/1902 4269/5854/1901
f 4268/5850/1898 4276/5856/1903 4273/5857/1904
f 4271/5851/1899 4275/5858/1905 4276/5856/1903
f 4275/5859/1905 4269/5854/1901 4274/5860/1906
f 4274/5860/1906 4267/5855/1902 4272/5861/1907
f 4278/5862/1908 4276/5863/1903 4281/5864/1909
f 4281/5864/1909 4275/5865/1905 4280/5866/1910
f 4280/5867/1910 4274/5860/1906 4279/5868/1911
f 4279/5868/1911 4272/5861/1907 4277/5869/1912
f 4283/5870/1913 4281/5864/1909 4286/5871/1914
f 4281/5864/1909 4285/5872/1915 4286/5871/1914
f 4280/5867/1910 4284/5873/1916 4285/5874/1915
f 4279/5868/1911 4282/5875/1917 4284/5873/1916
f 4283/5870/1913 4291/5876/1918 4288/5877/1919
f 4291/5876/1918 4285/5872/1915 4290/5878/1920
f 4285/5874/1915 4289/5879/1921 4290/5880/1920
f 4289/5879/1921 4282/5875/1917 4287/5881/1922
f 4288/5877/1919 4296/5882/1923 4293/5883/1924
f 4291/5876/1918 4295/5884/1925 4296/5882/1923
f 4290/5880/1920 4294/5049/1926 4295/5885/1925
f 4289/5879/1921 4292/5886/1927 4294/5049/1926
f 4293/5883/1924 4141/5714/1765 4138/5711/1762
f 4141/5714/1765 4295/5884/1925 4140/5887/1767
f 4295/5885/1925 4139/5719/1769 4140/5716/1767
f 4294/5049/1926 4137/5057/1928 4139/5719/1769
f 4298/5888/1762 4306/5889/1763 4303/5890/1764
f 4306/5889/1763 4300/5891/1929 4305/5892/1766
f 4305/5893/1766 4299/5894/1769 4304/5895/1768
f 4304/5895/1768 4297/5896/1928 4302/5897/1930
f 4303/5890/1764 4311/5898/1772 4308/5899/1771
f 4311/5898/1772 4305/5892/1766 4310/5900/1931
f 4305/5893/1766 4309/5901/1774 4310/5902/1931
f 4304/5895/1768 4307/5903/1775 4309/5901/1774
f 4313/5904/1777 4311/5898/1772 4316/5905/1776
f 4316/5905/1776 4310/5900/1931 4315/5906/1778
f 4315/5086/1778 4309/5901/1774 4314/5907/1932
f 4314/5907/1932 4307/5903/1775 4312/5908/1933
f 4318/5909/1782 4316/5905/1776 4321/5910/1781
f 4316/5911/1776 4320/5912/1783 4321/5913/1781
f 4320/5914/1783 4314/5907/1932 4319/5915/1934
f 4319/5915/1934 4312/5908/1933 4317/5916/1935
f 4318/5917/1782 4326/5918/1786 4323/5919/1787
f 4321/5913/1781 4325/5920/1788 4326/5918/1786
f 4320/5914/1783 4324/5921/1789 4325/5922/1788
f 4319/5915/1934 4322/5923/1790 4324/5921/1789
f 4323/5919/1787 4331/5924/1792 4328/5925/1791
f 4326/5918/1786 4330/5926/1793 4331/5924/1792
f 4330/5927/1793 4324/5921/1789 4329/5928/1794
f 4324/5921/1789 4327/5929/1795 4329/5928/1794
f 4328/5925/1791 4336/5930/1796 4333/5931/1797
f 4331/5924/1792 4335/5932/1798 4336/5930/1796
f 4335/5933/1798 4329/5928/1794 4334/5934/1799
f 4329/5928/1794 4332/5935/1800 4334/5934/1799
f 4338/5936/1936 4336/5930/1796 4341/5937/1937
f 4336/5930/1796 4340/5938/1938 4341/5937/1937
f 4340/5939/1938 4334/5934/1799 4339/5940/1939
f 4334/5934/1799 4337/5941/1805 4339/5940/1939
f 4338/5936/1936 4346/5942/1807 4343/5943/1808
f 4341/5937/1937 4345/5944/1810 4346/5942/1807
f 4340/5939/1938 4344/5945/1812 4345/5946/1810
f 4344/5945/1812 4337/5941/1805 4342/5947/1814
f 4343/5943/1808 4351/5948/1815 4348/5949/1816
f 4346/5942/1807 4350/5950/1940 4351/5948/1815
f 4350/5951/1940 4344/5945/1812 4349/5952/1818
f 4349/5952/1818 4342/5947/1814 4347/5953/1819
f 4348/5949/1816 4356/5954/1820 4353/5955/1821
f 4351/5948/1815 4355/5956/1822 4356/5954/1820
f 4350/5951/1940 4354/5957/1823 4355/5958/1822
f 4349/5952/1818 4352/5959/1941 4354/5957/1823
f 4358/5960/1826 4356/5961/1820 4361/5534/1825
f 4361/5534/1825 4355/5962/1822 4360/5963/1827
f 4360/5964/1827 4354/5957/1823 4359/5965/1942
f 4359/5965/1942 4352/5959/1941 4357/5966/1943
f 4363/5967/1831 4361/5534/1825 4366/5968/1830
f 4361/5534/1825 4365/5969/1832 4366/5968/1830
f 4360/5964/1827 4364/5970/1944 4365/5971/1832
f 4359/5965/1942 4362/5972/1945 4364/5970/1944
f 4368/5973/1836 4366/5968/1830 4371/5974/1835
f 4366/5968/1830 4370/5975/1946 4371/5974/1835
f 4365/5971/1832 4369/5154/1838 4370/5976/1946
f 4364/5970/1944 4367/4984/1839 4369/5154/1838
f 4373/5977/1841 4371/5974/1835 4376/5978/1840
f 4376/5978/1840 4370/5975/1946 4375/5979/1842
f 4375/5980/1842 4369/5154/1838 4374/5161/1843
f 4374/5161/1843 4367/4984/1839 4372/5981/1947
f 4378/4989/1846 4376/5978/1840 4381/5982/1845
f 4376/5978/1840 4380/4991/1847 4381/5982/1845
f 4380/5983/1847 4374/5161/1843 4379/5984/1848
f 4379/5984/1848 4372/5981/1947 4377/5985/1849
f 4378/4989/1846 4386/5986/1850 4383/5987/1851
f 4386/5986/1850 4380/4991/1847 4385/5988/1852
f 4385/5989/1852 4379/5984/1848 4384/5990/1853
f 4379/5984/1848 4382/5991/1948 4384/5990/1853
f 4383/5987/1851 4391/5992/1855 4388/5993/1856
f 4386/5986/1850 4390/5994/1949 4391/5992/1855
f 4385/5989/1852 4389/5995/1858 4390/5996/1949
f 4389/5995/1858 4382/5991/1948 4387/5997/1859
f 4393/5998/1861 4391/5992/1855 4396/5999/1860
f 4396/5999/1860 4390/5994/1949 4395/6000/1950
f 4395/6001/1950 4389/5995/1858 4394/6002/1863
f 4394/6002/1863 4387/5997/1859 4392/6003/1951
f 4393/5998/1861 4401/6004/1866 4398/6005/1865
f 4396/5999/1860 4400/6006/1952 4401/6004/1866
f 4400/6007/1952 4394/6002/1863 4399/6008/1953
f 4394/6002/1863 4397/6009/1954 4399/6008/1953
f 4398/6010/1865 4406/6011/1871 4403/6012/1870
f 4406/6011/1871 4400/6013/1952 4405/6014/1872
f 4400/6007/1952 4404/6015/1873 4405/6016/1872
f 4399/6008/1953 4402/6017/1955 4404/6015/1873
f 4408/6018/1876 4406/6011/1871 4411/6019/1875
f 4411/6019/1875 4405/6014/1872 4410/6020/1956
f 4405/6016/1872 4409/6021/1878 4410/6022/1956
f 4409/6021/1878 4402/6017/1955 4407/6023/1879
f 4413/6024/1880 4411/6019/1875 4416/6025/1881
f 4411/6019/1875 4415/6026/1882 4416/6025/1881
f 4415/6027/1882 4409/6021/1878 4414/6028/1883
f 4414/6028/1883 4407/6023/1879 4412/6029/1884
f 4413/6024/1880 4421/6030/1957 4418/6031/1958
f 4416/6025/1881 4420/6032/1959 4421/6030/1957
f 4415/6027/1882 4419/6033/1960 4420/6034/1959
f 4414/6028/1883 4417/6035/1889 4419/6033/1960
f 4418/6031/1958 4426/6036/1892 4423/6037/1890
f 4426/6036/1892 4420/6032/1959 4425/6038/1893
f 4420/6034/1959 4424/6039/1895 4425/6040/1893
f 4419/6033/1960 4422/4853/1897 4424/6039/1895
f 4428/6041/1898 4426/6036/1892 4431/6042/1899
f 4431/6042/1899 4425/6038/1893 4430/6043/1961
f 4425/6040/1893 4429/6044/1901 4430/6045/1961
f 4424/6039/1895 4427/6046/1902 4429/6044/1901
f 4433/6047/1904 4431/6042/1899 4436/6048/1903
f 4436/6048/1903 4430/6043/1961 4435/6049/1905
f 4430/6045/1961 4434/6050/1906 4435/4864/1905
f 4434/6050/1906 4427/6046/1902 4432/5039/1962
f 4433/6047/1904 4441/6051/1909 4438/6052/1908
f 4441/6051/1909 4435/6049/1905 4440/6053/1963
f 4435/4864/1905 4439/6054/1964 4440/5044/1963
f 4434/6050/1906 4437/5045/1912 4439/6054/1964
f 4438/6055/1908 4446/6056/1914 4443/6057/1913
f 4446/6056/1914 4440/6058/1963 4445/6059/1915
f 4440/5044/1963 4444/6060/1916 4445/5050/1915
f 4444/6060/1916 4437/5045/1912 4442/6061/1917
f 4443/6057/1913 4451/6062/1918 4448/6063/1919
f 4446/6056/1914 4450/6064/1965 4451/6062/1918
f 4445/5050/1915 4449/6065/1921 4450/6066/1965
f 4444/6060/1916 4447/6067/1922 4449/6065/1921
f 4448/6063/1919 4456/6068/1923 4453/6069/1924
f 4456/6068/1923 4450/6064/1965 4455/6070/1925
f 4455/5061/1925 4449/6065/1921 4454/6071/1926
f 4454/6071/1926 4447/6067/1922 4452/6072/1927
f 4453/6069/1924 4301/6073/1765 4298/5888/1762
f 4456/6068/1923 4300/5891/1929 4301/6073/1765
f 4455/5061/1925 4299/5894/1769 4300/6074/1929
f 4454/6071/1926 4297/5896/1928 4299/5894/1769
f 4458/6075/1762 4466/6076/1763 4463/6077/1764
f 4461/6078/1765 4465/6079/1766 4466/6076/1763
f 4460/5570/1929 4464/5674/1768 4465/5675/1766
f 4459/6080/1769 4462/5676/1770 4464/5674/1768
f 4468/6081/1771 4466/6076/1763 4471/6082/1772
f 4471/6082/1772 4465/6079/1766 4470/6083/1931
f 4470/6084/1931 4464/5674/1768 4469/6085/1774
f 4469/6085/1774 4462/5676/1770 4467/5672/1775
f 4473/6086/1777 4471/6082/1772 4476/6087/1776
f 4471/6082/1772 4475/6088/1778 4476/6087/1776
f 4475/5668/1778 4469/6085/1774 4474/6089/1779
f 4474/6089/1779 4467/5672/1775 4472/6090/1966
f 4473/6091/1777 4481/6092/1781 4478/6093/1782
f 4476/6094/1776 4480/6095/1783 4481/6092/1781
f 4475/5668/1778 4479/6096/1784 4480/5665/1783
f 4479/6096/1784 4472/6090/1966 4477/5698/1967
f 4478/6093/1782 4486/6097/1786 4483/6098/1787
f 4481/6092/1781 4485/6099/1788 4486/6097/1786
f 4480/5665/1783 4484/5661/1789 4485/6100/1788
f 4484/5661/1789 4477/5698/1967 4482/6101/1968
f 4488/6102/1791 4486/6097/1786 4491/6103/1792
f 4486/6097/1786 4490/6104/1793 4491/6103/1792
f 4490/6105/1793 4484/5661/1789 4489/6106/1794
f 4484/5661/1789 4487/6107/1795 4489/6106/1794
f 4488/6102/1791 4496/6108/1796 4493/6109/1969
f 4491/6103/1792 4495/6110/1798 4496/6108/1796
f 4495/5655/1798 4489/6106/1794 4494/6111/1799
f 4494/6111/1799 4487/6107/1795 4492/6112/1970
f 4498/6075/1936 4496/6108/1796 4501/6078/1937
f 4496/6108/1796 4500/6113/1971 4501/6078/1937
f 4500/6114/1971 4494/6111/1799 4499/5652/1939
f 4499/5652/1939 4492/6112/1970 4497/6115/1805
f 4498/6075/1936 4506/6076/1807 4503/6077/1808
f 4506/6076/1807 4500/6113/1971 4505/6116/1810
f 4500/6114/1971 4504/6117/1812 4505/6118/1810
f 4499/5652/1939 4502/6119/1814 4504/6117/1812
f 4508/6120/1816 4506/6076/1807 4511/6121/1815
f 4506/6076/1807 4510/6083/1940 4511/6121/1815
f 4510/6122/1940 4504/6117/1812 4509/6123/1818
f 4509/6123/1818 4502/6119/1814 4507/6124/1972
f 4508/6120/1816 4516/6087/1820 4513/6086/1821
f 4511/6121/1815 4515/6088/1822 4516/6087/1820
f 4515/5645/1822 4509/6123/1818 4514/6125/1823
f 4514/6125/1823 4507/6124/1972 4512/6126/1973
f 4518/6127/1826 4516/6128/1820 4521/6129/1825
f 4521/6129/1825 4515/6130/1822 4520/6131/1827
f 4515/5645/1822 4519/5643/1828 4520/6132/1827
f 4514/6125/1823 4517/6133/1974 4519/5643/1828
f 4518/6127/1826 4526/6134/1830 4523/6135/1831
f 4526/6134/1830 4520/6131/1827 4525/6136/1832
f 4520/6132/1827 4524/6137/1833 4525/6138/1832
f 4519/5643/1828 4522/6139/1975 4524/6137/1833
f 4523/6135/1831 4531/6140/1835 4528/6141/1836
f 4531/6140/1835 4525/6136/1832 4530/6142/1946
f 4525/6138/1832 4529/6143/1838 4530/6144/1946
f 4524/6137/1833 4527/6145/1839 4529/6143/1838
f 4528/6141/1836 4536/6146/1840 4533/6147/1841
f 4531/6140/1835 4535/6148/1842 4536/6146/1840
f 4530/6144/1946 4534/5631/1843 4535/6149/1842
f 4529/6143/1838 4532/6150/1844 4534/5631/1843
f 4538/6151/1846 4536/6146/1840 4541/6152/1845
f 4541/6152/1845 4535/6148/1842 4540/6153/1976
f 4540/6154/1976 4534/5631/1843 4539/5630/1848
f 4539/5630/1848 4532/6150/1844 4537/6155/1849
f 4538/6151/1846 4546/6156/1850 4543/6157/1851
f 4541/6152/1845 4545/6158/1852 4546/6156/1850
f 4540/6154/1976 4544/6159/1853 4545/6160/1852
f 4539/5630/1848 4542/6161/1854 4544/6159/1853
f 4543/6157/1851 4551/6162/1855 4548/6163/1856
f 4551/6162/1855 4545/6158/1852 4550/6164/1949
f 4550/5624/1949 4544/6159/1853 4549/5623/1858
f 4549/5623/1858 4542/6161/1854 4547/6165/1859
f 4553/6166/1861 4551/6162/1855 4556/6167/1860
f 4551/6162/1855 4555/6168/1950 4556/6167/1860
f 4550/5624/1949 4554/5619/1863 4555/6169/1950
f 4554/5619/1863 4547/6165/1859 4552/5625/1977
f 4553/6170/1861 4561/6171/1866 4558/6093/1865
f 4561/6171/1866 4555/6172/1950 4560/6173/1978
f 4560/6174/1978 4554/5619/1863 4559/5616/1868
f 4559/5616/1868 4552/5625/1977 4557/6175/1979
f 4558/6093/1865 4566/6176/1871 4563/6098/1870
f 4561/6171/1866 4565/6099/1872 4566/6176/1871
f 4560/6174/1978 4564/5613/1873 4565/5614/1872
f 4559/5616/1868 4562/5617/1980 4564/5613/1873
f 4563/6098/1870 4571/6103/1875 4568/6177/1876
f 4566/6176/1871 4570/6104/1956 4571/6103/1875
f 4565/5614/1872 4569/5611/1878 4570/6178/1956
f 4564/5613/1873 4567/6179/1879 4569/5611/1878
f 4568/6177/1876 4576/6108/1881 4573/6109/1880
f 4571/6103/1875 4575/6110/1882 4576/6108/1881
f 4575/6180/1882 4569/5611/1878 4574/5605/1883
f 4569/5611/1878 4572/5607/1981 4574/5605/1883
f 4578/6075/1958 4576/6108/1881 4581/6078/1957
f 4576/6108/1881 4580/6113/1982 4581/6078/1957
f 4580/5600/1982 4574/5605/1883 4579/6181/1960
f 4574/5605/1883 4577/6182/1889 4579/6181/1960
f 4578/6075/1958 4586/6076/1892 4583/6077/1890
f 4586/6076/1892 4580/6113/1982 4585/6079/1893
f 4580/5600/1982 4584/6183/1895 4585/5596/1893
f 4584/6183/1895 4577/6182/1889 4582/6184/1897
f 4588/6081/1898 4586/6076/1892 4591/6121/1899
f 4586/6076/1892 4590/6083/1961 4591/6121/1899
f 4585/5596/1893 4589/6185/1901 4590/6186/1961
f 4589/6185/1901 4582/6184/1897 4587/5593/1902
f 4588/6081/1898 4596/6087/1903 4593/6086/1904
f 4591/6121/1899 4595/6088/1905 4596/6087/1903
f 4590/6186/1961 4594/6187/1906 4595/6188/1905
f 4594/6187/1906 4587/5593/1902 4592/5590/1983
f 4593/6170/1904 4601/6171/1909 4598/6093/1908
f 4601/6171/1909 4595/6172/1905 4600/6095/1984
f 4600/6189/1984 4594/6187/1906 4599/6190/1964
f 4599/6190/1964 4592/5590/1983 4597/6191/1985
f 4598/6093/1908 4606/6176/1914 4603/6098/1913
f 4601/6171/1909 4605/6099/1915 4606/6176/1914
f 4600/6189/1984 4604/6192/1916 4605/6193/1915
f 4599/6190/1964 4602/6194/1986 4604/6192/1916
f 4603/6098/1913 4611/6195/1918 4608/6177/1919
f 4606/6176/1914 4610/6196/1965 4611/6195/1918
f 4605/6193/1915 4609/5574/1921 4610/6197/1965
f 4604/6192/1916 4607/6198/1922 4609/5574/1921
f 4608/6177/1919 4616/6108/1923 4613/6109/1924
f 4611/6195/1918 4615/6199/1925 4616/6108/1923
f 4610/6197/1965 4614/6200/1926 4615/6201/1925
f 4609/5574/1921 4612/5572/1927 4614/6200/1926
f 4613/6109/1924 4461/6078/1765 4458/6075/1762
f 4616/6108/1923 4460/6113/1929 4461/6078/1765
f 4460/5570/1929 4614/6200/1926 4459/6080/1769
f 4459/6080/1769 4612/5572/1927 4457/6202/1928
f 4267/5855/1902 4227/5811/1859 4187/5770/1819
f 4138/5711/1762 4042/6203/1987 4041/6204/1988
f 4293/5883/1924 4041/6204/1988 4072/6205/1761
f 4042/6203/1987 4148/5721/1771 4043/6206/1989
f 4148/5721/1771 4044/6207/1990 4043/6206/1989
f 4153/5732/1777 4045/6208/1991 4044/6209/1990
f 4045/6208/1991 4163/5741/1787 4046/6210/1992
f 4163/5741/1787 4047/6211/1993 4046/6210/1992
f 4047/6211/1993 4173/5752/1797 4048/6212/1758
f 4173/5752/1797 4049/6213/1994 4048/6212/1758
f 4178/5757/1806 4050/6214/1995 4049/6213/1994
f 4183/5762/1808 4051/6215/1996 4050/6214/1995
f 4051/6215/1996 4193/5772/1821 4052/6216/1997
f 4052/6216/1997 4198/6217/1826 4053/6218/1998
f 4053/6219/1998 4203/5783/1831 4054/6220/1999
f 4203/5783/1831 4055/6221/2000 4054/6220/1999
f 4055/6221/2000 4213/5792/1841 4056/6222/1759
f 4213/5792/1841 4057/6223/2001 4056/6222/1759
f 4218/5797/1846 4058/6224/2002 4057/6223/2001
f 4223/5802/1851 4059/6225/2003 4058/6224/2002
f 4228/5807/1856 4060/6226/2004 4059/6225/2003
f 4233/5813/1861 4061/6227/2005 4060/6226/2004
f 4238/6228/1865 4062/6229/2006 4061/6230/2005
f 4243/5821/1870 4063/6231/2007 4062/6229/2006
f 4248/5829/1876 4064/6232/1760 4063/6231/2007
f 4253/5833/1880 4065/6233/2008 4064/6232/1760
f 4258/5838/2009 4066/6234/2010 4065/6233/2008
f 4263/5844/1890 4067/6235/2011 4066/6234/2010
f 4268/5850/1898 4068/6236/2012 4067/6235/2011
f 4273/5857/1904 4069/6237/2013 4068/6236/2012
f 4278/5862/1908 4070/6238/2014 4069/6239/2013
f 4283/5870/1913 4071/6240/2015 4070/6238/2014
f 4288/5877/1919 4072/6205/1761 4071/6240/2015
f 4387/5997/1859 4347/5953/1819 4307/5903/1775
f 4298/5888/1762 4074/6241/1987 4073/6242/1988
f 4453/6069/1924 4073/6242/1988 4104/6243/1761
f 4303/5890/1764 4075/6244/2016 4074/6241/1987
f 4075/6244/2016 4313/5904/1777 4076/6245/1990
f 4313/6246/1777 4077/6247/1991 4076/6248/1990
f 4318/5917/1782 4078/6249/1992 4077/6247/1991
f 4323/5919/1787 4079/6250/1993 4078/6249/1992
f 4328/5925/1791 4080/6251/1758 4079/6250/1993
f 4333/5931/1797 4081/6252/1994 4080/6251/1758
f 4338/5936/1936 4082/6253/1995 4081/6252/1994
f 4343/5943/1808 4083/6254/1996 4082/6253/1995
f 4348/5949/1816 4084/6255/1997 4083/6254/1996
f 4353/5955/1821 4085/6256/1998 4084/6255/1997
f 4358/5960/1826 4086/6257/1999 4085/6258/1998
f 4086/6257/1999 4368/5973/1836 4087/6259/2017
f 4368/5973/1836 4088/6260/1759 4087/6259/2017
f 4373/5977/1841 4089/6261/2001 4088/6260/1759
f 4378/4989/1846 4090/6262/2002 4089/6261/2001
f 4383/5987/1851 4091/6263/2003 4090/6262/2002
f 4388/5993/1856 4092/6264/2004 4091/6263/2003
f 4393/6265/1861 4093/6266/2018 4092/6267/2004
f 4398/6010/1865 4094/6268/2006 4093/6266/2018
f 4403/6012/1870 4095/6269/2007 4094/6268/2006
f 4408/6018/1876 4096/6270/1760 4095/6269/2007
f 4413/6024/1880 4097/6271/2008 4096/6270/1760
f 4418/6031/1958 4098/6272/2010 4097/6271/2008
f 4423/6037/1890 4099/6273/2011 4098/6272/2010
f 4428/6041/1898 4100/6274/2012 4099/6273/2011
f 4433/6047/1904 4101/6275/2019 4100/6274/2012
f 4438/6055/1908 4102/6276/2014 4101/6277/2019
f 4443/6057/1913 4103/6278/2015 4102/6276/2014
f 4448/6063/1919 4104/6243/1761 4103/6278/2015
f 4547/6165/1859 4507/6124/1972 4467/5672/1775
f 4458/6075/1762 4106/6279/1987 4105/6280/1988
f 4613/6109/1924 4105/6280/1988 4136/6281/1761
f 4463/6077/1764 4107/6282/2020 4106/6279/1987
f 4468/6081/1771 4108/6283/1990 4107/6282/2020
f 4473/6091/1777 4109/6284/1991 4108/6285/1990
f 4478/6093/1782 4110/6286/1992 4109/6284/1991
f 4483/6098/1787 4111/6287/2021 4110/6286/1992
f 4488/6102/1791 4112/6281/1758 4111/6287/2021
f 4493/6109/1969 4113/6280/1994 4112/6281/1758
f 4498/6075/1936 4114/6279/1995 4113/6280/1994
f 4503/6077/1808 4115/6288/1996 4114/6279/1995
f 4508/6120/1816 4116/6283/1997 4115/6288/1996
f 4513/6289/1821 4117/6290/1998 4116/6291/1997
f 4518/6127/1826 4118/6292/1999 4117/6290/1998
f 4523/6135/1831 4119/6293/2017 4118/6292/1999
f 4528/6141/1836 4120/6294/1759 4119/6293/2017
f 4533/6147/1841 4121/6295/2001 4120/6294/1759
f 4538/6151/1846 4122/6296/2002 4121/6295/2001
f 4543/6157/1851 4123/6297/2022 4122/6296/2002
f 4548/6163/1856 4124/6298/2004 4123/6297/2022
f 4553/6170/1861 4125/6284/2023 4124/6299/2004
f 4558/6093/1865 4126/6286/2006 4125/6284/2023
f 4563/6098/1870 4127/6300/2007 4126/6286/2006
f 4568/6177/1876 4128/6281/1760 4127/6300/2007
f 4573/6109/1880 4129/6280/2008 4128/6281/1760
f 4578/6075/1958 4130/6279/2010 4129/6280/2008
f 4583/6077/1890 4131/6282/2024 4130/6279/2010
f 4588/6081/1898 4132/6283/2012 4131/6282/2024
f 4593/6170/1904 4133/6284/2025 4132/6299/2012
f 4598/6093/1908 4134/6286/2014 4133/6284/2025
f 4603/6098/1913 4135/6300/2015 4134/6286/2014
f 4608/6177/1919 4136/6281/1761 4135/6300/2015
f 4633/5435/1761 4625/4780/1758 4618/4781/1759
f 4648/6301/1759 4672/5437/1760 4664/6302/1761
f 4696/6303/1761 4688/6304/1758 4680/6305/1759
f 4720/5791/1840 4712/5797/1846 4717/5792/1841
f 4719/5793/2026 4715/5796/1845 4720/5791/1840
f 4718/5795/1843 4714/5523/2027 4719/5794/2026
f 4718/5795/1843 4711/5800/1849 4713/5799/1848
f 4725/5787/1835 4717/5792/1841 4722/5788/1836
f 4725/5787/1835 4719/5793/2026 4720/5791/1840
f 4723/5790/1838 4719/5794/2026 4724/4971/1837
f 4723/5790/1838 4716/5528/1844 4718/5795/1843
f 4730/5782/1830 4722/5788/1836 4727/5783/1831
f 4730/5782/1830 4724/5789/1837 4725/5787/1835
f 4728/5785/1833 4724/4971/1837 4729/5786/2028
f 4726/5137/1834 4723/5790/1838 4728/5785/1833
f 4732/5776/1826 4730/5782/1830 4727/5783/1831
f 4734/5778/1827 4730/5782/1830 4735/5775/1825
f 4734/5779/1827 4728/5785/1833 4729/5786/2028
f 4733/5780/1828 4726/5137/1834 4728/5785/1833
f 4737/5774/1821 4735/5775/1825 4732/5776/1826
f 4739/5777/2029 4735/5775/1825 4740/6306/1820
f 4738/5123/1823 4734/5779/1827 4739/5454/2029
f 4736/5125/1973 4733/5780/1828 4738/5123/1823
f 4742/5767/1816 4740/5771/1820 4737/5772/1821
f 4744/5768/1940 4740/5771/1820 4745/5766/1815
f 4744/6307/1940 4738/5123/1823 4739/5454/2029
f 4741/5119/1972 4738/5123/1823 4743/5769/1818
f 4747/5762/1808 4745/5766/1815 4742/5767/1816
f 4750/5761/1807 4744/5768/1940 4745/5766/1815
f 4748/5764/1812 4744/6307/1940 4749/5765/1810
f 4746/4940/1814 4743/5769/1818 4748/5764/1812
f 4178/5757/1806 4750/5761/1807 4747/5762/1808
f 4181/5756/1809 4749/5763/1810 4750/5761/1807
f 4180/5759/1811 4748/5764/1812 4749/5765/1810
f 4179/5104/1813 4746/4940/1814 4748/5764/1812
f 4752/5752/1797 4181/5756/1801 4178/5757/1802
f 4754/5753/1798 4181/5756/1801 4755/5751/1796
f 4753/5754/1799 4180/5759/1803 4754/5755/1798
f 4751/5100/1800 4179/5104/1804 4753/5754/1799
f 4757/5746/1791 4755/5751/1796 4752/5752/1797
f 4760/5747/1792 4754/5753/1798 4755/5751/1796
f 4759/5093/1793 4753/5754/1799 4754/5755/1798
f 4758/5092/1794 4751/5100/1800 4753/5754/1799
f 4765/5740/1786 4757/5746/1791 4762/5741/1787
f 4764/5742/1788 4760/5747/1792 4765/5740/1786
f 4763/5743/1789 4759/5093/1793 4764/5744/1788
f 4761/5745/2030 4758/5092/1794 4763/5743/1789
f 4767/5734/1782 4765/5740/1786 4762/5741/1787
f 4769/5736/1783 4765/5740/1786 4770/5733/1781
f 4768/5738/1784 4764/5744/1788 4769/5737/1783
f 4768/5738/1784 4761/5745/2030 4763/5743/1789
f 4772/5732/1777 4770/5733/1781 4767/5734/1782
f 4775/5735/1776 4769/5736/1783 4770/5733/1781
f 4773/5729/1779 4769/5737/1783 4774/5730/1778
f 4771/5731/1780 4768/5738/1784 4773/5729/1779
f 4780/6308/1772 4772/6309/1777 4777/6310/1771
f 4779/5723/1773 4775/6311/1776 4780/6308/1772
f 4778/5724/1774 4774/5730/1778 4779/5725/1773
f 4776/5070/2031 4773/5729/1779 4778/5724/1774
f 4785/6312/1763 4777/6310/1771 4782/5713/1764
f 4784/6313/1766 4780/6308/1772 4785/6312/1763
f 4783/5717/1768 4779/5725/1773 4784/5718/1766
f 4781/5720/1770 4778/5724/1774 4783/5717/1768
f 4790/5714/1765 4782/5713/1764 4787/6314/1762
f 4790/5714/1765 4784/6313/1766 4785/6312/1763
f 4789/5716/1767 4783/5717/1768 4784/5718/1766
f 4786/5057/1928 4783/5717/1768 4788/5719/1769
f 4795/6315/1923 4787/6314/1762 4792/5883/1924
f 4794/5884/1925 4790/5714/1765 4795/6315/1923
f 4794/5885/1925 4788/5719/1769 4789/5716/1767
f 4791/5886/2032 4788/5719/1769 4793/5049/1926
f 4797/5877/1919 4795/6315/1923 4792/5883/1924
f 4800/6316/1918 4794/5884/1925 4795/6315/1923
f 4799/5880/1920 4793/5049/1926 4794/5885/1925
f 4798/5879/1921 4791/5886/2032 4793/5049/1926
f 4805/5871/1914 4797/5877/1919 4802/6317/1913
f 4804/6318/2033 4800/6316/1918 4805/5871/1914
f 4803/5873/1916 4799/5880/1920 4804/5874/2033
f 4801/5875/2034 4798/5879/1921 4803/5873/1916
f 4810/6319/1909 4802/6317/1913 4807/6320/1908
f 4809/6321/1984 4805/5871/1914 4810/6319/1909
f 4809/5867/1984 4803/5873/1916 4804/5874/2033
f 4806/6046/1912 4803/5873/1916 4808/5868/1911
f 4815/6322/1903 4807/6320/1908 4812/6323/1904
f 4814/5865/1905 4810/6319/1909 4815/6322/1903
f 4813/5860/1906 4809/5867/1984 4814/5859/1905
f 4811/5861/1907 4808/5868/1911 4813/5860/1906
f 4820/5851/1899 4812/5857/1904 4817/5850/1898
f 4819/5852/1961 4815/5856/1903 4820/5851/1899
f 4819/5853/1961 4813/5860/1906 4814/5859/1905
f 4816/5855/2035 4813/5860/1906 4818/5854/1901
f 4825/5845/1892 4817/5850/1898 4822/5844/1890
f 4824/5846/1893 4820/5851/1899 4825/5845/1892
f 4823/5847/1895 4819/5853/1961 4824/5848/1893
f 4821/5849/1897 4818/5854/1901 4823/5847/1895
f 4261/5839/1891 4822/5844/1890 4258/5838/2009
f 4261/5839/1891 4824/5846/1893 4825/5845/1892
f 4260/5841/1894 4823/5847/1895 4824/5848/1893
f 4259/5842/1896 4821/5849/1897 4823/5847/1895
f 4830/5834/1881 4258/5838/1885 4827/5833/1880
f 4829/5835/1882 4261/5839/1886 4830/5834/1881
f 4828/5836/1883 4260/5841/1887 4829/5003/1882
f 4828/5836/1883 4257/5843/1889 4259/5842/1888
f 4835/5828/1875 4827/5833/1880 4832/5829/1876
f 4835/5828/1875 4829/5835/1882 4830/5834/1881
f 4834/5831/1877 4828/5836/1883 4829/5003/1882
f 4831/5832/1879 4828/5836/1883 4833/4999/1878
f 4840/5823/1871 4832/5829/1876 4837/5821/1870
f 4839/5825/1872 4835/5828/1875 4840/5823/1871
f 4838/5826/1873 4834/5831/1877 4839/4992/1872
f 4836/5827/1955 4833/4999/1878 4838/5826/1873
f 4845/5822/1866 4837/5821/1870 4842/6228/1865
f 4844/5824/1952 4840/5823/1871 4845/5822/1866
f 4844/4807/1952 4838/5826/1873 4839/4992/1872
f 4843/5819/1868 4836/5827/1955 4838/5826/1873
f 4847/5813/1861 4845/5817/1866 4842/5816/1865
f 4849/5814/1862 4845/5817/1866 4850/5812/1860
f 4849/4801/1862 4843/5819/1868 4844/4807/1952
f 4846/4803/2036 4843/5819/1868 4848/5815/1863
f 4852/5807/1856 4850/5812/1860 4847/5813/1861
f 4854/5808/1857 4850/5812/1860 4855/5806/1855
f 4853/5810/1858 4849/4801/1862 4854/5809/1857
f 4853/5810/1858 4846/4803/2036 4848/5815/1863
f 4857/5802/1851 4855/5806/1855 4852/5807/1856
f 4859/5803/2037 4855/5806/1855 4860/5801/1850
f 4858/5520/1853 4854/5809/1857 4859/5804/2037
f 4856/5805/1948 4853/5810/1858 4858/5520/1853
f 4715/5796/1845 4857/5802/1851 4712/5797/1846
f 4715/5796/1845 4859/5803/2037 4860/5801/1850
f 4713/5799/1848 4859/5804/2037 4714/5523/2027
f 4711/5800/1849 4858/5520/1853 4713/5799/1848
f 4870/6324/1840 4862/6325/1846 4867/6326/1841
f 4870/6324/1840 4864/6327/2027 4865/6328/1845
f 4869/5454/2026 4863/6329/1848 4864/6330/2027
f 4866/4952/1947 4863/6329/1848 4868/6331/1843
f 4875/6332/1835 4867/6326/1841 4872/6333/1836
f 4874/6334/1837 4870/6324/1840 4875/6332/1835
f 4873/6335/1838 4869/5454/2026 4874/4945/1837
f 4871/6336/1839 4868/6331/1843 4873/6335/1838
f 4880/6337/1830 4872/6333/1836 4877/6338/1831
f 4880/6337/1830 4874/6334/1837 4875/6332/1835
f 4878/5934/1833 4874/4945/1837 4879/6339/2028
f 4878/5934/1833 4871/6336/1839 4873/6335/1838
f 4885/6340/1825 4877/6338/1831 4882/6341/1826
f 4885/6340/1825 4879/6342/2028 4880/6337/1830
f 4883/6343/2038 4879/6339/2028 4884/5759/2039
f 4883/6343/2038 4876/6344/2040 4878/5934/1833
f 4890/5536/1820 4882/6341/1826 4887/5537/1821
f 4889/6345/1822 4885/6340/1825 4890/5536/1820
f 4888/6346/1823 4884/5759/2039 4889/6347/1822
f 4886/6348/2041 4883/6343/2038 4888/6346/1823
f 4892/6349/1816 4890/6350/1820 4887/6351/1821
f 4895/6352/1815 4889/6353/1822 4890/6350/1820
f 4894/6354/1940 4888/6346/1823 4889/6347/1822
f 4893/6355/1818 4886/6348/2041 4888/6346/1823
f 4897/6356/1808 4895/6352/1815 4892/6349/1816
f 4900/6357/1807 4894/6358/1940 4895/6352/1815
f 4898/6359/1812 4894/6354/1940 4899/6360/2042
f 4898/6359/1812 4891/6361/1972 4893/6355/1818
f 4905/6362/1937 4897/6356/1808 4902/6363/1936
f 4904/6364/1938 4900/6357/1807 4905/6362/1937
f 4903/6365/1939 4899/6360/2042 4904/6366/1938
f 4901/4908/1805 4898/6359/1812 4903/6365/1939
f 4910/6367/1796 4902/6363/1936 4907/6368/1797
f 4910/6367/1796 4904/6364/1938 4905/6362/1937
f 4908/6369/1799 4904/6366/1938 4909/4900/1798
f 4908/6369/1799 4901/4908/1805 4903/6365/1939
f 4915/6370/1792 4907/6368/1797 4912/6371/2043
f 4915/6370/1792 4909/6372/1798 4910/6367/1796
f 4913/6373/1794 4909/4900/1798 4914/6374/2044
f 4913/6373/1794 4906/6375/1800 4908/6369/1799
f 4917/6376/1787 4915/6370/1792 4912/6371/2043
f 4919/6377/1788 4915/6370/1792 4920/6378/1786
f 4918/6071/1789 4914/6374/2044 4919/6379/1788
f 4918/6071/1789 4911/6380/1795 4913/6373/1794
f 4922/6381/1782 4920/6378/1786 4917/6376/1787
f 4925/6382/1781 4919/6377/1788 4920/6378/1786
f 4923/5056/1784 4919/6379/1788 4924/5055/2045
f 4923/5056/1784 4916/6383/2046 4918/6071/1789
f 4930/6384/1776 4922/6385/1782 4927/6386/1777
f 4930/6384/1776 4924/6387/2045 4925/6388/1781
f 4928/6389/1779 4924/5055/2045 4929/6390/1778
f 4928/6389/1779 4921/6391/2047 4923/5056/1784
f 4935/6392/1772 4927/6386/1777 4932/6393/1771
f 4934/6394/1773 4930/6384/1776 4935/6392/1772
f 4933/6395/1774 4929/6390/1778 4934/5466/1773
f 4931/4871/1775 4928/6389/1779 4933/6395/1774
f 4937/6396/1764 4935/6392/1772 4932/6393/1771
f 4940/6397/1763 4934/6394/1773 4935/6392/1772
f 4939/4864/1766 4933/6395/1774 4934/5466/1773
f 4936/6398/1930 4933/6395/1774 4938/6399/1768
f 4945/6400/1765 4937/6396/1764 4942/6401/1762
f 4944/6402/2048 4940/6397/1763 4945/6400/1765
f 4943/6403/1769 4939/4864/1766 4944/6404/2048
f 4943/6403/1769 4936/6398/1930 4938/6399/1768
f 4947/6405/1924 4945/6400/1765 4942/6401/1762
f 4950/6406/1923 4944/6402/2048 4945/6400/1765
f 4949/6407/1925 4943/6403/1769 4944/6404/2048
f 4948/6408/1926 4941/6046/1928 4943/6403/1769
f 4955/6409/1918 4947/6405/1924 4952/6410/1919
f 4954/6411/1920 4950/6406/1923 4955/6409/1918
f 4953/6412/1921 4949/6407/1925 4954/6413/1920
f 4953/6412/1921 4946/6414/2049 4948/6408/1926
f 4957/6415/1913 4955/6409/1918 4952/6410/1919
f 4960/6416/1914 4954/6411/1920 4955/6409/1918
f 4959/6417/2033 4953/6412/1921 4954/6413/1920
f 4958/6418/1916 4951/6419/1922 4953/6412/1921
f 4962/6420/1908 4960/6416/1914 4957/6415/1913
f 4964/6421/1910 4960/6416/1914 4965/6422/1909
f 4964/5492/1910 4958/6418/1916 4959/6417/2033
f 4963/6021/2050 4956/6423/2051 4958/6418/1916
f 4967/6047/1904 4965/6051/1909 4962/6052/1908
f 4969/6424/1905 4965/6051/1909 4970/6048/1903
f 4969/6425/1905 4963/6021/2050 4964/5492/1910
f 4968/6426/1906 4961/6427/2052 4963/6021/2050
f 4975/6042/1899 4967/6047/1904 4972/6041/1898
f 4974/6428/1961 4970/6048/1903 4975/6042/1899
f 4974/6429/1961 4968/6426/1906 4969/6425/1905
f 4973/4819/1901 4966/6430/1983 4968/6426/1906
f 4980/6036/1892 4972/6041/1898 4977/6431/1890
f 4979/6432/1893 4975/6042/1899 4980/6036/1892
f 4979/6433/1893 4973/4819/1901 4974/6429/1961
f 4976/6434/2053 4973/4819/1901 4978/4814/1895
f 4982/6435/1958 4980/6036/1892 4977/6431/1890
f 4984/6436/1959 4980/6036/1892 4985/6437/1957
f 4984/6438/1959 4978/4814/1895 4979/6433/1893
f 4981/6439/1889 4978/4814/1895 4983/5995/1960
f 4990/6440/1881 4982/6435/1958 4987/6024/1880
f 4989/6441/1882 4985/6437/1957 4990/6440/1881
f 4989/6442/1882 4983/5995/1960 4984/6438/1959
f 4986/6443/1884 4983/5995/1960 4988/6444/1883
f 4995/6445/1875 4987/6024/1880 4992/6446/1876
f 4995/6445/1875 4989/6441/1882 4990/6440/1881
f 4993/6447/1878 4989/6442/1882 4994/6448/1956
f 4991/5985/1879 4988/6444/1883 4993/6447/1878
f 5000/6449/1871 4992/6446/1876 4997/6450/1870
f 5000/6449/1871 4994/6451/1956 4995/6445/1875
f 4998/6452/1873 4994/6448/1956 4999/4793/1872
f 4996/6453/2054 4993/6447/1878 4998/6452/1873
f 5005/6454/1866 4997/6450/1870 5002/6455/1865
f 5004/6456/1867 5000/6449/1871 5005/6454/1866
f 5003/6457/1868 4999/4793/1872 5004/5976/1867
f 5003/6457/1868 4996/6453/2054 4998/6452/1873
f 5010/6458/1860 5002/6459/1865 5007/6460/1861
f 5009/6461/1862 5005/6462/1866 5010/6458/1860
f 5008/6463/1863 5004/5976/1867 5009/5971/1862
f 5006/6464/1977 5003/6457/1868 5008/6463/1863
f 5015/5515/1855 5007/6460/1861 5012/6465/1856
f 5014/6466/1949 5010/6458/1860 5015/5515/1855
f 5013/5965/1858 5009/5971/1862 5014/6467/1949
f 5011/6468/1859 5008/6463/1863 5013/5965/1858
f 5017/6469/1851 5015/5515/1855 5012/6465/1856
f 5020/6470/1850 5014/6466/1949 5015/5515/1855
f 5019/5958/1852 5013/5965/1858 5014/6467/1949
f 5016/6471/2055 5013/5965/1858 5018/6472/1853
f 4862/6325/1846 5020/6470/1850 5017/6469/1851
f 4864/6327/2027 5020/6470/1850 4865/6328/1845
f 4863/6329/1848 5019/5958/1852 4864/6330/2027
f 4863/6329/1848 5016/6471/2055 5018/6472/1853
f 5030/6473/1840 5022/6474/1846 5027/6475/1841
f 5029/6476/1842 5025/6477/1845 5030/6473/1840
f 5028/6478/1843 5024/6479/1847 5029/6480/1842
f 5026/6481/2056 5023/6482/1848 5028/6478/1843
f 5035/6483/1835 5027/6475/1841 5032/6484/1836
f 5035/6483/1835 5029/6476/1842 5030/6473/1840
f 5034/6485/1946 5028/6478/1843 5029/6480/1842
f 5033/6486/1838 5026/6481/2056 5028/6478/1843
f 5037/6487/1831 5035/6483/1835 5032/6484/1836
f 5039/6488/1832 5035/6483/1835 5040/6489/1830
f 5039/6490/1832 5033/6486/1838 5034/6485/1946
f 5038/6491/1944 5031/6492/1839 5033/6486/1838
f 5045/6493/1825 5037/6487/1831 5042/6494/1826
f 5044/6495/1827 5040/6489/1830 5045/6493/1825
f 5044/6496/1827 5038/6491/1944 5039/6490/1832
f 5043/6497/2057 5036/6498/1945 5038/6491/1944
f 5050/6499/1820 5042/6494/1826 5047/6500/1821
f 5049/6501/1822 5045/6493/1825 5050/6499/1820
f 5048/6502/1823 5044/6496/1827 5049/6503/1822
f 5046/6504/1973 5043/6497/2057 5048/6502/1823
f 5052/6505/1816 5050/6506/1820 5047/6507/1821
f 5054/6508/1940 5050/6506/1820 5055/6509/1815
f 5053/6510/1818 5049/6503/1822 5054/6511/1940
f 5051/6512/1972 5048/6502/1823 5053/6510/1818
f 5060/6513/1807 5052/6505/1816 5057/6514/1808
f 5059/6515/1810 5055/6509/1815 5060/6513/1807
f 5058/6516/1812 5054/6511/1940 5059/6517/1810
f 5056/6518/1814 5053/6510/1818 5058/6516/1812
f 5062/6519/1936 5060/6513/1807 5057/6514/1808
f 5064/6520/1938 5060/6513/1807 5065/6521/1937
f 5063/6522/1939 5059/6517/1810 5064/6523/1938
f 5063/6522/1939 5056/6518/1814 5058/6516/1812
f 5070/6524/1796 5062/6519/1936 5067/6525/1797
f 5070/6524/1796 5064/6520/1938 5065/6521/1937
f 5068/6526/1799 5064/6523/1938 5069/6527/1798
f 5068/6526/1799 5061/6528/1805 5063/6522/1939
f 5075/6529/1792 5067/6525/1797 5072/6530/1791
f 5075/6529/1792 5069/6476/1798 5070/6524/1796
f 5074/6531/1793 5068/6526/1799 5069/6527/1798
f 5073/6532/1794 5066/6533/1800 5068/6526/1799
f 5080/6534/1786 5072/6530/1791 5077/6535/1787
f 5079/6488/1788 5075/6529/1792 5080/6534/1786
f 5079/6536/1788 5073/6532/1794 5074/6531/1793
f 5078/6537/1789 5071/6538/2058 5073/6532/1794
f 5082/6539/1782 5080/6534/1786 5077/6535/1787
f 5085/6540/1781 5079/6488/1788 5080/6534/1786
f 5084/6541/1783 5078/6537/1789 5079/6536/1788
f 5083/6542/1934 5076/6543/2046 5078/6537/1789
f 5090/6544/1776 5082/6539/1782 5087/6545/1777
f 5089/6546/1778 5085/6540/1781 5090/6544/1776
f 5088/6547/1779 5084/6541/1783 5089/6548/1778
f 5086/6549/2059 5083/6542/1934 5088/6547/1779
f 5095/6550/1772 5087/6551/1777 5092/6552/1771
f 5095/6550/1772 5089/6553/1778 5090/6554/1776
f 5093/6555/1774 5089/6548/1778 5094/6556/1931
f 5093/6555/1774 5086/6549/2059 5088/6547/1779
f 5100/6557/1763 5092/6552/1771 5097/6558/2060
f 5099/6559/1766 5095/6550/1772 5100/6557/1763
f 5098/6560/1768 5094/6556/1931 5099/6561/1766
f 5096/6562/2061 5093/6555/1774 5098/6560/1768
f 5105/6477/1765 5097/6558/2060 5102/6563/1762
f 5105/6477/1765 5099/6559/1766 5100/6557/1763
f 5104/6564/1767 5098/6560/1768 5099/6561/1766
f 5103/6565/1769 5096/6562/2061 5098/6560/1768
f 5110/6473/1923 5102/6563/1762 5107/6566/1924
f 5109/6476/1925 5105/6477/1765 5110/6473/1923
f 5108/6567/1926 5104/6564/1767 5109/6568/1925
f 5106/6569/1927 5103/6565/1769 5108/6567/1926
f 5112/6530/1919 5110/6473/1923 5107/6566/1924
f 5115/6483/1918 5109/6476/1925 5110/6473/1923
f 5114/6570/1965 5108/6567/1926 5109/6568/1925
f 5113/6571/1921 5106/6569/1927 5108/6567/1926
f 5117/6572/1913 5115/6483/1918 5112/6530/1919
f 5119/6488/1915 5115/6483/1918 5120/6489/1914
f 5119/6573/1915 5113/6571/1921 5114/6570/1965
f 5118/6574/2062 5111/6575/1922 5113/6571/1921
f 5125/6576/1909 5117/6572/1913 5122/6577/1908
f 5125/6576/1909 5119/6488/1915 5120/6489/1914
f 5124/6578/1984 5118/6574/2062 5119/6573/1915
f 5121/6579/2063 5118/6574/2062 5123/6580/2064
f 5130/6499/1903 5122/6577/1908 5127/6581/1904
f 5129/6501/1905 5125/6576/1909 5130/6499/1903
f 5129/6582/1905 5123/6580/2064 5124/6578/1984
f 5126/6583/2065 5123/6580/2064 5128/6584/1906
f 5132/6552/1898 5130/6506/1903 5127/6551/1904
f 5134/6508/1961 5130/6506/1903 5135/6509/1899
f 5134/6585/1961 5128/6584/1906 5129/6582/1905
f 5131/6586/2035 5128/6584/1906 5133/6587/1901
f 5137/6514/1890 5135/6509/1899 5132/6552/1898
f 5139/6559/1893 5135/6509/1899 5140/6588/1892
f 5139/6589/1893 5133/6587/1901 5134/6585/1961
f 5138/6590/1895 5131/6586/2035 5133/6587/1901
f 5142/6519/1958 5140/6588/1892 5137/6514/1890
f 5144/6520/1959 5140/6588/1892 5145/6521/1957
f 5144/6591/1959 5138/6590/1895 5139/6589/1893
f 5143/6592/1960 5136/6593/1897 5138/6590/1895
f 5150/6594/1881 5142/6519/1958 5147/6595/1880
f 5150/6594/1881 5144/6520/1959 5145/6521/1957
f 5148/6596/1883 5144/6591/1959 5149/6597/1882
f 5146/6598/1884 5143/6592/1960 5148/6596/1883
f 5155/6529/1875 5147/6595/1880 5152/6599/1876
f 5154/6600/1956 5150/6594/1881 5155/6529/1875
f 5153/6601/1878 5149/6597/1882 5154/6602/1956
f 5151/6603/1879 5148/6596/1883 5153/6601/1878
f 5160/6604/1871 5152/6599/1876 5157/6605/1870
f 5159/6488/1872 5155/6529/1875 5160/6604/1871
f 5158/6606/1873 5154/6602/1956 5159/6607/1872
f 5158/6606/1873 5151/6603/1879 5153/6601/1878
f 5162/6608/1865 5160/6604/1871 5157/6605/1870
f 5165/6609/1866 5159/6488/1872 5160/6604/1871
f 5164/6610/1952 5158/6606/1873 5159/6607/1872
f 5163/6611/2066 5156/6612/1955 5158/6606/1873
f 5170/6544/1860 5162/6608/1865 5167/6613/1861
f 5170/6544/1860 5164/6614/1952 5165/6609/1866
f 5169/6615/1950 5163/6611/2066 5164/6610/1952
f 5166/6616/2036 5163/6611/2066 5168/6617/1863
f 5175/6550/1855 5167/6618/1861 5172/6619/2067
f 5175/6550/1855 5169/6553/1950 5170/6554/1860
f 5173/6620/1858 5169/6615/1950 5174/6621/1949
f 5171/6622/1859 5168/6617/1863 5173/6620/1858
f 5180/6557/1850 5172/6619/2067 5177/6623/1851
f 5179/6559/1852 5175/6550/1855 5180/6557/1850
f 5178/6624/1853 5174/6621/1949 5179/6625/1852
f 5176/6626/1854 5173/6620/1858 5178/6624/1853
f 5022/6474/1846 5180/6557/1850 5177/6623/1851
f 5025/6477/1845 5179/6559/1852 5180/6557/1850
f 5024/6479/1847 5178/6624/1853 5179/6625/1852
f 5023/6482/1848 5176/6626/1854 5178/6624/1853
f 4786/5057/1928 4257/5843/1889 4711/5800/1849
f 4618/6222/1759 4712/5797/1846 4617/6223/2001
f 4617/6223/2001 4857/5802/1851 4646/6224/2002
f 4619/6221/2000 4717/5792/1841 4618/6222/1759
f 4620/6220/1999 4722/5788/1836 4619/6221/2000
f 4621/6219/1998 4727/5783/1831 4620/6220/1999
f 4622/6216/1997 4732/6217/1826 4621/6218/1998
f 4623/6215/1996 4737/5772/1821 4622/6216/1997
f 4624/6214/1995 4742/5767/1816 4623/6215/1996
f 4049/6213/1994 4747/5762/1808 4624/6214/1995
f 4625/6212/1758 4178/5757/1802 4049/6213/1994
f 4626/6211/1993 4752/5752/1797 4625/6212/1758
f 4627/6210/1992 4757/5746/1791 4626/6211/1993
f 4628/6208/1991 4762/5741/1787 4627/6210/1992
f 4629/6209/1990 4767/5734/1782 4628/6208/1991
f 4630/6206/1989 4772/6309/1777 4629/6627/1990
f 4631/6203/1987 4777/6310/1771 4630/6206/1989
f 4632/6628/1988 4782/5713/1764 4631/6203/1987
f 4633/6629/1761 4787/6314/1762 4632/6628/1988
f 4634/6240/2015 4792/5883/1924 4633/6629/1761
f 4635/6630/2014 4797/5877/1919 4634/6240/2015
f 4635/6630/2014 4807/6320/1908 4802/6317/1913
f 4637/6236/2012 4807/6631/1908 4636/6237/2013
f 4637/6236/2012 4817/5850/1898 4812/5857/1904
f 4638/6235/2011 4822/5844/1890 4817/5850/1898
f 4639/6234/2010 4258/5838/2009 4822/5844/1890
f 4065/6233/2008 4827/5833/1880 4258/5838/1885
f 4640/6232/1760 4832/5829/1876 4827/5833/1880
f 4641/6231/2007 4837/5821/1870 4832/5829/1876
f 4643/6230/2005 4837/5821/1870 4642/6229/2006
f 4644/6226/2004 4842/5816/1865 4643/6227/2005
f 4645/6225/2003 4847/5813/1861 4644/6226/2004
f 4646/6224/2002 4852/5807/1856 4645/6225/2003
f 4961/6427/2052 4981/6439/1889 4861/6632/1849
f 4648/6633/1759 4862/6325/1846 4647/6634/2001
f 4678/6635/2002 4862/6325/1846 5017/6469/1851
f 4649/6636/2000 4867/6326/1841 4648/6633/1759
f 4650/6637/1999 4872/6333/1836 4649/6636/2000
f 4650/6637/1999 4882/6341/1826 4877/6338/1831
f 4652/6638/1997 4882/6639/1826 4651/6640/2068
f 4653/6641/2069 4887/6351/1821 4652/6638/1997
f 4654/6642/1995 4892/6349/1816 4653/6641/2069
f 4655/6643/1994 4897/6356/1808 4654/6642/1995
f 4656/6644/1758 4902/6363/1936 4655/6643/1994
f 4657/6645/1993 4907/6368/1797 4656/6644/1758
f 4658/6646/1992 4912/6371/2043 4657/6645/1993
f 4659/6647/1991 4917/6376/1787 4658/6646/1992
f 4659/6647/1991 4927/6648/1777 4922/6381/1782
f 4661/6649/2070 4927/6386/1777 4660/6650/1990
f 4662/6651/1987 4932/6393/1771 4661/6649/2070
f 4663/6652/1988 4937/6396/1764 4662/6651/1987
f 4664/6653/1761 4942/6401/1762 4663/6652/1988
f 4665/6654/2015 4947/6405/1924 4664/6653/1761
f 4666/6655/2014 4952/6410/1919 4665/6654/2015
f 4667/6656/2025 4957/6415/1913 4666/6655/2014
f 4668/6274/2012 4962/6052/1908 4667/6275/2025
f 4669/6273/2071 4967/6047/1904 4668/6274/2012
f 4670/6657/2010 4972/6041/1898 4669/6273/2071
f 4671/6658/2008 4977/6431/1890 4670/6657/2010
f 4672/6270/1760 4982/6435/1958 4671/6658/2008
f 4673/6659/2007 4987/6024/1880 4672/6270/1760
f 4674/6268/2006 4992/6446/1876 4673/6659/2007
f 4675/6660/2023 4997/6450/1870 4674/6268/2006
f 4676/6267/2072 5002/6455/1865 4675/6660/2023
f 4677/6661/2003 5007/6460/1861 4676/6662/2072
f 4677/6661/2003 5017/6469/1851 5012/6465/1856
f 5141/6663/1889 5161/6664/2073 5021/6665/1849
f 4680/6666/1759 5022/6474/1846 4679/6667/2001
f 4679/6667/2001 5177/6623/1851 4710/6668/2002
f 4681/6669/2074 5027/6475/1841 4680/6666/1759
f 4682/6670/2075 5032/6484/1836 4681/6669/2074
f 4683/6671/1998 5037/6487/1831 4682/6670/2075
f 4684/6672/1997 5042/6494/1826 4683/6671/1998
f 4685/6673/1996 5047/6507/1821 4684/6674/1997
f 4686/6668/1995 5052/6505/1816 4685/6673/1996
f 4687/6675/1994 5057/6514/1808 4686/6668/1995
f 4688/6676/1758 5062/6519/1936 4687/6675/1994
f 4688/6676/1758 5072/6530/1791 5067/6525/1797
f 4690/6677/1992 5072/6530/1791 4689/6669/1993
f 4691/6678/1991 5077/6535/1787 4690/6677/1992
f 4692/6679/1990 5082/6539/1782 4691/6678/1991
f 4693/6673/2070 5087/6551/1777 4692/6674/1990
f 4694/6668/1987 5092/6552/1771 4693/6673/2070
f 4695/6667/1988 5097/6558/2060 4694/6668/1987
f 4696/6666/1761 5102/6563/1762 4695/6667/1988
f 4697/6669/2076 5107/6566/1924 4696/6666/1761
f 4698/6670/2014 5112/6530/1919 4697/6669/2076
f 4699/6671/2025 5117/6572/1913 4698/6670/2014
f 4700/6672/2012 5122/6577/1908 4699/6671/2025
f 4701/6673/2011 5127/6551/1904 4700/6674/2012
f 4702/6668/2010 5132/6552/1898 4701/6673/2011
f 4703/6675/2008 5137/6514/1890 4702/6668/2010
f 4704/6666/1760 5142/6519/1958 4703/6675/2008
f 4705/6669/2007 5147/6595/1880 4704/6666/1760
f 4706/6670/2006 5152/6599/1876 4705/6669/2007
f 4707/6671/2023 5157/6605/1870 4706/6670/2006
f 4708/6672/2004 5162/6608/1865 4707/6671/2023
f 4709/6673/2077 5167/6618/1861 4708/6674/2004
f 4710/6668/2002 5172/6619/2067 4709/6673/2077
f 2932/5434/1508 2901/6680/1708 2902/5706/1707
f 2902/5706/1707 2903/6681/1709 2904/6682/1710
f 2904/6682/1710 2905/6683/1711 2906/6684/1712
f 2906/6684/1712 2907/5436/1713 2908/4779/1504
f 2908/4779/1504 2909/6685/1714 2910/6686/1715
f 2910/6686/1715 2911/6687/1716 2908/4779/1504
f 2911/6687/1716 2912/6688/1717 2908/4779/1504
f 2912/6688/1717 2913/6689/1718 2914/6690/1719
f 2914/6690/1719 2915/6691/1720 2916/4780/1505
f 2916/4780/1505 2917/6692/1721 2918/6693/1722
f 2918/6693/1722 2919/6694/1723 2920/6695/1724
f 2920/6695/1724 2921/6696/1725 2922/6697/1726
f 2922/6697/1726 2923/6698/1727 2924/4781/1506
f 2924/4781/1506 2925/6699/1728 2926/5705/1729
f 2926/5705/1729 2927/6700/1730 2924/4781/1506
f 2927/6700/1730 2928/6701/1507 2924/4781/1506
f 2928/6701/1507 2929/6702/1731 2930/6703/1732
f 2930/6703/1732 2931/5440/1733 2928/6701/1507
f 2931/5440/1733 2932/5434/1508 2928/6701/1507
f 2932/5434/1508 2902/5706/1707 2908/4779/1504
f 2902/5706/1707 2904/6682/1710 2908/4779/1504
f 2904/6682/1710 2906/6684/1712 2908/4779/1504
f 2912/6688/1717 2914/6690/1719 2916/4780/1505
f 2916/4780/1505 2918/6693/1722 2924/4781/1506
f 2918/6693/1722 2920/6695/1724 2924/4781/1506
f 2920/6695/1724 2922/6697/1726 2924/4781/1506
f 2908/4779/1504 2912/6688/1717 2916/4780/1505
f 2924/4781/1506 2928/6701/1507 2932/5434/1508
f 2932/5434/1508 2908/4779/1504 2924/4781/1506
f 2964/4783/1508 2933/6704/1708 2936/6705/1710
f 2933/6704/1708 2934/6706/1707 2936/6705/1710
f 2934/6706/1707 2935/5440/1709 2936/6705/1710
f 2936/6705/1710 2937/6707/1711 2938/5706/1712
f 2938/5706/1712 2939/6681/1734 2940/6682/1504
f 2940/6682/1504 2941/6708/1714 2944/4779/1717
f 2941/6708/1714 2942/6709/1715 2944/4779/1717
f 2942/6709/1715 2943/6710/1716 2944/4779/1717
f 2944/4779/1717 2945/6711/1718 2946/6686/1719
f 2946/6686/1719 2947/5437/1720 2948/4784/1505
f 2948/4784/1505 2949/6712/1721 2952/4780/1724
f 2949/6712/1721 2950/6713/1722 2952/4780/1724
f 2950/6713/1722 2951/6691/1723 2952/4780/1724
f 2952/4780/1724 2953/6714/1735 2954/6693/1726
f 2954/6693/1726 2955/6715/1736 2956/6716/1506
f 2956/6716/1506 2957/6717/1728 2958/6718/1729
f 2958/6718/1729 2959/5439/1730 2956/6716/1506
f 2959/5439/1730 2960/4782/1507 2956/6716/1506
f 2960/4782/1507 2961/6719/1737 2964/4783/1508
f 2961/6719/1737 2962/6720/1732 2964/4783/1508
f 2962/6720/1732 2963/6721/1733 2964/4783/1508
f 2936/6705/1710 2938/5706/1712 2964/4783/1508
f 2938/5706/1712 2940/6682/1504 2964/4783/1508
f 2944/4779/1717 2946/6686/1719 2948/4784/1505
f 2952/4780/1724 2954/6693/1726 2948/4784/1505
f 2954/6693/1726 2956/6716/1506 2948/4784/1505
f 2940/6682/1504 2944/4779/1717 2964/4783/1508
f 2944/4779/1717 2948/4784/1505 2964/4783/1508
f 2956/6716/1506 2960/4782/1507 2948/4784/1505
f 2996/4787/1508 2965/6722/1708 2968/6723/1710
f 2965/6722/1708 2966/6724/1707 2968/6723/1710
f 2966/6724/1707 2967/6725/1709 2968/6723/1710
f 2968/6723/1710 2969/6726/1711 2972/6727/1504
f 2969/6726/1711 2970/6728/1712 2972/6727/1504
f 2970/6728/1712 2971/6729/1734 2972/6727/1504
f 2972/6727/1504 2973/6730/1714 2976/6731/1717
f 2973/6730/1714 2974/6732/1715 2976/6731/1717
f 2974/6732/1715 2975/6733/1716 2976/6731/1717
f 2976/6731/1717 2977/6734/1718 2978/6735/1719
f 2978/6735/1719 2979/6736/1738 2980/4785/1505
f 2980/4785/1505 2981/6737/1721 2984/6738/1724
f 2981/6737/1721 2982/6739/1722 2984/6738/1724
f 2982/6739/1722 2983/6740/1723 2984/6738/1724
f 2984/6738/1724 2985/6741/1735 2988/4786/1506
f 2985/6741/1735 2986/6742/1726 2988/4786/1506
f 2986/6742/1726 2987/6743/1736 2988/4786/1506
f 2988/4786/1506 2989/6744/1728 2992/6745/1507
f 2989/6744/1728 2990/6746/1729 2992/6745/1507
f 2990/6746/1729 2991/6747/1730 2992/6745/1507
f 2992/6745/1507 2993/6748/1737 2996/4787/1508
f 2993/6748/1737 2994/6749/1732 2996/4787/1508
f 2994/6749/1732 2995/6750/1739 2996/4787/1508
f 2976/6731/1717 2978/6735/1719 2972/6727/1504
f 2978/6735/1719 2980/4785/1505 2972/6727/1504
f 2996/4787/1508 2968/6723/1710 2972/6727/1504
f 2980/4785/1505 2984/6738/1724 2988/4786/1506
f 2988/4786/1506 2992/6745/1507 2996/4787/1508
f 2996/4787/1508 2972/6727/1504 2980/4785/1505
f 2998/4788/1509 3001/4791/1512 3006/4789/1510
f 3001/4791/1512 3000/4985/1514 3005/4792/1513
f 3000/4793/1514 2999/4796/1516 3004/4794/1515
f 2999/4796/1516 2997/4986/1675 3002/4797/1517
f 3003/4790/1511 3006/4789/1510 3011/4798/1518
f 3011/4798/1518 3006/4789/1510 3005/4792/1513
f 3010/4801/1520 3005/4795/1513 3004/4794/1515
f 3004/4794/1515 3002/4797/1517 3007/4803/1522
f 3008/4799/1519 3011/4798/1518 3016/4804/1523
f 3011/4798/1518 3010/4800/1520 3015/4806/1525
f 3015/4807/1525 3010/4801/1520 3009/4802/1521
f 3009/4802/1521 3007/4803/1522 3012/4809/1527
f 3013/4805/1524 3016/4804/1523 3021/4810/1528
f 3016/4804/1523 3015/4806/1525 3020/4812/1530
f 3020/4813/1530 3015/4807/1525 3014/4808/1526
f 3014/4808/1526 3012/4809/1527 3017/4815/1532
f 3023/4816/1533 3018/4811/1529 3021/4810/1528
f 3021/4810/1528 3020/4812/1530 3025/4818/1535
f 3020/4813/1530 3019/4814/1531 3024/4819/1536
f 3019/4814/1531 3017/4815/1532 3022/4821/1537
f 3023/4822/1533 3026/4825/1534 3031/4823/1538
f 3026/4825/1534 3025/6751/1535 3030/4826/1540
f 3025/4820/1535 3024/4819/1536 3029/4827/1541
f 3024/4819/1536 3022/4821/1537 3027/4829/1542
f 3028/4824/1539 3031/4823/1538 3036/4830/1543
f 3031/4823/1538 3030/4826/1540 3035/4832/1545
f 3030/4828/1540 3029/4827/1541 3034/4833/1546
f 3029/4827/1541 3027/4829/1542 3032/4835/1547
f 3038/4836/1548 3033/4831/1544 3036/4830/1543
f 3041/4837/1549 3036/4830/1543 3035/4832/1545
f 3040/4839/1550 3035/4834/1545 3034/4833/1546
f 3039/4840/1551 3034/4833/1546 3032/4835/1547
f 3038/4836/1553 3041/4837/1556 3046/4842/1554
f 3041/4837/1556 3040/4838/1558 3045/4844/1557
f 3040/4839/1558 3039/4840/1560 3044/4845/1559
f 3039/4840/1560 3037/4841/1552 3042/4847/1561
f 3043/4843/1555 3046/4842/1554 3051/4848/1562
f 3051/4848/1562 3046/4842/1554 3045/4844/1557
f 3050/4851/1564 3045/4846/1557 3044/4845/1559
f 3044/4845/1559 3042/4847/1561 3047/4853/1566
f 3048/4849/1563 3051/4848/1562 3056/4854/1567
f 3051/4848/1562 3050/4850/1564 3055/4856/1569
f 3050/4851/1564 3049/4852/1565 3054/4857/1570
f 3049/4852/1565 3047/4853/1566 3052/4859/1571
f 3053/4855/1568 3056/4854/1567 3061/4860/1572
f 3061/4860/1572 3056/4854/1567 3055/4856/1569
f 3055/4858/1569 3054/4857/1570 3059/4863/1575
f 3059/4863/1575 3054/4857/1570 3052/4859/1571
f 3058/4861/1573 3061/4860/1572 3066/4866/1577
f 3061/4860/1572 3060/4862/1574 3065/4868/1579
f 3060/4864/1574 3059/4863/1575 3064/4869/1580
f 3059/4863/1575 3057/4865/1576 3062/4871/1581
f 3068/4872/1582 3063/5356/1578 3066/4873/1577
f 3066/4873/1577 3065/6752/1579 3070/4875/1584
f 3070/4876/1584 3065/4870/1579 3064/4869/1580
f 3069/4877/1585 3064/4869/1580 3062/4871/1581
f 3073/4879/1587 3068/4872/1582 3071/4874/1583
f 3071/4874/1583 3070/4875/1584 3075/4881/1589
f 3070/4876/1584 3069/4877/1585 3074/4882/1590
f 3074/4882/1590 3069/4877/1585 3067/4878/1586
f 3073/4879/1587 3076/4880/1588 3081/4885/1592
f 3081/4885/1592 3076/4880/1588 3075/4881/1589
f 3075/4883/1589 3074/4882/1590 3079/4888/1595
f 3079/4888/1595 3074/4882/1590 3072/4884/1591
f 3078/4886/1593 3081/4885/1592 3086/4891/1597
f 3081/4885/1592 3080/4887/1594 3085/4893/1599
f 3080/4889/1594 3079/4888/1595 3084/4894/1600
f 3079/4888/1595 3077/4890/1596 3082/4896/1601
f 3088/4897/1602 3083/4892/1598 3086/4891/1597
f 3091/4898/1603 3086/4891/1597 3085/4893/1599
f 3090/4900/1604 3085/4895/1599 3084/4894/1600
f 3089/4901/1605 3084/4894/1600 3082/4896/1601
f 3088/4897/1602 3091/4898/1603 3096/4903/1607
f 3096/4903/1607 3091/4898/1603 3090/4899/1604
f 3090/4900/1604 3089/4901/1605 3094/4906/1610
f 3089/4901/1605 3087/4902/1606 3092/4908/1611
f 3093/4904/1608 3096/4903/1607 3101/4909/1612
f 3096/4903/1607 3095/4905/1609 3100/4911/1614
f 3100/4912/1614 3095/4907/1609 3094/4906/1610
f 3099/4913/1615 3094/4906/1610 3092/4908/1611
f 3103/4915/1617 3098/5365/1613 3101/4916/1612
f 3101/4909/1612 3100/4911/1614 3105/4918/1619
f 3100/4912/1614 3099/4913/1615 3104/4920/1620
f 3099/4913/1615 3097/4914/1616 3102/4922/1621
f 3103/4915/1617 3106/4917/1618 3111/4923/1622
f 3106/4917/1618 3105/5455/1619 3110/4925/1624
f 3105/4921/1619 3104/4920/1620 3109/4926/1625
f 3104/4920/1620 3102/4922/1621 3107/4928/1626
f 3113/4929/1627 3108/4924/1623 3111/4923/1622
f 3116/4930/1628 3111/4923/1622 3110/4925/1624
f 3115/4932/1629 3110/4927/1624 3109/4926/1625
f 3109/4926/1625 3107/4928/1626 3112/4934/1631
f 3118/4935/1632 3113/4929/1627 3116/4930/1628
f 3121/4936/1633 3116/4930/1628 3115/4931/1629
f 3120/4938/1634 3115/4932/1629 3114/4933/1630
f 3114/4933/1630 3112/4934/1631 3117/4940/1636
f 3118/4935/1637 3121/4936/1640 3126/4941/1638
f 3121/4936/1640 3120/4937/1642 3125/4943/1641
f 3120/4938/1642 3119/4939/1741 3124/4944/1643
f 3124/4944/1643 3119/4939/1741 3117/4940/1636
f 3123/4942/1639 3126/4941/1638 3131/4947/1645
f 3131/4947/1645 3126/4941/1638 3125/4943/1641
f 3130/4950/1647 3125/4945/1641 3124/4944/1643
f 3129/4951/1648 3124/4944/1643 3122/4946/1644
f 3128/4948/1646 3131/4947/1645 3136/4953/1650
f 3131/4947/1645 3130/4949/1647 3135/4955/1652
f 3130/4950/1647 3129/4951/1648 3134/4956/1653
f 3134/4956/1653 3129/4951/1648 3127/4952/1649
f 3133/4954/1651 3136/4953/1650 3141/4959/1655
f 3141/4959/1655 3136/4953/1650 3135/4955/1652
f 3140/4962/1657 3135/4957/1652 3134/4956/1653
f 3134/4956/1653 3132/4958/1654 3137/4964/1659
f 3143/4965/1660 3138/5453/1656 3141/4966/1655
f 3146/4968/1661 3141/4959/1655 3140/4961/1657
f 3140/4962/1657 3139/4963/1658 3144/4970/1663
f 3139/4963/1658 3137/4964/1659 3142/4972/1664
f 3143/4965/1660 3146/4967/1661 3151/4973/1665
f 3146/4967/1661 3145/6753/1662 3150/4975/1667
f 3150/4976/1667 3145/4971/1662 3144/4970/1663
f 3149/4977/1668 3144/4970/1663 3142/4972/1664
f 3153/4979/1670 3148/4974/1666 3151/4973/1665
f 3151/4973/1665 3150/4975/1667 3155/4981/1672
f 3150/4976/1667 3149/4977/1668 3154/4982/1673
f 3149/4977/1668 3147/4978/1669 3152/4984/1674
f 3153/4979/1670 3156/4980/1671 3001/4791/1512
f 3001/4791/1512 3156/4980/1671 3155/4981/1672
f 3155/4983/1672 3154/4982/1673 2999/4796/1516
f 3154/4982/1673 3152/4984/1674 2997/4986/1675
f 3158/4987/1509 3161/5176/1512 3166/4988/1510
f 3166/4988/1510 3161/5176/1512 3160/4990/1514
f 3165/4992/1513 3160/5177/1514 3159/4993/1516
f 3159/4993/1516 3157/5178/1675 3162/4995/1676
f 3163/4989/1511 3166/4988/1510 3171/4996/1518
f 3166/4988/1510 3165/4991/1513 3170/4998/1520
f 3165/4992/1513 3164/4994/1515 3169/4999/1521
f 3164/4994/1515 3162/4995/1676 3167/4821/1522
f 3173/5000/1524 3168/4997/1519 3171/4996/1518
f 3176/5001/1523 3171/4996/1518 3170/4998/1520
f 3175/5003/1525 3170/4820/1520 3169/4999/1521
f 3174/5004/1526 3169/4999/1521 3167/4821/1522
f 3173/5000/1524 3176/5001/1523 3181/5006/1528
f 3181/5006/1528 3176/5001/1523 3175/5002/1525
f 3180/4834/1530 3175/5003/1525 3174/5004/1526
f 3179/5009/1678 3174/5004/1526 3172/5005/1677
f 3183/5011/1533 3178/5007/1529 3181/5006/1528
f 3181/5006/1528 3180/5008/1530 3185/5013/1535
f 3180/4834/1530 3179/5009/1678 3184/5014/1536
f 3179/5009/1678 3177/5010/1532 3182/5016/1679
f 3183/5017/1533 3186/6754/1534 3191/5018/1538
f 3191/5018/1538 3186/6754/1534 3185/5020/1535
f 3190/5022/1540 3185/5015/1535 3184/5014/1536
f 3184/5014/1536 3182/5016/1679 3187/5024/1542
f 3193/5025/1544 3188/5019/1539 3191/5018/1538
f 3191/5018/1538 3190/5021/1540 3195/5027/1545
f 3195/5028/1545 3190/5022/1540 3189/5023/1541
f 3189/5023/1541 3187/5024/1542 3192/4853/1547
f 3198/5030/1680 3193/5025/1544 3196/5026/1543
f 3196/5026/1543 3195/5027/1545 3200/5032/1682
f 3200/4858/1682 3195/5028/1545 3194/5029/1546
f 3194/5029/1546 3192/4853/1547 3197/5034/1552
f 3198/5030/1680 3201/5031/1681 3206/5035/1554
f 3201/5031/1681 3200/5032/1682 3205/5037/1557
f 3200/4858/1682 3199/5033/1683 3204/5038/1559
f 3204/5038/1559 3199/5033/1683 3197/5034/1552
f 3203/5036/1555 3206/5035/1554 3211/5040/1562
f 3206/5035/1554 3205/5037/1557 3210/5042/1564
f 3205/4864/1557 3204/5038/1559 3209/5043/1565
f 3204/5038/1559 3202/5039/1561 3207/5045/1566
f 3213/5046/1568 3208/5041/1563 3211/5040/1562
f 3211/5040/1562 3210/5042/1564 3215/5048/1569
f 3210/5044/1564 3209/5043/1565 3214/5049/1570
f 3209/5043/1565 3207/5045/1566 3212/5051/1684
f 3218/5052/1573 3213/5046/1568 3216/5047/1567
f 3221/5053/1572 3216/5047/1567 3215/5048/1569
f 3220/5055/1574 3215/5050/1569 3214/5049/1570
f 3219/5056/1575 3214/5049/1570 3212/5051/1684
f 3223/5058/1578 3218/5052/1573 3221/5053/1572
f 3221/5053/1572 3220/5054/1574 3225/5060/1579
f 3225/5061/1579 3220/5055/1574 3219/5056/1575
f 3224/5062/1580 3219/5056/1575 3217/5057/1576
f 3223/5064/1578 3226/5067/1577 3231/5065/1583
f 3226/5067/1577 3225/6755/1579 3230/5068/1584
f 3225/5061/1579 3224/5062/1580 3229/4894/1585
f 3229/4894/1585 3224/5062/1580 3222/5063/1685
f 3233/5071/1587 3228/5066/1582 3231/5065/1583
f 3236/5072/1588 3231/5065/1583 3230/5068/1584
f 3235/5074/1589 3230/5069/1584 3229/4894/1585
f 3234/5075/1590 3229/4894/1585 3227/5070/1586
f 3238/5077/1593 3233/5071/1587 3236/5072/1588
f 3236/5072/1588 3235/5073/1589 3240/5079/1594
f 3235/5074/1589 3234/5075/1590 3239/5080/1595
f 3234/5075/1590 3232/5076/1686 3237/5082/1687
f 3238/5077/1593 3241/5078/1592 3246/5083/1597
f 3246/5083/1597 3241/5078/1592 3240/5079/1594
f 3245/5086/1599 3240/5081/1594 3239/5080/1595
f 3239/5080/1595 3237/5082/1687 3242/5088/1688
f 3243/5084/1598 3246/5083/1597 3251/5089/1603
f 3246/5083/1597 3245/5085/1599 3250/5091/1604
f 3245/5086/1599 3244/5087/1600 3249/5092/1605
f 3249/5092/1605 3244/5087/1600 3242/5088/1688
f 3248/5090/1602 3251/5089/1603 3256/5095/1607
f 3256/5095/1607 3251/5089/1603 3250/5091/1604
f 3255/5098/1609 3250/5093/1604 3249/5092/1605
f 3254/5099/1610 3249/5092/1605 3247/5094/1606
f 3253/5096/1608 3256/5095/1607 3261/5101/1612
f 3256/5095/1607 3255/5097/1609 3260/5103/1614
f 3255/5098/1609 3254/5099/1610 3259/5104/1615
f 3254/5099/1610 3252/5100/1689 3257/5106/1690
f 3263/5107/1617 3258/5403/1613 3261/5108/1612
f 3261/5108/1612 3260/5559/1614 3265/5110/1619
f 3260/5105/1614 3259/5104/1615 3264/5111/1620
f 3264/5111/1620 3259/5104/1615 3257/5106/1690
f 3263/5107/1617 3266/5109/1618 3271/5114/1622
f 3266/5109/1618 3265/5110/1619 3270/5116/1624
f 3265/5112/1619 3264/5111/1620 3269/5117/1625
f 3269/5117/1625 3264/5111/1620 3262/5113/1691
f 3273/5120/1627 3268/5115/1623 3271/5114/1622
f 3271/5114/1622 3270/5116/1624 3275/5122/1629
f 3270/5118/1624 3269/5117/1625 3274/5123/1630
f 3274/5123/1630 3269/5117/1625 3267/5119/1626
f 3273/5120/1627 3276/5121/1628 3281/5126/1692
f 3276/5121/1628 3275/5122/1629 3280/5128/1694
f 3280/5129/1694 3275/5124/1629 3274/5123/1630
f 3274/5123/1630 3272/5125/1631 3277/5131/1636
f 3278/5127/1693 3281/5126/1692 3286/5132/1638
f 3281/5126/1692 3280/5128/1694 3285/5134/1641
f 3280/5129/1694 3279/5130/1695 3284/5135/1643
f 3279/5130/1695 3277/5131/1636 3282/5137/1644
f 3283/5133/1639 3286/5132/1638 3291/5138/1645
f 3286/5132/1638 3285/5134/1641 3290/5140/1647
f 3285/5136/1641 3284/5135/1643 3289/5141/1648
f 3284/5135/1643 3282/5137/1644 3287/5143/1649
f 3288/5139/1646 3291/5138/1645 3296/5144/1650
f 3296/5144/1650 3291/5138/1645 3290/5140/1647
f 3290/5142/1647 3289/5141/1648 3294/5147/1653
f 3289/5141/1648 3287/5143/1649 3292/5149/1654
f 3293/5145/1651 3296/5144/1650 3301/5150/1655
f 3296/5144/1650 3295/5146/1652 3300/5152/1657
f 3300/5153/1657 3295/5148/1652 3294/5147/1653
f 3294/5147/1653 3292/5149/1654 3297/5155/1659
f 3298/5156/1656 3301/6756/1655 3306/5157/1661
f 3306/5157/1661 3301/6756/1655 3300/5159/1657
f 3300/5153/1657 3299/5154/1658 3304/5161/1663
f 3299/5154/1658 3297/5155/1659 3302/5163/1696
f 3303/5158/1660 3306/5157/1661 3311/5164/1665
f 3306/5157/1661 3305/5160/1662 3310/5166/1667
f 3305/5162/1662 3304/5161/1663 3309/5167/1668
f 3304/5161/1663 3302/5163/1696 3307/5169/1669
f 3313/5170/1670 3308/5165/1666 3311/5164/1665
f 3316/5171/1671 3311/5164/1665 3310/5166/1667
f 3310/5168/1667 3309/5167/1668 3314/5173/1673
f 3314/5173/1673 3309/5167/1668 3307/5169/1669
f 3158/4987/1509 3313/5170/1670 3316/5171/1671
f 3316/5171/1671 3315/5172/1672 3160/4990/1514
f 3315/5174/1672 3314/5173/1673 3159/4993/1516
f 3314/5173/1673 3312/5175/1697 3157/5178/1675
f 3318/5179/1509 3321/5182/1512 3326/5180/1510
f 3321/5182/1512 3320/5227/1514 3325/5183/1513
f 3320/5184/1514 3319/5187/1516 3324/5185/1515
f 3319/5187/1516 3317/5338/1675 3322/5188/1676
f 3328/5189/1519 3323/5181/1698 3326/5180/1510
f 3331/5190/1518 3326/5180/1510 3325/5183/1513
f 3330/5192/1520 3325/5186/1513 3324/5185/1515
f 3329/5193/1521 3324/5185/1515 3322/5188/1676
f 3333/5195/1524 3328/5189/1519 3331/5190/1518
f 3331/5190/1518 3330/5191/1520 3335/5197/1525
f 3330/5192/1520 3329/5193/1521 3334/5198/1526
f 3329/5193/1521 3327/5194/1522 3332/5200/1699
f 3333/5195/1524 3336/5196/1523 3341/5201/1528
f 3336/5196/1523 3335/5197/1525 3340/5203/1530
f 3340/5204/1530 3335/5199/1525 3334/5198/1526
f 3339/5205/1531 3334/5198/1526 3332/5200/1699
f 3338/5202/1529 3341/5201/1528 3346/5207/1534
f 3341/5201/1528 3340/5203/1530 3345/5209/1535
f 3340/5204/1530 3339/5205/1531 3344/5210/1536
f 3339/5205/1531 3337/5206/1700 3342/5212/1679
f 3343/5213/1533 3346/5216/1534 3351/5214/1538
f 3346/5216/1534 3345/5330/1535 3350/5217/1540
f 3350/5218/1540 3345/5211/1535 3344/5210/1536
f 3344/5210/1536 3342/5212/1679 3347/5220/1542
f 3348/5215/1539 3351/5214/1538 3356/5221/1543
f 3356/5221/1543 3351/5214/1538 3350/5217/1540
f 3355/5224/1545 3350/5218/1540 3349/5219/1541
f 3354/5225/1546 3349/5219/1541 3347/5220/1542
f 3358/5179/1680 3353/5222/1544 3356/5221/1543
f 3356/5221/1543 3355/5223/1545 3360/5227/1682
f 3355/5224/1545 3354/5225/1546 3359/5228/1683
f 3359/5228/1683 3354/5225/1546 3352/5226/1547
f 3358/5179/1680 3361/5182/1681 3366/5180/1554
f 3361/5182/1681 3360/5227/1682 3365/5232/1557
f 3360/5229/1682 3359/5228/1683 3364/5233/1559
f 3359/5228/1683 3357/5230/1552 3362/5235/1561
f 3363/5231/1555 3366/5180/1554 3371/5236/1562
f 3366/5180/1554 3365/5232/1557 3370/5191/1564
f 3370/5237/1564 3365/5234/1557 3364/5233/1559
f 3364/5233/1559 3362/5235/1561 3367/5239/1566
f 3373/5240/1568 3368/5189/1563 3371/5236/1562
f 3371/5236/1562 3370/5191/1564 3375/5242/1569
f 3370/5237/1564 3369/5238/1565 3374/5243/1570
f 3374/5243/1570 3369/5238/1565 3367/5239/1566
f 3373/5240/1568 3376/5241/1567 3381/5246/1572
f 3381/5246/1572 3376/5241/1567 3375/5242/1569
f 3380/5248/1574 3375/5244/1569 3374/5243/1570
f 3374/5243/1570 3372/5245/1684 3377/5250/1701
f 3378/5202/1573 3381/5246/1572 3386/5207/1577
f 3386/5207/1577 3381/5246/1572 3380/5247/1574
f 3380/5248/1574 3379/5249/1575 3384/5252/1580
f 3384/5252/1580 3379/5249/1575 3377/5250/1701
f 3383/5213/1578 3386/5256/1577 3391/5255/1583
f 3386/5256/1577 3385/5330/1579 3390/5257/1584
f 3385/5253/1579 3384/5252/1580 3389/5258/1585
f 3384/5252/1580 3382/5254/1702 3387/5260/1586
f 3388/5215/1582 3391/5255/1583 3396/5261/1588
f 3391/5255/1583 3390/5257/1584 3395/5263/1589
f 3390/5259/1584 3389/5258/1585 3394/5264/1590
f 3389/5258/1585 3387/5260/1586 3392/5266/1686
f 3393/5262/1587 3396/5261/1588 3401/5267/1592
f 3401/5267/1592 3396/5261/1588 3395/5263/1589
f 3400/5269/1594 3395/5265/1589 3394/5264/1590
f 3399/5270/1595 3394/5264/1590 3392/5266/1686
f 3398/5268/1593 3401/5267/1592 3406/5272/1597
f 3401/5267/1592 3400/5227/1594 3405/5183/1599
f 3400/5269/1594 3399/5270/1595 3404/5274/1600
f 3399/5270/1595 3397/5271/1687 3402/5276/1688
f 3403/5273/1598 3406/5272/1597 3411/5277/1603
f 3411/5277/1603 3406/5272/1597 3405/5183/1599
f 3410/5278/1604 3405/5275/1599 3404/5274/1600
f 3404/5274/1600 3402/5276/1688 3407/5280/1606
f 3413/5240/1608 3408/5189/1602 3411/5277/1603
f 3411/5277/1603 3410/5191/1604 3415/5242/1609
f 3410/5278/1604 3409/5279/1605 3414/5282/1610
f 3414/5282/1610 3409/5279/1605 3407/5280/1606
f 3418/5285/1613 3413/5240/1608 3416/5281/1607
f 3421/5201/1612 3416/5281/1607 3415/5242/1609
f 3420/5286/1614 3415/5283/1609 3414/5282/1610
f 3414/5282/1610 3412/5284/1689 3417/5288/1690
f 3418/5285/1613 3421/5201/1612 3426/5289/1618
f 3421/5201/1612 3420/5247/1614 3425/5251/1619
f 3420/5286/1614 3419/5287/1615 3424/5291/1620
f 3424/5291/1620 3419/5287/1615 3417/5288/1690
f 3428/5294/1623 3423/5213/1617 3426/5295/1618
f 3426/5295/1618 3425/5330/1619 3430/5296/1624
f 3430/5297/1624 3425/5292/1619 3424/5291/1620
f 3424/5291/1620 3422/5293/1621 3427/5299/1626
f 3428/5294/1623 3431/5214/1622 3436/5300/1628
f 3431/5214/1622 3430/5296/1624 3435/5223/1629
f 3435/5301/1629 3430/5297/1624 3429/5298/1625
f 3434/5302/1630 3429/5298/1625 3427/5299/1626
f 3433/5222/1627 3436/5300/1628 3441/5304/1692
f 3436/5300/1628 3435/5223/1629 3440/5306/1694
f 3435/5301/1629 3434/5302/1630 3439/5307/1695
f 3434/5302/1630 3432/5303/1631 3437/5309/1636
f 3438/5305/1693 3441/5304/1692 3446/5180/1638
f 3441/5304/1692 3440/5306/1694 3445/5232/1641
f 3440/5308/1694 3439/5307/1695 3444/5310/1643
f 3444/5310/1643 3439/5307/1695 3437/5309/1636
f 3443/5181/1639 3446/5180/1638 3451/5236/1645
f 3446/5180/1638 3445/5232/1641 3450/5313/1647
f 3450/5314/1647 3445/5311/1641 3444/5310/1643
f 3444/5310/1643 3442/5312/1644 3447/5316/1703
f 3453/5317/1651 3448/5189/1646 3451/5236/1645
f 3451/5236/1645 3450/5313/1647 3455/5197/1652
f 3455/5318/1652 3450/5314/1647 3449/5315/1648
f 3454/5319/1653 3449/5315/1648 3447/5316/1703
f 3453/5317/1651 3456/5196/1650 3461/5201/1655
f 3461/5201/1655 3456/5196/1650 3455/5197/1652
f 3460/5322/1657 3455/5318/1652 3454/5319/1653
f 3454/5319/1653 3452/5320/1704 3457/5324/1705
f 3463/5208/1660 3458/5321/1656 3461/5201/1655
f 3461/5201/1655 3460/5203/1657 3465/5326/1662
f 3460/5322/1657 3459/5323/1658 3464/5327/1663
f 3459/5323/1658 3457/5324/1705 3462/5329/1696
f 3463/5213/1660 3466/5295/1661 3471/5214/1665
f 3471/5214/1665 3466/5295/1661 3465/5330/1662
f 3470/5331/1667 3465/5328/1662 3464/5327/1663
f 3464/5327/1663 3462/5329/1696 3467/5333/1669
f 3468/5215/1666 3471/5214/1665 3476/5334/1671
f 3471/5214/1665 3470/5257/1667 3475/5263/1672
f 3470/5331/1667 3469/5332/1668 3474/5335/1673
f 3469/5332/1668 3467/5333/1669 3472/5337/1697
f 3318/5179/1509 3473/5262/1706 3476/5334/1671
f 3321/5182/1512 3476/5334/1671 3475/5263/1672
f 3320/5184/1514 3475/5336/1672 3474/5335/1673
f 3319/5187/1516 3474/5335/1673 3472/5337/1697
f 3007/4803/1522 3002/4797/1517 2997/4986/1675
f 2997/4986/1675 3152/4984/1674 3007/4803/1522
f 3152/4984/1674 3147/4978/1669 3007/4803/1522
f 3147/4978/1669 3142/4972/1664 3137/4964/1659
f 3137/4964/1659 3132/4958/1654 3127/4952/1649
f 3127/4952/1649 3122/4946/1644 3107/4928/1626
f 3122/4946/1644 3117/4940/1636 3107/4928/1626
f 3117/4940/1636 3112/4934/1631 3107/4928/1626
f 3107/4928/1626 3102/4922/1621 3087/4902/1606
f 3102/4922/1621 3097/4914/1616 3087/4902/1606
f 3097/4914/1616 3092/4908/1611 3087/4902/1606
f 3087/4902/1606 3082/4896/1601 3067/4878/1586
f 3082/4896/1601 3077/4890/1596 3067/4878/1586
f 3077/4890/1596 3072/4884/1591 3067/4878/1586
f 3067/4878/1586 3062/4871/1581 3057/4865/1576
f 3057/4865/1576 3052/4859/1571 3067/4878/1586
f 3052/4859/1571 3047/4853/1566 3067/4878/1586
f 3047/4853/1566 3042/4847/1561 3037/4841/1552
f 3037/4841/1552 3032/4835/1547 3027/4829/1542
f 3027/4829/1542 3022/4821/1537 3007/4803/1522
f 3022/4821/1537 3017/4815/1532 3007/4803/1522
f 3017/4815/1532 3012/4809/1527 3007/4803/1522
f 3147/4978/1669 3137/4964/1659 3007/4803/1522
f 3137/4964/1659 3127/4952/1649 3007/4803/1522
f 3047/4853/1566 3037/4841/1552 3007/4803/1522
f 3037/4841/1552 3027/4829/1542 3007/4803/1522
f 3127/4952/1649 3107/4928/1626 3007/4803/1522
f 3107/4928/1626 3087/4902/1606 3007/4803/1522
f 3087/4902/1606 3067/4878/1586 3047/4853/1566
f 2998/4788/1509 3003/4790/1511 2902/5339/1707
f 3153/4979/1670 2998/4788/1509 2901/5340/1708
f 3003/4790/1511 3008/4799/1519 2903/5342/1709
f 3008/4799/1519 3013/4805/1524 2904/5343/1710
f 3013/4805/1524 3018/4811/1529 2905/5344/1711
f 3018/5345/1529 3023/4822/1533 2906/5346/1712
f 3023/4822/1533 3028/4824/1539 2907/5348/1713
f 3028/4824/1539 3033/4831/1544 2908/5349/1504
f 3033/4831/1544 3038/4836/1548 2909/5350/1714
f 3038/4836/1553 3043/4843/1555 2910/5351/1715
f 3043/4843/1555 3048/4849/1563 2911/5352/1716
f 3048/4849/1563 3053/4855/1568 2912/5353/1717
f 3053/4855/1568 3058/4861/1573 2913/5354/1718
f 3058/4861/1573 3063/4867/1578 2914/5355/1719
f 3063/5356/1578 3068/4872/1582 2915/5357/1720
f 3068/4872/1582 3073/4879/1587 2916/5359/1505
f 3073/4879/1587 3078/4886/1593 2917/5360/1721
f 3078/4886/1593 3083/4892/1598 2918/5361/1722
f 3083/4892/1598 3088/4897/1602 2919/5362/1723
f 3088/4897/1602 3093/4904/1608 2920/5363/1724
f 3093/4904/1608 3098/4910/1613 2921/5364/1725
f 3098/5365/1613 3103/4915/1617 2922/5366/1726
f 3103/4915/1617 3108/4924/1623 2923/5368/1727
f 3108/4924/1623 3113/4929/1627 2924/5369/1506
f 3113/4929/1627 3118/4935/1632 2925/5370/1728
f 3118/4935/1637 3123/4942/1639 2926/5371/1729
f 3123/4942/1639 3128/4948/1646 2927/5372/1730
f 3128/4948/1646 3133/4954/1651 2928/5373/1507
f 3133/4954/1651 3138/4960/1656 2929/5374/1731
f 3138/4960/1656 3143/5679/1660 2930/5375/1732
f 3143/4965/1660 3148/4974/1666 2931/5376/1733
f 3148/4974/1666 3153/4979/1670 2932/5341/1508
f 3167/4821/1522 3162/4995/1676 3157/5178/1675
f 3157/5178/1675 3312/5175/1697 3307/5169/1669
f 3307/5169/1669 3302/5163/1696 3297/5155/1659
f 3297/5155/1659 3292/5149/1654 3287/5143/1649
f 3287/5143/1649 3282/5137/1644 3267/5119/1626
f 3282/5137/1644 3277/5131/1636 3267/5119/1626
f 3277/5131/1636 3272/5125/1631 3267/5119/1626
f 3267/5119/1626 3262/5113/1691 3257/5106/1690
f 3257/5106/1690 3252/5100/1689 3267/5119/1626
f 3252/5100/1689 3247/5094/1606 3267/5119/1626
f 3247/5094/1606 3242/5088/1688 3237/5082/1687
f 3237/5082/1687 3232/5076/1686 3227/5070/1586
f 3227/5070/1586 3222/5063/1685 3217/5057/1576
f 3217/5057/1576 3212/5051/1684 3227/5070/1586
f 3212/5051/1684 3207/5045/1566 3227/5070/1586
f 3207/5045/1566 3202/5039/1561 3197/5034/1552
f 3197/5034/1552 3192/4853/1547 3207/5045/1566
f 3192/4853/1547 3187/5024/1542 3207/5045/1566
f 3187/5024/1542 3182/5016/1679 3177/5010/1532
f 3177/5010/1532 3172/5005/1677 3167/4821/1522
f 3167/4821/1522 3157/5178/1675 3307/5169/1669
f 3307/5169/1669 3297/5155/1659 3167/4821/1522
f 3297/5155/1659 3287/5143/1649 3167/4821/1522
f 3247/5094/1606 3237/5082/1687 3227/5070/1586
f 3187/5024/1542 3177/5010/1532 3207/5045/1566
f 3177/5010/1532 3167/4821/1522 3207/5045/1566
f 3287/5143/1649 3267/5119/1626 3167/4821/1522
f 3267/5119/1626 3247/5094/1606 3167/4821/1522
f 3247/5094/1606 3227/5070/1586 3167/4821/1522
f 3158/4987/1509 3163/4989/1511 2934/5378/1707
f 3313/5170/1670 3158/4987/1509 2933/5379/1708
f 3163/4989/1511 3168/4997/1519 2935/5381/1709
f 3168/4997/1519 3173/5000/1524 2936/5382/1710
f 3173/5000/1524 3178/5007/1529 2937/5383/1711
f 3178/5384/1529 3183/5017/1533 2938/5385/1712
f 3183/5017/1533 3188/5019/1539 2939/5387/1734
f 3188/5019/1539 3193/5025/1544 2940/5388/1504
f 3193/5025/1544 3198/5030/1680 2941/5389/1714
f 3198/5030/1680 3203/5036/1555 2942/5390/1715
f 3203/5036/1555 3208/5041/1563 2943/5391/1716
f 3208/5041/1563 3213/5046/1568 2944/5392/1717
f 3213/5046/1568 3218/5052/1573 2945/5393/1718
f 3218/5052/1573 3223/5058/1578 2946/5394/1719
f 3223/5064/1578 3228/5066/1582 2947/5395/1720
f 3228/5066/1582 3233/5071/1587 2948/5397/1505
f 3233/5071/1587 3238/5077/1593 2949/5398/1721
f 3238/5077/1593 3243/5084/1598 2950/5399/1722
f 3243/5084/1598 3248/5090/1602 2951/5400/1723
f 3248/5090/1602 3253/5096/1608 2952/5401/1724
f 3253/5096/1608 3258/5102/1613 2953/5402/1735
f 3258/5403/1613 3263/5107/1617 2954/5404/1726
f 3263/5107/1617 3268/5115/1623 2955/5406/1736
f 3268/5115/1623 3273/5120/1627 2956/5407/1506
f 3273/5120/1627 3278/5127/1693 2957/5408/1728
f 3278/5127/1693 3283/5133/1639 2958/5409/1729
f 3283/5133/1639 3288/5139/1646 2959/5410/1730
f 3288/5139/1646 3293/5145/1651 2960/5411/1507
f 3293/5145/1651 3298/5151/1656 2961/5412/1737
f 3298/5151/1656 3303/5696/1660 2962/5413/1732
f 3303/5158/1660 3308/5165/1666 2963/5414/1733
f 3308/5165/1666 3313/5170/1670 2964/5380/1508
f 3327/5194/1522 3322/5188/1676 3317/5338/1675
f 3317/5338/1675 3472/5337/1697 3467/5333/1669
f 3467/5333/1669 3462/5329/1696 3457/5324/1705
f 3457/5324/1705 3452/5320/1704 3467/5333/1669
f 3452/5320/1704 3447/5316/1703 3467/5333/1669
f 3447/5316/1703 3442/5312/1644 3437/5309/1636
f 3437/5309/1636 3432/5303/1631 3427/5299/1626
f 3427/5299/1626 3422/5293/1621 3407/5280/1606
f 3422/5293/1621 3417/5288/1690 3407/5280/1606
f 3417/5288/1690 3412/5284/1689 3407/5280/1606
f 3407/5280/1606 3402/5276/1688 3397/5271/1687
f 3397/5271/1687 3392/5266/1686 3387/5260/1586
f 3387/5260/1586 3382/5254/1702 3377/5250/1701
f 3377/5250/1701 3372/5245/1684 3387/5260/1586
f 3372/5245/1684 3367/5239/1566 3387/5260/1586
f 3367/5239/1566 3362/5235/1561 3357/5230/1552
f 3357/5230/1552 3352/5226/1547 3347/5220/1542
f 3347/5220/1542 3342/5212/1679 3327/5194/1522
f 3342/5212/1679 3337/5206/1700 3327/5194/1522
f 3337/5206/1700 3332/5200/1699 3327/5194/1522
f 3327/5194/1522 3317/5338/1675 3447/5316/1703
f 3317/5338/1675 3467/5333/1669 3447/5316/1703
f 3447/5316/1703 3437/5309/1636 3407/5280/1606
f 3437/5309/1636 3427/5299/1626 3407/5280/1606
f 3407/5280/1606 3397/5271/1687 3367/5239/1566
f 3397/5271/1687 3387/5260/1586 3367/5239/1566
f 3367/5239/1566 3357/5230/1552 3327/5194/1522
f 3357/5230/1552 3347/5220/1542 3327/5194/1522
f 3327/5194/1522 3447/5316/1703 3407/5280/1606
f 3318/5179/1509 3323/5181/1698 2966/5416/1707
f 3473/5262/1706 3318/5179/1509 2965/5417/1708
f 3323/5181/1698 3328/5189/1519 2967/5419/1709
f 3328/5189/1519 3333/5195/1524 2968/5420/1710
f 3333/5195/1524 3338/5202/1529 2969/5421/1711
f 3338/5202/1529 3343/5208/1533 2970/5422/1712
f 3343/5213/1533 3348/5215/1539 2971/5423/1734
f 3348/5215/1539 3353/5222/1544 2972/5418/1504
f 3353/5222/1544 3358/5179/1680 2973/5417/1714
f 3358/5179/1680 3363/5231/1555 2974/5425/1715
f 3363/5231/1555 3368/5189/1563 2975/5426/1716
f 3368/5189/1563 3373/5240/1568 2976/5427/1717
f 3373/5240/1568 3378/5202/1573 2977/5421/1718
f 3378/5202/1573 3383/5208/1578 2978/5422/1719
f 3383/5213/1578 3388/5215/1582 2979/5428/1738
f 3388/5215/1582 3393/5262/1587 2980/5418/1505
f 3393/5262/1587 3398/5268/1593 2981/5417/1721
f 3398/5268/1593 3403/5273/1598 2982/5416/1722
f 3403/5273/1598 3408/5189/1602 2983/5419/1723
f 3408/5189/1602 3413/5240/1608 2984/5430/1724
f 3413/5240/1608 3418/5285/1613 2985/5431/1735
f 3418/5285/1613 3423/5290/1617 2986/5432/1726
f 3423/5213/1617 3428/5294/1623 2987/5423/1736
f 3428/5294/1623 3433/5222/1627 2988/5418/1506
f 3433/5222/1627 3438/5305/1693 2989/5433/1728
f 3438/5305/1693 3443/5181/1639 2990/5416/1729
f 3443/5181/1639 3448/5189/1646 2991/5426/1730
f 3448/5189/1646 3453/5317/1651 2992/5427/1507
f 3453/5317/1651 3458/5321/1656 2993/5421/1737
f 3458/5321/1656 3463/5208/1660 2994/5422/1732
f 3463/5213/1660 3468/5215/1666 2995/5428/1739
f 3468/5215/1666 3473/5262/1706 2996/5418/1508
f 3478/4780/1505 3477/6757/1721 3506/6693/1722
f 3506/6693/1722 3505/6694/1723 3504/6695/1724
f 3504/6695/1724 3503/6758/1725 3502/6697/1726
f 3502/6697/1726 3501/5439/1727 3500/4781/1506
f 3500/4781/1506 2925/6759/1728 3499/6760/1729
f 3499/6760/1729 3498/6700/1730 3500/4781/1506
f 3498/6700/1730 3497/6701/1507 3500/4781/1506
f 3497/6701/1507 3496/6761/1731 3495/6703/1732
f 3495/6703/1732 3494/5440/1733 3497/6701/1507
f 3494/5440/1733 3493/5434/1508 3497/6701/1507
f 3493/5434/1508 3492/6680/1708 3491/5706/1707
f 3491/5706/1707 3490/6681/1709 3489/6682/1710
f 3489/6682/1710 3488/6762/1711 3487/6763/1712
f 3487/6763/1712 3486/5436/1713 3485/5435/1504
f 3485/5435/1504 2909/6764/1714 3484/6686/1715
f 3484/6686/1715 3483/6765/1716 3485/5435/1504
f 3483/6765/1716 3482/6688/1717 3485/5435/1504
f 3482/6688/1717 3481/6689/1718 3480/6690/1719
f 3480/6690/1719 3479/6691/1720 3478/4780/1505
f 3478/4780/1505 3506/6693/1722 3500/4781/1506
f 3506/6693/1722 3504/6695/1724 3500/4781/1506
f 3504/6695/1724 3502/6697/1726 3500/4781/1506
f 3493/5434/1508 3491/5706/1707 3485/5435/1504
f 3491/5706/1707 3489/6682/1710 3485/5435/1504
f 3489/6682/1710 3487/6763/1712 3485/5435/1504
f 3482/6688/1717 3480/6690/1719 3478/4780/1505
f 3500/4781/1506 3497/6701/1507 3493/5434/1508
f 3485/5435/1504 3482/6688/1717 3478/4780/1505
f 3478/4780/1505 3500/4781/1506 3493/5434/1508
f 3508/5437/1505 3507/6766/1721 3536/6691/1724
f 3507/6766/1721 3538/6689/1722 3536/6691/1724
f 3538/6689/1722 3537/6713/1756 3536/6691/1724
f 3536/6691/1724 3535/6767/1725 3534/6768/1726
f 3534/6768/1726 3533/6769/1736 3532/6302/1506
f 3532/6302/1506 3531/6770/1728 3530/6771/1729
f 3530/6771/1729 3529/6772/1730 3532/6302/1506
f 3529/6772/1730 3528/6773/1507 3532/6302/1506
f 3528/6773/1507 3527/4781/1737 3524/5438/1508
f 3527/4781/1737 3526/6774/1732 3524/5438/1508
f 3526/6774/1732 3525/6775/1755 3524/5438/1508
f 3524/5438/1508 3523/6776/1708 3520/5440/1710
f 3523/6776/1708 3522/6702/1707 3520/5440/1710
f 3522/6702/1707 3521/6777/1754 3520/5440/1710
f 3520/5440/1710 3519/5434/1711 3518/6778/1712
f 3518/6778/1712 3517/6779/1734 3516/6780/1504
f 3516/6780/1504 3515/6781/1714 3512/5436/1717
f 3515/6781/1714 3514/6683/1715 3512/5436/1717
f 3514/6683/1715 3513/6782/1716 3512/5436/1717
f 3512/5436/1717 3511/4779/1718 3510/6764/1719
f 3510/6764/1719 3509/6686/1753 3508/5437/1505
f 3536/6691/1724 3534/6768/1726 3508/5437/1505
f 3534/6768/1726 3532/6302/1506 3508/5437/1505
f 3520/5440/1710 3518/6778/1712 3524/5438/1508
f 3518/6778/1712 3516/6780/1504 3524/5438/1508
f 3512/5436/1717 3510/6764/1719 3508/5437/1505
f 3532/6302/1506 3528/6773/1507 3508/5437/1505
f 3528/6773/1507 3524/5438/1508 3508/5437/1505
f 3516/6780/1504 3512/5436/1717 3524/5438/1508
f 3540/5441/1505 3539/4779/1721 3568/6783/1724
f 3539/4779/1721 3570/6784/1722 3568/6783/1724
f 3570/6784/1722 3569/6785/1757 3568/6783/1724
f 3568/6783/1724 3567/4784/1735 3564/6691/1506
f 3567/4784/1735 3566/6786/1726 3564/6691/1506
f 3566/6786/1726 3565/6713/1727 3564/6691/1506
f 3564/6691/1506 3563/6787/1728 3560/6715/1507
f 3563/6787/1728 3562/6788/1729 3560/6715/1507
f 3562/6788/1729 3561/6693/1730 3560/6715/1507
f 3560/6715/1507 3559/6716/1737 3558/6789/1732
f 3558/6789/1732 3557/6772/1755 3556/5439/1508
f 3556/5439/1508 3555/6790/1708 3552/6791/1710
f 3555/6790/1708 3554/6792/1707 3552/6791/1710
f 3554/6792/1707 3553/6793/1754 3552/6791/1710
f 3552/6791/1710 3551/6794/1711 3548/5440/1504
f 3551/6794/1711 3550/6761/1712 3548/5440/1504
f 3550/6761/1712 3549/6795/1734 3548/5440/1504
f 3548/5440/1504 3547/5434/1714 3544/6780/1717
f 3547/5434/1714 3546/6680/1715 3544/6780/1717
f 3546/6680/1715 3545/6796/1716 3544/6780/1717
f 3544/6780/1717 3543/6682/1718 3540/5441/1505
f 3543/6682/1718 3542/6683/1719 3540/5441/1505
f 3542/6683/1719 3541/6797/1720 3540/5441/1505
f 3560/6715/1507 3558/6789/1732 3564/6691/1506
f 3558/6789/1732 3556/5439/1508 3564/6691/1506
f 3540/5441/1505 3568/6783/1724 3564/6691/1506
f 3556/5439/1508 3552/6791/1710 3548/5440/1504
f 3548/5440/1504 3544/6780/1717 3540/5441/1505
f 3540/5441/1505 3564/6691/1506 3556/5439/1508
f 3580/5442/1588 3575/5445/1592 3572/5443/1593
f 3579/4881/1589 3574/4887/1594 3575/5445/1592
f 3579/4883/1589 3578/4882/1590 3573/4888/1595
f 3576/4884/1591 3571/4890/1687 3573/4888/1595
f 3585/5446/1583 3580/5442/1588 3577/5444/1587
f 3585/5446/1583 3584/4875/1584 3579/4881/1589
f 3584/4876/1584 3583/4877/1585 3578/4882/1590
f 3583/4877/1585 3581/4878/1586 3576/4884/1591
f 3590/4873/1577 3585/5446/1583 3582/4872/1582
f 3589/5447/1579 3584/4875/1584 3585/5446/1583
f 3589/4870/1579 3588/4869/1580 3583/4877/1585
f 3586/4871/1581 3581/4878/1586 3583/4877/1585
f 3595/4860/1572 3590/4866/1577 3587/4867/1578
f 3595/4860/1572 3594/4862/1574 3589/4868/1579
f 3594/4864/1574 3593/5448/1575 3588/4869/1580
f 3593/5448/1575 3591/4865/1576 3586/4871/1581
f 3600/4854/1567 3595/4860/1572 3592/4861/1573
f 3599/4856/1569 3594/4862/1574 3595/4860/1572
f 3598/4857/1570 3593/5448/1575 3594/4864/1574
f 3596/4859/1684 3591/4865/1576 3593/5448/1575
f 3605/4848/1562 3600/4854/1567 3597/4855/1568
f 3604/4850/1564 3599/4856/1569 3600/4854/1567
f 3603/4852/1565 3598/4857/1570 3599/4858/1569
f 3601/4853/1566 3596/4859/1684 3598/4857/1570
f 3607/4843/1555 3610/4842/1554 3605/4848/1562
f 3609/4844/1557 3604/4850/1564 3605/4848/1562
f 3608/4845/1559 3603/4852/1565 3604/4851/1564
f 3606/4847/1561 3601/4853/1566 3603/4852/1565
f 3041/4837/1556 3610/4842/1554 3607/4843/1555
f 3041/4837/1556 3040/4838/1558 3609/4844/1557
f 3040/4839/1558 3039/4840/1560 3608/4845/1559
f 3039/4840/1560 3037/4841/1552 3606/4847/1561
f 3615/4830/1543 3041/4837/1549 3038/4836/1548
f 3614/4832/1545 3040/4838/1550 3041/4837/1549
f 3613/4833/1546 3039/4840/1551 3040/4839/1550
f 3611/4835/1547 3037/4841/1552 3039/4840/1551
f 3620/4823/1538 3615/4830/1543 3612/4831/1544
f 3620/4823/1538 3619/4826/1540 3614/4832/1545
f 3619/4828/1540 3618/4827/1541 3613/4833/1546
f 3616/4829/1542 3611/4835/1547 3613/4833/1546
f 3625/4825/1534 3620/4823/1538 3617/4824/1539
f 3625/4825/1534 3624/6751/1535 3619/4826/1540
f 3623/4819/1536 3618/4827/1541 3619/4828/1540
f 3621/4821/1537 3616/4829/1542 3618/4827/1541
f 3630/4810/1528 3625/4817/1534 3622/4816/1533
f 3630/4810/1528 3629/4812/1530 3624/4818/1535
f 3629/4813/1530 3628/5449/1531 3623/4819/1536
f 3628/5449/1531 3626/4815/1532 3621/4821/1537
f 3635/4804/1523 3630/4810/1528 3627/4811/1529
f 3634/4806/1525 3629/4812/1530 3630/4810/1528
f 3633/4808/1526 3628/5449/1531 3629/4813/1530
f 3631/4809/1527 3626/4815/1532 3628/5449/1531
f 3640/4798/1518 3635/4804/1523 3632/4805/1524
f 3640/4798/1518 3639/4800/1520 3634/4806/1525
f 3638/5450/1521 3633/4808/1526 3634/4807/1525
f 3636/4803/1522 3631/4809/1527 3633/4808/1526
f 3642/4790/1511 3645/5451/1510 3640/4798/1518
f 3644/4792/1513 3639/4800/1520 3640/4798/1518
f 3643/4794/1515 3638/5450/1521 3639/4801/1520
f 3641/4797/1517 3636/4803/1522 3638/5450/1521
f 3650/4791/1512 3645/5451/1510 3642/4790/1511
f 3650/4791/1512 3649/4985/1514 3644/4792/1513
f 3648/4796/1516 3643/4794/1515 3644/4795/1513
f 3646/4986/1675 3641/4797/1517 3643/4794/1515
f 3655/4980/1671 3650/4791/1512 3647/4788/1509
f 3654/5452/1672 3649/4985/1514 3650/4791/1512
f 3653/4982/1673 3648/4796/1516 3649/4793/1514
f 3651/4984/1740 3646/4986/1675 3648/4796/1516
f 3660/4973/1665 3655/4980/1671 3652/4979/1670
f 3660/4973/1665 3659/4975/1667 3654/5452/1672
f 3659/4976/1667 3658/4977/1668 3653/4982/1673
f 3658/4977/1668 3656/4978/1669 3651/4984/1740
f 3665/4967/1661 3660/4973/1665 3657/4974/1666
f 3665/4967/1661 3664/6753/1662 3659/4975/1667
f 3663/4970/1663 3658/4977/1668 3659/4976/1667
f 3661/4972/1696 3656/4978/1669 3658/4977/1668
f 3670/4966/1655 3665/4967/1661 3662/4965/1660
f 3669/4961/1657 3664/4969/1662 3665/4968/1661
f 3669/4962/1657 3668/4963/1658 3663/4970/1663
f 3666/4964/1659 3661/4972/1696 3663/4970/1663
f 3675/4953/1650 3670/4959/1655 3667/4960/1656
f 3674/4955/1652 3669/4961/1657 3670/4959/1655
f 3673/4956/1653 3668/4963/1658 3669/4962/1657
f 3671/4958/1654 3666/4964/1659 3668/4963/1658
f 3677/4948/1646 3680/4947/1645 3675/4953/1650
f 3679/4949/1647 3674/4955/1652 3675/4953/1650
f 3678/4951/1648 3673/4956/1653 3674/4957/1652
f 3678/4951/1648 3676/4952/1649 3671/4958/1654
f 3685/4941/1638 3680/4947/1645 3677/4948/1646
f 3684/4943/1641 3679/4949/1647 3680/4947/1645
f 3684/4945/1641 3683/4944/1643 3678/4951/1648
f 3681/4946/1644 3676/4952/1649 3678/4951/1648
f 3118/4935/1637 3121/4936/1640 3685/4941/1638
f 3121/4936/1640 3120/4937/1642 3684/4943/1641
f 3120/4938/1642 3119/4939/1741 3683/4944/1643
f 3117/4940/1636 3681/4946/1644 3683/4944/1643
f 3690/4930/1628 3121/4936/1633 3118/4935/1632
f 3689/4931/1629 3120/4937/1634 3121/4936/1633
f 3688/4933/1630 3119/4939/1635 3120/4938/1634
f 3688/4933/1630 3686/4934/1631 3117/4940/1636
f 3695/4923/1622 3690/4930/1628 3687/4929/1627
f 3695/4923/1622 3694/4925/1624 3689/4931/1629
f 3694/4927/1624 3693/4926/1625 3688/4933/1630
f 3693/4926/1625 3691/4928/1626 3686/4934/1631
f 3700/4917/1618 3695/4923/1622 3692/4924/1623
f 3699/5455/1619 3694/4925/1624 3695/4923/1622
f 3698/4920/1620 3693/4926/1625 3694/4927/1624
f 3696/4922/1621 3691/4928/1626 3693/4926/1625
f 3702/5365/1613 3705/4916/1612 3700/4917/1618
f 3705/5456/1612 3704/5462/1614 3699/5457/1619
f 3704/4912/1614 3703/4913/1615 3698/4920/1620
f 3701/5459/1616 3696/4922/1621 3698/4920/1620
f 3710/4903/1607 3705/5456/1612 3702/5460/1613
f 3710/4903/1607 3709/6798/1609 3704/5462/1614
f 3708/4906/1610 3703/4913/1615 3704/4912/1614
f 3708/4906/1610 3706/4908/1689 3701/5459/1616
f 3712/4897/1602 3715/4898/1603 3710/4903/1607
f 3714/5463/1604 3709/6798/1609 3710/4903/1607
f 3714/4900/1604 3713/4901/1605 3708/4906/1610
f 3713/4901/1605 3711/4902/1606 3706/4908/1689
f 3720/4891/1597 3715/4898/1603 3712/4897/1602
f 3719/4893/1599 3714/5463/1604 3715/4898/1603
f 3718/4894/1600 3713/4901/1605 3714/4900/1604
f 3716/4896/1742 3711/4902/1606 3713/4901/1605
f 3575/5445/1592 3720/4891/1597 3717/4892/1598
f 3575/5445/1592 3574/4887/1594 3719/4893/1599
f 3574/4889/1594 3573/4888/1595 3718/4894/1600
f 3571/4890/1687 3716/4896/1742 3718/4894/1600
f 3727/5071/1587 3730/5072/1588 3725/5078/1592
f 3730/5072/1588 3729/5073/1589 3724/5079/1594
f 3728/5464/1590 3723/5468/1595 3724/5465/1594
f 3728/5464/1590 3726/6799/1748 3721/5467/1687
f 3735/5065/1583 3730/5072/1588 3727/5071/1587
f 3734/5068/1584 3729/5073/1589 3730/5072/1588
f 3733/4863/1585 3728/5464/1590 3729/5466/1589
f 3731/5470/1586 3726/6799/1748 3728/5464/1590
f 3737/5064/1578 3740/5471/1577 3735/5065/1583
f 3740/5471/1577 3739/6755/1579 3734/5068/1584
f 3739/5472/1579 3738/5473/1580 3733/4863/1585
f 3738/5473/1580 3736/5481/1702 3731/5470/1586
f 3745/5474/1572 3740/5478/1577 3737/5475/1578
f 3744/5477/1574 3739/6800/1579 3740/5478/1577
f 3744/5479/1574 3743/5480/1575 3738/5473/1580
f 3743/5480/1575 3741/6801/1701 3736/5481/1702
f 3750/5482/1567 3745/5474/1572 3742/5476/1573
f 3749/5484/1569 3744/5477/1574 3745/5474/1572
f 3748/5485/1570 3743/5480/1575 3744/5479/1574
f 3746/5486/1571 3741/6801/1701 3743/5480/1575
f 3752/5487/1563 3755/5488/1562 3750/5482/1567
f 3755/5488/1562 3754/6802/1564 3749/5484/1569
f 3754/4839/1564 3753/4840/1565 3748/5485/1570
f 3753/4840/1565 3751/5493/1566 3746/5486/1571
f 3757/5489/1555 3760/5491/1554 3755/5488/1562
f 3759/5490/1557 3754/6802/1564 3755/5488/1562
f 3758/4833/1559 3753/4840/1565 3754/4839/1564
f 3758/4833/1559 3756/4835/1561 3751/5493/1566
f 3765/5494/1681 3760/5491/1554 3757/5489/1555
f 3764/5496/1682 3759/5490/1557 3760/5491/1554
f 3764/4828/1682 3763/4827/1683 3758/4833/1559
f 3761/4829/1552 3756/4835/1561 3758/4833/1559
f 3770/5497/1543 3765/5494/1681 3762/5495/1680
f 3769/5499/1545 3764/5496/1682 3765/5494/1681
f 3768/4819/1546 3763/4827/1683 3764/4828/1682
f 3766/5500/1547 3761/4829/1552 3763/4827/1683
f 3775/5501/1538 3770/5497/1543 3767/5498/1544
f 3775/5501/1538 3774/6803/1540 3769/5499/1545
f 3773/5503/1541 3768/4819/1546 3769/4820/1545
f 3771/5504/1542 3766/5500/1547 3768/4819/1546
f 3780/5150/1534 3775/5501/1538 3772/5502/1539
f 3779/5152/1535 3774/6803/1540 3775/5501/1538
f 3778/5505/1536 3773/5503/1541 3774/4813/1540
f 3778/5505/1536 3776/5512/1679 3771/5504/1542
f 3782/5507/1529 3785/5510/1528 3780/5508/1534
f 3785/5510/1528 3784/6804/1530 3779/5511/1535
f 3784/4801/1530 3783/4802/1531 3778/5505/1536
f 3783/4802/1531 3781/6805/1700 3776/5512/1679
f 3787/5513/1524 3790/5515/1523 3785/5510/1528
f 3789/5514/1525 3784/6804/1530 3785/5510/1528
f 3789/5516/1525 3788/5518/1526 3783/4802/1531
f 3786/5517/1699 3781/6805/1700 3783/4802/1531
f 3795/5519/1518 3790/5515/1523 3787/5513/1524
f 3794/4998/1520 3789/5514/1525 3790/5515/1523
f 3793/5520/1521 3788/5518/1526 3789/5516/1525
f 3793/5520/1521 3791/5525/1522 3786/5517/1699
f 3797/4989/1511 3800/5522/1510 3795/5519/1518
f 3800/5522/1510 3799/4991/1513 3794/4998/1520
f 3799/5523/1513 3798/5524/1515 3793/5520/1521
f 3798/5524/1515 3796/6806/1751 3791/5525/1522
f 3802/4987/1509 3805/5176/1512 3800/5522/1510
f 3804/4990/1514 3799/4991/1513 3800/5522/1510
f 3803/5526/1516 3798/5524/1515 3799/5523/1513
f 3801/5528/1675 3796/6806/1751 3798/5524/1515
f 3810/5171/1671 3805/5176/1512 3802/4987/1509
f 3810/5171/1671 3809/5172/1672 3804/4990/1514
f 3809/5530/1672 3808/5532/1673 3803/5526/1516
f 3806/5531/1674 3801/5528/1675 3803/5526/1516
f 3815/5164/1665 3810/5171/1671 3807/5529/1670
f 3814/5166/1667 3809/5172/1672 3810/5171/1671
f 3813/5533/1668 3808/5532/1673 3809/5530/1672
f 3813/5533/1668 3811/4964/1669 3806/5531/1674
f 3820/5534/1661 3815/5164/1665 3812/5165/1666
f 3820/5534/1661 3819/6807/1662 3814/5166/1667
f 3819/4957/1662 3818/4956/1663 3813/5533/1668
f 3818/4956/1663 3816/5781/2078 3811/4964/1669
f 3825/5536/1655 3820/5534/1661 3817/5535/1660
f 3824/5538/1657 3819/6807/1662 3820/5534/1661
f 3823/5539/1744 3818/4956/1663 3819/4957/1662
f 3821/4952/1705 3816/5781/2078 3818/4956/1663
f 3830/5144/1650 3825/5150/1655 3822/5151/1656
f 3830/5144/1650 3829/5146/1652 3824/5540/1657
f 3829/5541/1652 3828/4944/1653 3823/5539/1744
f 3828/4944/1653 3826/6808/1654 3821/4952/1705
f 3832/5139/1646 3835/5542/1645 3830/5144/1650
f 3834/5140/1647 3829/5146/1652 3830/5144/1650
f 3833/4939/1648 3828/4944/1653 3829/5541/1652
f 3831/5544/1649 3826/6808/1654 3828/4944/1653
f 3837/5133/1639 3840/5132/1638 3835/5542/1645
f 3839/5134/1641 3834/5140/1647 3835/5542/1645
f 3838/5545/1643 3833/4939/1648 3834/5543/1647
f 3838/5545/1643 3836/4934/1644 3831/5544/1649
f 3842/5547/1693 3845/5126/1692 3840/5132/1638
f 3844/5548/1694 3839/5134/1641 3840/5132/1638
f 3843/4926/1695 3838/5545/1643 3839/5546/1641
f 3843/4926/1695 3841/4928/1636 3836/4934/1644
f 3850/5121/1628 3845/5126/1692 3842/5547/1693
f 3849/5122/1629 3844/5548/1694 3845/5126/1692
f 3849/5550/1629 3848/5552/1630 3843/4926/1695
f 3846/5551/1631 3841/4928/1636 3843/4926/1695
f 3855/5114/1622 3850/5121/1628 3847/5120/1627
f 3854/5116/1624 3849/5122/1629 3850/5121/1628
f 3853/5553/1625 3848/5552/1630 3849/5550/1629
f 3853/5553/1625 3851/5459/2079 3846/5551/1631
f 3860/5554/1618 3855/5114/1622 3852/5115/1623
f 3860/5554/1618 3859/6809/1619 3854/5116/1624
f 3859/5555/1619 3858/5557/1620 3853/5553/1625
f 3856/5556/1621 3851/5459/2079 3853/5553/1625
f 3865/5558/1612 3860/5554/1618 3857/5107/1617
f 3864/5559/1614 3859/6809/1619 3860/5554/1618
f 3863/5560/1745 3858/5557/1620 3859/5555/1619
f 3861/4902/1690 3856/5556/1621 3858/5557/1620
f 3870/5095/1607 3865/5101/1612 3862/5102/1613
f 3870/5095/1607 3869/5097/1746 3864/5103/1614
f 3868/5562/1610 3863/5560/1745 3864/5561/1614
f 3866/5564/1747 3861/4902/1690 3863/5560/1745
f 3875/5089/1603 3870/5095/1607 3867/5096/1608
f 3874/5091/1604 3869/5097/1746 3870/5095/1607
f 3873/5565/1605 3868/5562/1610 3869/5563/1746
f 3871/4890/1606 3866/5564/1747 3868/5562/1610
f 3877/5084/1598 3880/5083/1597 3875/5089/1603
f 3880/5083/1597 3879/5085/1599 3874/5091/1604
f 3879/5055/1599 3878/5568/1600 3873/5565/1605
f 3876/5567/1601 3871/4890/1606 3873/5565/1605
f 3722/5077/1593 3725/5078/1592 3880/5083/1597
f 3724/5079/1594 3879/5085/1599 3880/5083/1597
f 3723/5468/1595 3878/5568/1600 3879/5055/1599
f 3721/5467/1687 3876/5567/1601 3878/5568/1600
f 3890/5221/1588 3885/5182/1592 3882/5179/1593
f 3889/5263/1589 3884/5227/1594 3885/5182/1592
f 3888/5569/1590 3883/5573/1595 3884/5570/1594
f 3886/5572/1748 3881/5699/1687 3883/5573/1595
f 3895/5214/1583 3890/5221/1588 3887/5262/1587
f 3895/5214/1583 3894/5257/1584 3889/5263/1589
f 3893/5574/1585 3888/5569/1590 3889/5571/1589
f 3893/5574/1585 3891/6198/1586 3886/5572/1748
f 3897/5213/1578 3900/5295/1577 3895/5214/1583
f 3900/5295/1577 3899/6810/1579 3894/5257/1584
f 3898/5576/1580 3893/5574/1585 3894/5575/1584
f 3896/5578/1702 3891/6198/1586 3893/5574/1585
f 3905/5579/1572 3900/5582/1577 3897/5580/1578
f 3905/5579/1572 3904/6811/1574 3899/5251/1579
f 3904/5583/1574 3903/5585/1575 3898/5576/1580
f 3901/5584/1576 3896/5578/1702 3898/5576/1580
f 3910/5241/1567 3905/5579/1572 3902/5581/1573
f 3909/5587/1569 3904/6811/1574 3905/5579/1572
f 3908/5588/1570 3903/5585/1575 3904/5583/1574
f 3906/5590/1571 3901/5584/1576 3903/5585/1575
f 3912/5189/1563 3915/5591/1562 3910/5241/1567
f 3915/5591/1562 3914/6812/1564 3909/5587/1569
f 3914/5592/1564 3913/5594/1565 3908/5588/1570
f 3911/5593/1749 3906/5590/1571 3908/5588/1570
f 3920/5180/1554 3915/5591/1562 3912/5189/1563
f 3919/5595/1557 3914/6812/1564 3915/5591/1562
f 3919/5596/1557 3918/5597/1559 3913/5594/1565
f 3918/5597/1559 3916/5601/1750 3911/5593/1749
f 3922/5179/1680 3925/5182/1681 3920/5180/1554
f 3924/5598/1682 3919/5595/1557 3920/5180/1554
f 3923/5599/1683 3918/5597/1559 3919/5596/1557
f 3923/5599/1683 3921/6182/1552 3916/5601/1750
f 3930/5602/1543 3925/5182/1681 3922/5179/1680
f 3929/5604/1545 3924/5598/1682 3925/5182/1681
f 3928/5605/1546 3923/5599/1683 3924/5600/1682
f 3926/5607/1547 3921/6182/1552 3923/5599/1683
f 3932/5215/1539 3935/5214/1538 3930/5602/1543
f 3934/5608/1540 3929/5604/1545 3930/5602/1543
f 3934/5609/1540 3933/5611/1541 3928/5605/1546
f 3931/5610/1542 3926/5607/1547 3928/5605/1546
f 3937/5213/1533 3940/5216/1534 3935/5214/1538
f 3939/5612/1535 3934/5608/1540 3935/5214/1538
f 3938/5613/1536 3933/5611/1541 3934/5609/1540
f 3938/5613/1536 3936/5617/1679 3931/5610/1542
f 3942/5202/1529 3945/5201/1528 3940/5289/1534
f 3945/5201/1528 3944/5203/1530 3939/5251/1535
f 3944/5615/1530 3943/5616/1531 3938/5613/1536
f 3943/5616/1531 3941/5620/1532 3936/5617/1679
f 3950/5196/1523 3945/5201/1528 3942/5202/1529
f 3949/5197/1525 3944/5203/1530 3945/5201/1528
f 3949/5618/1525 3948/5619/1526 3943/5616/1531
f 3948/5619/1526 3946/5625/1699 3941/5620/1532
f 3955/5621/1518 3950/5196/1523 3947/5195/1524
f 3954/5622/1520 3949/5197/1525 3950/5196/1523
f 3953/5623/1521 3948/5619/1526 3949/5618/1525
f 3953/5623/1521 3951/6813/2080 3946/5625/1699
f 3960/5180/1510 3955/5621/1518 3952/5189/1519
f 3959/5232/1513 3954/5622/1520 3955/5621/1518
f 3958/5626/1515 3953/5623/1521 3954/5624/1520
f 3956/5628/1751 3951/6813/2080 3953/5623/1521
f 3962/5179/1509 3965/5182/1512 3960/5180/1510
f 3964/5227/1514 3959/5232/1513 3960/5180/1510
f 3964/5629/1514 3963/5630/1516 3958/5626/1515
f 3963/5630/1516 3961/6155/1675 3956/5628/1751
f 3970/5221/1671 3965/5182/1512 3962/5179/1509
f 3969/5263/1672 3964/5227/1514 3965/5182/1512
f 3968/5631/1673 3963/5630/1516 3964/5629/1514
f 3966/5633/1674 3961/6155/1675 3963/5630/1516
f 3972/5215/1666 3975/5214/1665 3970/5221/1671
f 3975/5214/1665 3974/5217/1667 3969/5263/1672
f 3974/5634/1667 3973/5635/1668 3968/5631/1673
f 3973/5635/1668 3971/5639/1669 3966/5633/1674
f 3977/5213/1660 3980/5636/1661 3975/5214/1665
f 3979/5330/1662 3974/5217/1667 3975/5214/1665
f 3978/5637/1663 3973/5635/1668 3974/5634/1667
f 3978/5637/1663 3976/6139/1696 3971/5639/1669
f 3985/5640/1655 3980/5582/1661 3977/5580/1660
f 3985/5640/1655 3984/5247/1657 3979/5251/1662
f 3984/5641/1657 3983/5643/1658 3978/5637/1663
f 3981/5642/1705 3976/6139/1696 3978/5637/1663
f 3990/5241/1650 3985/5640/1655 3982/5202/1656
f 3989/5587/1652 3984/5247/1657 3985/5640/1655
f 3988/5644/1653 3983/5643/1658 3984/5641/1657
f 3988/5644/1653 3986/6814/1704 3981/5642/1705
f 3995/5591/1645 3990/5241/1650 3987/5586/1651
f 3994/5646/1647 3989/5587/1652 3990/5241/1650
f 3994/5647/1647 3993/5649/1648 3988/5644/1653
f 3991/5648/1703 3986/6814/1704 3988/5644/1653
f 3997/5181/1639 4000/5180/1638 3995/5591/1645
f 4000/5180/1638 3999/5595/1641 3994/5646/1647
f 3998/5650/1643 3993/5649/1648 3994/5647/1647
f 3998/5650/1643 3996/6815/1644 3991/5648/1703
f 4005/5182/1692 4000/5180/1638 3997/5181/1639
f 4004/5598/1694 3999/5595/1641 4000/5180/1638
f 4003/5652/1695 3998/5650/1643 3999/5651/1641
f 4001/5654/1636 3996/6815/1644 3998/5650/1643
f 4010/5602/1628 4005/5182/1692 4002/5305/1693
f 4009/5604/1629 4004/5598/1694 4005/5182/1692
f 4009/5655/1629 4008/5657/1630 4003/5652/1695
f 4006/5656/1631 4001/5654/1636 4003/5652/1695
f 4015/5214/1622 4010/5602/1628 4007/5262/1627
f 4014/5658/1624 4009/5604/1629 4010/5602/1628
f 4014/5659/1624 4013/5660/1625 4008/5657/1630
f 4013/5660/1625 4011/6107/2079 4006/5656/1631
f 4017/5213/1617 4020/5295/1618 4015/5214/1622
f 4019/5612/1619 4014/5658/1624 4015/5214/1622
f 4018/5661/1620 4013/5660/1625 4014/5659/1624
f 4016/5663/1621 4011/6107/2079 4013/5660/1625
f 4025/5201/1612 4020/5289/1618 4017/5208/1617
f 4025/5201/1612 4024/5247/1614 4019/5664/1619
f 4024/5665/1614 4023/5666/1745 4018/5661/1620
f 4023/5666/1745 4021/5698/1616 4016/5663/1621
f 4027/5240/1608 4030/5241/1607 4025/5201/1612
f 4029/5667/1609 4024/5247/1614 4025/5201/1612
f 4029/5668/1609 4028/5670/1610 4023/5666/1745
f 4026/5669/1611 4021/5698/1616 4023/5666/1745
f 4035/5190/1603 4030/5241/1607 4027/5240/1608
f 4035/5190/1603 4034/5191/1604 4029/5667/1609
f 4034/5671/1604 4033/5673/1605 4028/5670/1610
f 4031/5672/1606 4026/5669/1611 4028/5670/1610
f 4040/5180/1597 4035/5190/1603 4032/5189/1602
f 4039/5183/1599 4034/5191/1604 4035/5190/1603
f 4038/5674/1600 4033/5673/1605 4034/5671/1604
f 4036/5676/1601 4031/5672/1606 4033/5673/1605
f 3885/5182/1592 4040/5180/1597 4037/5181/1752
f 3885/5182/1592 3884/5227/1594 4039/5183/1599
f 3884/5570/1594 3883/5573/1595 4038/5674/1600
f 3883/5573/1595 3881/5699/1687 4036/5676/1601
f 3571/4890/1687 3576/4884/1591 3581/4878/1586
f 3581/4878/1586 3586/4871/1581 3591/4865/1576
f 3591/4865/1576 3596/4859/1684 3037/4841/1552
f 3596/4859/1684 3601/4853/1566 3037/4841/1552
f 3601/4853/1566 3606/4847/1561 3037/4841/1552
f 3037/4841/1552 3611/4835/1547 3616/4829/1542
f 3616/4829/1542 3621/4821/1537 3037/4841/1552
f 3621/4821/1537 3626/4815/1532 3037/4841/1552
f 3626/4815/1532 3631/4809/1527 3636/4803/1522
f 3636/4803/1522 3641/4797/1517 3646/4986/1675
f 3646/4986/1675 3651/4984/1740 3656/4978/1669
f 3656/4978/1669 3661/4972/1696 3646/4986/1675
f 3661/4972/1696 3666/4964/1659 3646/4986/1675
f 3666/4964/1659 3671/4958/1654 3676/4952/1649
f 3676/4952/1649 3681/4946/1644 3117/4940/1636
f 3117/4940/1636 3686/4934/1631 3691/4928/1626
f 3691/4928/1626 3696/4922/1621 3117/4940/1636
f 3696/4922/1621 3701/5459/1616 3117/4940/1636
f 3701/5459/1616 3706/4908/1689 3571/4890/1687
f 3706/4908/1689 3711/4902/1606 3571/4890/1687
f 3711/4902/1606 3716/4896/1742 3571/4890/1687
f 3571/4890/1687 3581/4878/1586 3037/4841/1552
f 3581/4878/1586 3591/4865/1576 3037/4841/1552
f 3626/4815/1532 3636/4803/1522 3037/4841/1552
f 3636/4803/1522 3646/4986/1675 3037/4841/1552
f 3666/4964/1659 3676/4952/1649 3646/4986/1675
f 3676/4952/1649 3117/4940/1636 3646/4986/1675
f 3117/4940/1636 3701/5459/1616 3571/4890/1687
f 3571/4890/1687 3037/4841/1552 3646/4986/1675
f 3478/5677/1505 3577/5444/1587 3572/5443/1593
f 3477/5678/1721 3572/5443/1593 3717/4892/1598
f 3479/5357/1720 3582/4872/1582 3577/5444/1587
f 3480/5358/1719 3587/5356/1578 3582/4872/1582
f 3481/5354/1718 3592/4861/1573 3587/4867/1578
f 3482/5353/1717 3597/4855/1568 3592/4861/1573
f 3483/5352/1716 3602/4849/1563 3597/4855/1568
f 3484/5351/1715 3607/4843/1555 3602/4849/1563
f 2909/5350/1714 3038/4836/1553 3607/4843/1555
f 3485/5349/1504 3612/4831/1544 3038/4836/1548
f 3486/5348/1713 3617/4824/1539 3612/4831/1544
f 3487/5346/1712 3622/4822/1533 3617/4824/1539
f 3488/5347/1711 3627/5345/1529 3622/4822/1533
f 3489/5343/1710 3632/4805/1524 3627/4811/1529
f 3490/5342/1709 3637/4799/1519 3632/4805/1524
f 3491/5339/1707 3642/4790/1511 3637/4799/1519
f 3492/5340/1708 3647/4788/1509 3642/4790/1511
f 3493/5341/1508 3652/4979/1670 3647/4788/1509
f 3494/5376/1733 3657/4974/1666 3652/4979/1670
f 3495/5377/1732 3662/4965/1660 3657/4974/1666
f 3496/5374/1731 3667/4960/1656 3662/5679/1660
f 3497/5373/1507 3672/4954/1651 3667/4960/1656
f 3498/5372/1730 3677/4948/1646 3672/4954/1651
f 3499/5371/1729 3682/4942/1639 3677/4948/1646
f 2925/5370/1728 3118/4935/1637 3682/4942/1639
f 3500/5369/1506 3687/4929/1627 3118/4935/1632
f 3501/5368/1727 3692/4924/1623 3687/4929/1627
f 3502/5366/1726 3697/4915/1617 3692/4924/1623
f 3503/5367/1725 3702/5365/1613 3697/4915/1617
f 3504/5680/1724 3707/5461/1608 3702/5460/1613
f 3505/5362/1723 3712/4897/1602 3707/5461/1608
f 3506/5361/1722 3717/4892/1598 3712/4897/1602
f 3721/5467/1687 3726/6799/1748 3731/5470/1586
f 3731/5470/1586 3736/5481/1702 3741/6801/1701
f 3741/6801/1701 3746/5486/1571 3751/5493/1566
f 3751/5493/1566 3756/4835/1561 3741/6801/1701
f 3756/4835/1561 3761/4829/1552 3741/6801/1701
f 3761/4829/1552 3766/5500/1547 3771/5504/1542
f 3771/5504/1542 3776/5512/1679 3761/4829/1552
f 3776/5512/1679 3781/6805/1700 3761/4829/1552
f 3781/6805/1700 3786/5517/1699 3791/5525/1522
f 3791/5525/1522 3796/6806/1751 3801/5528/1675
f 3801/5528/1675 3806/5531/1674 3811/4964/1669
f 3811/4964/1669 3816/5781/2078 3821/4952/1705
f 3821/4952/1705 3826/6808/1654 3831/5544/1649
f 3831/5544/1649 3836/4934/1644 3821/4952/1705
f 3836/4934/1644 3841/4928/1636 3821/4952/1705
f 3841/4928/1636 3846/5551/1631 3851/5459/2079
f 3851/5459/2079 3856/5556/1621 3841/4928/1636
f 3856/5556/1621 3861/4902/1690 3841/4928/1636
f 3861/4902/1690 3866/5564/1747 3871/4890/1606
f 3871/4890/1606 3876/5567/1601 3721/5467/1687
f 3721/5467/1687 3731/5470/1586 3761/4829/1552
f 3731/5470/1586 3741/6801/1701 3761/4829/1552
f 3781/6805/1700 3791/5525/1522 3761/4829/1552
f 3791/5525/1522 3801/5528/1675 3761/4829/1552
f 3801/5528/1675 3811/4964/1669 3841/4928/1636
f 3811/4964/1669 3821/4952/1705 3841/4928/1636
f 3861/4902/1690 3871/4890/1606 3841/4928/1636
f 3871/4890/1606 3721/5467/1687 3841/4928/1636
f 3721/5467/1687 3761/4829/1552 3841/4928/1636
f 3508/5397/1505 3727/5071/1587 3722/5077/1593
f 3507/5398/1721 3722/5077/1593 3877/5084/1598
f 3509/5395/1753 3732/5066/1743 3727/5071/1587
f 3510/5396/1719 3737/5064/1578 3732/5066/1743
f 3511/5682/1718 3742/5476/1573 3737/5475/1578
f 3512/5684/1717 3747/5483/1568 3742/5476/1573
f 3513/5685/1716 3752/5487/1563 3747/5483/1568
f 3514/5686/1715 3757/5489/1555 3752/5487/1563
f 3515/5687/1714 3762/5495/1680 3757/5489/1555
f 3516/5688/1504 3767/5498/1544 3762/5495/1680
f 3517/5689/1734 3772/5502/1539 3767/5498/1544
f 3518/5690/1712 3777/5151/1533 3772/5502/1539
f 3519/5691/1711 3782/5696/1529 3777/5151/1533
f 3520/5692/1710 3787/5513/1524 3782/5507/1529
f 3521/5381/1754 3792/4997/1519 3787/5513/1524
f 3522/5378/1707 3797/4989/1511 3792/4997/1519
f 3523/5694/1708 3802/4987/1509 3797/4989/1511
f 3524/5695/1508 3807/5529/1670 3802/4987/1509
f 3525/5414/1755 3812/5165/1666 3807/5529/1670
f 3526/5415/1732 3817/5535/1660 3812/5165/1666
f 3527/5412/1737 3822/5151/1656 3817/5696/1660
f 3528/5411/1507 3827/5145/1651 3822/5151/1656
f 3529/5410/1730 3832/5139/1646 3827/5145/1651
f 3530/5409/1729 3837/5133/1639 3832/5139/1646
f 3531/5697/1728 3842/5547/1693 3837/5133/1639
f 3532/5407/1506 3847/5120/1627 3842/5547/1693
f 3533/5406/1736 3852/5115/1623 3847/5120/1627
f 3534/5404/1726 3857/5107/1617 3852/5115/1623
f 3535/5405/1725 3862/5403/1613 3857/5107/1617
f 3536/5401/1724 3867/5096/1608 3862/5102/1613
f 3537/5400/1756 3872/5090/1602 3867/5096/1608
f 3538/5399/1722 3877/5084/1598 3872/5090/1602
f 3881/5699/1687 3886/5572/1748 3891/6198/1586
f 3891/6198/1586 3896/5578/1702 3881/5699/1687
f 3896/5578/1702 3901/5584/1576 3881/5699/1687
f 3901/5584/1576 3906/5590/1571 3921/6182/1552
f 3906/5590/1571 3911/5593/1749 3921/6182/1552
f 3911/5593/1749 3916/5601/1750 3921/6182/1552
f 3921/6182/1552 3926/5607/1547 3931/5610/1542
f 3931/5610/1542 3936/5617/1679 3921/6182/1552
f 3936/5617/1679 3941/5620/1532 3921/6182/1552
f 3941/5620/1532 3946/5625/1699 3961/6155/1675
f 3946/5625/1699 3951/6813/2080 3961/6155/1675
f 3951/6813/2080 3956/5628/1751 3961/6155/1675
f 3961/6155/1675 3966/5633/1674 3971/5639/1669
f 3971/5639/1669 3976/6139/1696 3961/6155/1675
f 3976/6139/1696 3981/5642/1705 3961/6155/1675
f 3981/5642/1705 3986/6814/1704 4001/5654/1636
f 3986/6814/1704 3991/5648/1703 4001/5654/1636
f 3991/5648/1703 3996/6815/1644 4001/5654/1636
f 4001/5654/1636 4006/5656/1631 4011/6107/2079
f 4011/6107/2079 4016/5663/1621 4001/5654/1636
f 4016/5663/1621 4021/5698/1616 4001/5654/1636
f 4021/5698/1616 4026/5669/1611 3881/5699/1687
f 4026/5669/1611 4031/5672/1606 3881/5699/1687
f 4031/5672/1606 4036/5676/1601 3881/5699/1687
f 3881/5699/1687 3901/5584/1576 3921/6182/1552
f 3921/6182/1552 3941/5620/1532 3881/5699/1687
f 3941/5620/1532 3961/6155/1675 3881/5699/1687
f 3961/6155/1675 3981/5642/1705 3881/5699/1687
f 3981/5642/1705 4001/5654/1636 3881/5699/1687
f 3540/5418/1505 3887/5262/1587 3882/5179/1593
f 3539/5417/1721 3882/5179/1593 4037/5181/1752
f 3541/5428/1720 3892/5215/1582 3887/5262/1587
f 3542/5424/1719 3897/5213/1578 3892/5215/1582
f 3543/5700/1718 3902/5581/1573 3897/5580/1578
f 3544/5701/1717 3907/5586/1568 3902/5581/1573
f 3545/5426/1716 3912/5189/1563 3907/5586/1568
f 3546/5416/1715 3917/5181/1555 3912/5189/1563
f 3547/5417/1714 3922/5179/1680 3917/5181/1555
f 3548/5702/1504 3927/5603/1544 3922/5179/1680
f 3549/5428/1734 3932/5215/1539 3927/5603/1544
f 3550/5424/1712 3937/5213/1533 3932/5215/1539
f 3551/5421/1711 3942/5202/1529 3937/5208/1533
f 3552/5703/1710 3947/5195/1524 3942/5202/1529
f 3553/5426/1754 3952/5189/1519 3947/5195/1524
f 3554/5416/1707 3957/5273/1511 3952/5189/1519
f 3555/5417/1708 3962/5179/1509 3957/5273/1511
f 3556/5418/1508 3967/5222/1670 3962/5179/1509
f 3557/5423/1755 3972/5215/1666 3967/5222/1670
f 3558/5424/1732 3977/5213/1660 3972/5215/1666
f 3559/5421/1737 3982/5202/1656 3977/5580/1660
f 3560/5701/1507 3987/5586/1651 3982/5202/1656
f 3561/5426/1730 3992/5189/1646 3987/5586/1651
f 3562/5416/1729 3997/5181/1639 3992/5189/1646
f 3563/5433/1728 4002/5305/1693 3997/5181/1639
f 3564/5702/1506 4007/5262/1627 4002/5305/1693
f 3565/5428/1727 4012/5215/1623 4007/5262/1627
f 3566/5424/1726 4017/5213/1617 4012/5215/1623
f 3567/5421/1735 4022/5202/1613 4017/5208/1617
f 3568/5430/1724 4027/5240/1608 4022/5202/1613
f 3569/5419/1757 4032/5189/1602 4027/5240/1608
f 3570/5416/1722 4037/5181/1752 4032/5189/1602
f 4072/5435/1761 4041/6764/1988 4042/6686/1987
f 4042/6686/1987 4043/5437/1989 4072/5435/1761
f 4043/5437/1989 4044/6816/1990 4072/5435/1761
f 4044/6816/1990 4045/6689/1991 4046/6690/1992
f 4046/6690/1992 4047/6691/1993 4048/4780/1758
f 4048/4780/1758 4049/6692/1994 4050/6693/1995
f 4050/6693/1995 4051/6715/1996 4052/6716/1997
f 4052/6716/1997 4053/6758/1998 4054/6697/1999
f 4054/6697/1999 4055/6698/2000 4052/6716/1997
f 4055/6698/2000 4056/4781/1759 4052/6716/1997
f 4056/4781/1759 4057/6699/2001 4058/6760/2002
f 4058/6760/2002 4059/5438/2003 4060/6776/2004
f 4060/6776/2004 4061/6702/2005 4062/6703/2006
f 4062/6703/2006 4063/6817/2007 4064/5704/1760
f 4064/5704/1760 4065/6680/2008 4068/6781/2012
f 4065/6680/2008 4066/6796/2010 4068/6781/2012
f 4066/6796/2010 4067/6681/2011 4068/6781/2012
f 4068/6781/2012 4069/6683/2013 4070/6684/2014
f 4070/6684/2014 4071/5436/2015 4072/5435/1761
f 4044/6816/1990 4046/6690/1992 4048/4780/1758
f 4048/4780/1758 4050/6693/1995 4052/6716/1997
f 4056/4781/1759 4058/6760/2002 4060/6776/2004
f 4060/6776/2004 4062/6703/2006 4056/4781/1759
f 4062/6703/2006 4064/5704/1760 4056/4781/1759
f 4068/6781/2012 4070/6684/2014 4072/5435/1761
f 4072/5435/1761 4044/6816/1990 4048/4780/1758
f 4048/4780/1758 4052/6716/1997 4056/4781/1759
f 4064/5704/1760 4068/6781/2012 4072/5435/1761
f 4072/5435/1761 4048/4780/1758 4064/5704/1760
f 4104/5707/1761 4073/6687/1988 4076/6690/1990
f 4073/6687/1988 4074/6766/1987 4076/6690/1990
f 4074/6766/1987 4075/6689/2016 4076/6690/1990
f 4076/6690/1990 4077/6818/1991 4080/6819/1758
f 4077/6818/1991 4078/4780/1992 4080/6819/1758
f 4078/4780/1992 4079/6768/1993 4080/6819/1758
f 4080/6819/1758 4081/6820/1994 4084/6772/1997
f 4081/6820/1994 4082/6821/1995 4084/6772/1997
f 4082/6821/1995 4083/6758/1996 4084/6772/1997
f 4084/6772/1997 4085/6773/1998 4086/4781/1999
f 4086/4781/1999 4087/6822/2017 4088/5705/1759
f 4088/5705/1759 4089/6700/2001 4092/6703/2004
f 4089/6700/2001 4090/6701/2002 4092/6703/2004
f 4090/6701/2002 4091/6823/2003 4092/6703/2004
f 4092/6703/2004 4093/5440/2018 4094/5434/2006
f 4094/5434/2006 4095/6824/2007 4096/5706/1760
f 4096/5706/1760 4097/6681/2008 4098/6682/2010
f 4098/6682/2010 4099/6683/2011 4100/6797/2012
f 4100/6797/2012 4101/5441/2019 4102/4779/2014
f 4102/4779/2014 4103/6825/2015 4104/5707/1761
f 4084/6772/1997 4086/4781/1999 4088/5705/1759
f 4092/6703/2004 4094/5434/2006 4088/5705/1759
f 4094/5434/2006 4096/5706/1760 4088/5705/1759
f 4096/5706/1760 4098/6682/2010 4100/6797/2012
f 4100/6797/2012 4102/4779/2014 4096/5706/1760
f 4102/4779/2014 4104/5707/1761 4096/5706/1760
f 4104/5707/1761 4076/6690/1990 4080/6819/1758
f 4080/6819/1758 4084/6772/1997 4104/5707/1761
f 4084/6772/1997 4088/5705/1759 4104/5707/1761
f 4136/5710/1761 4105/6826/1988 4108/6827/1990
f 4105/6826/1988 4106/6828/1987 4108/6827/1990
f 4106/6828/1987 4107/6829/2020 4108/6827/1990
f 4108/6827/1990 4109/6830/1991 4112/6305/1758
f 4109/6830/1991 4110/6831/1992 4112/6305/1758
f 4110/6831/1992 4111/6832/2021 4112/6305/1758
f 4112/6305/1758 4113/6833/1994 4116/6834/1997
f 4113/6833/1994 4114/6835/1995 4116/6834/1997
f 4114/6835/1995 4115/6836/1996 4116/6834/1997
f 4116/6834/1997 4117/6837/1998 4118/6838/1999
f 4118/6838/1999 4119/6839/2017 4120/5708/1759
f 4120/5708/1759 4121/6840/2001 4124/6841/2004
f 4121/6840/2001 4122/6842/2002 4124/6841/2004
f 4122/6842/2002 4123/6843/2022 4124/6841/2004
f 4124/6841/2004 4125/6844/2023 4128/5709/1760
f 4125/6844/2023 4126/6845/2006 4128/5709/1760
f 4126/6845/2006 4127/6846/2007 4128/5709/1760
f 4128/5709/1760 4129/6847/2008 4132/6848/2012
f 4129/6847/2008 4130/6849/2010 4132/6848/2012
f 4130/6849/2010 4131/6850/2024 4132/6848/2012
f 4132/6848/2012 4133/6851/2025 4136/5710/1761
f 4133/6851/2025 4134/6852/2014 4136/5710/1761
f 4134/6852/2014 4135/6853/2015 4136/5710/1761
f 4116/6834/1997 4118/6838/1999 4112/6305/1758
f 4118/6838/1999 4120/5708/1759 4112/6305/1758
f 4136/5710/1761 4108/6827/1990 4112/6305/1758
f 4120/5708/1759 4124/6841/2004 4128/5709/1760
f 4128/5709/1760 4132/6848/2012 4136/5710/1761
f 4136/5710/1761 4112/6305/1758 4120/5708/1759
f 4138/5711/1762 4141/5714/1765 4146/5712/1763
f 4141/5714/1765 4140/5887/1767 4145/5715/1766
f 4140/5716/1767 4139/5719/1769 4144/5717/1768
f 4139/5719/1769 4137/5057/1928 4142/5720/1770
f 4148/5721/1771 4143/5713/1764 4146/5712/1763
f 4151/5722/1772 4146/5712/1763 4145/5715/1766
f 4145/5718/1766 4144/5717/1768 4149/5724/1774
f 4149/5724/1774 4144/5717/1768 4142/5720/1770
f 4148/5721/1771 4151/5722/1772 4156/5726/1776
f 4151/5722/1772 4150/5723/1773 4155/5728/1778
f 4150/5725/1773 4149/5724/1774 4154/5729/1779
f 4149/5724/1774 4147/5070/1775 4152/5731/1780
f 4153/5732/1777 4156/5735/1776 4161/5733/1781
f 4156/5735/1776 4155/6854/1778 4160/5736/1783
f 4160/5737/1783 4155/5730/1778 4154/5729/1779
f 4159/5738/1784 4154/5729/1779 4152/5731/1780
f 4158/5734/1782 4161/5733/1781 4166/5740/1786
f 4161/5733/1781 4160/5736/1783 4165/5742/1788
f 4160/5737/1783 4159/5738/1784 4164/5743/1789
f 4164/5743/1789 4159/5738/1784 4157/5739/1785
f 4168/5746/1791 4163/5741/1787 4166/5740/1786
f 4166/5740/1786 4165/5742/1788 4170/5748/1793
f 4165/5744/1788 4164/5743/1789 4169/5092/1794
f 4164/5743/1789 4162/5745/1790 4167/5750/1795
f 4168/5746/1791 4171/5747/1792 4176/5751/1796
f 4171/5747/1792 4170/5748/1793 4175/5753/1798
f 4170/5749/1793 4169/5092/1794 4174/5754/1799
f 4169/5092/1794 4167/5750/1795 4172/5100/1800
f 4173/5752/1797 4176/5751/1796 4181/5756/1801
f 4181/5756/1801 4176/5751/1796 4175/5753/1798
f 4180/5759/1803 4175/5755/1798 4174/5754/1799
f 4174/5754/1799 4172/5100/1800 4177/5760/1805
f 4178/5757/1806 4181/5756/1809 4186/5761/1807
f 4181/5756/1809 4180/5758/1811 4185/5763/1810
f 4180/5759/1811 4179/5104/1813 4184/5764/1812
f 4179/5104/1813 4177/5760/1805 4182/4940/1814
f 4183/5762/1808 4186/5761/1807 4191/5766/1815
f 4191/5766/1815 4186/5761/1807 4185/5763/1810
f 4190/4945/1817 4185/5765/1810 4184/5764/1812
f 4189/5769/1818 4184/5764/1812 4182/4940/1814
f 4188/5767/1816 4191/5766/1815 4196/5771/1820
f 4191/5766/1815 4190/5768/1817 4195/5773/1822
f 4190/4945/1817 4189/5769/1818 4194/5123/1823
f 4194/5123/1823 4189/5769/1818 4187/5770/1819
f 4193/5774/1821 4196/6306/1820 4201/5775/1825
f 4201/5775/1825 4196/6306/1820 4195/5777/1822
f 4200/5779/1827 4195/5454/1822 4194/5123/1823
f 4194/5123/1823 4192/5125/1824 4197/5781/1829
f 4198/5776/1826 4201/5775/1825 4206/5782/1830
f 4201/5775/1825 4200/5778/1827 4205/5784/1832
f 4200/5779/1827 4199/5780/1828 4204/5785/1833
f 4199/5780/1828 4197/5781/1829 4202/5137/1834
f 4203/5783/1831 4206/5782/1830 4211/5787/1835
f 4206/5782/1830 4205/5784/1832 4210/5789/1837
f 4205/5786/1832 4204/5785/1833 4209/5790/1838
f 4204/5785/1833 4202/5137/1834 4207/5143/1839
f 4208/5788/1836 4211/5787/1835 4216/5791/1840
f 4211/5787/1835 4210/5789/1837 4215/5793/1842
f 4215/5794/1842 4210/4971/1837 4209/5790/1838
f 4209/5790/1838 4207/5143/1839 4212/5528/1844
f 4213/5792/1841 4216/5791/1840 4221/5796/1845
f 4216/5791/1840 4215/5793/1842 4220/5798/1847
f 4220/5523/1847 4215/5794/1842 4214/5795/1843
f 4214/5795/1843 4212/5528/1844 4217/5800/1849
f 4218/5797/1846 4221/5796/1845 4226/5801/1850
f 4221/5796/1845 4220/5798/1847 4225/5803/1852
f 4225/5804/1852 4220/5523/1847 4219/5799/1848
f 4219/5799/1848 4217/5800/1849 4222/5805/1854
f 4223/5802/1851 4226/5801/1850 4231/5806/1855
f 4231/5806/1855 4226/5801/1850 4225/5803/1852
f 4230/5809/1857 4225/5804/1852 4224/5520/1853
f 4229/5810/1858 4224/5520/1853 4222/5805/1854
f 4228/5807/1856 4231/5806/1855 4236/5812/1860
f 4236/5812/1860 4231/5806/1855 4230/5808/1857
f 4230/5809/1857 4229/5810/1858 4234/5815/1863
f 4234/5815/1863 4229/5810/1858 4227/5811/1859
f 4238/5816/1865 4233/5813/1861 4236/5812/1860
f 4241/5817/1866 4236/5812/1860 4235/5814/1862
f 4235/4801/1862 4234/5815/1863 4239/5819/1868
f 4239/5819/1868 4234/5815/1863 4232/4803/1864
f 4243/5821/1870 4238/6228/1865 4241/5822/1866
f 4246/5823/1871 4241/5822/1866 4240/5824/1867
f 4240/4807/1867 4239/5819/1868 4244/5826/1873
f 4239/5819/1868 4237/5820/1869 4242/5827/1874
f 4243/5821/1870 4246/5823/1871 4251/5828/1875
f 4251/5828/1875 4246/5823/1871 4245/5825/1872
f 4250/5831/1877 4245/4992/1872 4244/5826/1873
f 4249/4999/1878 4244/5826/1873 4242/5827/1874
f 4253/5833/1880 4248/5829/1876 4251/5828/1875
f 4251/5828/1875 4250/5830/1877 4255/5835/1882
f 4250/5831/1877 4249/4999/1878 4254/5836/1883
f 4249/4999/1878 4247/5832/1879 4252/5837/1884
f 4258/5838/1885 4253/5833/1880 4256/5834/1881
f 4261/5839/1886 4256/5834/1881 4255/5835/1882
f 4260/5841/1887 4255/5003/1882 4254/5836/1883
f 4254/5836/1883 4252/5837/1884 4257/5843/1889
f 4263/5844/1890 4258/5838/2009 4261/5839/1891
f 4261/5839/1891 4260/5840/1894 4265/5846/1893
f 4260/5841/1894 4259/5842/1896 4264/5847/1895
f 4259/5842/1896 4257/5843/1889 4262/5849/1897
f 4268/5850/1898 4263/5844/1890 4266/5845/1892
f 4271/5851/1899 4266/5845/1892 4265/5846/1893
f 4270/5853/1900 4265/5848/1893 4264/5847/1895
f 4264/5847/1895 4262/5849/1897 4267/5855/1902
f 4268/5850/1898 4271/5851/1899 4276/5856/1903
f 4271/5851/1899 4270/5852/1900 4275/5858/1905
f 4275/5859/1905 4270/5853/1900 4269/5854/1901
f 4274/5860/1906 4269/5854/1901 4267/5855/1902
f 4278/5862/1908 4273/6323/1904 4276/5863/1903
f 4281/5864/1909 4276/5863/1903 4275/5865/1905
f 4280/5867/1910 4275/5859/1905 4274/5860/1906
f 4279/5868/1911 4274/5860/1906 4272/5861/1907
f 4283/5870/1913 4278/5862/1908 4281/5864/1909
f 4281/5864/1909 4280/5866/1910 4285/5872/1915
f 4280/5867/1910 4279/5868/1911 4284/5873/1916
f 4279/5868/1911 4277/5869/1912 4282/5875/1917
f 4283/5870/1913 4286/5871/1914 4291/5876/1918
f 4291/5876/1918 4286/5871/1914 4285/5872/1915
f 4285/5874/1915 4284/5873/1916 4289/5879/1921
f 4289/5879/1921 4284/5873/1916 4282/5875/1917
f 4288/5877/1919 4291/5876/1918 4296/5882/1923
f 4291/5876/1918 4290/5878/1920 4295/5884/1925
f 4290/5880/1920 4289/5879/1921 4294/5049/1926
f 4289/5879/1921 4287/5881/1922 4292/5886/1927
f 4293/5883/1924 4296/5882/1923 4141/5714/1765
f 4141/5714/1765 4296/5882/1923 4295/5884/1925
f 4295/5885/1925 4294/5049/1926 4139/5719/1769
f 4294/5049/1926 4292/5886/1927 4137/5057/1928
f 4298/5888/1762 4301/6073/1765 4306/5889/1763
f 4306/5889/1763 4301/6073/1765 4300/5891/1929
f 4305/5893/1766 4300/6074/1929 4299/5894/1769
f 4304/5895/1768 4299/5894/1769 4297/5896/1928
f 4303/5890/1764 4306/5889/1763 4311/5898/1772
f 4311/5898/1772 4306/5889/1763 4305/5892/1766
f 4305/5893/1766 4304/5895/1768 4309/5901/1774
f 4304/5895/1768 4302/5897/1930 4307/5903/1775
f 4313/5904/1777 4308/5899/1771 4311/5898/1772
f 4316/5905/1776 4311/5898/1772 4310/5900/1931
f 4315/5086/1778 4310/5902/1931 4309/5901/1774
f 4314/5907/1932 4309/5901/1774 4307/5903/1775
f 4318/5909/1782 4313/5904/1777 4316/5905/1776
f 4316/5911/1776 4315/6855/1778 4320/5912/1783
f 4320/5914/1783 4315/5086/1778 4314/5907/1932
f 4319/5915/1934 4314/5907/1932 4312/5908/1933
f 4318/5917/1782 4321/5913/1781 4326/5918/1786
f 4321/5913/1781 4320/5912/1783 4325/5920/1788
f 4320/5914/1783 4319/5915/1934 4324/5921/1789
f 4319/5915/1934 4317/5916/1935 4322/5923/1790
f 4323/5919/1787 4326/5918/1786 4331/5924/1792
f 4326/5918/1786 4325/5920/1788 4330/5926/1793
f 4330/5927/1793 4325/5922/1788 4324/5921/1789
f 4324/5921/1789 4322/5923/1790 4327/5929/1795
f 4328/5925/1791 4331/5924/1792 4336/5930/1796
f 4331/5924/1792 4330/5926/1793 4335/5932/1798
f 4335/5933/1798 4330/5927/1793 4329/5928/1794
f 4329/5928/1794 4327/5929/1795 4332/5935/1800
f 4338/5936/1936 4333/5931/1797 4336/5930/1796
f 4336/5930/1796 4335/5932/1798 4340/5938/1938
f 4340/5939/1938 4335/5933/1798 4334/5934/1799
f 4334/5934/1799 4332/5935/1800 4337/5941/1805
f 4338/5936/1936 4341/5937/1937 4346/5942/1807
f 4341/5937/1937 4340/5938/1938 4345/5944/1810
f 4340/5939/1938 4339/5940/1939 4344/5945/1812
f 4344/5945/1812 4339/5940/1939 4337/5941/1805
f 4343/5943/1808 4346/5942/1807 4351/5948/1815
f 4346/5942/1807 4345/5944/1810 4350/5950/1940
f 4350/5951/1940 4345/5946/1810 4344/5945/1812
f 4349/5952/1818 4344/5945/1812 4342/5947/1814
f 4348/5949/1816 4351/5948/1815 4356/5954/1820
f 4351/5948/1815 4350/5950/1940 4355/5956/1822
f 4350/5951/1940 4349/5952/1818 4354/5957/1823
f 4349/5952/1818 4347/5953/1819 4352/5959/1941
f 4358/5960/1826 4353/5156/1821 4356/5961/1820
f 4361/5534/1825 4356/5961/1820 4355/5962/1822
f 4360/5964/1827 4355/5958/1822 4354/5957/1823
f 4359/5965/1942 4354/5957/1823 4352/5959/1941
f 4363/5967/1831 4358/5960/1826 4361/5534/1825
f 4361/5534/1825 4360/5963/1827 4365/5969/1832
f 4360/5964/1827 4359/5965/1942 4364/5970/1944
f 4359/5965/1942 4357/5966/1943 4362/5972/1945
f 4368/5973/1836 4363/5967/1831 4366/5968/1830
f 4366/5968/1830 4365/5969/1832 4370/5975/1946
f 4365/5971/1832 4364/5970/1944 4369/5154/1838
f 4364/5970/1944 4362/5972/1945 4367/4984/1839
f 4373/5977/1841 4368/5973/1836 4371/5974/1835
f 4376/5978/1840 4371/5974/1835 4370/5975/1946
f 4375/5980/1842 4370/5976/1946 4369/5154/1838
f 4374/5161/1843 4369/5154/1838 4367/4984/1839
f 4378/4989/1846 4373/5977/1841 4376/5978/1840
f 4376/5978/1840 4375/5979/1842 4380/4991/1847
f 4380/5983/1847 4375/5980/1842 4374/5161/1843
f 4379/5984/1848 4374/5161/1843 4372/5981/1947
f 4378/4989/1846 4381/5982/1845 4386/5986/1850
f 4386/5986/1850 4381/5982/1845 4380/4991/1847
f 4385/5989/1852 4380/5983/1847 4379/5984/1848
f 4379/5984/1848 4377/5985/1849 4382/5991/1948
f 4383/5987/1851 4386/5986/1850 4391/5992/1855
f 4386/5986/1850 4385/5988/1852 4390/5994/1949
f 4385/5989/1852 4384/5990/1853 4389/5995/1858
f 4389/5995/1858 4384/5990/1853 4382/5991/1948
f 4393/5998/1861 4388/5993/1856 4391/5992/1855
f 4396/5999/1860 4391/5992/1855 4390/5994/1949
f 4395/6001/1950 4390/5996/1949 4389/5995/1858
f 4394/6002/1863 4389/5995/1858 4387/5997/1859
f 4393/5998/1861 4396/5999/1860 4401/6004/1866
f 4396/5999/1860 4395/6000/1950 4400/6006/1952
f 4400/6007/1952 4395/6001/1950 4394/6002/1863
f 4394/6002/1863 4392/6003/1951 4397/6009/1954
f 4398/6010/1865 4401/6454/1866 4406/6011/1871
f 4406/6011/1871 4401/6454/1866 4400/6013/1952
f 4400/6007/1952 4399/6008/1953 4404/6015/1873
f 4399/6008/1953 4397/6009/1954 4402/6017/1955
f 4408/6018/1876 4403/6012/1870 4406/6011/1871
f 4411/6019/1875 4406/6011/1871 4405/6014/1872
f 4405/6016/1872 4404/6015/1873 4409/6021/1878
f 4409/6021/1878 4404/6015/1873 4402/6017/1955
f 4413/6024/1880 4408/6018/1876 4411/6019/1875
f 4411/6019/1875 4410/6020/1956 4415/6026/1882
f 4415/6027/1882 4410/6022/1956 4409/6021/1878
f 4414/6028/1883 4409/6021/1878 4407/6023/1879
f 4413/6024/1880 4416/6025/1881 4421/6030/1957
f 4416/6025/1881 4415/6026/1882 4420/6032/1959
f 4415/6027/1882 4414/6028/1883 4419/6033/1960
f 4414/6028/1883 4412/6029/1884 4417/6035/1889
f 4418/6031/1958 4421/6030/1957 4426/6036/1892
f 4426/6036/1892 4421/6030/1957 4420/6032/1959
f 4420/6034/1959 4419/6033/1960 4424/6039/1895
f 4419/6033/1960 4417/6035/1889 4422/4853/1897
f 4428/6041/1898 4423/6037/1890 4426/6036/1892
f 4431/6042/1899 4426/6036/1892 4425/6038/1893
f 4425/6040/1893 4424/6039/1895 4429/6044/1901
f 4424/6039/1895 4422/4853/1897 4427/6046/1902
f 4433/6047/1904 4428/6041/1898 4431/6042/1899
f 4436/6048/1903 4431/6042/1899 4430/6043/1961
f 4430/6045/1961 4429/6044/1901 4434/6050/1906
f 4434/6050/1906 4429/6044/1901 4427/6046/1902
f 4433/6047/1904 4436/6048/1903 4441/6051/1909
f 4441/6051/1909 4436/6048/1903 4435/6049/1905
f 4435/4864/1905 4434/6050/1906 4439/6054/1964
f 4434/6050/1906 4432/5039/1962 4437/5045/1912
f 4438/6055/1908 4441/6856/1909 4446/6056/1914
f 4446/6056/1914 4441/6856/1909 4440/6058/1963
f 4440/5044/1963 4439/6054/1964 4444/6060/1916
f 4444/6060/1916 4439/6054/1964 4437/5045/1912
f 4443/6057/1913 4446/6056/1914 4451/6062/1918
f 4446/6056/1914 4445/6059/1915 4450/6064/1965
f 4445/5050/1915 4444/6060/1916 4449/6065/1921
f 4444/6060/1916 4442/6061/1917 4447/6067/1922
f 4448/6063/1919 4451/6062/1918 4456/6068/1923
f 4456/6068/1923 4451/6062/1918 4450/6064/1965
f 4455/5061/1925 4450/6066/1965 4449/6065/1921
f 4454/6071/1926 4449/6065/1921 4447/6067/1922
f 4453/6069/1924 4456/6068/1923 4301/6073/1765
f 4456/6068/1923 4455/6070/1925 4300/5891/1929
f 4455/5061/1925 4454/6071/1926 4299/5894/1769
f 4454/6071/1926 4452/6072/1927 4297/5896/1928
f 4458/6075/1762 4461/6078/1765 4466/6076/1763
f 4461/6078/1765 4460/6113/1929 4465/6079/1766
f 4460/5570/1929 4459/6080/1769 4464/5674/1768
f 4459/6080/1769 4457/6202/1928 4462/5676/1770
f 4468/6081/1771 4463/6077/1764 4466/6076/1763
f 4471/6082/1772 4466/6076/1763 4465/6079/1766
f 4470/6084/1931 4465/5675/1766 4464/5674/1768
f 4469/6085/1774 4464/5674/1768 4462/5676/1770
f 4473/6086/1777 4468/6081/1771 4471/6082/1772
f 4471/6082/1772 4470/6083/1931 4475/6088/1778
f 4475/5668/1778 4470/6084/1931 4469/6085/1774
f 4474/6089/1779 4469/6085/1774 4467/5672/1775
f 4473/6091/1777 4476/6094/1776 4481/6092/1781
f 4476/6094/1776 4475/6857/1778 4480/6095/1783
f 4475/5668/1778 4474/6089/1779 4479/6096/1784
f 4479/6096/1784 4474/6089/1779 4472/6090/1966
f 4478/6093/1782 4481/6092/1781 4486/6097/1786
f 4481/6092/1781 4480/6095/1783 4485/6099/1788
f 4480/5665/1783 4479/6096/1784 4484/5661/1789
f 4484/5661/1789 4479/6096/1784 4477/5698/1967
f 4488/6102/1791 4483/6098/1787 4486/6097/1786
f 4486/6097/1786 4485/6099/1788 4490/6104/1793
f 4490/6105/1793 4485/6100/1788 4484/5661/1789
f 4484/5661/1789 4482/6101/1968 4487/6107/1795
f 4488/6102/1791 4491/6103/1792 4496/6108/1796
f 4491/6103/1792 4490/6104/1793 4495/6110/1798
f 4495/5655/1798 4490/6105/1793 4489/6106/1794
f 4494/6111/1799 4489/6106/1794 4487/6107/1795
f 4498/6075/1936 4493/6109/1969 4496/6108/1796
f 4496/6108/1796 4495/6110/1798 4500/6113/1971
f 4500/6114/1971 4495/5655/1798 4494/6111/1799
f 4499/5652/1939 4494/6111/1799 4492/6112/1970
f 4498/6075/1936 4501/6078/1937 4506/6076/1807
f 4506/6076/1807 4501/6078/1937 4500/6113/1971
f 4500/6114/1971 4499/5652/1939 4504/6117/1812
f 4499/5652/1939 4497/6115/1805 4502/6119/1814
f 4508/6120/1816 4503/6077/1808 4506/6076/1807
f 4506/6076/1807 4505/6116/1810 4510/6083/1940
f 4510/6122/1940 4505/6118/1810 4504/6117/1812
f 4509/6123/1818 4504/6117/1812 4502/6119/1814
f 4508/6120/1816 4511/6121/1815 4516/6087/1820
f 4511/6121/1815 4510/6083/1940 4515/6088/1822
f 4515/5645/1822 4510/6122/1940 4509/6123/1818
f 4514/6125/1823 4509/6123/1818 4507/6124/1972
f 4518/6127/1826 4513/6289/1821 4516/6128/1820
f 4521/6129/1825 4516/6128/1820 4515/6130/1822
f 4515/5645/1822 4514/6125/1823 4519/5643/1828
f 4514/6125/1823 4512/6126/1973 4517/6133/1974
f 4518/6127/1826 4521/6129/1825 4526/6134/1830
f 4526/6134/1830 4521/6129/1825 4520/6131/1827
f 4520/6132/1827 4519/5643/1828 4524/6137/1833
f 4519/5643/1828 4517/6133/1974 4522/6139/1975
f 4523/6135/1831 4526/6134/1830 4531/6140/1835
f 4531/6140/1835 4526/6134/1830 4525/6136/1832
f 4525/6138/1832 4524/6137/1833 4529/6143/1838
f 4524/6137/1833 4522/6139/1975 4527/6145/1839
f 4528/6141/1836 4531/6140/1835 4536/6146/1840
f 4531/6140/1835 4530/6142/1946 4535/6148/1842
f 4530/6144/1946 4529/6143/1838 4534/5631/1843
f 4529/6143/1838 4527/6145/1839 4532/6150/1844
f 4538/6151/1846 4533/6147/1841 4536/6146/1840
f 4541/6152/1845 4536/6146/1840 4535/6148/1842
f 4540/6154/1976 4535/6149/1842 4534/5631/1843
f 4539/5630/1848 4534/5631/1843 4532/6150/1844
f 4538/6151/1846 4541/6152/1845 4546/6156/1850
f 4541/6152/1845 4540/6153/1976 4545/6158/1852
f 4540/6154/1976 4539/5630/1848 4544/6159/1853
f 4539/5630/1848 4537/6155/1849 4542/6161/1854
f 4543/6157/1851 4546/6156/1850 4551/6162/1855
f 4551/6162/1855 4546/6156/1850 4545/6158/1852
f 4550/5624/1949 4545/6160/1852 4544/6159/1853
f 4549/5623/1858 4544/6159/1853 4542/6161/1854
f 4553/6166/1861 4548/6163/1856 4551/6162/1855
f 4551/6162/1855 4550/6164/1949 4555/6168/1950
f 4550/5624/1949 4549/5623/1858 4554/5619/1863
f 4554/5619/1863 4549/5623/1858 4547/6165/1859
f 4553/6170/1861 4556/6094/1860 4561/6171/1866
f 4561/6171/1866 4556/6094/1860 4555/6172/1950
f 4560/6174/1978 4555/6169/1950 4554/5619/1863
f 4559/5616/1868 4554/5619/1863 4552/5625/1977
f 4558/6093/1865 4561/6171/1866 4566/6176/1871
f 4561/6171/1866 4560/6173/1978 4565/6099/1872
f 4560/6174/1978 4559/5616/1868 4564/5613/1873
f 4559/5616/1868 4557/6175/1979 4562/5617/1980
f 4563/6098/1870 4566/6176/1871 4571/6103/1875
f 4566/6176/1871 4565/6099/1872 4570/6104/1956
f 4565/5614/1872 4564/5613/1873 4569/5611/1878
f 4564/5613/1873 4562/5617/1980 4567/6179/1879
f 4568/6177/1876 4571/6103/1875 4576/6108/1881
f 4571/6103/1875 4570/6104/1956 4575/6110/1882
f 4575/6180/1882 4570/6178/1956 4569/5611/1878
f 4569/5611/1878 4567/6179/1879 4572/5607/1981
f 4578/6075/1958 4573/6109/1880 4576/6108/1881
f 4576/6108/1881 4575/6110/1882 4580/6113/1982
f 4580/5600/1982 4575/6180/1882 4574/5605/1883
f 4574/5605/1883 4572/5607/1981 4577/6182/1889
f 4578/6075/1958 4581/6078/1957 4586/6076/1892
f 4586/6076/1892 4581/6078/1957 4580/6113/1982
f 4580/5600/1982 4579/6181/1960 4584/6183/1895
f 4584/6183/1895 4579/6181/1960 4577/6182/1889
f 4588/6081/1898 4583/6077/1890 4586/6076/1892
f 4586/6076/1892 4585/6079/1893 4590/6083/1961
f 4585/5596/1893 4584/6183/1895 4589/6185/1901
f 4589/6185/1901 4584/6183/1895 4582/6184/1897
f 4588/6081/1898 4591/6121/1899 4596/6087/1903
f 4591/6121/1899 4590/6083/1961 4595/6088/1905
f 4590/6186/1961 4589/6185/1901 4594/6187/1906
f 4594/6187/1906 4589/6185/1901 4587/5593/1902
f 4593/6170/1904 4596/6858/1903 4601/6171/1909
f 4601/6171/1909 4596/6858/1903 4595/6172/1905
f 4600/6189/1984 4595/6188/1905 4594/6187/1906
f 4599/6190/1964 4594/6187/1906 4592/5590/1983
f 4598/6093/1908 4601/6171/1909 4606/6176/1914
f 4601/6171/1909 4600/6095/1984 4605/6099/1915
f 4600/6189/1984 4599/6190/1964 4604/6192/1916
f 4599/6190/1964 4597/6191/1985 4602/6194/1986
f 4603/6098/1913 4606/6176/1914 4611/6195/1918
f 4606/6176/1914 4605/6099/1915 4610/6196/1965
f 4605/6193/1915 4604/6192/1916 4609/5574/1921
f 4604/6192/1916 4602/6194/1986 4607/6198/1922
f 4608/6177/1919 4611/6195/1918 4616/6108/1923
f 4611/6195/1918 4610/6196/1965 4615/6199/1925
f 4610/6197/1965 4609/5574/1921 4614/6200/1926
f 4609/5574/1921 4607/6198/1922 4612/5572/1927
f 4613/6109/1924 4616/6108/1923 4461/6078/1765
f 4616/6108/1923 4615/6199/1925 4460/6113/1929
f 4460/5570/1929 4615/6201/1925 4614/6200/1926
f 4459/6080/1769 4614/6200/1926 4612/5572/1927
f 4147/5070/1775 4142/5720/1770 4137/5057/1928
f 4137/5057/1928 4292/5886/1927 4147/5070/1775
f 4292/5886/1927 4287/5881/1922 4147/5070/1775
f 4287/5881/1922 4282/5875/1917 4277/5869/1912
f 4277/5869/1912 4272/5861/1907 4267/5855/1902
f 4267/5855/1902 4262/5849/1897 4247/5832/1879
f 4262/5849/1897 4257/5843/1889 4247/5832/1879
f 4257/5843/1889 4252/5837/1884 4247/5832/1879
f 4247/5832/1879 4242/5827/1874 4227/5811/1859
f 4242/5827/1874 4237/5820/1869 4227/5811/1859
f 4237/5820/1869 4232/4803/1864 4227/5811/1859
f 4227/5811/1859 4222/5805/1854 4207/5143/1839
f 4222/5805/1854 4217/5800/1849 4207/5143/1839
f 4217/5800/1849 4212/5528/1844 4207/5143/1839
f 4207/5143/1839 4202/5137/1834 4197/5781/1829
f 4197/5781/1829 4192/5125/1824 4187/5770/1819
f 4187/5770/1819 4182/4940/1814 4177/5760/1805
f 4177/5760/1805 4172/5100/1800 4167/5750/1795
f 4167/5750/1795 4162/5745/1790 4147/5070/1775
f 4162/5745/1790 4157/5739/1785 4147/5070/1775
f 4157/5739/1785 4152/5731/1780 4147/5070/1775
f 4287/5881/1922 4277/5869/1912 4147/5070/1775
f 4277/5869/1912 4267/5855/1902 4147/5070/1775
f 4207/5143/1839 4197/5781/1829 4187/5770/1819
f 4187/5770/1819 4177/5760/1805 4147/5070/1775
f 4177/5760/1805 4167/5750/1795 4147/5070/1775
f 4267/5855/1902 4247/5832/1879 4227/5811/1859
f 4227/5811/1859 4207/5143/1839 4187/5770/1819
f 4147/5070/1775 4267/5855/1902 4187/5770/1819
f 4138/5711/1762 4143/5713/1764 4042/6203/1987
f 4293/5883/1924 4138/5711/1762 4041/6204/1988
f 4042/6203/1987 4143/5713/1764 4148/5721/1771
f 4148/5721/1771 4153/5727/1777 4044/6207/1990
f 4153/5732/1777 4158/5734/1782 4045/6208/1991
f 4045/6208/1991 4158/5734/1782 4163/5741/1787
f 4163/5741/1787 4168/5746/1791 4047/6211/1993
f 4047/6211/1993 4168/5746/1791 4173/5752/1797
f 4173/5752/1797 4178/5757/1802 4049/6213/1994
f 4178/5757/1806 4183/5762/1808 4050/6214/1995
f 4183/5762/1808 4188/5767/1816 4051/6215/1996
f 4051/6215/1996 4188/5767/1816 4193/5772/1821
f 4052/6216/1997 4193/5772/1821 4198/6217/1826
f 4053/6219/1998 4198/5776/1826 4203/5783/1831
f 4203/5783/1831 4208/5788/1836 4055/6221/2000
f 4055/6221/2000 4208/5788/1836 4213/5792/1841
f 4213/5792/1841 4218/5797/1846 4057/6223/2001
f 4218/5797/1846 4223/5802/1851 4058/6224/2002
f 4223/5802/1851 4228/5807/1856 4059/6225/2003
f 4228/5807/1856 4233/5813/1861 4060/6226/2004
f 4233/5813/1861 4238/5816/1865 4061/6227/2005
f 4238/6228/1865 4243/5821/1870 4062/6229/2006
f 4243/5821/1870 4248/5829/1876 4063/6231/2007
f 4248/5829/1876 4253/5833/1880 4064/6232/1760
f 4253/5833/1880 4258/5838/1885 4065/6233/2008
f 4258/5838/2009 4263/5844/1890 4066/6234/2010
f 4263/5844/1890 4268/5850/1898 4067/6235/2011
f 4268/5850/1898 4273/5857/1904 4068/6236/2012
f 4273/5857/1904 4278/6631/1908 4069/6237/2013
f 4278/5862/1908 4283/5870/1913 4070/6238/2014
f 4283/5870/1913 4288/5877/1919 4071/6240/2015
f 4288/5877/1919 4293/5883/1924 4072/6205/1761
f 4307/5903/1775 4302/5897/1930 4297/5896/1928
f 4297/5896/1928 4452/6072/1927 4307/5903/1775
f 4452/6072/1927 4447/6067/1922 4307/5903/1775
f 4447/6067/1922 4442/6061/1917 4437/5045/1912
f 4437/5045/1912 4432/5039/1962 4427/6046/1902
f 4427/6046/1902 4422/4853/1897 4407/6023/1879
f 4422/4853/1897 4417/6035/1889 4407/6023/1879
f 4417/6035/1889 4412/6029/1884 4407/6023/1879
f 4407/6023/1879 4402/6017/1955 4397/6009/1954
f 4397/6009/1954 4392/6003/1951 4407/6023/1879
f 4392/6003/1951 4387/5997/1859 4407/6023/1879
f 4387/5997/1859 4382/5991/1948 4377/5985/1849
f 4377/5985/1849 4372/5981/1947 4367/4984/1839
f 4367/4984/1839 4362/5972/1945 4357/5966/1943
f 4357/5966/1943 4352/5959/1941 4347/5953/1819
f 4347/5953/1819 4342/5947/1814 4337/5941/1805
f 4337/5941/1805 4332/5935/1800 4347/5953/1819
f 4332/5935/1800 4327/5929/1795 4347/5953/1819
f 4327/5929/1795 4322/5923/1790 4307/5903/1775
f 4322/5923/1790 4317/5916/1935 4307/5903/1775
f 4317/5916/1935 4312/5908/1933 4307/5903/1775
f 4447/6067/1922 4437/5045/1912 4307/5903/1775
f 4437/5045/1912 4427/6046/1902 4307/5903/1775
f 4387/5997/1859 4377/5985/1849 4367/4984/1839
f 4367/4984/1839 4357/5966/1943 4387/5997/1859
f 4357/5966/1943 4347/5953/1819 4387/5997/1859
f 4427/6046/1902 4407/6023/1879 4307/5903/1775
f 4407/6023/1879 4387/5997/1859 4307/5903/1775
f 4347/5953/1819 4327/5929/1795 4307/5903/1775
f 4298/5888/1762 4303/5890/1764 4074/6241/1987
f 4453/6069/1924 4298/5888/1762 4073/6242/1988
f 4303/5890/1764 4308/5899/1771 4075/6244/2016
f 4075/6244/2016 4308/5899/1771 4313/5904/1777
f 4313/6246/1777 4318/5917/1782 4077/6247/1991
f 4318/5917/1782 4323/5919/1787 4078/6249/1992
f 4323/5919/1787 4328/5925/1791 4079/6250/1993
f 4328/5925/1791 4333/5931/1797 4080/6251/1758
f 4333/5931/1797 4338/5936/1936 4081/6252/1994
f 4338/5936/1936 4343/5943/1808 4082/6253/1995
f 4343/5943/1808 4348/5949/1816 4083/6254/1996
f 4348/5949/1816 4353/5955/1821 4084/6255/1997
f 4353/5955/1821 4358/6859/1826 4085/6256/1998
f 4358/5960/1826 4363/5967/1831 4086/6257/1999
f 4086/6257/1999 4363/5967/1831 4368/5973/1836
f 4368/5973/1836 4373/5977/1841 4088/6260/1759
f 4373/5977/1841 4378/4989/1846 4089/6261/2001
f 4378/4989/1846 4383/5987/1851 4090/6262/2002
f 4383/5987/1851 4388/5993/1856 4091/6263/2003
f 4388/5993/1856 4393/5998/1861 4092/6264/2004
f 4393/6265/1861 4398/6010/1865 4093/6266/2018
f 4398/6010/1865 4403/6012/1870 4094/6268/2006
f 4403/6012/1870 4408/6018/1876 4095/6269/2007
f 4408/6018/1876 4413/6024/1880 4096/6270/1760
f 4413/6024/1880 4418/6031/1958 4097/6271/2008
f 4418/6031/1958 4423/6037/1890 4098/6272/2010
f 4423/6037/1890 4428/6041/1898 4099/6273/2011
f 4428/6041/1898 4433/6047/1904 4100/6274/2012
f 4433/6047/1904 4438/6052/1908 4101/6275/2019
f 4438/6055/1908 4443/6057/1913 4102/6276/2014
f 4443/6057/1913 4448/6063/1919 4103/6278/2015
f 4448/6063/1919 4453/6069/1924 4104/6243/1761
f 4467/5672/1775 4462/5676/1770 4457/6202/1928
f 4457/6202/1928 4612/5572/1927 4607/6198/1922
f 4607/6198/1922 4602/6194/1986 4597/6191/1985
f 4597/6191/1985 4592/5590/1983 4607/6198/1922
f 4592/5590/1983 4587/5593/1902 4607/6198/1922
f 4587/5593/1902 4582/6184/1897 4577/6182/1889
f 4577/6182/1889 4572/5607/1981 4567/6179/1879
f 4567/6179/1879 4562/5617/1980 4547/6165/1859
f 4562/5617/1980 4557/6175/1979 4547/6165/1859
f 4557/6175/1979 4552/5625/1977 4547/6165/1859
f 4547/6165/1859 4542/6161/1854 4537/6155/1849
f 4537/6155/1849 4532/6150/1844 4527/6145/1839
f 4527/6145/1839 4522/6139/1975 4517/6133/1974
f 4517/6133/1974 4512/6126/1973 4527/6145/1839
f 4512/6126/1973 4507/6124/1972 4527/6145/1839
f 4507/6124/1972 4502/6119/1814 4497/6115/1805
f 4497/6115/1805 4492/6112/1970 4487/6107/1795
f 4487/6107/1795 4482/6101/1968 4467/5672/1775
f 4482/6101/1968 4477/5698/1967 4467/5672/1775
f 4477/5698/1967 4472/6090/1966 4467/5672/1775
f 4467/5672/1775 4457/6202/1928 4587/5593/1902
f 4457/6202/1928 4607/6198/1922 4587/5593/1902
f 4587/5593/1902 4577/6182/1889 4547/6165/1859
f 4577/6182/1889 4567/6179/1879 4547/6165/1859
f 4547/6165/1859 4537/6155/1849 4507/6124/1972
f 4537/6155/1849 4527/6145/1839 4507/6124/1972
f 4507/6124/1972 4497/6115/1805 4467/5672/1775
f 4497/6115/1805 4487/6107/1795 4467/5672/1775
f 4467/5672/1775 4587/5593/1902 4547/6165/1859
f 4458/6075/1762 4463/6077/1764 4106/6279/1987
f 4613/6109/1924 4458/6075/1762 4105/6280/1988
f 4463/6077/1764 4468/6081/1771 4107/6282/2020
f 4468/6081/1771 4473/6086/1777 4108/6283/1990
f 4473/6091/1777 4478/6093/1782 4109/6284/1991
f 4478/6093/1782 4483/6098/1787 4110/6286/1992
f 4483/6098/1787 4488/6102/1791 4111/6287/2021
f 4488/6102/1791 4493/6109/1969 4112/6281/1758
f 4493/6109/1969 4498/6075/1936 4113/6280/1994
f 4498/6075/1936 4503/6077/1808 4114/6279/1995
f 4503/6077/1808 4508/6120/1816 4115/6288/1996
f 4508/6120/1816 4513/6086/1821 4116/6283/1997
f 4513/6289/1821 4518/6127/1826 4117/6290/1998
f 4518/6127/1826 4523/6135/1831 4118/6292/1999
f 4523/6135/1831 4528/6141/1836 4119/6293/2017
f 4528/6141/1836 4533/6147/1841 4120/6294/1759
f 4533/6147/1841 4538/6151/1846 4121/6295/2001
f 4538/6151/1846 4543/6157/1851 4122/6296/2002
f 4543/6157/1851 4548/6163/1856 4123/6297/2022
f 4548/6163/1856 4553/6166/1861 4124/6298/2004
f 4553/6170/1861 4558/6093/1865 4125/6284/2023
f 4558/6093/1865 4563/6098/1870 4126/6286/2006
f 4563/6098/1870 4568/6177/1876 4127/6300/2007
f 4568/6177/1876 4573/6109/1880 4128/6281/1760
f 4573/6109/1880 4578/6075/1958 4129/6280/2008
f 4578/6075/1958 4583/6077/1890 4130/6279/2010
f 4583/6077/1890 4588/6081/1898 4131/6282/2024
f 4588/6081/1898 4593/6086/1904 4132/6283/2012
f 4593/6170/1904 4598/6093/1908 4133/6284/2025
f 4598/6093/1908 4603/6098/1913 4134/6286/2014
f 4603/6098/1913 4608/6177/1919 4135/6300/2015
f 4608/6177/1919 4613/6109/1924 4136/6281/1761
f 4618/4781/1759 4617/6699/2001 4646/6760/2002
f 4646/6760/2002 4645/5438/2003 4644/6776/2004
f 4644/6776/2004 4643/6702/2005 4642/6860/2006
f 4642/6860/2006 4641/6817/2007 4640/5704/1760
f 4640/5704/1760 4065/6680/2008 4637/6781/2012
f 4065/6680/2008 4639/5706/2010 4637/6781/2012
f 4639/5706/2010 4638/6780/2011 4637/6781/2012
f 4637/6781/2012 4636/6683/2013 4635/6797/2014
f 4635/6797/2014 4634/5436/2015 4633/5435/1761
f 4633/5435/1761 4632/6764/1988 4631/6686/1987
f 4631/6686/1987 4630/5437/1989 4633/5435/1761
f 4630/5437/1989 4629/6816/1990 4633/5435/1761
f 4629/6816/1990 4628/6712/1991 4627/6713/1992
f 4627/6713/1992 4626/6691/1993 4625/4780/1758
f 4625/4780/1758 4049/6768/1994 4624/6693/1995
f 4624/6693/1995 4623/6715/1996 4622/6716/1997
f 4622/6716/1997 4621/6758/1998 4620/6697/1999
f 4620/6697/1999 4619/6698/2000 4622/6716/1997
f 4619/6698/2000 4618/4781/1759 4622/6716/1997
f 4618/4781/1759 4646/6760/2002 4644/6776/2004
f 4644/6776/2004 4642/6860/2006 4618/4781/1759
f 4642/6860/2006 4640/5704/1760 4618/4781/1759
f 4637/6781/2012 4635/6797/2014 4633/5435/1761
f 4629/6816/1990 4627/6713/1992 4625/4780/1758
f 4625/4780/1758 4624/6693/1995 4622/6716/1997
f 4640/5704/1760 4637/6781/2012 4618/4781/1759
f 4637/6781/2012 4633/5435/1761 4618/4781/1759
f 4633/5435/1761 4629/6816/1990 4625/4780/1758
f 4625/4780/1758 4622/6716/1997 4618/4781/1759
f 4648/6301/1759 4647/6682/2001 4676/6710/2072
f 4647/6682/2001 4678/6861/2002 4676/6710/2072
f 4678/6861/2002 4677/6709/2003 4676/6710/2072
f 4676/6710/2072 4675/4779/2023 4674/6711/2006
f 4674/6711/2006 4673/5707/2007 4672/5437/1760
f 4672/5437/1760 4671/4784/2008 4670/6862/2010
f 4670/6862/2010 4669/6690/2071 4668/6691/2012
f 4668/6691/2012 4667/6767/2025 4666/6768/2014
f 4666/6768/2014 4665/6693/2015 4664/6302/1761
f 4664/6302/1761 4663/6716/1988 4660/5439/1990
f 4663/6716/1988 4662/6863/1987 4660/5439/1990
f 4662/6863/1987 4661/6697/2070 4660/5439/1990
f 4660/5439/1990 4659/4781/1991 4656/6864/1758
f 4659/4781/1991 4658/6759/1992 4656/6864/1758
f 4658/6759/1992 4657/6720/1993 4656/6864/1758
f 4656/6864/1758 4655/4783/1994 4652/5440/1997
f 4655/4783/1994 4654/6704/1995 4652/5440/1997
f 4654/6704/1995 4653/6706/2069 4652/5440/1997
f 4652/5440/1997 4651/6705/2068 4650/6707/1999
f 4650/6707/1999 4649/6865/2000 4648/6301/1759
f 4676/6710/2072 4674/6711/2006 4648/6301/1759
f 4674/6711/2006 4672/5437/1760 4648/6301/1759
f 4672/5437/1760 4670/6862/2010 4668/6691/2012
f 4668/6691/2012 4666/6768/2014 4672/5437/1760
f 4666/6768/2014 4664/6302/1761 4672/5437/1760
f 4652/5440/1997 4650/6707/1999 4648/6301/1759
f 4664/6302/1761 4660/5439/1990 4656/6864/1758
f 4656/6864/1758 4652/5440/1997 4664/6302/1761
f 4652/5440/1997 4648/6301/1759 4664/6302/1761
f 4680/6305/1759 4679/6866/2001 4708/6834/2004
f 4679/6866/2001 4710/6867/2002 4708/6834/2004
f 4710/6867/2002 4709/6836/2077 4708/6834/2004
f 4708/6834/2004 4707/6837/2023 4704/5708/1760
f 4707/6837/2023 4706/6868/2006 4704/5708/1760
f 4706/6868/2006 4705/6869/2007 4704/5708/1760
f 4704/5708/1760 4703/6840/2008 4700/6870/2012
f 4703/6840/2008 4702/6842/2010 4700/6870/2012
f 4702/6842/2010 4701/6843/2011 4700/6870/2012
f 4700/6870/2012 4699/6844/2025 4698/6871/2014
f 4698/6871/2014 4697/6846/2076 4696/6303/1761
f 4696/6303/1761 4695/6872/1988 4692/6873/1990
f 4695/6872/1988 4694/6874/1987 4692/6873/1990
f 4694/6874/1987 4693/6875/2070 4692/6873/1990
f 4692/6873/1990 4691/6851/1991 4688/6304/1758
f 4691/6851/1991 4690/6852/1992 4688/6304/1758
f 4690/6852/1992 4689/6853/1993 4688/6304/1758
f 4688/6304/1758 4687/6826/1994 4684/6827/1997
f 4687/6826/1994 4686/6876/1995 4684/6827/1997
f 4686/6876/1995 4685/6877/1996 4684/6827/1997
f 4684/6827/1997 4683/6830/1998 4680/6305/1759
f 4683/6830/1998 4682/6831/2075 4680/6305/1759
f 4682/6831/2075 4681/6878/2074 4680/6305/1759
f 4700/6870/2012 4698/6871/2014 4704/5708/1760
f 4698/6871/2014 4696/6303/1761 4704/5708/1760
f 4680/6305/1759 4708/6834/2004 4704/5708/1760
f 4696/6303/1761 4692/6873/1990 4688/6304/1758
f 4688/6304/1758 4684/6827/1997 4680/6305/1759
f 4680/6305/1759 4704/5708/1760 4696/6303/1761
f 4720/5791/1840 4715/5796/1845 4712/5797/1846
f 4719/5793/2026 4714/5798/2027 4715/5796/1845
f 4718/5795/1843 4713/5799/1848 4714/5523/2027
f 4718/5795/1843 4716/5528/1844 4711/5800/1849
f 4725/5787/1835 4720/5791/1840 4717/5792/1841
f 4725/5787/1835 4724/5789/1837 4719/5793/2026
f 4723/5790/1838 4718/5795/1843 4719/5794/2026
f 4723/5790/1838 4721/5143/1839 4716/5528/1844
f 4730/5782/1830 4725/5787/1835 4722/5788/1836
f 4730/5782/1830 4729/5784/2028 4724/5789/1837
f 4728/5785/1833 4723/5790/1838 4724/4971/1837
f 4726/5137/1834 4721/5143/1839 4723/5790/1838
f 4732/5776/1826 4735/5775/1825 4730/5782/1830
f 4734/5778/1827 4729/5784/2028 4730/5782/1830
f 4734/5779/1827 4733/5780/1828 4728/5785/1833
f 4733/5780/1828 4731/5781/1829 4726/5137/1834
f 4737/5774/1821 4740/6306/1820 4735/5775/1825
f 4739/5777/2029 4734/5778/1827 4735/5775/1825
f 4738/5123/1823 4733/5780/1828 4734/5779/1827
f 4736/5125/1973 4731/5781/1829 4733/5780/1828
f 4742/5767/1816 4745/5766/1815 4740/5771/1820
f 4744/5768/1940 4739/5773/2029 4740/5771/1820
f 4744/6307/1940 4743/5769/1818 4738/5123/1823
f 4741/5119/1972 4736/5125/1973 4738/5123/1823
f 4747/5762/1808 4750/5761/1807 4745/5766/1815
f 4750/5761/1807 4749/5763/1810 4744/5768/1940
f 4748/5764/1812 4743/5769/1818 4744/6307/1940
f 4746/4940/1814 4741/5119/1972 4743/5769/1818
f 4178/5757/1806 4181/5756/1809 4750/5761/1807
f 4181/5756/1809 4180/5758/1811 4749/5763/1810
f 4180/5759/1811 4179/5104/1813 4748/5764/1812
f 4179/5104/1813 4177/5760/1805 4746/4940/1814
f 4752/5752/1797 4755/5751/1796 4181/5756/1801
f 4754/5753/1798 4180/5758/1803 4181/5756/1801
f 4753/5754/1799 4179/5104/1804 4180/5759/1803
f 4751/5100/1800 4177/5760/1805 4179/5104/1804
f 4757/5746/1791 4760/5747/1792 4755/5751/1796
f 4760/5747/1792 4759/5748/1793 4754/5753/1798
f 4759/5093/1793 4758/5092/1794 4753/5754/1799
f 4758/5092/1794 4756/5750/2058 4751/5100/1800
f 4765/5740/1786 4760/5747/1792 4757/5746/1791
f 4764/5742/1788 4759/5748/1793 4760/5747/1792
f 4763/5743/1789 4758/5092/1794 4759/5093/1793
f 4761/5745/2030 4756/5750/2058 4758/5092/1794
f 4767/5734/1782 4770/5733/1781 4765/5740/1786
f 4769/5736/1783 4764/5742/1788 4765/5740/1786
f 4768/5738/1784 4763/5743/1789 4764/5744/1788
f 4768/5738/1784 4766/5739/2081 4761/5745/2030
f 4772/5732/1777 4775/5735/1776 4770/5733/1781
f 4775/5735/1776 4774/6854/1778 4769/5736/1783
f 4773/5729/1779 4768/5738/1784 4769/5737/1783
f 4771/5731/1780 4766/5739/2081 4768/5738/1784
f 4780/6308/1772 4775/6311/1776 4772/6309/1777
f 4779/5723/1773 4774/6879/1778 4775/6311/1776
f 4778/5724/1774 4773/5729/1779 4774/5730/1778
f 4776/5070/2031 4771/5731/1780 4773/5729/1779
f 4785/6312/1763 4780/6308/1772 4777/6310/1771
f 4784/6313/1766 4779/5723/1773 4780/6308/1772
f 4783/5717/1768 4778/5724/1774 4779/5725/1773
f 4781/5720/1770 4776/5070/2031 4778/5724/1774
f 4790/5714/1765 4785/6312/1763 4782/5713/1764
f 4790/5714/1765 4789/6880/1767 4784/6313/1766
f 4789/5716/1767 4788/5719/1769 4783/5717/1768
f 4786/5057/1928 4781/5720/1770 4783/5717/1768
f 4795/6315/1923 4790/5714/1765 4787/6314/1762
f 4794/5884/1925 4789/6880/1767 4790/5714/1765
f 4794/5885/1925 4793/5049/1926 4788/5719/1769
f 4791/5886/2032 4786/5057/1928 4788/5719/1769
f 4797/5877/1919 4800/6316/1918 4795/6315/1923
f 4800/6316/1918 4799/6881/1920 4794/5884/1925
f 4799/5880/1920 4798/5879/1921 4793/5049/1926
f 4798/5879/1921 4796/5881/1922 4791/5886/2032
f 4805/5871/1914 4800/6316/1918 4797/5877/1919
f 4804/6318/2033 4799/6881/1920 4800/6316/1918
f 4803/5873/1916 4798/5879/1921 4799/5880/1920
f 4801/5875/2034 4796/5881/1922 4798/5879/1921
f 4810/6319/1909 4805/5871/1914 4802/6317/1913
f 4809/6321/1984 4804/6318/2033 4805/5871/1914
f 4809/5867/1984 4808/5868/1911 4803/5873/1916
f 4806/6046/1912 4801/5875/2034 4803/5873/1916
f 4815/6322/1903 4810/6319/1909 4807/6320/1908
f 4814/5865/1905 4809/6321/1984 4810/6319/1909
f 4813/5860/1906 4808/5868/1911 4809/5867/1984
f 4811/5861/1907 4806/6046/1912 4808/5868/1911
f 4820/5851/1899 4815/5856/1903 4812/5857/1904
f 4819/5852/1961 4814/5858/1905 4815/5856/1903
f 4819/5853/1961 4818/5854/1901 4813/5860/1906
f 4816/5855/2035 4811/5861/1907 4813/5860/1906
f 4825/5845/1892 4820/5851/1899 4817/5850/1898
f 4824/5846/1893 4819/5852/1961 4820/5851/1899
f 4823/5847/1895 4818/5854/1901 4819/5853/1961
f 4821/5849/1897 4816/5855/2035 4818/5854/1901
f 4261/5839/1891 4825/5845/1892 4822/5844/1890
f 4261/5839/1891 4260/5840/1894 4824/5846/1893
f 4260/5841/1894 4259/5842/1896 4823/5847/1895
f 4259/5842/1896 4257/5843/1889 4821/5849/1897
f 4830/5834/1881 4261/5839/1886 4258/5838/1885
f 4829/5835/1882 4260/5840/1887 4261/5839/1886
f 4828/5836/1883 4259/5842/1888 4260/5841/1887
f 4828/5836/1883 4826/5837/1884 4257/5843/1889
f 4835/5828/1875 4830/5834/1881 4827/5833/1880
f 4835/5828/1875 4834/5830/1877 4829/5835/1882
f 4834/5831/1877 4833/4999/1878 4828/5836/1883
f 4831/5832/1879 4826/5837/1884 4828/5836/1883
f 4840/5823/1871 4835/5828/1875 4832/5829/1876
f 4839/5825/1872 4834/5830/1877 4835/5828/1875
f 4838/5826/1873 4833/4999/1878 4834/5831/1877
f 4836/5827/1955 4831/5832/1879 4833/4999/1878
f 4845/5822/1866 4840/5823/1871 4837/5821/1870
f 4844/5824/1952 4839/5825/1872 4840/5823/1871
f 4844/4807/1952 4843/5819/1868 4838/5826/1873
f 4843/5819/1868 4841/5820/2073 4836/5827/1955
f 4847/5813/1861 4850/5812/1860 4845/5817/1866
f 4849/5814/1862 4844/5818/1952 4845/5817/1866
f 4849/4801/1862 4848/5815/1863 4843/5819/1868
f 4846/4803/2036 4841/5820/2073 4843/5819/1868
f 4852/5807/1856 4855/5806/1855 4850/5812/1860
f 4854/5808/1857 4849/5814/1862 4850/5812/1860
f 4853/5810/1858 4848/5815/1863 4849/4801/1862
f 4853/5810/1858 4851/5811/1859 4846/4803/2036
f 4857/5802/1851 4860/5801/1850 4855/5806/1855
f 4859/5803/2037 4854/5808/1857 4855/5806/1855
f 4858/5520/1853 4853/5810/1858 4854/5809/1857
f 4856/5805/1948 4851/5811/1859 4853/5810/1858
f 4715/5796/1845 4860/5801/1850 4857/5802/1851
f 4715/5796/1845 4714/5798/2027 4859/5803/2037
f 4713/5799/1848 4858/5520/1853 4859/5804/2037
f 4711/5800/1849 4856/5805/1948 4858/5520/1853
f 4870/6324/1840 4865/6328/1845 4862/6325/1846
f 4870/6324/1840 4869/6882/2026 4864/6327/2027
f 4869/5454/2026 4868/6331/1843 4863/6329/1848
f 4866/4952/1947 4861/6632/1849 4863/6329/1848
f 4875/6332/1835 4870/6324/1840 4867/6326/1841
f 4874/6334/1837 4869/6882/2026 4870/6324/1840
f 4873/6335/1838 4868/6331/1843 4869/5454/2026
f 4871/6336/1839 4866/4952/1947 4868/6331/1843
f 4880/6337/1830 4875/6332/1835 4872/6333/1836
f 4880/6337/1830 4879/6342/2028 4874/6334/1837
f 4878/5934/1833 4873/6335/1838 4874/4945/1837
f 4878/5934/1833 4876/6344/2040 4871/6336/1839
f 4885/6340/1825 4880/6337/1830 4877/6338/1831
f 4885/6340/1825 4884/6883/2039 4879/6342/2028
f 4883/6343/2038 4878/5934/1833 4879/6339/2028
f 4883/6343/2038 4881/6884/1974 4876/6344/2040
f 4890/5536/1820 4885/6340/1825 4882/6341/1826
f 4889/6345/1822 4884/6883/2039 4885/6340/1825
f 4888/6346/1823 4883/6343/2038 4884/5759/2039
f 4886/6348/2041 4881/6884/1974 4883/6343/2038
f 4892/6349/1816 4895/6352/1815 4890/6350/1820
f 4895/6352/1815 4894/6358/1940 4889/6353/1822
f 4894/6354/1940 4893/6355/1818 4888/6346/1823
f 4893/6355/1818 4891/6361/1972 4886/6348/2041
f 4897/6356/1808 4900/6357/1807 4895/6352/1815
f 4900/6357/1807 4899/6885/2042 4894/6358/1940
f 4898/6359/1812 4893/6355/1818 4894/6354/1940
f 4898/6359/1812 4896/6886/1814 4891/6361/1972
f 4905/6362/1937 4900/6357/1807 4897/6356/1808
f 4904/6364/1938 4899/6885/2042 4900/6357/1807
f 4903/6365/1939 4898/6359/1812 4899/6360/2042
f 4901/4908/1805 4896/6886/1814 4898/6359/1812
f 4910/6367/1796 4905/6362/1937 4902/6363/1936
f 4910/6367/1796 4909/6372/1798 4904/6364/1938
f 4908/6369/1799 4903/6365/1939 4904/6366/1938
f 4908/6369/1799 4906/6375/1800 4901/4908/1805
f 4915/6370/1792 4910/6367/1796 4907/6368/1797
f 4915/6370/1792 4914/6887/2044 4909/6372/1798
f 4913/6373/1794 4908/6369/1799 4909/4900/1798
f 4913/6373/1794 4911/6380/1795 4906/6375/1800
f 4917/6376/1787 4920/6378/1786 4915/6370/1792
f 4919/6377/1788 4914/6887/2044 4915/6370/1792
f 4918/6071/1789 4913/6373/1794 4914/6374/2044
f 4918/6071/1789 4916/6383/2046 4911/6380/1795
f 4922/6381/1782 4925/6382/1781 4920/6378/1786
f 4925/6382/1781 4924/6888/2045 4919/6377/1788
f 4923/5056/1784 4918/6071/1789 4919/6379/1788
f 4923/5056/1784 4921/6391/2047 4916/6383/2046
f 4930/6384/1776 4925/6388/1781 4922/6385/1782
f 4930/6384/1776 4929/6889/1778 4924/6387/2045
f 4928/6389/1779 4923/5056/1784 4924/5055/2045
f 4928/6389/1779 4926/6890/1966 4921/6391/2047
f 4935/6392/1772 4930/6384/1776 4927/6386/1777
f 4934/6394/1773 4929/6889/1778 4930/6384/1776
f 4933/6395/1774 4928/6389/1779 4929/6390/1778
f 4931/4871/1775 4926/6890/1966 4928/6389/1779
f 4937/6396/1764 4940/6397/1763 4935/6392/1772
f 4940/6397/1763 4939/6891/1766 4934/6394/1773
f 4939/4864/1766 4938/6399/1768 4933/6395/1774
f 4936/6398/1930 4931/4871/1775 4933/6395/1774
f 4945/6400/1765 4940/6397/1763 4937/6396/1764
f 4944/6402/2048 4939/6891/1766 4940/6397/1763
f 4943/6403/1769 4938/6399/1768 4939/4864/1766
f 4943/6403/1769 4941/6046/1928 4936/6398/1930
f 4947/6405/1924 4950/6406/1923 4945/6400/1765
f 4950/6406/1923 4949/6892/1925 4944/6402/2048
f 4949/6407/1925 4948/6408/1926 4943/6403/1769
f 4948/6408/1926 4946/6414/2049 4941/6046/1928
f 4955/6409/1918 4950/6406/1923 4947/6405/1924
f 4954/6411/1920 4949/6892/1925 4950/6406/1923
f 4953/6412/1921 4948/6408/1926 4949/6407/1925
f 4953/6412/1921 4951/6419/1922 4946/6414/2049
f 4957/6415/1913 4960/6416/1914 4955/6409/1918
f 4960/6416/1914 4959/6893/2033 4954/6411/1920
f 4959/6417/2033 4958/6418/1916 4953/6412/1921
f 4958/6418/1916 4956/6423/2051 4951/6419/1922
f 4962/6420/1908 4965/6422/1909 4960/6416/1914
f 4964/6421/1910 4959/6893/2033 4960/6416/1914
f 4964/5492/1910 4963/6021/2050 4958/6418/1916
f 4963/6021/2050 4961/6427/2052 4956/6423/2051
f 4967/6047/1904 4970/6048/1903 4965/6051/1909
f 4969/6424/1905 4964/6894/1910 4965/6051/1909
f 4969/6425/1905 4968/6426/1906 4963/6021/2050
f 4968/6426/1906 4966/6430/1983 4961/6427/2052
f 4975/6042/1899 4970/6048/1903 4967/6047/1904
f 4974/6428/1961 4969/6424/1905 4970/6048/1903
f 4974/6429/1961 4973/4819/1901 4968/6426/1906
f 4973/4819/1901 4971/6895/1902 4966/6430/1983
f 4980/6036/1892 4975/6042/1899 4972/6041/1898
f 4979/6432/1893 4974/6428/1961 4975/6042/1899
f 4979/6433/1893 4978/4814/1895 4973/4819/1901
f 4976/6434/2053 4971/6895/1902 4973/4819/1901
f 4982/6435/1958 4985/6437/1957 4980/6036/1892
f 4984/6436/1959 4979/6432/1893 4980/6036/1892
f 4984/6438/1959 4983/5995/1960 4978/4814/1895
f 4981/6439/1889 4976/6434/2053 4978/4814/1895
f 4990/6440/1881 4985/6437/1957 4982/6435/1958
f 4989/6441/1882 4984/6436/1959 4985/6437/1957
f 4989/6442/1882 4988/6444/1883 4983/5995/1960
f 4986/6443/1884 4981/6439/1889 4983/5995/1960
f 4995/6445/1875 4990/6440/1881 4987/6024/1880
f 4995/6445/1875 4994/6451/1956 4989/6441/1882
f 4993/6447/1878 4988/6444/1883 4989/6442/1882
f 4991/5985/1879 4986/6443/1884 4988/6444/1883
f 5000/6449/1871 4995/6445/1875 4992/6446/1876
f 5000/6449/1871 4999/6896/1872 4994/6451/1956
f 4998/6452/1873 4993/6447/1878 4994/6448/1956
f 4996/6453/2054 4991/5985/1879 4993/6447/1878
f 5005/6454/1866 5000/6449/1871 4997/6450/1870
f 5004/6456/1867 4999/6896/1872 5000/6449/1871
f 5003/6457/1868 4998/6452/1873 4999/4793/1872
f 5003/6457/1868 5001/6897/2082 4996/6453/2054
f 5010/6458/1860 5005/6462/1866 5002/6459/1865
f 5009/6461/1862 5004/6898/1867 5005/6462/1866
f 5008/6463/1863 5003/6457/1868 5004/5976/1867
f 5006/6464/1977 5001/6897/2082 5003/6457/1868
f 5015/5515/1855 5010/6458/1860 5007/6460/1861
f 5014/6466/1949 5009/6461/1862 5010/6458/1860
f 5013/5965/1858 5008/6463/1863 5009/5971/1862
f 5011/6468/1859 5006/6464/1977 5008/6463/1863
f 5017/6469/1851 5020/6470/1850 5015/5515/1855
f 5020/6470/1850 5019/6899/1852 5014/6466/1949
f 5019/5958/1852 5018/6472/1853 5013/5965/1858
f 5016/6471/2055 5011/6468/1859 5013/5965/1858
f 4862/6325/1846 4865/6328/1845 5020/6470/1850
f 4864/6327/2027 5019/6899/1852 5020/6470/1850
f 4863/6329/1848 5018/6472/1853 5019/5958/1852
f 4863/6329/1848 4861/6632/1849 5016/6471/2055
f 5030/6473/1840 5025/6477/1845 5022/6474/1846
f 5029/6476/1842 5024/6520/1847 5025/6477/1845
f 5028/6478/1843 5023/6482/1848 5024/6479/1847
f 5026/6481/2056 5021/6665/1849 5023/6482/1848
f 5035/6483/1835 5030/6473/1840 5027/6475/1841
f 5035/6483/1835 5034/6900/1946 5029/6476/1842
f 5034/6485/1946 5033/6486/1838 5028/6478/1843
f 5033/6486/1838 5031/6492/1839 5026/6481/2056
f 5037/6487/1831 5040/6489/1830 5035/6483/1835
f 5039/6488/1832 5034/6900/1946 5035/6483/1835
f 5039/6490/1832 5038/6491/1944 5033/6486/1838
f 5038/6491/1944 5036/6498/1945 5031/6492/1839
f 5045/6493/1825 5040/6489/1830 5037/6487/1831
f 5044/6495/1827 5039/6488/1832 5040/6489/1830
f 5044/6496/1827 5043/6497/2057 5038/6491/1944
f 5043/6497/2057 5041/6901/1943 5036/6498/1945
f 5050/6499/1820 5045/6493/1825 5042/6494/1826
f 5049/6501/1822 5044/6495/1827 5045/6493/1825
f 5048/6502/1823 5043/6497/2057 5044/6496/1827
f 5046/6504/1973 5041/6901/1943 5043/6497/2057
f 5052/6505/1816 5055/6509/1815 5050/6506/1820
f 5054/6508/1940 5049/6553/1822 5050/6506/1820
f 5053/6510/1818 5048/6502/1823 5049/6503/1822
f 5051/6512/1972 5046/6504/1973 5048/6502/1823
f 5060/6513/1807 5055/6509/1815 5052/6505/1816
f 5059/6515/1810 5054/6508/1940 5055/6509/1815
f 5058/6516/1812 5053/6510/1818 5054/6511/1940
f 5056/6518/1814 5051/6512/1972 5053/6510/1818
f 5062/6519/1936 5065/6521/1937 5060/6513/1807
f 5064/6520/1938 5059/6515/1810 5060/6513/1807
f 5063/6522/1939 5058/6516/1812 5059/6517/1810
f 5063/6522/1939 5061/6528/1805 5056/6518/1814
f 5070/6524/1796 5065/6521/1937 5062/6519/1936
f 5070/6524/1796 5069/6476/1798 5064/6520/1938
f 5068/6526/1799 5063/6522/1939 5064/6523/1938
f 5068/6526/1799 5066/6533/1800 5061/6528/1805
f 5075/6529/1792 5070/6524/1796 5067/6525/1797
f 5075/6529/1792 5074/6600/1793 5069/6476/1798
f 5074/6531/1793 5073/6532/1794 5068/6526/1799
f 5073/6532/1794 5071/6538/2058 5066/6533/1800
f 5080/6534/1786 5075/6529/1792 5072/6530/1791
f 5079/6488/1788 5074/6600/1793 5075/6529/1792
f 5079/6536/1788 5078/6537/1789 5073/6532/1794
f 5078/6537/1789 5076/6543/2046 5071/6538/2058
f 5082/6539/1782 5085/6540/1781 5080/6534/1786
f 5085/6540/1781 5084/6902/1783 5079/6488/1788
f 5084/6541/1783 5083/6542/1934 5078/6537/1789
f 5083/6542/1934 5081/6903/1935 5076/6543/2046
f 5090/6544/1776 5085/6540/1781 5082/6539/1782
f 5089/6546/1778 5084/6902/1783 5085/6540/1781
f 5088/6547/1779 5083/6542/1934 5084/6541/1783
f 5086/6549/2059 5081/6903/1935 5083/6542/1934
f 5095/6550/1772 5090/6554/1776 5087/6551/1777
f 5095/6550/1772 5094/6904/1931 5089/6553/1778
f 5093/6555/1774 5088/6547/1779 5089/6548/1778
f 5093/6555/1774 5091/6905/1775 5086/6549/2059
f 5100/6557/1763 5095/6550/1772 5092/6552/1771
f 5099/6559/1766 5094/6904/1931 5095/6550/1772
f 5098/6560/1768 5093/6555/1774 5094/6556/1931
f 5096/6562/2061 5091/6905/1775 5093/6555/1774
f 5105/6477/1765 5100/6557/1763 5097/6558/2060
f 5105/6477/1765 5104/6906/1767 5099/6559/1766
f 5104/6564/1767 5103/6565/1769 5098/6560/1768
f 5103/6565/1769 5101/6907/1928 5096/6562/2061
f 5110/6473/1923 5105/6477/1765 5102/6563/1762
f 5109/6476/1925 5104/6906/1767 5105/6477/1765
f 5108/6567/1926 5103/6565/1769 5104/6564/1767
f 5106/6569/1927 5101/6907/1928 5103/6565/1769
f 5112/6530/1919 5115/6483/1918 5110/6473/1923
f 5115/6483/1918 5114/6900/1965 5109/6476/1925
f 5114/6570/1965 5113/6571/1921 5108/6567/1926
f 5113/6571/1921 5111/6575/1922 5106/6569/1927
f 5117/6572/1913 5120/6489/1914 5115/6483/1918
f 5119/6488/1915 5114/6900/1965 5115/6483/1918
f 5119/6573/1915 5118/6574/2062 5113/6571/1921
f 5118/6574/2062 5116/6908/2034 5111/6575/1922
f 5125/6576/1909 5120/6489/1914 5117/6572/1913
f 5125/6576/1909 5124/6495/1984 5119/6488/1915
f 5124/6578/1984 5123/6580/2064 5118/6574/2062
f 5121/6579/2063 5116/6908/2034 5118/6574/2062
f 5130/6499/1903 5125/6576/1909 5122/6577/1908
f 5129/6501/1905 5124/6495/1984 5125/6576/1909
f 5129/6582/1905 5128/6584/1906 5123/6580/2064
f 5126/6583/2065 5121/6579/2063 5123/6580/2064
f 5132/6552/1898 5135/6509/1899 5130/6506/1903
f 5134/6508/1961 5129/6553/1905 5130/6506/1903
f 5134/6585/1961 5133/6587/1901 5128/6584/1906
f 5131/6586/2035 5126/6583/2065 5128/6584/1906
f 5137/6514/1890 5140/6588/1892 5135/6509/1899
f 5139/6559/1893 5134/6508/1961 5135/6509/1899
f 5139/6589/1893 5138/6590/1895 5133/6587/1901
f 5138/6590/1895 5136/6593/1897 5131/6586/2035
f 5142/6519/1958 5145/6521/1957 5140/6588/1892
f 5144/6520/1959 5139/6559/1893 5140/6588/1892
f 5144/6591/1959 5143/6592/1960 5138/6590/1895
f 5143/6592/1960 5141/6663/1889 5136/6593/1897
f 5150/6594/1881 5145/6521/1957 5142/6519/1958
f 5150/6594/1881 5149/6909/1882 5144/6520/1959
f 5148/6596/1883 5143/6592/1960 5144/6591/1959
f 5146/6598/1884 5141/6663/1889 5143/6592/1960
f 5155/6529/1875 5150/6594/1881 5147/6595/1880
f 5154/6600/1956 5149/6909/1882 5150/6594/1881
f 5153/6601/1878 5148/6596/1883 5149/6597/1882
f 5151/6603/1879 5146/6598/1884 5148/6596/1883
f 5160/6604/1871 5155/6529/1875 5152/6599/1876
f 5159/6488/1872 5154/6600/1956 5155/6529/1875
f 5158/6606/1873 5153/6601/1878 5154/6602/1956
f 5158/6606/1873 5156/6612/1955 5151/6603/1879
f 5162/6608/1865 5165/6609/1866 5160/6604/1871
f 5165/6609/1866 5164/6614/1952 5159/6488/1872
f 5164/6610/1952 5163/6611/2066 5158/6606/1873
f 5163/6611/2066 5161/6664/2073 5156/6612/1955
f 5170/6544/1860 5165/6609/1866 5162/6608/1865
f 5170/6544/1860 5169/6910/1950 5164/6614/1952
f 5169/6615/1950 5168/6617/1863 5163/6611/2066
f 5166/6616/2036 5161/6664/2073 5163/6611/2066
f 5175/6550/1855 5170/6554/1860 5167/6618/1861
f 5175/6550/1855 5174/6904/1949 5169/6553/1950
f 5173/6620/1858 5168/6617/1863 5169/6615/1950
f 5171/6622/1859 5166/6616/2036 5168/6617/1863
f 5180/6557/1850 5175/6550/1855 5172/6619/2067
f 5179/6559/1852 5174/6904/1949 5175/6550/1855
f 5178/6624/1853 5173/6620/1858 5174/6621/1949
f 5176/6626/1854 5171/6622/1859 5173/6620/1858
f 5022/6474/1846 5025/6477/1845 5180/6557/1850
f 5025/6477/1845 5024/6520/1847 5179/6559/1852
f 5024/6479/1847 5023/6482/1848 5178/6624/1853
f 5023/6482/1848 5021/6665/1849 5176/6626/1854
f 4711/5800/1849 4716/5528/1844 4721/5143/1839
f 4721/5143/1839 4726/5137/1834 4731/5781/1829
f 4731/5781/1829 4736/5125/1973 4177/5760/1805
f 4736/5125/1973 4741/5119/1972 4177/5760/1805
f 4741/5119/1972 4746/4940/1814 4177/5760/1805
f 4177/5760/1805 4751/5100/1800 4756/5750/2058
f 4756/5750/2058 4761/5745/2030 4766/5739/2081
f 4766/5739/2081 4771/5731/1780 4776/5070/2031
f 4776/5070/2031 4781/5720/1770 4786/5057/1928
f 4786/5057/1928 4791/5886/2032 4796/5881/1922
f 4796/5881/1922 4801/5875/2034 4786/5057/1928
f 4801/5875/2034 4806/6046/1912 4786/5057/1928
f 4806/6046/1912 4811/5861/1907 4816/5855/2035
f 4816/5855/2035 4821/5849/1897 4257/5843/1889
f 4257/5843/1889 4826/5837/1884 4831/5832/1879
f 4831/5832/1879 4836/5827/1955 4257/5843/1889
f 4836/5827/1955 4841/5820/2073 4257/5843/1889
f 4841/5820/2073 4846/4803/2036 4711/5800/1849
f 4846/4803/2036 4851/5811/1859 4711/5800/1849
f 4851/5811/1859 4856/5805/1948 4711/5800/1849
f 4711/5800/1849 4721/5143/1839 4177/5760/1805
f 4721/5143/1839 4731/5781/1829 4177/5760/1805
f 4177/5760/1805 4756/5750/2058 4786/5057/1928
f 4756/5750/2058 4766/5739/2081 4786/5057/1928
f 4766/5739/2081 4776/5070/2031 4786/5057/1928
f 4806/6046/1912 4816/5855/2035 4786/5057/1928
f 4816/5855/2035 4257/5843/1889 4786/5057/1928
f 4257/5843/1889 4841/5820/2073 4711/5800/1849
f 4711/5800/1849 4177/5760/1805 4786/5057/1928
f 4618/6222/1759 4717/5792/1841 4712/5797/1846
f 4617/6223/2001 4712/5797/1846 4857/5802/1851
f 4619/6221/2000 4722/5788/1836 4717/5792/1841
f 4620/6220/1999 4727/5783/1831 4722/5788/1836
f 4621/6219/1998 4732/5776/1826 4727/5783/1831
f 4622/6216/1997 4737/5772/1821 4732/6217/1826
f 4623/6215/1996 4742/5767/1816 4737/5772/1821
f 4624/6214/1995 4747/5762/1808 4742/5767/1816
f 4049/6213/1994 4178/5757/1806 4747/5762/1808
f 4625/6212/1758 4752/5752/1797 4178/5757/1802
f 4626/6211/1993 4757/5746/1791 4752/5752/1797
f 4627/6210/1992 4762/5741/1787 4757/5746/1791
f 4628/6208/1991 4767/5734/1782 4762/5741/1787
f 4629/6209/1990 4772/5732/1777 4767/5734/1782
f 4630/6206/1989 4777/6310/1771 4772/6309/1777
f 4631/6203/1987 4782/5713/1764 4777/6310/1771
f 4632/6628/1988 4787/6314/1762 4782/5713/1764
f 4633/6629/1761 4792/5883/1924 4787/6314/1762
f 4634/6240/2015 4797/5877/1919 4792/5883/1924
f 4635/6630/2014 4802/6317/1913 4797/5877/1919
f 4635/6630/2014 4636/6911/2013 4807/6320/1908
f 4637/6236/2012 4812/5857/1904 4807/6631/1908
f 4637/6236/2012 4638/6235/2011 4817/5850/1898
f 4638/6235/2011 4639/6234/2010 4822/5844/1890
f 4639/6234/2010 4065/6233/2008 4258/5838/2009
f 4065/6233/2008 4640/6232/1760 4827/5833/1880
f 4640/6232/1760 4641/6231/2007 4832/5829/1876
f 4641/6231/2007 4642/6229/2006 4837/5821/1870
f 4643/6230/2005 4842/6228/1865 4837/5821/1870
f 4644/6226/2004 4847/5813/1861 4842/5816/1865
f 4645/6225/2003 4852/5807/1856 4847/5813/1861
f 4646/6224/2002 4857/5802/1851 4852/5807/1856
f 4861/6632/1849 4866/4952/1947 4871/6336/1839
f 4871/6336/1839 4876/6344/2040 4881/6884/1974
f 4881/6884/1974 4886/6348/2041 4891/6361/1972
f 4891/6361/1972 4896/6886/1814 4901/4908/1805
f 4901/4908/1805 4906/6375/1800 4911/6380/1795
f 4911/6380/1795 4916/6383/2046 4901/4908/1805
f 4916/6383/2046 4921/6391/2047 4901/4908/1805
f 4921/6391/2047 4926/6890/1966 4931/4871/1775
f 4931/4871/1775 4936/6398/1930 4941/6046/1928
f 4941/6046/1928 4946/6414/2049 4951/6419/1922
f 4951/6419/1922 4956/6423/2051 4961/6427/2052
f 4961/6427/2052 4966/6430/1983 4981/6439/1889
f 4966/6430/1983 4971/6895/1902 4981/6439/1889
f 4971/6895/1902 4976/6434/2053 4981/6439/1889
f 4981/6439/1889 4986/6443/1884 4991/5985/1879
f 4991/5985/1879 4996/6453/2054 5001/6897/2082
f 5001/6897/2082 5006/6464/1977 4861/6632/1849
f 5006/6464/1977 5011/6468/1859 4861/6632/1849
f 5011/6468/1859 5016/6471/2055 4861/6632/1849
f 4861/6632/1849 4871/6336/1839 4881/6884/1974
f 4881/6884/1974 4891/6361/1972 4901/4908/1805
f 4921/6391/2047 4931/4871/1775 4901/4908/1805
f 4931/4871/1775 4941/6046/1928 4901/4908/1805
f 4941/6046/1928 4951/6419/1922 4961/6427/2052
f 4981/6439/1889 4991/5985/1879 4861/6632/1849
f 4991/5985/1879 5001/6897/2082 4861/6632/1849
f 4861/6632/1849 4881/6884/1974 4941/6046/1928
f 4881/6884/1974 4901/4908/1805 4941/6046/1928
f 4941/6046/1928 4961/6427/2052 4861/6632/1849
f 4648/6633/1759 4867/6326/1841 4862/6325/1846
f 4678/6635/2002 4647/6634/2001 4862/6325/1846
f 4649/6636/2000 4872/6333/1836 4867/6326/1841
f 4650/6637/1999 4877/6338/1831 4872/6333/1836
f 4650/6637/1999 4651/6912/2068 4882/6341/1826
f 4652/6638/1997 4887/6351/1821 4882/6639/1826
f 4653/6641/2069 4892/6349/1816 4887/6351/1821
f 4654/6642/1995 4897/6356/1808 4892/6349/1816
f 4655/6643/1994 4902/6363/1936 4897/6356/1808
f 4656/6644/1758 4907/6368/1797 4902/6363/1936
f 4657/6645/1993 4912/6371/2043 4907/6368/1797
f 4658/6646/1992 4917/6376/1787 4912/6371/2043
f 4659/6647/1991 4922/6381/1782 4917/6376/1787
f 4659/6647/1991 4660/6913/1990 4927/6648/1777
f 4661/6649/2070 4932/6393/1771 4927/6386/1777
f 4662/6651/1987 4937/6396/1764 4932/6393/1771
f 4663/6652/1988 4942/6401/1762 4937/6396/1764
f 4664/6653/1761 4947/6405/1924 4942/6401/1762
f 4665/6654/2015 4952/6410/1919 4947/6405/1924
f 4666/6655/2014 4957/6415/1913 4952/6410/1919
f 4667/6656/2025 4962/6420/1908 4957/6415/1913
f 4668/6274/2012 4967/6047/1904 4962/6052/1908
f 4669/6273/2071 4972/6041/1898 4967/6047/1904
f 4670/6657/2010 4977/6431/1890 4972/6041/1898
f 4671/6658/2008 4982/6435/1958 4977/6431/1890
f 4672/6270/1760 4987/6024/1880 4982/6435/1958
f 4673/6659/2007 4992/6446/1876 4987/6024/1880
f 4674/6268/2006 4997/6450/1870 4992/6446/1876
f 4675/6660/2023 5002/6455/1865 4997/6450/1870
f 4676/6267/2072 5007/6265/1861 5002/6455/1865
f 4677/6661/2003 5012/6465/1856 5007/6460/1861
f 4677/6661/2003 4678/6635/2002 5017/6469/1851
f 5021/6665/1849 5026/6481/2056 5031/6492/1839
f 5031/6492/1839 5036/6498/1945 5021/6665/1849
f 5036/6498/1945 5041/6901/1943 5021/6665/1849
f 5041/6901/1943 5046/6504/1973 5061/6528/1805
f 5046/6504/1973 5051/6512/1972 5061/6528/1805
f 5051/6512/1972 5056/6518/1814 5061/6528/1805
f 5061/6528/1805 5066/6533/1800 5071/6538/2058
f 5071/6538/2058 5076/6543/2046 5061/6528/1805
f 5076/6543/2046 5081/6903/1935 5061/6528/1805
f 5081/6903/1935 5086/6549/2059 5101/6907/1928
f 5086/6549/2059 5091/6905/1775 5101/6907/1928
f 5091/6905/1775 5096/6562/2061 5101/6907/1928
f 5101/6907/1928 5106/6569/1927 5111/6575/1922
f 5111/6575/1922 5116/6908/2034 5101/6907/1928
f 5116/6908/2034 5121/6579/2063 5101/6907/1928
f 5121/6579/2063 5126/6583/2065 5141/6663/1889
f 5126/6583/2065 5131/6586/2035 5141/6663/1889
f 5131/6586/2035 5136/6593/1897 5141/6663/1889
f 5141/6663/1889 5146/6598/1884 5151/6603/1879
f 5151/6603/1879 5156/6612/1955 5141/6663/1889
f 5156/6612/1955 5161/6664/2073 5141/6663/1889
f 5161/6664/2073 5166/6616/2036 5021/6665/1849
f 5166/6616/2036 5171/6622/1859 5021/6665/1849
f 5171/6622/1859 5176/6626/1854 5021/6665/1849
f 5021/6665/1849 5041/6901/1943 5061/6528/1805
f 5061/6528/1805 5081/6903/1935 5021/6665/1849
f 5081/6903/1935 5101/6907/1928 5021/6665/1849
f 5101/6907/1928 5121/6579/2063 5021/6665/1849
f 5121/6579/2063 5141/6663/1889 5021/6665/1849
f 4680/6666/1759 5027/6475/1841 5022/6474/1846
f 4679/6667/2001 5022/6474/1846 5177/6623/1851
f 4681/6669/2074 5032/6484/1836 5027/6475/1841
f 4682/6670/2075 5037/6487/1831 5032/6484/1836
f 4683/6671/1998 5042/6494/1826 5037/6487/1831
f 4684/6672/1997 5047/6500/1821 5042/6494/1826
f 4685/6673/1996 5052/6505/1816 5047/6507/1821
f 4686/6668/1995 5057/6514/1808 5052/6505/1816
f 4687/6675/1994 5062/6519/1936 5057/6514/1808
f 4688/6676/1758 5067/6525/1797 5062/6519/1936
f 4688/6676/1758 4689/6669/1993 5072/6530/1791
f 4690/6677/1992 5077/6535/1787 5072/6530/1791
f 4691/6678/1991 5082/6539/1782 5077/6535/1787
f 4692/6679/1990 5087/6545/1777 5082/6539/1782
f 4693/6673/2070 5092/6552/1771 5087/6551/1777
f 4694/6668/1987 5097/6558/2060 5092/6552/1771
f 4695/6667/1988 5102/6563/1762 5097/6558/2060
f 4696/6666/1761 5107/6566/1924 5102/6563/1762
f 4697/6669/2076 5112/6530/1919 5107/6566/1924
f 4698/6670/2014 5117/6572/1913 5112/6530/1919
f 4699/6671/2025 5122/6577/1908 5117/6572/1913
f 4700/6672/2012 5127/6581/1904 5122/6577/1908
f 4701/6673/2011 5132/6552/1898 5127/6551/1904
f 4702/6668/2010 5137/6514/1890 5132/6552/1898
f 4703/6675/2008 5142/6519/1958 5137/6514/1890
f 4704/6666/1760 5147/6595/1880 5142/6519/1958
f 4705/6669/2007 5152/6599/1876 5147/6595/1880
f 4706/6670/2006 5157/6605/1870 5152/6599/1876
f 4707/6671/2023 5162/6608/1865 5157/6605/1870
f 4708/6672/2004 5167/6613/1861 5162/6608/1865
f 4709/6673/2077 5172/6619/2067 5167/6618/1861
f 4710/6668/2002 5177/6623/1851 5172/6619/2067
s 0
f 5182/6914/2083 5186/6915/2083 5185/6916/2083
f 5181/6917/2084 5183/6918/2084 5182/6919/2084
f 5190/6920/1501 5193/6921/1501 5192/6922/1501
f 5188/6923/2085 5193/6924/2085 5189/6925/2085
f 5198/6926/2086 5187/6927/2086 5194/6928/2086
f 5196/6929/1502 5198/6930/1502 5195/6931/1502
f 5206/6932/2087 5199/6933/2087 5200/6934/2087
f 5202/6920/1501 5204/6935/1501 5191/6936/1501
f 5188/6937/2088 5187/6938/2088 5196/6939/2088
f 5204/6940/2089 5200/6925/2089 5201/6941/2089
f 5199/6928/2090 5208/6942/2090 5205/6927/2090
f 5206/6929/1502 5208/6930/1502 5207/6943/1502
f 5201/6944/1503 5193/6945/1503 5204/6946/1503
f 5204/6947/1501 5193/6948/1501 5191/6949/1501
f 5198/6950/2091 5205/6945/2091 5194/6946/2091
f 5208/6951/1502 5195/6952/1502 5198/6953/1502
f 5182/6914/2083 5183/6954/2083 5186/6915/2083
f 5181/6917/2084 5184/6955/2084 5183/6918/2084
f 5190/6920/1501 5191/6956/1501 5193/6921/1501
f 5188/6923/2085 5192/6957/2085 5193/6924/2085
f 5198/6926/2086 5197/6958/2086 5187/6927/2086
f 5196/6929/1502 5197/6943/1502 5198/6930/1502
f 5203/6959/2087 5202/6939/2087 5200/6934/2087
f 5202/6939/2087 5206/6932/2087 5200/6934/2087
f 5206/6932/2087 5207/6960/2087 5199/6933/2087
f 5202/6920/1501 5203/6922/1501 5204/6935/1501
f 5187/6938/2088 5197/6961/2088 5196/6939/2088
f 5196/6939/2088 5190/6932/2088 5188/6937/2088
f 5190/6932/2088 5192/6960/2088 5188/6937/2088
f 5204/6940/2089 5203/6924/2089 5200/6925/2089
f 5199/6928/2090 5207/6962/2090 5208/6942/2090
f 5206/6929/1502 5195/6931/1502 5208/6930/1502
f 5201/6944/1503 5189/6963/1503 5193/6945/1503
f 5198/6950/2091 5208/6963/2091 5205/6945/2091
o qwe
v 82.908234 90.802185 77.615173
v 82.908234 116.595001 77.615173
v 169.493820 90.802185 77.615173
v 169.493820 116.595001 77.615173
v 126.201027 90.802185 77.615173
v 126.201027 116.595001 77.615173
v 126.201027 116.595001 82.362122
v 126.201027 90.802185 82.362122
v 169.493820 116.595001 82.362122
v 169.493820 90.802185 82.362122
v 82.908234 90.802185 82.362122
v 82.908234 116.595001 82.362122
v 132.272324 93.426933 77.735764
v 129.270355 96.428909 77.735764
v 130.149612 94.306198 77.735764
v 129.270355 110.968269 77.735764
v 132.272324 113.970245 77.735764
v 130.149612 113.090988 77.735764
v 163.422501 113.970245 77.735764
v 166.424484 110.968269 77.735764
v 165.545227 113.090988 77.735764
v 166.424484 96.428909 77.735764
v 163.422501 93.426933 77.735764
v 165.545227 94.306198 77.735764
v 88.979553 93.426933 77.735764
v 85.977570 96.428909 77.735764
v 86.856834 94.306198 77.735764
v 85.977570 110.968269 77.735764
v 88.979553 113.970245 77.735764
v 86.856834 113.090988 77.735764
v 120.129723 113.970245 77.735764
v 123.131706 110.968269 77.735764
v 122.252441 113.090988 77.735764
v 123.131706 96.428909 77.735764
v 120.129723 93.426933 77.735764
v 122.252441 94.306198 77.735764
v 88.979553 113.970245 82.241531
v 85.977570 110.968269 82.241531
v 86.856834 113.090988 82.241531
v 85.977570 96.428909 82.241531
v 88.979553 93.426933 82.241531
v 86.856834 94.306198 82.241531
v 120.129723 93.426933 82.241531
v 123.131706 96.428909 82.241531
v 122.252441 94.306198 82.241531
v 132.272324 113.970245 82.241531
v 129.270355 110.968269 82.241531
v 130.149612 113.090988 82.241531
v 166.424484 110.968269 82.241531
v 163.422501 113.970245 82.241531
v 165.545227 113.090988 82.241531
v 163.422501 93.426933 82.241531
v 166.424484 96.428909 82.241531
v 165.545227 94.306198 82.241531
v 129.270355 96.428909 82.241531
v 132.272324 93.426933 82.241531
v 130.149612 94.306198 82.241531
v 123.131706 110.968269 82.241531
v 120.129723 113.970245 82.241531
v 122.252441 113.090988 82.241531
v 173.235184 89.564819 71.126228
v 173.235184 116.594955 71.126228
v 173.235184 89.564819 -129.411942
v 173.235184 116.594955 -129.411942
v 173.235184 89.564819 27.926792
v 173.235184 89.564819 -29.142860
v 173.235184 116.594955 27.926792
v 173.235184 116.594955 -29.142860
v 177.756378 116.594955 -86.212509
v 177.756378 89.564819 -86.212509
v 177.756378 89.564819 27.926792
v 177.756378 116.594955 27.926792
v 177.756378 89.564819 71.126228
v 177.756378 116.594955 71.126228
v 177.756378 116.594955 -129.411942
v 177.756378 89.564819 -129.411942
v 173.235184 113.589462 -78.451233
v 173.235184 108.833672 -83.207031
v 173.235184 112.196526 -81.814087
v 173.235184 97.326096 -83.207031
v 173.235184 92.570305 -78.451233
v 173.235184 93.963242 -81.814087
v 173.235184 92.570305 -36.904144
v 173.235184 97.326096 -32.148346
v 173.235184 93.963242 -33.541283
v 173.235184 108.833672 -32.148346
v 173.235184 113.589462 -36.904144
v 173.235184 112.196526 -33.541283
v 173.235184 113.589462 -21.381577
v 173.235184 108.833672 -26.137375
v 173.235184 112.196526 -24.744431
v 173.235184 97.326096 -26.137375
v 173.235184 92.570305 -21.381577
v 173.235184 93.963242 -24.744431
v 173.235184 92.570305 20.165512
v 173.235184 97.326096 24.921303
v 173.235184 93.963242 23.528362
v 173.235184 108.833672 24.921303
v 173.235184 113.589462 20.165512
v 173.235184 112.196526 23.528362
v 173.235184 92.570305 63.364952
v 173.235184 97.326096 68.120743
v 173.235184 93.963242 66.727798
v 173.235184 108.833672 68.120743
v 173.235184 113.589462 63.364952
v 173.235184 112.196526 66.727798
v 173.235184 113.589462 35.688068
v 173.235184 108.833672 30.932278
v 173.235184 112.196526 32.325218
v 173.235184 97.326096 30.932278
v 173.235184 92.570305 35.688068
v 173.235184 93.963242 32.325218
v 173.235184 92.570305 -93.973801
v 173.235184 97.326096 -89.218002
v 173.235184 93.963242 -90.610947
v 173.235184 108.833672 -89.218002
v 173.235184 113.589462 -93.973801
v 173.235184 112.196526 -90.610947
v 173.235184 113.589462 -121.650665
v 173.235184 108.833672 -126.406494
v 173.235184 112.196526 -125.013504
v 173.235184 97.326096 -126.406494
v 173.235184 92.570305 -121.650665
v 173.235184 93.963242 -125.013504
v 177.756378 97.326096 68.120743
v 177.756378 92.570305 63.364952
v 177.756378 93.963242 66.727798
v 177.756378 113.589462 63.364952
v 177.756378 108.833672 68.120743
v 177.756378 112.196526 66.727798
v 177.756378 108.833672 -126.406494
v 177.756378 113.589462 -121.650665
v 177.756378 112.196526 -125.013504
v 177.756378 92.570305 -121.650665
v 177.756378 97.326096 -126.406494
v 177.756378 93.963242 -125.013504
v 177.756378 108.833672 -26.137375
v 177.756378 113.589462 -21.381577
v 177.756378 112.196526 -24.744431
v 177.756378 113.589462 20.165512
v 177.756378 108.833672 24.921303
v 177.756378 112.196526 23.528362
v 177.756378 108.833672 -83.207031
v 177.756378 113.589462 -78.451233
v 177.756378 112.196526 -81.814087
v 177.756378 113.589462 -36.904144
v 177.756378 108.833672 -32.148346
v 177.756378 112.196526 -33.541283
v 177.756378 97.326096 24.921303
v 177.756378 92.570305 20.165512
v 177.756378 93.963242 23.528362
v 177.756378 92.570305 -21.381577
v 177.756378 97.326096 -26.137375
v 177.756378 93.963242 -24.744431
v 177.756378 97.326096 -32.148346
v 177.756378 92.570305 -36.904144
v 177.756378 93.963242 -33.541283
v 177.756378 92.570305 -78.451233
v 177.756378 97.326096 -83.207031
v 177.756378 93.963242 -81.814087
v 177.756378 92.570305 35.688068
v 177.756378 97.326096 30.932278
v 177.756378 93.963242 32.325218
v 177.756378 108.833672 30.932278
v 177.756378 113.589462 35.688068
v 177.756378 112.196526 32.325218
v 177.756378 97.326096 -89.218002
v 177.756378 92.570305 -93.973801
v 177.756378 93.963242 -90.610947
v 177.756378 113.589462 -93.973801
v 177.756378 108.833672 -89.218002
v 177.756378 112.196526 -90.610947
v 195.265747 48.160057 81.968285
v 191.729248 48.160057 89.552353
v 186.283600 45.577644 82.396423
v 191.658813 46.868855 80.286339
v 188.122299 46.868855 87.870407
v 192.890045 47.942627 85.477058
v 191.361008 46.868877 80.924957
v 186.891052 45.795120 82.679680
v 188.420090 46.868877 87.231781
v 193.119278 47.921997 84.834991
v 193.224457 47.860897 84.163826
v 193.201477 47.761669 83.489395
v 193.051285 47.628136 82.837601
v 192.545547 47.921997 86.065369
v 192.098999 47.860897 86.577354
v 191.567596 47.761669 86.993279
v 186.731400 47.190800 85.797348
v 187.114105 47.376442 86.330551
v 187.593094 47.577873 86.772392
v 190.701691 48.546612 87.171249
v 190.747589 46.659397 80.712669
v 190.101227 46.457970 80.629738
v 189.446762 46.272327 80.679321
v 188.809357 46.109615 80.859550
v 191.917938 47.078354 81.258408
v 190.064270 48.383896 87.351486
v 189.409821 48.198257 87.401062
v 188.763443 47.996830 87.318138
v 187.943436 46.894558 81.037529
v 192.396942 47.279785 81.700249
v 187.412033 46.795330 81.453445
v 186.965485 46.734230 81.965431
v 186.459747 47.028091 85.193207
v 186.309540 46.894558 84.541405
v 192.779633 47.465420 82.233459
v 186.286575 46.795330 83.866982
v 186.391754 46.734230 83.195808
v 192.509552 48.383896 82.107521
v 192.126862 48.198257 81.574318
v 186.661819 45.815754 83.321739
v 186.556641 45.876858 83.992912
v 186.579620 45.976082 84.667343
v 186.729813 46.109615 85.319138
v 187.235550 45.815754 82.091370
v 191.647858 47.996830 81.132469
v 188.539276 47.028091 80.733620
v 189.176697 47.190800 80.553383
v 189.831146 47.376442 80.503807
v 187.682098 45.876858 81.579384
v 190.477509 47.577873 80.586731
v 191.297516 48.680145 86.867340
v 191.828934 48.779369 86.451424
v 192.275482 48.840473 85.939438
v 188.213501 45.976082 81.163460
v 192.781219 48.546612 82.711662
v 192.931412 48.680145 83.363457
v 192.954376 48.779369 84.037888
v 192.849213 48.840473 84.709061
v 189.033508 47.078354 87.444069
v 189.679886 47.279785 87.526993
v 190.334320 47.465420 87.477417
v 190.971741 47.628136 87.297180
v 187.863159 46.659397 86.898331
v 188.150024 47.787350 87.105843
v 186.620987 46.713593 82.553741
v 191.090942 47.787350 80.799019
v 192.619980 48.861103 85.351120
v 187.384171 46.457970 86.456490
v 187.852234 47.787327 87.744469
v 191.388733 47.787327 80.160400
v 186.013535 46.496117 82.270493
v 187.001465 46.272327 85.923279
v 191.459183 49.078533 89.426414
v 194.995697 49.078533 81.842346
v 186.697906 45.577644 81.507957
v 190.813705 46.566326 79.892265
v 187.744904 45.710102 80.228714
v 189.251389 46.071983 79.637329
v 187.277206 46.566326 87.476326
v 185.869308 45.577644 83.284889
v 186.077667 46.071983 86.443390
v 185.562347 45.710102 84.909218
v 185.599243 46.496117 83.158958
v 187.007141 47.484802 87.350395
v 185.292282 46.628578 84.783279
v 185.807602 46.990456 86.317451
v 190.543640 47.484802 79.766327
v 186.427826 46.496117 81.382019
v 188.981323 46.990456 79.511398
v 187.474823 46.628578 80.102783
vn 1.0000 -0.0000 -0.0000
vn -0.0000 1.0000 -0.0000
vn -1.0000 -0.0000 -0.0000
vn -0.0350 0.0023 0.9994
vn -0.0194 0.0187 0.9996
vn -0.0194 -0.0187 0.9996
vn 0.0194 -0.0187 0.9996
vn 0.0194 0.0187 0.9996
vn 0.0350 0.0023 0.9994
vn 0.0056 -0.0088 0.9999
vn -0.0000 -0.0255 0.9997
vn -0.0056 -0.0088 0.9999
vn 0.0194 0.0187 -0.9996
vn 0.0194 -0.0187 -0.9996
vn 0.0350 0.0023 -0.9994
vn -0.0056 -0.0088 -0.9999
vn -0.0000 -0.0255 -0.9997
vn 0.0056 -0.0088 -0.9999
vn -0.0194 -0.0187 -0.9996
vn -0.0194 0.0187 -0.9996
vn -0.0350 -0.0023 -0.9994
vn -0.0000 -1.0000 -0.0000
vn 0.9808 -0.1951 -0.0000
vn 0.9239 -0.3827 -0.0000
vn 0.3827 -0.9239 -0.0000
vn 0.1951 -0.9808 -0.0000
vn -0.9808 -0.1951 -0.0000
vn -0.9239 -0.3827 -0.0000
vn -0.3827 -0.9239 -0.0000
vn -0.1951 -0.9808 -0.0000
vn -0.9808 0.1951 -0.0000
vn -0.9239 0.3827 -0.0000
vn -0.3827 0.9239 -0.0000
vn -0.1951 0.9808 -0.0000
vn 0.9808 0.1951 -0.0000
vn 0.9239 0.3827 -0.0000
vn 0.3827 0.9239 -0.0000
vn 0.1951 0.9808 -0.0000
vn 0.0022 0.0408 0.9992
vn 0.0158 0.0166 0.9997
vn -0.0000 0.0255 0.9997
vn 0.0158 -0.0166 0.9997
vn 0.0022 -0.0408 0.9992
vn -0.0022 -0.0408 0.9992
vn -0.0022 0.0408 0.9992
vn -0.0158 -0.0166 0.9997
vn -0.0158 0.0166 0.9997
vn -0.0350 -0.0023 0.9994
vn 0.0350 -0.0023 0.9994
vn -0.0056 0.0088 0.9999
vn 0.0056 0.0088 0.9999
vn -0.0158 -0.0166 -0.9997
vn -0.0022 -0.0408 -0.9992
vn 0.0022 -0.0408 -0.9992
vn -0.0022 0.0408 -0.9992
vn -0.0158 0.0166 -0.9997
vn -0.0000 0.0255 -0.9997
vn 0.0022 0.0408 -0.9992
vn 0.0158 -0.0166 -0.9997
vn 0.0158 0.0166 -0.9997
vn 0.0350 -0.0023 -0.9994
vn 0.0056 0.0088 -0.9999
vn -0.0056 0.0088 -0.9999
vn -0.0350 0.0023 -0.9994
vn -0.0000 -0.0000 -1.0000
vn -0.0000 -0.0000 1.0000
vn -0.0000 0.9808 -0.1951
vn -0.0000 0.9239 -0.3827
vn -0.0000 0.3827 -0.9239
vn -0.0000 0.1951 -0.9808
vn -0.0000 -0.9808 -0.1951
vn -0.0000 -0.9239 -0.3827
vn -0.0000 -0.3827 -0.9239
vn -0.0000 -0.1951 -0.9808
vn -0.0000 -0.9808 0.1951
vn -0.0000 -0.9239 0.3827
vn -0.0000 -0.3827 0.9239
vn -0.0000 -0.1951 0.9808
vn -0.0000 0.9808 0.1951
vn -0.0000 0.9239 0.3827
vn -0.0000 0.3827 0.9239
vn -0.0000 0.1951 0.9808
vn 0.7203 0.1181 -0.6835
vn 0.5827 0.0602 -0.8105
vn 0.9582 0.2851 0.0246
vn 0.9516 0.2566 -0.1693
vn -0.1275 -0.1715 -0.9769
vn -0.3107 -0.2182 -0.9251
vn -0.8621 -0.3086 -0.4020
vn -0.9280 -0.3027 -0.2175
vn -0.4226 -0.0000 0.9063
vn -0.2463 0.0602 0.9673
vn -0.7631 -0.3027 -0.5711
vn -0.5827 -0.0602 0.8105
vn 0.3108 0.2182 0.9251
vn 0.4820 0.2566 0.8378
vn 0.9280 0.3027 0.2175
vn -0.6347 -0.2851 -0.7182
vn -0.7203 -0.1181 0.6835
vn 0.0605 -0.1181 -0.9912
vn 0.8303 0.1714 -0.5302
vn -0.2797 0.9512 -0.1304
vn -0.9516 -0.2566 0.1693
vn -0.9084 -0.2182 0.3566
vn 0.8621 0.3086 0.4020
vn 0.1276 0.1715 0.9769
vn 0.7631 0.3027 0.5711
vn 0.2463 -0.0602 -0.9673
vn 0.0606 -0.1181 -0.9912
vn -0.4820 -0.2566 -0.8378
vn 0.6347 0.2851 0.7182
vn -0.8303 -0.1714 0.5302
vn -0.7204 -0.1181 0.6835
vn 0.4226 -0.0000 -0.9063
vn -0.9582 -0.2851 -0.0246
vn -0.0605 0.1181 0.9912
vn 0.1275 0.1715 0.9769
vn 0.9084 0.2182 -0.3566
vn -0.8303 -0.1715 0.5302
vn -0.0606 0.1181 0.9912
vn 0.2797 -0.9512 0.1304
vn -0.5315 -0.0403 0.8461
vn -0.7970 -0.1543 0.5839
vn -0.9421 -0.2981 -0.1537
vn -0.9099 -0.3060 -0.2803
vn -0.7995 -0.3060 -0.5168
vn -0.7233 -0.2981 -0.6229
vn -0.0650 -0.1543 -0.9859
vn 0.3065 -0.0403 -0.9510
vn -0.2796 0.9512 -0.1304
vn -0.2797 0.9512 -0.1305
vt 0.649830 0.006374
vt 0.704654 0.304262
vt 0.649830 0.304262
vt 0.580913 0.461564
vt 0.531139 0.461564
vt 0.580913 0.007620
vt 0.704654 0.304262
vt 0.704654 0.006374
vt 0.773383 0.041165
vt 0.713969 0.008755
vt 0.986322 0.008755
vt 0.986322 0.923036
vt 0.713969 0.923036
vt 0.773383 0.890626
vt 0.926908 0.433486
vt 0.986322 0.465896
vt 0.926908 0.498306
vt 0.986322 0.008755
vt 0.773383 0.041165
vt 0.926908 0.433486
vt 0.986322 0.465896
vt 0.986322 0.923036
vt 0.926908 0.890626
vt 0.531139 0.915509
vt 0.531139 0.461564
vt 0.702927 0.516478
vt 0.650889 0.540994
vt 0.650889 0.516478
vt 0.588825 0.414813
vt 0.640863 0.390297
vt 0.640863 0.414813
vt 0.650889 0.540994
vt 0.650889 0.516478
vt 0.640863 0.006020
vt 0.588825 0.030536
vt 0.588825 0.006020
vt 0.650889 0.348559
vt 0.702927 0.324044
vt 0.702927 0.348559
vt 0.588825 0.414813
vt 0.640863 0.390297
vt 0.640863 0.414813
vt 0.702927 0.324044
vt 0.588825 0.390297
vt 0.702927 0.540994
vt 0.650889 0.540994
vt 0.650889 0.348559
vt 0.640863 0.006020
vt 0.640863 0.030536
vt 0.640863 0.030536
vt 0.580913 0.915509
vt 0.531139 0.007620
vt 0.649830 0.304262
vt 0.741685 0.401787
vt 0.750969 0.424201
vt 0.713969 0.465896
vt 0.949323 0.424202
vt 0.958607 0.401787
vt 0.958607 0.072864
vt 0.741685 0.072864
vt 0.949323 0.050450
vt 0.750969 0.050450
vt 0.926908 0.041165
vt 0.958607 0.530004
vt 0.949323 0.507590
vt 0.750969 0.507590
vt 0.741684 0.530004
vt 0.741684 0.858927
vt 0.958607 0.858927
vt 0.750969 0.881342
vt 0.949323 0.881342
vt 0.773383 0.498306
vt 0.773383 0.433486
vt 0.958607 0.401787
vt 0.750969 0.424202
vt 0.926908 0.041165
vt 0.750969 0.507590
vt 0.773383 0.498306
vt 0.773383 0.433486
vt 0.741685 0.530004
vt 0.741684 0.858927
vt 0.958607 0.530004
vt 0.949322 0.881342
vt 0.773383 0.890626
vt 0.702927 0.540994
vt 0.650889 0.324044
vt 0.588825 0.390297
vt 0.650889 0.324044
vt 0.650889 0.324044
vt 0.055216 0.192644
vt 0.098634 0.452221
vt 0.055216 0.452221
vt 0.111379 0.472656
vt 0.111379 0.206737
vt 0.132446 0.206737
vt 0.098634 0.192644
vt 0.132446 0.472656
vt 0.111379 0.738575
vt 0.170823 0.799595
vt 0.170823 0.931664
vt 0.156481 0.968699
vt 0.193516 0.475893
vt 0.193516 0.504576
vt 0.177469 0.469246
vt 0.285463 0.011770
vt 0.193516 0.026111
vt 0.156481 0.011770
vt 0.193516 0.203568
vt 0.193516 0.232251
vt 0.177469 0.196921
vt 0.193516 0.954357
vt 0.248428 0.954357
vt 0.285463 0.968699
vt 0.285463 0.762560
vt 0.271122 0.799595
vt 0.264475 0.783548
vt 0.156481 0.011770
vt 0.285463 0.011770
vt 0.193516 0.026111
vt 0.271122 0.180874
vt 0.271122 0.048805
vt 0.156481 0.217909
vt 0.170823 0.254945
vt 0.170823 0.453199
vt 0.170823 0.048805
vt 0.170823 0.180874
vt 0.248428 0.203568
vt 0.264475 0.196921
vt 0.264475 0.238898
vt 0.048066 0.435286
vt 0.004648 0.467580
vt 0.004648 0.435286
vt 0.101037 0.008492
vt 0.057619 0.040786
vt 0.057619 0.008492
vt 0.057619 0.183591
vt 0.101037 0.151296
vt 0.101037 0.183591
vt 0.004648 0.036299
vt 0.048066 0.004004
vt 0.048066 0.036299
vt 0.049354 0.791063
vt 0.005935 0.823357
vt 0.005935 0.791063
vt 0.005935 0.525275
vt 0.049354 0.492981
vt 0.049354 0.525275
vt 0.005935 0.525275
vt 0.049354 0.525275
vt 0.049354 0.492980
vt 0.049354 0.791063
vt 0.005935 0.791063
vt 0.057619 0.040786
vt 0.101037 0.040786
vt 0.048066 0.435286
vt 0.048066 0.467580
vt 0.057619 0.151296
vt 0.004648 0.435286
vt 0.101037 0.040786
vt 0.132446 0.738575
vt 0.132446 0.939865
vt 0.111379 0.939865
vt 0.111379 0.005447
vt 0.132446 0.005447
vt 0.271122 0.527270
vt 0.264475 0.511223
vt 0.285463 0.490234
vt 0.264475 0.947710
vt 0.271122 0.931664
vt 0.271122 0.799595
vt 0.271122 0.725524
vt 0.264475 0.741571
vt 0.264475 0.783548
vt 0.248428 0.748218
vt 0.248428 0.776901
vt 0.193516 0.748218
vt 0.193516 0.776901
vt 0.177469 0.741571
vt 0.177469 0.783548
vt 0.170823 0.725524
vt 0.156481 0.490234
vt 0.177469 0.511223
vt 0.170823 0.527270
vt 0.177469 0.947710
vt 0.271122 0.254944
vt 0.264475 0.238898
vt 0.285463 0.217909
vt 0.264475 0.469246
vt 0.248428 0.504576
vt 0.248428 0.475893
vt 0.271122 0.453199
vt 0.156481 0.217909
vt 0.177469 0.238898
vt 0.170823 0.254944
vt 0.170823 0.453199
vt 0.264475 0.032758
vt 0.248428 0.026111
vt 0.177469 0.032758
vt 0.271122 0.048805
vt 0.264475 0.196921
vt 0.248428 0.232251
vt 0.248428 0.203568
vt 0.271122 0.180874
vt 0.170823 0.048805
vt 0.170823 0.180874
vt 0.170823 0.799595
vt 0.156481 0.968699
vt 0.156481 0.762560
vt 0.193516 0.748218
vt 0.193516 0.776901
vt 0.248428 0.748218
vt 0.248428 0.776901
vt 0.264475 0.947710
vt 0.264475 0.032758
vt 0.248428 0.026111
vt 0.177469 0.032758
vt 0.285463 0.217909
vt 0.271122 0.254945
vt 0.271122 0.453199
vt 0.271122 0.725524
vt 0.271122 0.527270
vt 0.264475 0.511223
vt 0.264475 0.469246
vt 0.248428 0.504576
vt 0.248428 0.475893
vt 0.193516 0.504576
vt 0.193516 0.475893
vt 0.177469 0.511223
vt 0.177469 0.469246
vt 0.170823 0.527270
vt 0.170823 0.725524
vt 0.193516 0.232251
vt 0.177469 0.238898
vt 0.177469 0.196921
vt 0.193516 0.203568
vt 0.248428 0.232251
vt 0.004648 0.004004
vt 0.049354 0.823357
vt 0.005935 0.492981
vt 0.005935 0.492980
vt 0.499465 0.532530
vt 0.441769 0.493953
vt 0.499465 0.493953
vt 0.705626 0.655721
vt 0.647930 0.619779
vt 0.705626 0.619779
vt 0.499465 0.336931
vt 0.441769 0.304569
vt 0.499465 0.304569
vt 0.499465 0.157564
vt 0.441769 0.117006
vt 0.499465 0.117006
vt 0.705626 0.733217
vt 0.647930 0.692817
vt 0.705626 0.692817
vt 0.499465 0.198121
vt 0.441769 0.157564
vt 0.705626 0.773888
vt 0.647930 0.733217
vt 0.705626 0.882286
vt 0.647930 0.850782
vt 0.705626 0.850782
vt 0.705626 0.694723
vt 0.647930 0.655721
vt 0.499465 0.237123
vt 0.441769 0.198121
vt 0.705626 0.813267
vt 0.647930 0.773888
vt 0.499465 0.373504
vt 0.441769 0.336931
vt 0.499465 0.567801
vt 0.441769 0.532530
vt 0.307630 0.705763
vt 0.325151 0.690348
vt 0.323633 0.705763
vt 0.499465 0.042062
vt 0.441769 0.010558
vt 0.499465 0.010558
vt 0.705626 0.735281
vt 0.647930 0.694723
vt 0.705626 0.618969
vt 0.647930 0.588359
vt 0.705626 0.588359
vt 0.705626 0.775839
vt 0.647930 0.735281
vt 0.499465 0.412882
vt 0.441769 0.373504
vt 0.499465 0.273065
vt 0.441769 0.237123
vt 0.705626 0.814840
vt 0.647930 0.775839
vt 0.705626 0.849840
vt 0.647930 0.813267
vt 0.639093 0.638361
vt 0.590778 0.638361
vt 0.639093 0.429128
vt 0.499465 0.078004
vt 0.441769 0.042062
vt 0.705626 0.654240
vt 0.647930 0.618969
vt 0.499465 0.598411
vt 0.441769 0.567801
vt 0.499465 0.453553
vt 0.441769 0.412882
vt 0.647930 0.588276
vt 0.705626 0.588276
vt 0.441769 0.453553
vt 0.441769 0.273065
vt 0.647930 0.814840
vt 0.441769 0.078004
vt 0.705626 0.882202
vt 0.647930 0.849840
vt 0.647930 0.654240
vt 0.497668 0.800781
vt 0.519597 0.610744
vt 0.519597 0.800781
vt 0.323633 0.895800
vt 0.307630 0.895800
vt 0.325151 0.880385
vt 0.590777 0.687384
vt 0.639093 0.768216
vt 0.590777 0.768216
vt 0.639093 0.828846
vt 0.590778 0.828846
vt 0.340668 0.316424
vt 0.398364 0.220711
vt 0.398364 0.316424
vt 0.340668 0.103562
vt 0.398364 0.007849
vt 0.398364 0.103562
vt 0.639093 0.768216
vt 0.590778 0.687384
vt 0.639093 0.687384
vt 0.590777 0.638361
vt 0.639093 0.429128
vt 0.639093 0.638361
vt 0.398364 0.162137
vt 0.340668 0.162137
vt 0.481666 0.895800
vt 0.480147 0.880385
vt 0.497668 0.800781
vt 0.481666 0.705763
vt 0.480147 0.690348
vt 0.497668 0.610744
vt 0.647930 0.882286
vt 0.402649 0.800781
vt 0.380386 0.800781
vt 0.387234 0.783261
vt 0.344008 0.791034
vt 0.372411 0.778764
vt 0.402649 0.784779
vt 0.317378 0.764403
vt 0.346776 0.761636
vt 0.307630 0.728025
vt 0.329647 0.736001
vt 0.336949 0.749662
vt 0.307630 0.683500
vt 0.317378 0.647122
vt 0.329647 0.675524
vt 0.336949 0.661863
vt 0.325151 0.721178
vt 0.344008 0.620491
vt 0.346776 0.649890
vt 0.380386 0.610744
vt 0.372411 0.632761
vt 0.402649 0.610744
vt 0.387234 0.628264
vt 0.402649 0.626746
vt 0.358750 0.771463
vt 0.358750 0.640062
vt 0.590778 0.429128
vt 0.441769 0.598411
vt 0.647930 0.882202
vt 0.387234 0.973299
vt 0.402649 0.974817
vt 0.402649 0.990819
vt 0.380386 0.990819
vt 0.344008 0.981071
vt 0.372411 0.968802
vt 0.317378 0.954441
vt 0.346776 0.951673
vt 0.307630 0.918063
vt 0.329647 0.926039
vt 0.307630 0.873537
vt 0.317378 0.837159
vt 0.329647 0.865562
vt 0.336949 0.851901
vt 0.336949 0.939699
vt 0.325151 0.911215
vt 0.344008 0.810529
vt 0.346776 0.839927
vt 0.380386 0.800781
vt 0.372411 0.822798
vt 0.402649 0.800781
vt 0.387234 0.818302
vt 0.402649 0.816784
vt 0.358750 0.961500
vt 0.358750 0.830100
vt 0.639093 0.687384
vt 0.340668 0.220711
vt 0.340668 0.007849
vt 0.590777 0.828846
vt 0.590777 0.429128
vt 0.497668 0.990819
vt 0.432887 0.968802
vt 0.418065 0.973299
vt 0.418065 0.818302
vt 0.432887 0.822798
vt 0.446548 0.961500
vt 0.446548 0.830100
vt 0.458522 0.951673
vt 0.468349 0.939699
vt 0.458522 0.839927
vt 0.468349 0.851901
vt 0.475651 0.926039
vt 0.480147 0.911215
vt 0.475651 0.865562
vt 0.432887 0.778764
vt 0.418064 0.783261
vt 0.418065 0.628264
vt 0.432887 0.632761
vt 0.446548 0.771463
vt 0.446548 0.640062
vt 0.458522 0.761636
vt 0.468349 0.749662
vt 0.458522 0.649890
vt 0.468349 0.661863
vt 0.475651 0.736001
vt 0.480147 0.721178
vt 0.475651 0.675524
s 1
f 5210/6964/2092 5219/6965/2092 5209/6966/2092
f 5213/6967/2093 5216/6968/2093 5211/6969/2093
f 5211/6970/2094 5217/6964/2094 5212/6971/2094
f 5236/6972/2095 5210/6973/2096 5209/6974/2097
f 5211/6975/2098 5212/6976/2099 5228/6977/2100
f 5242/6978/2101 5213/6979/2102 5222/6980/2103
f 5217/6973/2104 5218/6981/2105 5257/6982/2106
f 5263/6983/2107 5216/6984/2108 5252/6980/2109
f 5219/6985/2110 5220/6976/2111 5248/6986/2112
f 5214/6967/2113 5217/6987/2113 5215/6988/2113
f 5252/6989/2114 5244/6990/2115 5242/6991/2114
f 5253/6992/2116 5243/6993/2117 5244/6994/2116
f 5234/6989/2118 5250/6995/2119 5248/6996/2118
f 5235/6997/2120 5249/6998/2121 5250/6999/2120
f 5255/7000/2122 5226/7001/2123 5224/7002/2122
f 5256/7003/2124 5225/7004/2125 5226/7005/2124
f 5228/7000/2126 5259/7006/2127 5257/7002/2126
f 5229/6997/2128 5258/6998/2129 5259/6999/2128
f 5231/7004/2117 5262/6992/2116 5260/7007/2117
f 5232/6995/2115 5261/6989/2114 5262/7008/2115
f 5222/6989/2118 5265/7009/2119 5263/6996/2118
f 5223/6997/2120 5264/6998/2121 5265/6999/2120
f 5246/7000/2122 5238/7001/2123 5236/7002/2122
f 5247/7003/2124 5237/7004/2125 5238/7005/2124
f 5240/7010/2126 5268/7001/2127 5266/7002/2126
f 5241/7011/2128 5267/6998/2129 5268/6999/2128
f 5231/7004/2117 5264/6998/2121 5221/7012/2121
f 5222/6989/2118 5255/7000/2122 5224/7002/2122
f 5225/7004/2125 5258/6998/2129 5227/7012/2129
f 5228/7000/2126 5261/6989/2114 5230/6996/2114
f 5234/6989/2118 5246/7000/2122 5236/7002/2122
f 5243/6993/2117 5249/6998/2121 5233/7012/2121
f 5237/7004/2125 5267/6998/2129 5239/7013/2129
f 5240/7010/2126 5252/6989/2114 5242/6991/2114
f 5210/6964/2092 5220/6971/2092 5219/6965/2092
f 5213/6967/2093 5209/7014/2093 5219/6987/2093
f 5216/6968/2093 5218/7015/2093 5211/6969/2093
f 5213/6967/2093 5219/6987/2093 5216/6968/2093
f 5211/6970/2094 5218/7016/2094 5217/6964/2094
f 5239/7017/2130 5241/7018/2131 5214/7019/2132
f 5213/6979/2102 5244/7020/2133 5243/7021/2134
f 5213/6979/2102 5243/7021/2134 5233/7022/2135
f 5239/7017/2130 5214/7019/2132 5237/7023/2136
f 5214/7019/2132 5210/6973/2096 5237/7023/2136
f 5209/6974/2097 5213/6979/2102 5233/7022/2135
f 5209/6974/2097 5233/7022/2135 5235/7024/2137
f 5238/7025/2138 5237/7023/2136 5210/6973/2096
f 5236/6972/2095 5238/7025/2138 5210/6973/2096
f 5209/6974/2097 5235/7024/2137 5234/7026/2139
f 5234/7026/2139 5236/6972/2095 5209/6974/2097
f 5221/7027/2135 5223/7028/2137 5213/6979/2102
f 5214/7019/2132 5226/7029/2138 5225/7030/2136
f 5214/7019/2132 5225/7030/2136 5227/7031/2130
f 5221/7027/2135 5213/6979/2102 5231/7032/2134
f 5213/6979/2102 5211/6975/2098 5231/7032/2134
f 5212/6976/2099 5214/7019/2132 5227/7031/2130
f 5212/6976/2099 5227/7031/2130 5229/7033/2131
f 5232/7034/2133 5231/7032/2134 5211/6975/2098
f 5230/6986/2140 5232/7034/2133 5211/6975/2098
f 5212/6976/2099 5229/7033/2131 5228/6977/2100
f 5228/6977/2100 5230/6986/2140 5211/6975/2098
f 5226/7029/2138 5214/7019/2132 5224/7035/2141
f 5214/7019/2132 5241/7018/2131 5240/7036/2142
f 5214/7019/2132 5240/7036/2142 5224/7035/2141
f 5242/6978/2101 5244/7020/2133 5213/6979/2102
f 5224/7035/2141 5240/7036/2142 5242/6978/2101
f 5213/6979/2102 5223/7028/2137 5222/6980/2103
f 5222/6980/2103 5224/7035/2141 5242/6978/2101
f 5216/6984/2108 5265/7020/2143 5264/7037/2144
f 5216/6984/2108 5264/7037/2144 5260/7022/2145
f 5254/7017/2146 5256/7038/2147 5215/7019/2148
f 5258/7023/2149 5254/7017/2146 5215/7019/2148
f 5218/6981/2105 5216/6984/2108 5260/7022/2145
f 5218/6981/2105 5260/7022/2145 5262/7024/2150
f 5258/7023/2149 5215/7019/2148 5217/6973/2104
f 5259/7025/2151 5258/7023/2149 5217/6973/2104
f 5218/6981/2105 5262/7024/2150 5261/7039/2152
f 5257/6982/2106 5259/7025/2151 5217/6973/2104
f 5218/6981/2105 5261/7039/2152 5257/6982/2106
f 5268/7040/2151 5215/7019/2148 5266/7041/2153
f 5215/7019/2148 5256/7038/2147 5255/7042/2154
f 5215/7019/2148 5255/7042/2154 5266/7041/2153
f 5263/6983/2107 5265/7020/2143 5216/6984/2108
f 5266/7041/2153 5255/7042/2154 5263/6983/2107
f 5216/6984/2108 5253/7028/2150 5252/6980/2109
f 5252/6980/2109 5266/7041/2153 5263/6983/2107
f 5215/7019/2148 5268/7040/2151 5267/7043/2149
f 5215/7019/2148 5267/7043/2149 5245/7044/2146
f 5251/7045/2145 5253/7028/2150 5216/6984/2108
f 5249/7032/2144 5251/7045/2145 5216/6984/2108
f 5220/6976/2111 5215/7019/2148 5245/7044/2146
f 5220/6976/2111 5245/7044/2146 5247/7033/2147
f 5249/7032/2144 5216/6984/2108 5219/6985/2110
f 5250/7046/2143 5249/7032/2144 5219/6985/2110
f 5220/6976/2111 5247/7033/2147 5246/7047/2155
f 5248/6986/2112 5250/7046/2143 5219/6985/2110
f 5220/6976/2111 5246/7047/2155 5248/6986/2112
f 5220/7015/2113 5210/6969/2113 5214/6967/2113
f 5214/6967/2113 5212/7014/2113 5217/6987/2113
f 5215/6988/2113 5220/7015/2113 5214/6967/2113
f 5252/6989/2114 5253/7048/2115 5244/6990/2115
f 5253/6992/2116 5251/7007/2117 5243/6993/2117
f 5234/6989/2118 5235/7008/2119 5250/6995/2119
f 5235/6997/2120 5233/7012/2121 5249/6998/2121
f 5255/7000/2122 5256/7049/2123 5226/7001/2123
f 5256/7003/2124 5254/7050/2125 5225/7004/2125
f 5228/7000/2126 5229/7051/2127 5259/7006/2127
f 5229/6997/2128 5227/7012/2129 5258/6998/2129
f 5231/7004/2117 5232/7005/2116 5262/6992/2116
f 5232/6995/2115 5230/6996/2114 5261/6989/2114
f 5222/6989/2118 5223/7048/2119 5265/7009/2119
f 5223/6997/2120 5221/7012/2121 5264/6998/2121
f 5246/7000/2122 5247/7049/2123 5238/7001/2123
f 5247/7003/2124 5245/7050/2125 5237/7004/2125
f 5240/7010/2126 5241/7052/2127 5268/7001/2127
f 5241/7011/2128 5239/7013/2129 5267/6998/2129
f 5231/7004/2117 5260/7007/2117 5264/6998/2121
f 5222/6989/2118 5263/6996/2118 5255/7000/2122
f 5225/7004/2125 5254/7050/2125 5258/6998/2129
f 5228/7000/2126 5257/7002/2126 5261/6989/2114
f 5234/6989/2118 5248/6996/2118 5246/7000/2122
f 5243/6993/2117 5251/7007/2117 5249/6998/2121
f 5237/7004/2125 5245/7050/2125 5267/6998/2129
f 5240/7010/2126 5266/7002/2126 5252/6989/2114
f 5270/7053/2156 5281/7054/2156 5269/7055/2156
f 5274/7056/2093 5273/7057/2093 5279/7058/2093
f 5271/7054/2157 5283/7053/2157 5272/7059/2157
f 5276/7060/2113 5277/7061/2113 5280/7057/2113
f 5325/7062/2092 5327/7063/2092 5272/7064/2092
f 5298/7065/2092 5294/7066/2092 5299/7067/2092
f 5269/7068/2092 5312/7069/2092 5270/7070/2092
f 5316/7071/2092 5306/7072/2092 5317/7073/2092
f 5328/7074/2092 5330/7075/2092 5271/7076/2092
f 5279/7077/2094 5369/7078/2094 5371/7079/2094
f 5337/7074/2094 5333/7075/2094 5281/7076/2094
f 5283/7080/2094 5284/7081/2094 5339/7082/2094
f 5284/7081/2094 5376/7083/2094 5342/7084/2094
f 5277/7085/2094 5352/7086/2094 5354/7087/2094
f 5283/7080/2094 5340/7088/2094 5378/7089/2094
f 5375/7090/2094 5377/7091/2094 5368/7092/2094
f 5346/7093/2158 5299/7094/2159 5297/7095/2158
f 5347/7096/2160 5298/7097/2161 5299/7098/2160
f 5301/7093/2162 5362/7094/2163 5360/7095/2162
f 5302/7099/2164 5361/7100/2165 5362/7101/2164
f 5364/7102/2166 5293/7103/2167 5291/7104/2166
f 5365/7099/2168 5292/7100/2169 5293/7101/2168
f 5295/7102/2170 5356/7103/2171 5354/7104/2170
f 5296/7096/2172 5355/7097/2173 5356/7098/2172
f 5373/7105/2158 5317/7106/2159 5315/7107/2158
f 5374/7096/2160 5316/7097/2161 5317/7098/2160
f 5319/7105/2162 5371/7106/2163 5369/7107/2162
f 5320/7099/2164 5370/7100/2165 5371/7101/2164
f 5358/7102/2166 5305/7103/2167 5303/7104/2166
f 5359/7099/2168 5304/7100/2169 5305/7101/2168
f 5307/7102/2170 5350/7103/2171 5348/7104/2170
f 5308/7096/2172 5349/7097/2173 5350/7098/2172
f 5376/7108/2166 5323/7109/2167 5321/7110/2166
f 5377/7099/2168 5322/7100/2169 5323/7101/2168
f 5325/7111/2170 5380/7109/2171 5378/7112/2170
f 5326/7096/2172 5379/7097/2173 5380/7098/2172
f 5334/7108/2166 5311/7113/2167 5309/7110/2166
f 5335/7099/2168 5310/7100/2169 5311/7101/2168
f 5313/7108/2170 5338/7113/2171 5336/7110/2170
f 5314/7096/2172 5337/7097/2173 5338/7098/2172
f 5340/7114/2158 5329/7106/2159 5327/7115/2158
f 5341/7096/2160 5328/7097/2161 5329/7098/2160
f 5331/7105/2162 5344/7106/2163 5342/7107/2162
f 5332/7099/2164 5343/7100/2165 5344/7101/2164
f 5286/7116/2161 5353/7096/2160 5351/7117/2161
f 5287/7094/2159 5352/7118/2158 5353/7119/2159
f 5367/7100/2165 5290/7099/2164 5288/7120/2165
f 5368/7094/2163 5289/7118/2162 5290/7119/2163
f 5295/7102/2170 5352/7118/2158 5285/7121/2158
f 5286/7116/2161 5367/7100/2165 5288/7120/2165
f 5289/7118/2162 5364/7102/2166 5291/7104/2166
f 5292/7100/2169 5355/7097/2173 5294/7122/2173
f 5307/7102/2170 5346/7093/2158 5297/7095/2158
f 5298/7097/2161 5361/7100/2165 5300/7120/2165
f 5301/7093/2162 5358/7102/2166 5303/7104/2166
f 5304/7100/2169 5349/7097/2173 5306/7122/2173
f 5310/7100/2169 5337/7097/2173 5312/7122/2173
f 5319/7105/2162 5334/7108/2166 5309/7110/2166
f 5313/7108/2170 5373/7105/2158 5315/7107/2158
f 5316/7097/2161 5370/7100/2165 5318/7120/2165
f 5331/7105/2162 5376/7108/2166 5321/7110/2166
f 5322/7100/2169 5379/7097/2173 5324/7122/2173
f 5325/7111/2170 5340/7114/2158 5327/7115/2158
f 5328/7097/2161 5343/7100/2165 5330/7120/2165
f 5270/7053/2156 5282/7059/2156 5281/7054/2156
f 5278/7123/2093 5284/7124/2093 5271/7125/2093
f 5278/7123/2093 5271/7125/2093 5274/7056/2093
f 5269/7126/2093 5281/7127/2093 5279/7058/2093
f 5279/7058/2093 5278/7123/2093 5274/7056/2093
f 5273/7057/2093 5269/7126/2093 5279/7058/2093
f 5271/7054/2157 5284/7055/2157 5283/7053/2157
f 5282/7126/2113 5270/7127/2113 5275/7058/2113
f 5276/7060/2113 5272/7124/2113 5277/7061/2113
f 5272/7124/2113 5283/7125/2113 5277/7061/2113
f 5282/7126/2113 5275/7058/2113 5280/7057/2113
f 5275/7058/2113 5276/7060/2113 5280/7057/2113
f 5291/7128/2092 5293/7129/2092 5274/7130/2092
f 5271/7076/2092 5332/7131/2092 5331/7132/2092
f 5271/7076/2092 5331/7132/2092 5321/7133/2092
f 5291/7128/2092 5274/7130/2092 5289/7134/2092
f 5274/7130/2092 5271/7076/2092 5289/7134/2092
f 5289/7134/2092 5271/7076/2092 5321/7133/2092
f 5290/7135/2092 5289/7134/2092 5321/7133/2092
f 5290/7135/2092 5321/7133/2092 5323/7136/2092
f 5288/7137/2092 5290/7135/2092 5323/7136/2092
f 5288/7137/2092 5323/7136/2092 5322/7138/2092
f 5286/7139/2092 5288/7137/2092 5322/7138/2092
f 5286/7139/2092 5322/7138/2092 5324/7140/2092
f 5287/7141/2092 5286/7139/2092 5324/7140/2092
f 5287/7141/2092 5324/7140/2092 5326/7142/2092
f 5285/7143/2092 5287/7141/2092 5326/7142/2092
f 5285/7143/2092 5326/7142/2092 5325/7062/2092
f 5276/7144/2092 5296/7145/2092 5295/7146/2092
f 5276/7144/2092 5295/7146/2092 5285/7143/2092
f 5327/7063/2092 5329/7147/2092 5272/7064/2092
f 5276/7144/2092 5285/7143/2092 5272/7064/2092
f 5285/7143/2092 5325/7062/2092 5272/7064/2092
f 5303/7148/2092 5305/7149/2092 5273/7150/2092
f 5274/7130/2092 5293/7129/2092 5302/7151/2092
f 5293/7129/2092 5292/7152/2092 5300/7153/2092
f 5294/7066/2092 5296/7145/2092 5299/7067/2092
f 5296/7145/2092 5276/7144/2092 5299/7067/2092
f 5293/7129/2092 5300/7153/2092 5302/7151/2092
f 5292/7152/2092 5294/7066/2092 5300/7153/2092
f 5303/7148/2092 5273/7150/2092 5301/7154/2092
f 5273/7150/2092 5274/7130/2092 5301/7154/2092
f 5300/7153/2092 5294/7066/2092 5298/7065/2092
f 5275/7155/2092 5308/7156/2092 5307/7157/2092
f 5275/7155/2092 5307/7157/2092 5297/7158/2092
f 5302/7151/2092 5301/7154/2092 5274/7130/2092
f 5276/7144/2092 5275/7155/2092 5297/7158/2092
f 5276/7144/2092 5297/7158/2092 5299/7067/2092
f 5269/7068/2092 5311/7159/2092 5310/7160/2092
f 5312/7069/2092 5314/7161/2092 5270/7070/2092
f 5269/7068/2092 5310/7160/2092 5312/7069/2092
f 5309/7162/2092 5311/7159/2092 5269/7068/2092
f 5273/7150/2092 5305/7149/2092 5320/7163/2092
f 5305/7149/2092 5304/7164/2092 5320/7163/2092
f 5306/7072/2092 5308/7156/2092 5317/7073/2092
f 5308/7156/2092 5275/7155/2092 5317/7073/2092
f 5304/7164/2092 5306/7072/2092 5318/7165/2092
f 5309/7162/2092 5269/7068/2092 5273/7150/2092
f 5319/7166/2092 5309/7162/2092 5273/7150/2092
f 5304/7164/2092 5318/7165/2092 5320/7163/2092
f 5318/7165/2092 5306/7072/2092 5316/7071/2092
f 5270/7070/2092 5314/7161/2092 5313/7167/2092
f 5270/7070/2092 5313/7167/2092 5315/7168/2092
f 5320/7163/2092 5319/7166/2092 5273/7150/2092
f 5275/7155/2092 5270/7070/2092 5315/7168/2092
f 5275/7155/2092 5315/7168/2092 5317/7073/2092
f 5272/7064/2092 5329/7147/2092 5328/7074/2092
f 5330/7075/2092 5332/7131/2092 5271/7076/2092
f 5272/7064/2092 5328/7074/2092 5271/7076/2092
f 5373/7169/2094 5336/7063/2094 5282/7170/2094
f 5280/7171/2094 5350/7141/2094 5374/7142/2094
f 5350/7141/2094 5349/7172/2094 5372/7173/2094
f 5357/7174/2094 5359/7135/2094 5370/7175/2094
f 5359/7135/2094 5279/7077/2094 5371/7079/2094
f 5370/7175/2094 5359/7135/2094 5371/7079/2094
f 5350/7141/2094 5372/7173/2094 5374/7142/2094
f 5349/7172/2094 5357/7174/2094 5370/7175/2094
f 5373/7169/2094 5282/7170/2094 5280/7171/2094
f 5374/7142/2094 5373/7169/2094 5280/7171/2094
f 5349/7172/2094 5370/7175/2094 5372/7173/2094
f 5281/7076/2094 5335/7176/2094 5334/7132/2094
f 5281/7076/2094 5334/7132/2094 5369/7078/2094
f 5279/7077/2094 5281/7076/2094 5369/7078/2094
f 5282/7170/2094 5336/7063/2094 5338/7147/2094
f 5282/7170/2094 5338/7147/2094 5337/7074/2094
f 5333/7075/2094 5335/7176/2094 5281/7076/2094
f 5282/7170/2094 5337/7074/2094 5281/7076/2094
f 5284/7081/2094 5344/7177/2094 5343/7178/2094
f 5339/7082/2094 5341/7179/2094 5283/7080/2094
f 5284/7081/2094 5343/7178/2094 5339/7082/2094
f 5284/7081/2094 5278/7180/2094 5376/7083/2094
f 5342/7084/2094 5344/7177/2094 5284/7081/2094
f 5366/7181/2094 5278/7180/2094 5364/7182/2094
f 5278/7180/2094 5279/7077/2094 5364/7182/2094
f 5279/7077/2094 5359/7135/2094 5358/7183/2094
f 5279/7077/2094 5358/7183/2094 5360/7184/2094
f 5364/7182/2094 5279/7077/2094 5360/7184/2094
f 5364/7182/2094 5360/7184/2094 5362/7185/2094
f 5365/7186/2094 5364/7182/2094 5362/7185/2094
f 5365/7186/2094 5362/7185/2094 5361/7187/2094
f 5363/7188/2094 5365/7186/2094 5361/7187/2094
f 5363/7188/2094 5361/7187/2094 5345/7189/2094
f 5355/7190/2094 5363/7188/2094 5345/7189/2094
f 5355/7190/2094 5345/7189/2094 5347/7191/2094
f 5356/7192/2094 5355/7190/2094 5347/7191/2094
f 5356/7192/2094 5347/7191/2094 5354/7087/2094
f 5347/7191/2094 5346/7193/2094 5354/7087/2094
f 5348/7194/2094 5350/7141/2094 5280/7171/2094
f 5346/7193/2094 5348/7194/2094 5280/7171/2094
f 5277/7085/2094 5351/7195/2094 5353/7196/2094
f 5277/7085/2094 5353/7196/2094 5352/7086/2094
f 5346/7193/2094 5280/7171/2094 5354/7087/2094
f 5280/7171/2094 5277/7085/2094 5354/7087/2094
f 5378/7089/2094 5277/7085/2094 5283/7080/2094
f 5283/7080/2094 5341/7179/2094 5340/7088/2094
f 5277/7085/2094 5378/7089/2094 5380/7197/2094
f 5277/7085/2094 5380/7197/2094 5351/7195/2094
f 5380/7197/2094 5379/7198/2094 5351/7195/2094
f 5367/7199/2094 5351/7195/2094 5379/7198/2094
f 5278/7180/2094 5366/7181/2094 5368/7092/2094
f 5278/7180/2094 5368/7092/2094 5377/7091/2094
f 5368/7092/2094 5367/7199/2094 5375/7090/2094
f 5377/7091/2094 5376/7083/2094 5278/7180/2094
f 5367/7199/2094 5379/7198/2094 5375/7090/2094
f 5346/7093/2158 5347/7119/2159 5299/7094/2159
f 5347/7096/2160 5345/7122/2161 5298/7097/2161
f 5301/7093/2162 5302/7119/2163 5362/7094/2163
f 5302/7099/2164 5300/7120/2165 5361/7100/2165
f 5364/7102/2166 5365/7200/2167 5293/7103/2167
f 5365/7099/2168 5363/7120/2169 5292/7100/2169
f 5295/7102/2170 5296/7200/2171 5356/7103/2171
f 5296/7096/2172 5294/7122/2173 5355/7097/2173
f 5373/7105/2158 5374/7201/2159 5317/7106/2159
f 5374/7096/2160 5372/7122/2161 5316/7097/2161
f 5319/7105/2162 5320/7201/2163 5371/7106/2163
f 5320/7099/2164 5318/7120/2165 5370/7100/2165
f 5358/7102/2166 5359/7200/2167 5305/7103/2167
f 5359/7099/2168 5357/7120/2169 5304/7100/2169
f 5307/7102/2170 5308/7200/2171 5350/7103/2171
f 5308/7096/2172 5306/7122/2173 5349/7097/2173
f 5376/7108/2166 5377/7202/2167 5323/7109/2167
f 5377/7099/2168 5375/7120/2169 5322/7100/2169
f 5325/7111/2170 5326/7202/2171 5380/7109/2171
f 5326/7096/2172 5324/7122/2173 5379/7097/2173
f 5334/7108/2166 5335/7203/2167 5311/7113/2167
f 5335/7099/2168 5333/7120/2169 5310/7100/2169
f 5313/7108/2170 5314/7203/2171 5338/7113/2171
f 5314/7096/2172 5312/7122/2173 5337/7097/2173
f 5340/7114/2158 5341/7201/2159 5329/7106/2159
f 5341/7096/2160 5339/7122/2161 5328/7097/2161
f 5331/7105/2162 5332/7201/2163 5344/7106/2163
f 5332/7099/2164 5330/7120/2165 5343/7100/2165
f 5286/7116/2161 5287/7098/2160 5353/7096/2160
f 5287/7094/2159 5285/7121/2158 5352/7118/2158
f 5367/7100/2165 5368/7101/2164 5290/7099/2164
f 5368/7094/2163 5366/7121/2162 5289/7118/2162
f 5295/7102/2170 5354/7104/2170 5352/7118/2158
f 5286/7116/2161 5351/7117/2161 5367/7100/2165
f 5289/7118/2162 5366/7121/2162 5364/7102/2166
f 5292/7100/2169 5363/7120/2169 5355/7097/2173
f 5307/7102/2170 5348/7104/2170 5346/7093/2158
f 5298/7097/2161 5345/7122/2161 5361/7100/2165
f 5301/7093/2162 5360/7095/2162 5358/7102/2166
f 5304/7100/2169 5357/7120/2169 5349/7097/2173
f 5310/7100/2169 5333/7120/2169 5337/7097/2173
f 5319/7105/2162 5369/7107/2162 5334/7108/2166
f 5313/7108/2170 5336/7110/2170 5373/7105/2158
f 5316/7097/2161 5372/7122/2161 5370/7100/2165
f 5331/7105/2162 5342/7107/2162 5376/7108/2166
f 5322/7100/2169 5375/7120/2169 5379/7097/2173
f 5325/7111/2170 5378/7112/2170 5340/7114/2158
f 5328/7097/2161 5339/7122/2161 5343/7100/2165
f 5448/7204/2174 5399/7205/2175 5443/7206/2175
f 5421/7207/2176 5414/7208/2177 5422/7209/2177
f 5441/7210/2178 5400/7211/2179 5442/7212/2179
f 5386/7213/2180 5438/7214/2181 5390/7215/2181
f 5387/7216/2182 5430/7217/2183 5401/7218/2183
f 5394/7219/2184 5447/7220/2180 5386/7213/2180
f 5405/7221/2185 5446/7222/2182 5387/7216/2182
f 5404/7223/2186 5409/7224/2187 5434/7225/2187
f 5420/7226/2188 5416/7227/2176 5421/7207/2176
f 5395/7228/2189 5433/7229/2184 5394/7219/2184
f 5410/7230/2190 5425/7231/2185 5405/7221/2185
f 5440/7232/2191 5406/7233/2178 5441/7210/2178
f 5452/7234/2192 5398/7235/2174 5448/7204/2174
f 5451/7236/2193 5417/7237/2193 5445/7238/2193
f 5392/7239/2194 5435/7240/2195 5393/7241/2195
f 5388/7242/2196 5417/7243/2188 5420/7226/2188
f 5403/7244/2197 5426/7245/2186 5404/7246/2186
f 5424/7247/2198 5445/7248/2196 5388/7242/2196
f 5439/7249/2199 5407/7250/2200 5440/7232/2191
f 5396/7251/2201 5432/7252/2189 5395/7228/2189
f 5429/7253/2202 5412/7254/2198 5424/7247/2198
f 5415/7255/2203 5419/7256/2204 5410/7230/2190
f 5384/7257/2205 5450/7258/2205 5381/7259/2205
f 5391/7260/2206 5436/7261/2194 5392/7239/2194
f 5402/7262/2207 5427/7263/2208 5403/7244/2197
f 5423/7264/2209 5397/7265/2192 5452/7234/2192
f 5389/7266/2205 5408/7267/2199 5439/7249/2199
f 5422/7209/2177 5413/7268/2209 5423/7269/2209
f 5443/7206/2175 5444/7270/2205 5389/7266/2205
f 5442/7212/2179 5431/7271/2201 5396/7251/2201
f 5434/7225/2187 5411/7272/2202 5429/7253/2202
f 5390/7215/2181 5437/7273/2206 5391/7260/2206
f 5393/7274/2195 5418/7275/2210 5415/7255/2203
f 5401/7218/2183 5428/7276/2211 5402/7262/2207
f 5454/7277/2196 5382/7278/2196 5381/7279/2196
f 5388/7280/2212 5383/7281/2212 5424/7282/2212
f 5459/7283/2213 5466/7284/2214 5461/7285/2214
f 5461/7285/2214 5465/7286/2195 5462/7287/2195
f 5465/7288/2215 5460/7289/2216 5462/7290/2215
f 5468/7291/2217 5457/7292/2218 5455/7293/2217
f 5457/7286/2179 5469/7285/2219 5458/7294/2219
f 5458/7294/2219 5467/7295/2220 5456/7296/2220
f 5385/7297/2182 5453/7298/2182 5449/7299/2182
f 5383/7300/2180 5468/7291/2217 5455/7293/2217
f 5460/7289/2216 5451/7301/2180 5383/7300/2180
f 5386/7302/2212 5390/7303/2212 5381/7304/2212
f 5447/7305/2193 5433/7306/2221 5453/7307/2193
f 5448/7204/2174 5398/7235/2174 5399/7205/2175
f 5421/7207/2176 5416/7227/2176 5414/7208/2177
f 5441/7210/2178 5406/7233/2178 5400/7211/2179
f 5386/7213/2180 5447/7220/2180 5438/7214/2181
f 5387/7216/2182 5446/7222/2182 5430/7217/2183
f 5394/7219/2184 5433/7229/2184 5447/7220/2180
f 5405/7221/2185 5425/7231/2185 5446/7222/2182
f 5404/7223/2186 5426/7308/2186 5409/7224/2187
f 5420/7226/2188 5417/7243/2188 5416/7227/2176
f 5395/7228/2189 5432/7252/2189 5433/7229/2184
f 5410/7230/2190 5419/7256/2204 5425/7231/2185
f 5440/7232/2191 5407/7250/2200 5406/7233/2178
f 5452/7234/2192 5397/7265/2192 5398/7235/2174
f 5450/7309/2193 5467/7310/2193 5430/7311/2222
f 5467/7310/2193 5469/7312/2193 5428/7313/2193
f 5450/7309/2193 5430/7311/2222 5446/7314/2222
f 5469/7312/2193 5470/7315/2193 5426/7316/2193
f 5470/7315/2193 5468/7317/2193 5411/7318/2193
f 5409/7319/2193 5470/7315/2193 5411/7318/2193
f 5451/7236/2193 5463/7320/2193 5417/7237/2193
f 5463/7320/2193 5465/7321/2193 5416/7322/2193
f 5416/7322/2193 5465/7321/2193 5414/7323/2193
f 5470/7315/2193 5409/7319/2193 5426/7316/2193
f 5468/7317/2193 5451/7236/2193 5412/7324/2193
f 5430/7311/2222 5467/7310/2193 5428/7313/2193
f 5465/7321/2193 5466/7325/2193 5413/7326/2193
f 5414/7323/2193 5465/7321/2193 5413/7326/2193
f 5466/7325/2193 5464/7327/2193 5398/7328/2193
f 5464/7327/2193 5449/7329/2193 5399/7330/2193
f 5398/7328/2193 5464/7327/2193 5399/7330/2193
f 5449/7329/2193 5444/7331/2193 5399/7330/2193
f 5427/7332/2193 5428/7313/2193 5469/7312/2193
f 5466/7325/2193 5398/7328/2193 5397/7333/2193
f 5426/7316/2193 5427/7332/2193 5469/7312/2193
f 5466/7325/2193 5397/7333/2193 5413/7326/2193
f 5411/7318/2193 5468/7317/2193 5412/7324/2193
f 5463/7320/2193 5416/7322/2193 5417/7237/2193
f 5445/7238/2193 5412/7324/2193 5451/7236/2193
f 5392/7239/2194 5436/7261/2194 5435/7240/2195
f 5388/7242/2196 5445/7248/2196 5417/7243/2188
f 5403/7244/2197 5427/7263/2208 5426/7245/2186
f 5424/7247/2198 5412/7254/2198 5445/7248/2196
f 5439/7249/2199 5408/7267/2199 5407/7250/2200
f 5396/7251/2201 5431/7271/2201 5432/7252/2189
f 5429/7253/2202 5411/7272/2202 5412/7254/2198
f 5415/7255/2203 5418/7275/2210 5419/7256/2204
f 5384/7257/2205 5456/7296/2220 5467/7295/2220
f 5450/7258/2205 5454/7334/2205 5381/7259/2205
f 5384/7257/2205 5467/7295/2220 5450/7258/2205
f 5391/7260/2206 5437/7273/2206 5436/7261/2194
f 5402/7262/2207 5428/7276/2211 5427/7263/2208
f 5423/7264/2209 5413/7335/2209 5397/7265/2192
f 5389/7266/2205 5444/7270/2205 5408/7267/2199
f 5422/7209/2177 5414/7208/2177 5413/7268/2209
f 5443/7206/2175 5399/7205/2175 5444/7270/2205
f 5442/7212/2179 5400/7211/2179 5431/7271/2201
f 5434/7225/2187 5409/7224/2187 5411/7272/2202
f 5390/7215/2181 5438/7214/2181 5437/7273/2206
f 5393/7274/2195 5435/7336/2195 5418/7275/2210
f 5401/7218/2183 5430/7217/2183 5428/7276/2211
f 5454/7277/2196 5453/7307/2196 5382/7278/2196
f 5443/7337/2212 5389/7338/2212 5385/7339/2212
f 5385/7339/2212 5459/7340/2212 5443/7337/2212
f 5459/7340/2212 5461/7341/2212 5448/7342/2212
f 5443/7337/2212 5459/7340/2212 5448/7342/2212
f 5461/7341/2212 5462/7343/2212 5423/7344/2212
f 5462/7343/2212 5460/7345/2212 5421/7346/2212
f 5383/7281/2212 5455/7347/2212 5424/7282/2212
f 5455/7347/2212 5457/7348/2212 5429/7349/2212
f 5429/7349/2212 5457/7348/2212 5434/7350/2212
f 5462/7343/2212 5421/7346/2212 5422/7351/2212
f 5460/7345/2212 5383/7281/2212 5420/7352/2212
f 5421/7346/2212 5460/7345/2212 5420/7352/2212
f 5457/7348/2212 5458/7353/2212 5404/7354/2212
f 5434/7350/2212 5457/7348/2212 5404/7354/2212
f 5458/7353/2212 5456/7355/2212 5402/7356/2212
f 5456/7355/2212 5384/7357/2212 5401/7358/2212
f 5402/7356/2212 5456/7355/2212 5401/7358/2212
f 5384/7357/2212 5387/7359/2212 5401/7358/2212
f 5452/7360/2212 5448/7342/2212 5461/7341/2212
f 5423/7344/2212 5452/7360/2212 5461/7341/2212
f 5458/7353/2212 5402/7356/2212 5403/7361/2212
f 5422/7351/2212 5423/7344/2212 5462/7343/2212
f 5458/7353/2212 5403/7361/2212 5404/7354/2212
f 5455/7347/2212 5429/7349/2212 5424/7282/2212
f 5388/7280/2212 5420/7352/2212 5383/7281/2212
f 5459/7283/2213 5464/7362/2213 5466/7284/2214
f 5461/7285/2214 5466/7284/2214 5465/7286/2195
f 5465/7288/2215 5463/7363/2216 5460/7289/2216
f 5468/7291/2217 5470/7364/2218 5457/7292/2218
f 5457/7286/2179 5470/7365/2179 5469/7285/2219
f 5458/7294/2219 5469/7285/2219 5467/7295/2220
f 5464/7362/2213 5459/7283/2213 5385/7297/2182
f 5385/7297/2182 5382/7366/2182 5453/7298/2182
f 5449/7299/2182 5464/7362/2213 5385/7297/2182
f 5383/7300/2180 5451/7301/2180 5468/7291/2217
f 5460/7289/2216 5463/7363/2216 5451/7301/2180
f 5382/7367/2212 5385/7339/2212 5440/7368/2212
f 5385/7339/2212 5389/7338/2212 5439/7369/2212
f 5385/7339/2212 5439/7369/2212 5440/7368/2212
f 5387/7359/2212 5384/7357/2212 5405/7370/2212
f 5384/7357/2212 5381/7304/2212 5410/7371/2212
f 5405/7370/2212 5384/7357/2212 5410/7371/2212
f 5382/7367/2212 5440/7368/2212 5441/7372/2212
f 5415/7373/2212 5410/7371/2212 5381/7304/2212
f 5382/7367/2212 5441/7372/2212 5442/7374/2212
f 5382/7367/2212 5442/7374/2212 5396/7375/2212
f 5393/7376/2212 5415/7373/2212 5381/7304/2212
f 5392/7377/2212 5393/7376/2212 5381/7304/2212
f 5382/7367/2212 5396/7375/2212 5395/7378/2212
f 5382/7367/2212 5395/7378/2212 5394/7379/2212
f 5391/7380/2212 5392/7377/2212 5381/7304/2212
f 5390/7303/2212 5391/7380/2212 5381/7304/2212
f 5381/7304/2212 5382/7367/2212 5386/7302/2212
f 5382/7367/2212 5394/7379/2212 5386/7302/2212
f 5454/7277/2193 5450/7309/2193 5419/7381/2193
f 5450/7309/2193 5446/7314/2222 5425/7382/2193
f 5450/7309/2193 5425/7382/2193 5419/7381/2193
f 5444/7331/2193 5449/7329/2193 5408/7383/2193
f 5449/7329/2193 5453/7307/2193 5407/7384/2193
f 5408/7383/2193 5449/7329/2193 5407/7384/2193
f 5454/7277/2193 5419/7381/2193 5418/7385/2193
f 5406/7386/2193 5407/7384/2193 5453/7307/2193
f 5454/7277/2193 5418/7385/2193 5435/7387/2193
f 5454/7277/2193 5435/7387/2193 5436/7388/2193
f 5400/7389/2193 5406/7386/2193 5453/7307/2193
f 5431/7390/2193 5400/7389/2193 5453/7307/2193
f 5454/7277/2193 5436/7388/2193 5437/7391/2193
f 5454/7277/2193 5437/7391/2193 5438/7392/2193
f 5432/7393/2193 5431/7390/2193 5453/7307/2193
f 5433/7306/2221 5432/7393/2193 5453/7307/2193
f 5453/7307/2193 5454/7277/2193 5447/7305/2193
f 5454/7277/2193 5438/7392/2193 5447/7305/2193
o 68
v 82.908272 116.594948 -129.411942
v 82.908272 116.594948 -134.953354
v 183.051605 116.594948 -129.411942
v 183.051605 116.594948 -134.953354
v 82.908272 10.658186 -129.411942
v 82.908272 10.658186 -134.953354
v 183.051605 10.658186 -134.953354
v 183.051605 10.658186 -129.411942
v 169.493820 116.594971 82.806213
v 169.493820 116.594971 71.126236
v 181.173798 116.594971 82.806213
v 181.173798 116.594971 71.126236
v 169.493820 24.244080 82.806213
v 169.493820 24.244080 71.126236
v 181.173798 24.244080 71.126236
v 181.173798 24.244080 82.806213
v 82.908272 90.802155 82.386398
v 82.908272 90.802155 77.657211
v 85.638931 90.802155 82.386398
v 85.638931 90.802155 77.657211
v 82.619598 10.668430 82.386398
v 82.619598 10.668430 77.657211
v 85.638931 10.668430 77.657211
v 85.638931 10.668430 82.386398
v 82.908272 2.121109 -127.587173
v 82.908272 2.121109 -136.778122
v 82.908272 10.658186 -129.411942
v 82.908272 10.658186 -134.953354
v 183.051605 10.658186 -134.953354
v 183.051605 10.658186 -129.411942
v 82.908272 10.658186 -135.892899
v 82.908272 2.121109 -138.336441
v 185.994186 2.121109 -138.336441
v 184.072418 10.658186 -135.892899
v 185.994186 2.121109 -126.028839
v 184.072418 10.658186 -128.472397
v 82.908272 2.121109 -126.028839
v 82.908272 10.658186 -128.472397
v 169.493820 24.244080 82.806213
v 169.493820 24.244080 71.126236
v 181.173798 24.244080 71.126236
v 181.173798 24.244080 82.806213
v 165.699112 2.037346 67.331528
v 165.699112 2.037346 86.600922
v 168.693802 24.244080 70.326218
v 184.968506 2.037346 67.331528
v 181.973816 24.244080 70.326218
v 184.968506 2.037346 86.600922
v 181.973816 24.244080 83.606232
v 168.693802 24.244080 83.606232
v 82.619598 10.668430 82.386398
v 82.619598 10.668430 77.657211
v 85.638931 10.668430 77.657211
v 85.638931 10.668430 82.386398
v 82.619598 10.455593 76.873779
v 82.619598 2.037344 74.399887
v 88.004608 2.037344 74.399887
v 86.576172 10.455593 76.873779
v 88.004608 2.037344 85.643723
v 86.576172 10.455593 83.169830
v 82.619598 2.037344 85.643723
v 82.619598 10.455593 83.169830
vn -1.0000 -0.0000 -0.0000
vn -0.0000 -0.0000 -1.0000
vn 1.0000 -0.0000 -0.0000
vn -0.0000 -0.0000 1.0000
vn -0.0000 1.0000 -0.0000
vn -1.0000 0.0036 -0.0000
vn -0.0000 -1.0000 -0.0000
vn -0.0000 0.2752 0.9614
vn 0.9756 0.2196 -0.0000
vn -0.0000 0.2752 -0.9614
vn -0.0000 0.1336 0.9910
vn 0.9910 0.1336 -0.0000
vn -0.0000 0.1336 -0.9910
vn -0.9910 0.1336 -0.0000
vn -0.0000 0.9650 0.2622
vn -0.0000 0.9650 -0.2622
vn -0.0000 0.2820 0.9594
vn 0.9859 0.1673 -0.0000
vn -0.0000 0.2820 -0.9594
vn 0.2214 0.9752 -0.0000
vn -0.0000 0.2819 0.9594
vn -0.0000 0.2819 -0.9594
vt 0.695241 0.555762
vt 0.718043 0.991665
vt 0.695241 0.991665
vt 0.512499 0.009843
vt 0.986283 0.511036
vt 0.512499 0.511036
vt 0.672440 0.555762
vt 0.695241 0.991665
vt 0.672440 0.991665
vt 0.512499 0.009843
vt 0.512499 0.511036
vt 0.752942 0.989740
vt 0.726725 0.515957
vt 0.752942 0.515957
vt 0.928619 0.547947
vt 0.983877 0.984864
vt 0.928619 0.984864
vt 0.762843 0.547947
vt 0.818101 0.984864
vt 0.762843 0.984864
vt 0.818101 0.547947
vt 0.873360 0.984864
vt 0.873360 0.547947
vt 0.928619 0.984864
vt 0.529634 0.762391
vt 0.432386 0.665144
vt 0.529634 0.665144
vt 0.433154 0.009035
vt 0.455528 0.388153
vt 0.433154 0.388153
vt 0.467668 0.006363
vt 0.484333 0.495409
vt 0.465906 0.495409
vt 0.433154 0.009036
vt 0.455528 0.388153
vt 0.433154 0.388153
vt 0.500998 0.006363
vt 0.502759 0.495409
vt 0.443489 0.647460
vt 0.485146 0.575316
vt 0.485146 0.647460
vt 0.015074 0.004088
vt 0.103976 0.004088
vt 0.000000 1.000000
vt 0.187424 0.009874
vt 0.196512 0.978546
vt 0.187424 0.978546
vt 0.422442 0.979049
vt 0.348896 0.141182
vt 0.348897 0.994966
vt 0.300357 0.850742
vt 0.215713 0.755329
vt 0.300357 0.731693
vt 0.348894 0.141183
vt 0.422445 0.979049
vt 0.348900 0.994966
vt 0.133823 0.009874
vt 0.124735 0.978546
vt 0.124735 0.000000
vt 0.240834 0.977274
vt 0.226342 0.895528
vt 0.226342 0.981422
vt 0.240834 0.977274
vt 0.226342 0.895528
vt 0.235080 0.893027
vt 0.196512 0.000000
vt 0.214094 0.987704
vt 0.206355 0.866987
vt 0.214094 0.874726
vt 0.327073 0.874726
vt 0.334811 0.995443
vt 0.327073 0.987704
vt 0.463244 0.772589
vt 0.620666 0.989336
vt 0.434276 0.989336
vt 0.463244 0.772589
vt 0.206355 0.995443
vt 0.334811 0.866987
vt 0.168875 0.411332
vt 0.139910 0.403754
vt 0.178071 0.403754
vt 0.168875 0.457077
vt 0.139910 0.464655
vt 0.139753 0.457077
vt 0.299643 0.894975
vt 0.261372 0.979846
vt 0.313460 0.979846
vt 0.295896 0.725367
vt 0.213303 0.640537
vt 0.295896 0.616607
vt 0.261372 0.979846
vt 0.299643 0.894975
vt 0.178071 0.464655
vt 0.718043 0.555762
vt 0.986283 0.009843
vt 0.695241 0.555762
vt 0.726725 0.989740
vt 0.983877 0.547947
vt 0.928619 0.547947
vt 0.432386 0.762391
vt 0.455528 0.009035
vt 0.484333 0.006363
vt 0.455528 0.009036
vt 0.443489 0.575316
vt 0.032724 0.000000
vt 0.086325 0.000000
vt 0.119050 0.004088
vt 0.119050 1.000000
vt 0.000000 0.004088
vt 0.422442 0.141182
vt 0.215713 0.827106
vt 0.422439 0.141182
vt 0.133823 0.978546
vt 0.235080 0.893028
vt 0.226342 0.981422
vt 0.591699 0.772589
vt 0.591699 0.772589
vt 0.139753 0.411332
vt 0.261372 0.894975
vt 0.213303 0.701438
vt 0.261372 0.894975
s 0
f 5471/7394/2223 5476/7395/2223 5475/7396/2223
f 5472/7397/2224 5477/7398/2224 5476/7399/2224
f 5474/7400/2225 5478/7401/2225 5477/7402/2225
f 5473/7403/2226 5475/7398/2226 5478/7404/2226
f 5472/7405/2227 5473/7406/2227 5474/7407/2227
f 5479/7408/2223 5484/7409/2223 5483/7410/2223
f 5480/7411/2224 5485/7412/2224 5484/7413/2224
f 5482/7414/2225 5486/7415/2225 5485/7412/2225
f 5481/7416/2226 5483/7417/2226 5486/7415/2226
f 5480/7418/2227 5481/7419/2227 5482/7420/2227
f 5487/7421/2228 5492/7422/2228 5491/7423/2228
f 5488/7424/2224 5493/7425/2224 5492/7426/2224
f 5490/7427/2225 5494/7428/2225 5493/7429/2225
f 5494/7425/2226 5487/7430/2226 5491/7431/2226
f 5488/7432/2227 5489/7433/2227 5490/7434/2227
f 5495/7435/2229 5496/7436/2229 5505/7437/2229
f 5499/7438/2227 5501/7439/2227 5498/7440/2227
f 5506/7441/2230 5507/7442/2230 5505/7443/2230
f 5503/7444/2231 5506/7445/2231 5505/7446/2231
f 5502/7447/2232 5504/7448/2232 5503/7449/2232
f 5500/7450/2227 5508/7451/2227 5506/7452/2227
f 5496/7453/2223 5501/7454/2223 5502/7455/2223
f 5495/7456/2223 5508/7457/2223 5497/7458/2223
f 5500/7450/2227 5504/7459/2227 5499/7438/2227
f 5509/7460/2227 5519/7461/2227 5512/7462/2227
f 5511/7463/2227 5515/7464/2227 5510/7465/2227
f 5519/7466/2233 5514/7467/2233 5518/7468/2233
f 5517/7469/2234 5518/7467/2234 5516/7468/2234
f 5515/7466/2235 5516/7467/2235 5513/7468/2235
f 5520/7469/2236 5513/7467/2236 5514/7468/2236
f 5510/7465/2227 5520/7470/2227 5509/7460/2227
f 5512/7462/2227 5517/7471/2227 5511/7463/2227
f 5524/7472/2237 5532/7473/2237 5530/7474/2237
f 5523/7475/2238 5525/7476/2238 5522/7477/2238
f 5530/7478/2239 5531/7479/2239 5529/7480/2239
f 5527/7481/2240 5530/7482/2240 5529/7483/2240
f 5526/7484/2241 5528/7485/2241 5527/7480/2241
f 5524/7472/2242 5528/7486/2242 5523/7475/2242
f 5471/7394/2223 5472/7487/2223 5476/7395/2223
f 5472/7397/2224 5474/7488/2224 5477/7398/2224
f 5474/7400/2225 5473/7489/2225 5478/7401/2225
f 5473/7403/2226 5471/7488/2226 5475/7398/2226
f 5472/7405/2227 5471/7490/2227 5473/7406/2227
f 5479/7408/2223 5480/7491/2223 5484/7409/2223
f 5480/7411/2224 5482/7414/2224 5485/7412/2224
f 5482/7414/2225 5481/7416/2225 5486/7415/2225
f 5481/7416/2226 5479/7492/2226 5483/7417/2226
f 5480/7418/2227 5479/7493/2227 5481/7419/2227
f 5487/7421/2228 5488/7494/2228 5492/7422/2228
f 5488/7424/2224 5490/7495/2224 5493/7425/2224
f 5490/7427/2225 5489/7496/2225 5494/7428/2225
f 5494/7425/2226 5489/7495/2226 5487/7430/2226
f 5488/7432/2227 5487/7497/2227 5489/7433/2227
f 5495/7435/2223 5497/7498/2223 5498/7499/2223
f 5496/7436/2229 5502/7500/2229 5503/7501/2229
f 5495/7435/2223 5498/7499/2223 5496/7436/2223
f 5505/7437/2229 5507/7502/2229 5495/7435/2229
f 5496/7436/2229 5503/7501/2229 5505/7437/2229
f 5499/7438/2227 5504/7459/2227 5501/7439/2227
f 5506/7441/2230 5508/7503/2230 5507/7442/2230
f 5503/7444/2231 5504/7504/2231 5506/7445/2231
f 5502/7447/2232 5501/7505/2232 5504/7448/2232
f 5500/7450/2227 5497/7506/2227 5508/7451/2227
f 5496/7453/2223 5498/7507/2223 5501/7454/2223
f 5495/7456/2223 5507/7508/2223 5508/7457/2223
f 5500/7450/2227 5506/7452/2227 5504/7459/2227
f 5509/7460/2227 5520/7470/2227 5519/7461/2227
f 5511/7463/2227 5517/7471/2227 5515/7464/2227
f 5519/7466/2233 5520/7509/2233 5514/7467/2233
f 5517/7469/2234 5519/7510/2234 5518/7467/2234
f 5515/7466/2235 5517/7509/2235 5516/7467/2235
f 5520/7469/2236 5515/7510/2236 5513/7467/2236
f 5510/7465/2227 5515/7464/2227 5520/7470/2227
f 5512/7462/2227 5519/7461/2227 5517/7471/2227
f 5524/7472/2237 5521/7511/2237 5532/7473/2237
f 5523/7475/2238 5528/7486/2238 5525/7476/2238
f 5530/7478/2243 5532/7512/2243 5531/7479/2243
f 5527/7481/2240 5528/7513/2240 5530/7482/2240
f 5526/7484/2244 5525/7514/2244 5528/7485/2244
f 5524/7472/2242 5530/7474/2242 5528/7486/2242
o VFR
v 192.414719 2.037359 86.052536
v 192.173279 2.037359 86.460381
v 191.856903 2.037359 86.813293
v 191.477768 2.037359 87.097694
v 191.050430 2.037359 87.302673
v 190.591309 2.037359 87.420341
v 190.118057 2.037359 87.446175
v 189.648865 2.037359 87.379189
v 189.201752 2.037359 87.221954
v 188.793900 2.037359 86.980515
v 188.440994 2.037359 86.664146
v 188.156586 2.037359 86.285011
v 187.951614 2.037359 85.857674
v 187.833954 2.037359 85.398560
v 187.808105 2.037359 84.925308
v 187.875092 2.037359 84.456108
v 188.032333 2.037359 84.008995
v 188.273773 2.037359 83.601151
v 188.590134 2.037359 83.248238
v 188.969269 2.037359 82.963837
v 189.396622 2.037359 82.758858
v 189.855728 2.037359 82.641190
v 190.328979 2.037359 82.615356
v 190.798172 2.037359 82.682343
v 191.245285 2.037359 82.839577
v 191.653137 2.037359 83.081017
v 192.006042 2.037359 83.397385
v 192.290451 2.037359 83.776520
v 192.495422 2.037359 84.203857
v 192.613098 2.037359 84.662971
v 192.638931 2.037359 85.136223
v 192.571945 2.037359 85.605423
v 191.917786 50.266273 85.820816
v 192.414719 46.290840 86.052536
v 192.107956 49.963661 85.909492
v 192.269165 49.101898 85.984665
v 192.376892 47.812172 86.034897
v 191.731094 50.266273 86.136169
v 192.173279 46.290840 86.460381
v 191.900314 49.963661 86.260239
v 192.043762 49.101898 86.365425
v 192.139618 47.812172 86.435699
v 191.486481 50.266273 86.409042
v 191.856903 46.290840 86.813293
v 191.628235 49.963661 86.563744
v 191.748413 49.101898 86.694885
v 191.828705 47.812172 86.782516
v 191.193329 50.266273 86.628952
v 191.477768 46.290840 87.097694
v 191.302170 49.963661 86.808334
v 191.394455 49.101898 86.960403
v 191.456116 47.812172 87.062012
v 190.862900 50.266273 86.787437
v 191.050430 46.290840 87.302673
v 190.934662 49.963661 86.984612
v 190.995499 49.101898 87.151764
v 191.036148 47.812172 87.263451
v 190.507904 50.266273 86.878426
v 190.591309 46.290840 87.420341
v 190.539825 49.963661 87.085808
v 190.566879 49.101898 87.261612
v 190.584961 47.812172 87.379089
v 190.141983 50.266273 86.898399
v 190.118057 46.290840 87.446175
v 190.132828 49.963661 87.108025
v 190.125061 49.101898 87.285736
v 190.119888 47.812172 87.404480
v 189.779190 50.266273 86.846603
v 189.648865 46.290840 87.379189
v 189.729309 49.963661 87.050415
v 189.687042 49.101898 87.223198
v 189.658783 47.812172 87.338654
v 189.433472 50.266273 86.725029
v 189.201752 46.290840 87.221954
v 189.344803 49.963661 86.915199
v 189.269623 49.101898 87.076408
v 189.219391 47.812172 87.184128
v 189.118118 50.266273 86.538345
v 188.793900 46.290840 86.980515
v 188.994049 49.963661 86.707558
v 188.888870 49.101898 86.851006
v 188.818588 47.812172 86.946861
v 188.845245 50.266273 86.293724
v 188.440994 46.290840 86.664146
v 188.690552 49.963661 86.435478
v 188.559402 49.101898 86.555656
v 188.471771 47.812172 86.635948
v 188.625336 50.266273 86.000565
v 188.156586 46.290840 86.285011
v 188.445953 49.963661 86.109421
v 188.293884 49.101898 86.201698
v 188.192276 47.812172 86.263359
v 188.466843 50.266273 85.670143
v 187.951614 46.290840 85.857674
v 188.269669 49.963661 85.741905
v 188.102524 49.101898 85.802750
v 187.990829 47.812172 85.843399
v 188.375870 50.266273 85.315147
v 187.833954 46.290840 85.398560
v 188.168488 49.963661 85.347069
v 187.992676 49.101898 85.374130
v 187.875198 47.812172 85.392204
v 188.355881 50.266273 84.949226
v 187.808105 46.290840 84.925308
v 188.146255 49.963661 84.940071
v 187.968552 49.101898 84.932312
v 187.849808 47.812172 84.927124
v 188.407684 50.266273 84.586433
v 187.875092 46.290840 84.456108
v 188.203873 49.963661 84.536560
v 188.031082 49.101898 84.494278
v 187.915634 47.812172 84.466034
v 188.529251 50.266273 84.240715
v 188.032333 46.290840 84.008995
v 188.339096 49.963661 84.152039
v 188.177872 49.101898 84.076866
v 188.070160 47.812172 84.026634
v 188.715942 50.266273 83.925362
v 188.273773 46.290840 83.601151
v 188.546738 49.963661 83.801292
v 188.403275 49.101898 83.696106
v 188.307434 47.812172 83.625832
v 188.960556 50.266273 83.652489
v 188.590134 46.290840 83.248238
v 188.818802 49.963661 83.497787
v 188.698639 49.101898 83.366646
v 188.618332 47.812172 83.279015
v 189.253723 50.266273 83.432579
v 188.969269 46.290840 82.963837
v 189.144867 49.963661 83.253197
v 189.052582 49.101898 83.101128
v 188.990921 47.812172 82.999519
v 189.584137 50.266273 83.274094
v 189.396622 46.290840 82.758858
v 189.512375 49.963661 83.076920
v 189.451538 49.101898 82.909767
v 189.410889 47.812172 82.798080
v 189.939133 50.266273 83.183105
v 189.855728 46.290840 82.641190
v 189.907227 49.963661 82.975723
v 189.880157 49.101898 82.799911
v 189.862076 47.812172 82.682442
v 190.305069 50.266273 83.163132
v 190.328979 46.290840 82.615356
v 190.314209 49.963661 82.953506
v 190.321976 49.101898 82.775795
v 190.327164 47.812172 82.657051
v 190.667847 50.266273 83.214928
v 190.798172 46.290840 82.682343
v 190.717728 49.963661 83.011116
v 190.760010 49.101898 82.838333
v 190.788254 47.812172 82.722878
v 191.013565 50.266273 83.336502
v 191.245285 46.290840 82.839577
v 191.102249 49.963661 83.146332
v 191.177414 49.101898 82.985123
v 191.227646 47.812172 82.877403
v 191.328918 50.266273 83.523186
v 191.653137 46.290840 83.081017
v 191.452988 49.963661 83.353973
v 191.558182 49.101898 83.210526
v 191.628464 47.812172 83.114670
v 191.601791 50.266273 83.767807
v 192.006042 46.290840 83.397385
v 191.756500 49.963661 83.626053
v 191.887650 49.101898 83.505875
v 191.975281 47.812172 83.425583
v 191.821701 50.266273 84.060966
v 192.290451 46.290840 83.776520
v 192.001083 49.963661 83.952110
v 192.153152 49.101898 83.859833
v 192.254776 47.812172 83.798172
v 191.980194 50.266273 84.391388
v 192.495422 46.290840 84.203857
v 192.177368 49.963661 84.319626
v 192.344513 49.101898 84.258781
v 192.456207 47.812172 84.218132
v 192.071182 50.266273 84.746384
v 192.613098 46.290840 84.662971
v 192.278564 49.963661 84.714462
v 192.454376 49.101898 84.687401
v 192.571838 47.812172 84.669327
v 192.091156 50.266273 85.112305
v 192.638931 46.290840 85.136223
v 192.300781 49.963661 85.121460
v 192.478485 49.101898 85.129219
v 192.597229 47.812172 85.134407
v 192.039368 50.266273 85.475098
v 192.571945 46.290840 85.605423
v 192.243179 49.963661 85.524971
v 192.415955 49.101898 85.567253
v 192.531403 47.812172 85.595505
v 79.835205 2.037359 85.327698
v 79.835205 127.732277 85.327698
v 79.835197 2.037359 27.000324
v 79.835197 127.732277 27.000324
v 82.908203 2.037359 85.327698
v 82.908203 127.732277 85.327698
v 82.908203 2.037359 27.000328
v 82.908203 127.732277 27.000328
v 64.113197 226.722977 -136.880371
v 64.113197 230.378922 -136.880371
v 64.113197 226.722977 -149.901230
v 64.113197 230.378922 -149.901230
v 67.769150 226.722977 -136.880386
v 67.769150 230.378922 -136.880386
v 67.769157 226.722977 -149.901199
v 67.769157 230.378922 -149.901199
v 64.113197 205.566849 -136.880371
v 64.113197 209.222794 -136.880371
v 64.113197 205.566849 -149.901230
v 64.113197 209.222794 -149.901230
v 67.769150 205.566849 -136.880386
v 67.769150 209.222794 -136.880386
v 67.769157 205.566849 -149.901199
v 67.769157 209.222794 -149.901199
vn -0.0000 -1.0000 -0.0000
vn 0.9062 0.0135 0.4226
vn 0.8052 0.0563 0.5904
vn 0.8064 0.0135 0.5913
vn 0.9049 0.0563 0.4219
vn 0.7991 0.1343 0.5860
vn 0.8625 0.3070 0.4022
vn 0.7675 0.3070 0.5628
vn 0.4875 0.7966 0.3574
vn 0.6745 0.0563 0.7361
vn 0.6755 0.0135 0.7372
vn 0.6695 0.1343 0.7306
vn 0.6430 0.3070 0.7017
vn 0.4084 0.7966 0.4457
vn 0.5180 0.0563 0.8536
vn 0.5187 0.0135 0.8548
vn 0.5141 0.1343 0.8472
vn 0.4937 0.3070 0.8136
vn 0.3136 0.7966 0.5168
vn 0.3415 0.0563 0.9382
vn 0.3420 0.0135 0.9396
vn 0.3389 0.1343 0.9312
vn 0.3255 0.3070 0.8943
vn 0.2067 0.7966 0.5680
vn 0.1519 0.0563 0.9868
vn 0.1521 0.0135 0.9883
vn 0.1507 0.1343 0.9794
vn 0.1448 0.3070 0.9406
vn 0.0920 0.7966 0.5974
vn -0.0436 0.0563 0.9975
vn -0.0436 0.0135 0.9990
vn -0.0432 0.1343 0.9900
vn -0.0415 0.3070 0.9508
vn -0.0264 0.7966 0.6039
vn -0.2373 0.0563 0.9698
vn -0.2377 0.0135 0.9713
vn -0.2355 0.1343 0.9625
vn -0.2262 0.3070 0.9244
vn -0.1437 0.7966 0.5871
vn -0.4219 0.0563 0.9049
vn -0.4226 0.0135 0.9062
vn -0.4188 0.1343 0.8981
vn -0.4022 0.3070 0.8625
vn -0.2555 0.7966 0.5478
vn -0.5904 0.0563 0.8052
vn -0.5913 0.0135 0.8064
vn -0.5860 0.1343 0.7991
vn -0.5628 0.3070 0.7675
vn -0.3574 0.7966 0.4875
vn -0.7361 0.0563 0.6745
vn -0.7372 0.0135 0.6755
vn -0.7306 0.1343 0.6695
vn -0.7017 0.3070 0.6430
vn -0.4457 0.7966 0.4084
vn -0.8536 0.0563 0.5180
vn -0.8548 0.0135 0.5187
vn -0.8472 0.1343 0.5141
vn -0.8136 0.3070 0.4937
vn -0.5168 0.7966 0.3136
vn -0.9382 0.0563 0.3415
vn -0.9396 0.0135 0.3420
vn -0.9312 0.1343 0.3389
vn -0.8943 0.3070 0.3255
vn -0.5680 0.7966 0.2067
vn -0.9868 0.0563 0.1519
vn -0.9883 0.0135 0.1521
vn -0.9794 0.1343 0.1507
vn -0.9406 0.3070 0.1448
vn -0.5974 0.7966 0.0919
vn -0.9975 0.0563 -0.0435
vn -0.9990 0.0135 -0.0436
vn -0.9900 0.1343 -0.0432
vn -0.9508 0.3070 -0.0415
vn -0.6039 0.7966 -0.0264
vn -0.9698 0.0563 -0.2373
vn -0.9713 0.0135 -0.2377
vn -0.9625 0.1343 -0.2355
vn -0.9244 0.3070 -0.2262
vn -0.5871 0.7966 -0.1437
vn -0.9049 0.0563 -0.4219
vn -0.9062 0.0135 -0.4226
vn -0.8981 0.1343 -0.4188
vn -0.8625 0.3070 -0.4022
vn -0.5478 0.7966 -0.2555
vn -0.8052 0.0563 -0.5904
vn -0.8064 0.0135 -0.5913
vn -0.7991 0.1343 -0.5860
vn -0.7675 0.3070 -0.5628
vn -0.4875 0.7966 -0.3574
vn -0.6745 0.0563 -0.7361
vn -0.6755 0.0135 -0.7372
vn -0.6695 0.1343 -0.7306
vn -0.6430 0.3070 -0.7017
vn -0.4084 0.7966 -0.4457
vn -0.5180 0.0563 -0.8536
vn -0.5187 0.0135 -0.8548
vn -0.5141 0.1343 -0.8472
vn -0.4937 0.3070 -0.8136
vn -0.3136 0.7966 -0.5168
vn -0.3415 0.0563 -0.9382
vn -0.3420 0.0135 -0.9396
vn -0.3389 0.1343 -0.9312
vn -0.3255 0.3070 -0.8943
vn -0.2067 0.7966 -0.5680
vn -0.1519 0.0563 -0.9868
vn -0.1521 0.0135 -0.9883
vn -0.1507 0.1343 -0.9794
vn -0.1448 0.3070 -0.9406
vn -0.0920 0.7966 -0.5974
vn 0.0436 0.0563 -0.9975
vn 0.0436 0.0135 -0.9990
vn 0.0432 0.1343 -0.9900
vn 0.0415 0.3070 -0.9508
vn 0.0264 0.7966 -0.6039
vn 0.2373 0.0563 -0.9698
vn 0.2377 0.0135 -0.9713
vn 0.2355 0.1343 -0.9625
vn 0.2262 0.3070 -0.9244
vn 0.1437 0.7966 -0.5871
vn 0.4219 0.0563 -0.9049
vn 0.4226 0.0135 -0.9062
vn 0.4188 0.1343 -0.8981
vn 0.4022 0.3070 -0.8625
vn 0.2555 0.7966 -0.5478
vn 0.5904 0.0563 -0.8052
vn 0.5913 0.0135 -0.8064
vn 0.5860 0.1343 -0.7991
vn 0.5628 0.3070 -0.7675
vn 0.3574 0.7966 -0.4875
vn 0.7361 0.0563 -0.6745
vn 0.7372 0.0135 -0.6755
vn 0.7306 0.1343 -0.6695
vn 0.7017 0.3070 -0.6430
vn 0.4457 0.7966 -0.4084
vn 0.8536 0.0563 -0.5180
vn 0.8548 0.0135 -0.5187
vn 0.8472 0.1343 -0.5141
vn 0.8136 0.3070 -0.4937
vn 0.5168 0.7966 -0.3136
vn 0.9382 0.0563 -0.3415
vn 0.9396 0.0135 -0.3420
vn 0.9312 0.1343 -0.3389
vn 0.8943 0.3070 -0.3255
vn 0.5680 0.7966 -0.2067
vn 0.9868 0.0563 -0.1519
vn 0.9883 0.0135 -0.1521
vn 0.9794 0.1343 -0.1507
vn 0.9406 0.3070 -0.1448
vn 0.5974 0.7966 -0.0919
vn 0.9975 0.0563 0.0435
vn 0.9990 0.0135 0.0436
vn 0.9900 0.1343 0.0432
vn 0.9508 0.3070 0.0415
vn 0.6039 0.7966 0.0264
vn 0.9698 0.0563 0.2373
vn 0.9713 0.0135 0.2377
vn 0.9625 0.1343 0.2355
vn 0.9244 0.3070 0.2262
vn 0.5871 0.7966 0.1437
vn 0.8981 0.1343 0.4188
vn 0.5478 0.7966 0.2555
vn 0.8064 -0.0000 0.5913
vn 0.9063 -0.0000 0.4226
vn 0.9713 -0.0000 0.2377
vn 0.6756 -0.0000 0.7373
vn 0.5188 -0.0000 0.8549
vn 0.3420 -0.0000 0.9397
vn 0.1521 -0.0000 0.9884
vn -0.0436 -0.0000 0.9990
vn -0.2377 -0.0000 0.9713
vn -0.4226 -0.0000 0.9063
vn -0.5913 -0.0000 0.8064
vn -0.7373 -0.0000 0.6756
vn -0.8549 -0.0000 0.5188
vn -0.9397 -0.0000 0.3420
vn -0.9884 -0.0000 0.1521
vn -0.9990 -0.0000 -0.0436
vn -0.9713 -0.0000 -0.2377
vn -0.9063 -0.0000 -0.4226
vn -0.8064 -0.0000 -0.5913
vn -0.6756 -0.0000 -0.7373
vn -0.5188 -0.0000 -0.8549
vn -0.3420 -0.0000 -0.9397
vn -0.1521 -0.0000 -0.9884
vn 0.0436 -0.0000 -0.9990
vn 0.2377 -0.0000 -0.9713
vn 0.4226 -0.0000 -0.9063
vn 0.5913 -0.0000 -0.8064
vn 0.7373 -0.0000 -0.6756
vn 0.8549 -0.0000 -0.5188
vn 0.9397 -0.0000 -0.3420
vn 0.9884 -0.0000 -0.1521
vn 0.9990 -0.0000 0.0436
vn -1.0000 -0.0000 -0.0000
vn -0.0000 -0.0000 -1.0000
vn 1.0000 -0.0000 -0.0000
vn -0.0000 -0.0000 1.0000
vn -0.0000 1.0000 -0.0000
vt 0.229656 0.254441
vt 0.248357 0.444307
vt 0.058490 0.463007
vt 0.009641 0.527466
vt 0.041343 0.513318
vt 0.039836 0.529521
vt 0.011670 0.511298
vt 0.045636 0.499006
vt 0.020748 0.153826
vt 0.020788 0.133068
vt 0.027821 0.150046
vt 0.036164 0.145586
vt 0.074315 0.514709
vt 0.073386 0.530937
vt 0.076958 0.500328
vt 0.038030 0.165325
vt 0.031831 0.170413
vt 0.045343 0.159324
vt 0.109317 0.515418
vt 0.109004 0.531659
vt 0.110210 0.501002
vt 0.051025 0.178320
vt 0.045937 0.184519
vt 0.057026 0.171007
vt 0.145005 0.515418
vt 0.145319 0.531659
vt 0.144113 0.501002
vt 0.066305 0.188530
vt 0.062524 0.195603
vt 0.070764 0.180187
vt 0.180008 0.514709
vt 0.180936 0.530937
vt 0.177364 0.500328
vt 0.083283 0.195562
vt 0.080955 0.203237
vt 0.086029 0.186510
vt 0.212979 0.513318
vt 0.214487 0.529521
vt 0.208686 0.499006
vt 0.100521 0.207129
vt 0.101307 0.199147
vt 0.102234 0.189733
vt 0.242653 0.511298
vt 0.244682 0.527466
vt 0.236876 0.497088
vt 0.120470 0.207129
vt 0.119684 0.199147
vt 0.118756 0.189733
vt 0.267888 0.508727
vt 0.270360 0.524850
vt 0.260848 0.494646
vt 0.137707 0.195562
vt 0.140036 0.203237
vt 0.134961 0.186510
vt 0.009641 0.527466
vt 0.041343 0.513318
vt 0.158466 0.195603
vt 0.154686 0.188530
vt 0.150226 0.180187
vt 0.074315 0.514709
vt 0.073386 0.530937
vt 0.076958 0.500328
vt 0.169966 0.178320
vt 0.175053 0.184519
vt 0.163964 0.171007
vt 0.109004 0.531659
vt 0.182960 0.165326
vt 0.189159 0.170413
vt 0.175647 0.159324
vt 0.145319 0.531659
vt 0.193170 0.150046
vt 0.200242 0.153826
vt 0.184827 0.145586
vt 0.180936 0.530937
vt 0.200202 0.133068
vt 0.207877 0.135396
vt 0.191149 0.130321
vt 0.211769 0.115830
vt 0.203787 0.115044
vt 0.194373 0.114116
vt 0.244682 0.527466
vt 0.211769 0.095881
vt 0.203787 0.096667
vt 0.194373 0.097594
vt 0.270360 0.524851
vt 0.200202 0.078643
vt 0.207877 0.076315
vt 0.191149 0.081389
vt 0.200242 0.057884
vt 0.193170 0.061665
vt 0.184827 0.066124
vt 0.212979 0.513318
vt 0.208686 0.499006
vt 0.182960 0.046385
vt 0.189159 0.041297
vt 0.175647 0.052386
vt 0.169966 0.033390
vt 0.175053 0.027191
vt 0.163964 0.040703
vt 0.154686 0.023181
vt 0.158466 0.016108
vt 0.150226 0.031524
vt 0.137707 0.016148
vt 0.140036 0.008474
vt 0.134961 0.025201
vt 0.120470 0.004582
vt 0.119684 0.012563
vt 0.118756 0.021978
vt 0.100521 0.004582
vt 0.101307 0.012563
vt 0.102234 0.021978
vt 0.009641 0.527466
vt 0.017447 0.497088
vt 0.083283 0.016148
vt 0.080955 0.008474
vt 0.086029 0.025201
vt 0.011670 0.511298
vt 0.062524 0.016108
vt 0.066305 0.023181
vt 0.070764 0.031524
vt 0.076958 0.500328
vt 0.051025 0.033390
vt 0.045937 0.027191
vt 0.057026 0.040703
vt 0.109317 0.515418
vt 0.109004 0.531659
vt 0.110210 0.501002
vt 0.038030 0.046385
vt 0.031831 0.041297
vt 0.045343 0.052386
vt 0.145005 0.515418
vt 0.144113 0.501002
vt 0.027821 0.061665
vt 0.020748 0.057884
vt 0.036164 0.066124
vt 0.177364 0.500328
vt 0.020788 0.078643
vt 0.013114 0.076315
vt 0.029841 0.081389
vt 0.009222 0.095881
vt 0.017203 0.096667
vt 0.026618 0.097594
vt 0.009222 0.115830
vt 0.017203 0.115044
vt 0.026618 0.114116
vt 0.013114 0.135396
vt 0.029841 0.130321
vt 0.039836 0.992508
vt 0.009641 0.990453
vt 0.270360 0.987838
vt 0.244682 0.990453
vt 0.073386 0.993924
vt 0.109004 0.994646
vt 0.145319 0.994646
vt 0.180936 0.993924
vt 0.214487 0.992508
vt 0.009641 0.990453
vt 0.073386 0.993924
vt 0.109004 0.994646
vt 0.145319 0.994646
vt 0.180936 0.993924
vt 0.214487 0.992508
vt 0.109004 0.994646
vt 0.039836 0.992508
vt 0.039790 0.444307
vt 0.025098 0.422318
vt 0.014977 0.397885
vt 0.009818 0.371947
vt 0.009818 0.345501
vt 0.014977 0.319563
vt 0.025098 0.295130
vt 0.039790 0.273141
vt 0.058490 0.254441
vt 0.080480 0.239748
vt 0.104912 0.229628
vt 0.130850 0.224468
vt 0.157296 0.224468
vt 0.183234 0.229628
vt 0.207667 0.239748
vt 0.248357 0.273141
vt 0.263049 0.295130
vt 0.273170 0.319563
vt 0.278329 0.345501
vt 0.278329 0.371947
vt 0.273170 0.397885
vt 0.263049 0.422318
vt 0.229656 0.463007
vt 0.207667 0.477700
vt 0.183234 0.487820
vt 0.157296 0.492979
vt 0.130850 0.492979
vt 0.104912 0.487820
vt 0.080480 0.477700
vt 0.017447 0.497088
vt 0.820289 0.296669
vt 0.647260 0.469697
vt 0.647260 0.296669
vt 0.820289 0.469697
vt 0.647260 0.642725
vt 0.820289 0.642725
vt 0.647260 0.815754
vt 0.820289 0.815754
vt 0.647260 0.988782
vt 0.474232 0.815754
vt 0.474232 0.642725
vt 0.993317 0.642725
vt 0.820289 0.988782
vt 0.993317 0.815754
vt 0.497171 0.567710
vt 0.635610 0.429272
vt 0.635610 0.567711
vt 0.497172 0.429272
vt 0.635611 0.290834
vt 0.497172 0.290833
vt 0.635611 0.152395
vt 0.497173 0.152395
vt 0.635611 0.013956
vt 0.774050 0.152395
vt 0.774049 0.290834
vt 0.358734 0.290833
vt 0.497173 0.013956
vt 0.358734 0.152394
s 1
f 5548/7515/2245 5556/7516/2245 5564/7517/2245
f 5566/7518/2246 5574/7519/2247 5571/7520/2248
f 5569/7521/2249 5573/7522/2250 5574/7519/2247
f 5573/7523/2250 5567/7524/2251 5572/7525/2252
f 5567/7524/2251 5570/7526/2253 5572/7525/2252
f 5571/7520/2248 5579/7527/2254 5576/7528/2255
f 5574/7519/2247 5578/7529/2256 5579/7527/2254
f 5573/7523/2250 5577/7530/2257 5578/7531/2256
f 5572/7525/2252 5575/7532/2258 5577/7530/2257
f 5576/7528/2255 5584/7533/2259 5581/7534/2260
f 5579/7527/2254 5583/7535/2261 5584/7533/2259
f 5578/7531/2256 5582/7536/2262 5583/7537/2261
f 5577/7530/2257 5580/7538/2263 5582/7536/2262
f 5581/7534/2260 5589/7539/2264 5586/7540/2265
f 5584/7533/2259 5588/7541/2266 5589/7539/2264
f 5583/7537/2261 5587/7542/2267 5588/7543/2266
f 5582/7536/2262 5585/7544/2268 5587/7542/2267
f 5586/7540/2265 5594/7545/2269 5591/7546/2270
f 5589/7539/2264 5593/7547/2271 5594/7545/2269
f 5588/7543/2266 5592/7548/2272 5593/7549/2271
f 5587/7542/2267 5590/7550/2273 5592/7548/2272
f 5591/7546/2270 5599/7551/2274 5596/7552/2275
f 5594/7545/2269 5598/7553/2276 5599/7551/2274
f 5598/7554/2276 5592/7548/2272 5597/7555/2277
f 5592/7548/2272 5595/7556/2278 5597/7555/2277
f 5596/7552/2275 5604/7557/2279 5601/7558/2280
f 5599/7551/2274 5603/7559/2281 5604/7557/2279
f 5603/7560/2281 5597/7555/2277 5602/7561/2282
f 5597/7555/2277 5600/7562/2283 5602/7561/2282
f 5601/7558/2280 5609/7563/2284 5606/7564/2285
f 5604/7557/2279 5608/7565/2286 5609/7563/2284
f 5603/7560/2281 5607/7566/2287 5608/7567/2286
f 5602/7561/2282 5605/7568/2288 5607/7566/2287
f 5606/7569/2285 5614/7570/2289 5611/7520/2290
f 5609/7521/2284 5613/7522/2291 5614/7570/2289
f 5613/7571/2291 5607/7566/2287 5612/7572/2292
f 5607/7566/2287 5610/7573/2293 5612/7572/2292
f 5611/7520/2290 5619/7574/2294 5616/7575/2295
f 5614/7570/2289 5618/7576/2296 5619/7574/2294
f 5613/7571/2291 5617/7577/2297 5618/7578/2296
f 5612/7572/2292 5615/7579/2298 5617/7577/2297
f 5616/7575/2295 5624/7533/2299 5621/7580/2300
f 5619/7574/2294 5623/7535/2301 5624/7533/2299
f 5618/7578/2296 5622/7581/2302 5623/7582/2301
f 5617/7577/2297 5620/7583/2303 5622/7581/2302
f 5621/7580/2300 5629/7539/2304 5626/7584/2305
f 5624/7533/2299 5628/7541/2306 5629/7539/2304
f 5623/7582/2301 5627/7585/2307 5628/7586/2306
f 5622/7581/2302 5625/7587/2308 5627/7585/2307
f 5626/7584/2305 5634/7545/2309 5631/7588/2310
f 5629/7539/2304 5633/7547/2311 5634/7545/2309
f 5628/7586/2306 5632/7589/2312 5633/7590/2311
f 5627/7585/2307 5630/7591/2313 5632/7589/2312
f 5631/7588/2310 5639/7551/2314 5636/7552/2315
f 5634/7545/2309 5638/7553/2316 5639/7551/2314
f 5638/7592/2316 5632/7589/2312 5637/7593/2317
f 5632/7589/2312 5635/7594/2318 5637/7593/2317
f 5636/7552/2315 5644/7557/2319 5641/7595/2320
f 5639/7551/2314 5643/7559/2321 5644/7557/2319
f 5643/7596/2321 5637/7593/2317 5642/7597/2322
f 5637/7593/2317 5640/7598/2323 5642/7597/2322
f 5641/7595/2320 5649/7563/2324 5646/7599/2325
f 5644/7557/2319 5648/7565/2326 5649/7563/2324
f 5643/7596/2321 5647/7600/2327 5648/7601/2326
f 5642/7597/2322 5645/7602/2328 5647/7600/2327
f 5646/7564/2325 5654/7557/2329 5651/7558/2330
f 5649/7563/2324 5653/7559/2331 5654/7557/2329
f 5653/7603/2331 5647/7600/2327 5652/7604/2332
f 5647/7600/2327 5650/7605/2333 5652/7604/2332
f 5651/7558/2330 5659/7606/2334 5656/7552/2335
f 5654/7557/2329 5658/7607/2336 5659/7606/2334
f 5653/7603/2331 5657/7608/2337 5658/7609/2336
f 5652/7604/2332 5655/7610/2338 5657/7608/2337
f 5656/7552/2335 5664/7545/2339 5661/7588/2340
f 5659/7606/2334 5663/7547/2341 5664/7545/2339
f 5658/7609/2336 5662/7611/2342 5663/7612/2341
f 5657/7608/2337 5660/7613/2343 5662/7611/2342
f 5661/7588/2340 5669/7539/2344 5666/7540/2345
f 5664/7545/2339 5668/7541/2346 5669/7539/2344
f 5663/7612/2341 5667/7614/2347 5668/7615/2346
f 5662/7611/2342 5665/7616/2348 5667/7614/2347
f 5666/7540/2345 5674/7533/2349 5671/7534/2350
f 5669/7539/2344 5673/7535/2351 5674/7533/2349
f 5668/7615/2346 5672/7617/2352 5673/7618/2351
f 5667/7614/2347 5670/7619/2353 5672/7617/2352
f 5671/7534/2350 5679/7574/2354 5676/7575/2355
f 5674/7533/2349 5678/7529/2356 5679/7574/2354
f 5678/7620/2356 5672/7617/2352 5677/7621/2357
f 5672/7617/2352 5675/7622/2358 5677/7621/2357
f 5676/7575/2355 5684/7570/2359 5681/7520/2360
f 5679/7574/2354 5683/7522/2361 5684/7570/2359
f 5683/7623/2361 5677/7621/2357 5682/7624/2362
f 5677/7621/2357 5680/7625/2363 5682/7624/2362
f 5681/7520/2360 5689/7521/2364 5686/7626/2365
f 5684/7570/2359 5688/7627/2366 5689/7521/2364
f 5683/7623/2361 5687/7628/2367 5688/7629/2366
f 5682/7624/2362 5685/7630/2368 5687/7628/2367
f 5686/7569/2365 5694/7570/2369 5691/7520/2370
f 5689/7631/2364 5693/7522/2371 5694/7570/2369
f 5693/7632/2371 5687/7628/2367 5692/7633/2372
f 5687/7628/2367 5690/7634/2373 5692/7633/2372
f 5691/7520/2370 5699/7574/2374 5696/7575/2375
f 5694/7570/2369 5698/7635/2376 5699/7574/2374
f 5693/7632/2371 5697/7636/2377 5698/7637/2376
f 5692/7633/2372 5695/7638/2378 5697/7636/2377
f 5696/7575/2375 5704/7639/2379 5701/7640/2380
f 5699/7574/2374 5703/7641/2381 5704/7639/2379
f 5698/7637/2376 5702/7642/2382 5703/7643/2381
f 5697/7636/2377 5700/7644/2383 5702/7642/2382
f 5701/7640/2380 5709/7645/2384 5706/7584/2385
f 5704/7639/2379 5708/7646/2386 5709/7645/2384
f 5703/7643/2381 5707/7647/2387 5708/7648/2386
f 5702/7642/2382 5705/7649/2388 5707/7647/2387
f 5706/7584/2385 5714/7545/2389 5711/7588/2390
f 5709/7645/2384 5713/7650/2391 5714/7545/2389
f 5708/7648/2386 5712/7651/2392 5713/7652/2391
f 5707/7647/2387 5710/7653/2393 5712/7651/2392
f 5711/7588/2390 5719/7551/2394 5716/7552/2395
f 5714/7545/2389 5718/7553/2396 5719/7551/2394
f 5718/7654/2396 5712/7651/2392 5717/7655/2397
f 5712/7651/2392 5715/7656/2398 5717/7655/2397
f 5716/7552/2395 5724/7557/2399 5721/7595/2400
f 5719/7551/2394 5723/7559/2401 5724/7557/2399
f 5723/7657/2401 5717/7655/2397 5722/7658/2402
f 5717/7655/2397 5720/7659/2403 5722/7658/2402
f 5721/7595/2400 5569/7563/2249 5566/7599/2246
f 5724/7557/2399 5568/7565/2404 5569/7563/2249
f 5723/7657/2401 5567/7524/2251 5568/7660/2404
f 5722/7658/2402 5565/7661/2405 5567/7524/2251
f 5595/7556/2278 5575/7532/2258 5655/7610/2338
f 5566/7518/2246 5534/7662/2406 5533/7663/2407
f 5721/7595/2400 5533/7664/2407 5564/7665/2408
f 5571/7520/2248 5535/7666/2409 5534/7662/2406
f 5576/7528/2255 5536/7667/2410 5535/7666/2409
f 5581/7534/2260 5537/7668/2411 5536/7667/2410
f 5586/7540/2265 5538/7669/2412 5537/7668/2411
f 5591/7546/2270 5539/7670/2413 5538/7669/2412
f 5596/7552/2275 5540/7665/2414 5539/7670/2413
f 5601/7558/2280 5541/7664/2415 5540/7665/2414
f 5606/7569/2285 5542/7662/2416 5541/7671/2415
f 5611/7520/2290 5543/7672/2417 5542/7662/2416
f 5616/7575/2295 5544/7673/2418 5543/7672/2417
f 5621/7580/2300 5545/7674/2419 5544/7673/2418
f 5626/7584/2305 5546/7675/2420 5545/7674/2419
f 5631/7588/2310 5547/7670/2421 5546/7675/2420
f 5636/7552/2315 5548/7665/2422 5547/7670/2421
f 5641/7595/2320 5549/7664/2423 5548/7665/2422
f 5646/7564/2325 5550/7665/2424 5549/7664/2423
f 5651/7558/2330 5551/7676/2425 5550/7665/2424
f 5656/7552/2335 5552/7675/2426 5551/7676/2425
f 5661/7588/2340 5553/7674/2427 5552/7675/2426
f 5666/7540/2345 5554/7677/2428 5553/7674/2427
f 5671/7534/2350 5555/7672/2429 5554/7677/2428
f 5676/7575/2355 5556/7678/2430 5555/7672/2429
f 5681/7520/2360 5557/7671/2431 5556/7678/2430
f 5686/7569/2365 5558/7662/2432 5557/7671/2431
f 5691/7520/2370 5559/7666/2433 5558/7662/2432
f 5696/7575/2375 5560/7677/2434 5559/7666/2433
f 5701/7640/2380 5561/7674/2435 5560/7677/2434
f 5706/7584/2385 5562/7669/2436 5561/7674/2435
f 5711/7588/2390 5563/7670/2437 5562/7669/2436
f 5716/7552/2395 5564/7665/2408 5563/7670/2437
f 5564/7517/2245 5533/7679/2245 5534/7680/2245
f 5534/7680/2245 5535/7681/2245 5536/7682/2245
f 5536/7682/2245 5537/7683/2245 5538/7684/2245
f 5538/7684/2245 5539/7685/2245 5540/7686/2245
f 5540/7686/2245 5541/7687/2245 5542/7688/2245
f 5542/7688/2245 5543/7689/2245 5544/7690/2245
f 5544/7690/2245 5545/7691/2245 5546/7692/2245
f 5546/7692/2245 5547/7693/2245 5548/7515/2245
f 5548/7515/2245 5549/7694/2245 5550/7695/2245
f 5550/7695/2245 5551/7696/2245 5552/7697/2245
f 5552/7697/2245 5553/7698/2245 5554/7699/2245
f 5554/7699/2245 5555/7700/2245 5556/7516/2245
f 5556/7516/2245 5557/7701/2245 5558/7702/2245
f 5558/7702/2245 5559/7703/2245 5560/7704/2245
f 5560/7704/2245 5561/7705/2245 5562/7706/2245
f 5562/7706/2245 5563/7707/2245 5564/7517/2245
f 5564/7517/2245 5534/7680/2245 5540/7686/2245
f 5534/7680/2245 5536/7682/2245 5540/7686/2245
f 5536/7682/2245 5538/7684/2245 5540/7686/2245
f 5540/7686/2245 5542/7688/2245 5548/7515/2245
f 5542/7688/2245 5544/7690/2245 5548/7515/2245
f 5544/7690/2245 5546/7692/2245 5548/7515/2245
f 5548/7515/2245 5550/7695/2245 5556/7516/2245
f 5550/7695/2245 5552/7697/2245 5556/7516/2245
f 5552/7697/2245 5554/7699/2245 5556/7516/2245
f 5556/7516/2245 5558/7702/2245 5564/7517/2245
f 5558/7702/2245 5560/7704/2245 5564/7517/2245
f 5560/7704/2245 5562/7706/2245 5564/7517/2245
f 5564/7517/2245 5540/7686/2245 5548/7515/2245
f 5566/7518/2246 5569/7521/2249 5574/7519/2247
f 5569/7521/2249 5568/7627/2404 5573/7522/2250
f 5573/7523/2250 5568/7660/2404 5567/7524/2251
f 5567/7524/2251 5565/7661/2405 5570/7526/2253
f 5571/7520/2248 5574/7519/2247 5579/7527/2254
f 5574/7519/2247 5573/7522/2250 5578/7529/2256
f 5573/7523/2250 5572/7525/2252 5577/7530/2257
f 5572/7525/2252 5570/7526/2253 5575/7532/2258
f 5576/7528/2255 5579/7527/2254 5584/7533/2259
f 5579/7527/2254 5578/7529/2256 5583/7535/2261
f 5578/7531/2256 5577/7530/2257 5582/7536/2262
f 5577/7530/2257 5575/7532/2258 5580/7538/2263
f 5581/7534/2260 5584/7533/2259 5589/7539/2264
f 5584/7533/2259 5583/7535/2261 5588/7541/2266
f 5583/7537/2261 5582/7536/2262 5587/7542/2267
f 5582/7536/2262 5580/7538/2263 5585/7544/2268
f 5586/7540/2265 5589/7539/2264 5594/7545/2269
f 5589/7539/2264 5588/7541/2266 5593/7547/2271
f 5588/7543/2266 5587/7542/2267 5592/7548/2272
f 5587/7542/2267 5585/7544/2268 5590/7550/2273
f 5591/7546/2270 5594/7545/2269 5599/7551/2274
f 5594/7545/2269 5593/7547/2271 5598/7553/2276
f 5598/7554/2276 5593/7549/2271 5592/7548/2272
f 5592/7548/2272 5590/7550/2273 5595/7556/2278
f 5596/7552/2275 5599/7551/2274 5604/7557/2279
f 5599/7551/2274 5598/7553/2276 5603/7559/2281
f 5603/7560/2281 5598/7554/2276 5597/7555/2277
f 5597/7555/2277 5595/7556/2278 5600/7562/2283
f 5601/7558/2280 5604/7557/2279 5609/7563/2284
f 5604/7557/2279 5603/7559/2281 5608/7565/2286
f 5603/7560/2281 5602/7561/2282 5607/7566/2287
f 5602/7561/2282 5600/7562/2283 5605/7568/2288
f 5606/7569/2285 5609/7521/2284 5614/7570/2289
f 5609/7521/2284 5608/7708/2286 5613/7522/2291
f 5613/7571/2291 5608/7567/2286 5607/7566/2287
f 5607/7566/2287 5605/7568/2288 5610/7573/2293
f 5611/7520/2290 5614/7570/2289 5619/7574/2294
f 5614/7570/2289 5613/7522/2291 5618/7576/2296
f 5613/7571/2291 5612/7572/2292 5617/7577/2297
f 5612/7572/2292 5610/7573/2293 5615/7579/2298
f 5616/7575/2295 5619/7574/2294 5624/7533/2299
f 5619/7574/2294 5618/7576/2296 5623/7535/2301
f 5618/7578/2296 5617/7577/2297 5622/7581/2302
f 5617/7577/2297 5615/7579/2298 5620/7583/2303
f 5621/7580/2300 5624/7533/2299 5629/7539/2304
f 5624/7533/2299 5623/7535/2301 5628/7541/2306
f 5623/7582/2301 5622/7581/2302 5627/7585/2307
f 5622/7581/2302 5620/7583/2303 5625/7587/2308
f 5626/7584/2305 5629/7539/2304 5634/7545/2309
f 5629/7539/2304 5628/7541/2306 5633/7547/2311
f 5628/7586/2306 5627/7585/2307 5632/7589/2312
f 5627/7585/2307 5625/7587/2308 5630/7591/2313
f 5631/7588/2310 5634/7545/2309 5639/7551/2314
f 5634/7545/2309 5633/7547/2311 5638/7553/2316
f 5638/7592/2316 5633/7590/2311 5632/7589/2312
f 5632/7589/2312 5630/7591/2313 5635/7594/2318
f 5636/7552/2315 5639/7551/2314 5644/7557/2319
f 5639/7551/2314 5638/7553/2316 5643/7559/2321
f 5643/7596/2321 5638/7592/2316 5637/7593/2317
f 5637/7593/2317 5635/7594/2318 5640/7598/2323
f 5641/7595/2320 5644/7557/2319 5649/7563/2324
f 5644/7557/2319 5643/7559/2321 5648/7565/2326
f 5643/7596/2321 5642/7597/2322 5647/7600/2327
f 5642/7597/2322 5640/7598/2323 5645/7602/2328
f 5646/7564/2325 5649/7563/2324 5654/7557/2329
f 5649/7563/2324 5648/7565/2326 5653/7559/2331
f 5653/7603/2331 5648/7601/2326 5647/7600/2327
f 5647/7600/2327 5645/7602/2328 5650/7605/2333
f 5651/7558/2330 5654/7557/2329 5659/7606/2334
f 5654/7557/2329 5653/7559/2331 5658/7607/2336
f 5653/7603/2331 5652/7604/2332 5657/7608/2337
f 5652/7604/2332 5650/7605/2333 5655/7610/2338
f 5656/7552/2335 5659/7606/2334 5664/7545/2339
f 5659/7606/2334 5658/7607/2336 5663/7547/2341
f 5658/7609/2336 5657/7608/2337 5662/7611/2342
f 5657/7608/2337 5655/7610/2338 5660/7613/2343
f 5661/7588/2340 5664/7545/2339 5669/7539/2344
f 5664/7545/2339 5663/7547/2341 5668/7541/2346
f 5663/7612/2341 5662/7611/2342 5667/7614/2347
f 5662/7611/2342 5660/7613/2343 5665/7616/2348
f 5666/7540/2345 5669/7539/2344 5674/7533/2349
f 5669/7539/2344 5668/7541/2346 5673/7535/2351
f 5668/7615/2346 5667/7614/2347 5672/7617/2352
f 5667/7614/2347 5665/7616/2348 5670/7619/2353
f 5671/7534/2350 5674/7533/2349 5679/7574/2354
f 5674/7533/2349 5673/7535/2351 5678/7529/2356
f 5678/7620/2356 5673/7618/2351 5672/7617/2352
f 5672/7617/2352 5670/7619/2353 5675/7622/2358
f 5676/7575/2355 5679/7574/2354 5684/7570/2359
f 5679/7574/2354 5678/7529/2356 5683/7522/2361
f 5683/7623/2361 5678/7620/2356 5677/7621/2357
f 5677/7621/2357 5675/7622/2358 5680/7625/2363
f 5681/7520/2360 5684/7570/2359 5689/7521/2364
f 5684/7570/2359 5683/7522/2361 5688/7627/2366
f 5683/7623/2361 5682/7624/2362 5687/7628/2367
f 5682/7624/2362 5680/7625/2363 5685/7630/2368
f 5686/7569/2365 5689/7631/2364 5694/7570/2369
f 5689/7631/2364 5688/7708/2366 5693/7522/2371
f 5693/7632/2371 5688/7629/2366 5687/7628/2367
f 5687/7628/2367 5685/7630/2368 5690/7634/2373
f 5691/7520/2370 5694/7570/2369 5699/7574/2374
f 5694/7570/2369 5693/7522/2371 5698/7635/2376
f 5693/7632/2371 5692/7633/2372 5697/7636/2377
f 5692/7633/2372 5690/7634/2373 5695/7638/2378
f 5696/7575/2375 5699/7574/2374 5704/7639/2379
f 5699/7574/2374 5698/7635/2376 5703/7641/2381
f 5698/7637/2376 5697/7636/2377 5702/7642/2382
f 5697/7636/2377 5695/7638/2378 5700/7644/2383
f 5701/7640/2380 5704/7639/2379 5709/7645/2384
f 5704/7639/2379 5703/7641/2381 5708/7646/2386
f 5703/7643/2381 5702/7642/2382 5707/7647/2387
f 5702/7642/2382 5700/7644/2383 5705/7649/2388
f 5706/7584/2385 5709/7645/2384 5714/7545/2389
f 5709/7645/2384 5708/7646/2386 5713/7650/2391
f 5708/7648/2386 5707/7647/2387 5712/7651/2392
f 5707/7647/2387 5705/7649/2388 5710/7653/2393
f 5711/7588/2390 5714/7545/2389 5719/7551/2394
f 5714/7545/2389 5713/7650/2391 5718/7553/2396
f 5718/7654/2396 5713/7652/2391 5712/7651/2392
f 5712/7651/2392 5710/7653/2393 5715/7656/2398
f 5716/7552/2395 5719/7551/2394 5724/7557/2399
f 5719/7551/2394 5718/7553/2396 5723/7559/2401
f 5723/7657/2401 5718/7654/2396 5717/7655/2397
f 5717/7655/2397 5715/7656/2398 5720/7659/2403
f 5721/7595/2400 5724/7557/2399 5569/7563/2249
f 5724/7557/2399 5723/7559/2401 5568/7565/2404
f 5723/7657/2401 5722/7658/2402 5567/7524/2251
f 5722/7658/2402 5720/7659/2403 5565/7661/2405
f 5575/7532/2258 5570/7526/2253 5565/7661/2405
f 5565/7661/2405 5720/7659/2403 5575/7532/2258
f 5720/7659/2403 5715/7656/2398 5575/7532/2258
f 5715/7656/2398 5710/7653/2393 5705/7649/2388
f 5705/7649/2388 5700/7644/2383 5695/7638/2378
f 5695/7638/2378 5690/7634/2373 5685/7630/2368
f 5685/7630/2368 5680/7625/2363 5695/7638/2378
f 5680/7625/2363 5675/7622/2358 5695/7638/2378
f 5675/7622/2358 5670/7619/2353 5665/7616/2348
f 5665/7616/2348 5660/7613/2343 5655/7610/2338
f 5655/7610/2338 5650/7605/2333 5635/7594/2318
f 5650/7605/2333 5645/7602/2328 5635/7594/2318
f 5645/7602/2328 5640/7598/2323 5635/7594/2318
f 5635/7594/2318 5630/7591/2313 5625/7587/2308
f 5625/7587/2308 5620/7583/2303 5615/7579/2298
f 5615/7579/2298 5610/7573/2293 5605/7568/2288
f 5605/7568/2288 5600/7562/2283 5615/7579/2298
f 5600/7562/2283 5595/7556/2278 5615/7579/2298
f 5595/7556/2278 5590/7550/2273 5585/7544/2268
f 5585/7544/2268 5580/7538/2263 5575/7532/2258
f 5715/7656/2398 5705/7649/2388 5695/7638/2378
f 5675/7622/2358 5665/7616/2348 5655/7610/2338
f 5635/7594/2318 5625/7587/2308 5615/7579/2298
f 5595/7556/2278 5585/7544/2268 5575/7532/2258
f 5575/7532/2258 5715/7656/2398 5695/7638/2378
f 5695/7638/2378 5675/7622/2358 5575/7532/2258
f 5675/7622/2358 5655/7610/2338 5575/7532/2258
f 5655/7610/2338 5635/7594/2318 5615/7579/2298
f 5615/7579/2298 5595/7556/2278 5655/7610/2338
f 5566/7518/2246 5571/7520/2248 5534/7662/2406
f 5721/7595/2400 5566/7599/2246 5533/7664/2407
f 5571/7520/2248 5576/7528/2255 5535/7666/2409
f 5576/7528/2255 5581/7534/2260 5536/7667/2410
f 5581/7534/2260 5586/7540/2265 5537/7668/2411
f 5586/7540/2265 5591/7546/2270 5538/7669/2412
f 5591/7546/2270 5596/7552/2275 5539/7670/2413
f 5596/7552/2275 5601/7558/2280 5540/7665/2414
f 5601/7558/2280 5606/7564/2285 5541/7664/2415
f 5606/7569/2285 5611/7520/2290 5542/7662/2416
f 5611/7520/2290 5616/7575/2295 5543/7672/2417
f 5616/7575/2295 5621/7580/2300 5544/7673/2418
f 5621/7580/2300 5626/7584/2305 5545/7674/2419
f 5626/7584/2305 5631/7588/2310 5546/7675/2420
f 5631/7588/2310 5636/7552/2315 5547/7670/2421
f 5636/7552/2315 5641/7595/2320 5548/7665/2422
f 5641/7595/2320 5646/7599/2325 5549/7664/2423
f 5646/7564/2325 5651/7558/2330 5550/7665/2424
f 5651/7558/2330 5656/7552/2335 5551/7676/2425
f 5656/7552/2335 5661/7588/2340 5552/7675/2426
f 5661/7588/2340 5666/7540/2345 5553/7674/2427
f 5666/7540/2345 5671/7534/2350 5554/7677/2428
f 5671/7534/2350 5676/7575/2355 5555/7672/2429
f 5676/7575/2355 5681/7520/2360 5556/7678/2430
f 5681/7520/2360 5686/7626/2365 5557/7671/2431
f 5686/7569/2365 5691/7520/2370 5558/7662/2432
f 5691/7520/2370 5696/7575/2375 5559/7666/2433
f 5696/7575/2375 5701/7640/2380 5560/7677/2434
f 5701/7640/2380 5706/7584/2385 5561/7674/2435
f 5706/7584/2385 5711/7588/2390 5562/7669/2436
f 5711/7588/2390 5716/7552/2395 5563/7670/2437
f 5716/7552/2395 5721/7595/2400 5564/7665/2408
s 0
f 5726/7709/2438 5727/7710/2438 5725/7711/2438
f 5728/7712/2439 5731/7713/2439 5727/7710/2439
f 5732/7714/2440 5729/7715/2440 5731/7713/2440
f 5730/7716/2441 5725/7717/2441 5729/7715/2441
f 5731/7713/2245 5725/7718/2245 5727/7719/2245
f 5728/7720/2442 5730/7716/2442 5732/7714/2442
f 5726/7709/2438 5728/7712/2438 5727/7710/2438
f 5728/7712/2439 5732/7714/2439 5731/7713/2439
f 5732/7714/2440 5730/7716/2440 5729/7715/2440
f 5730/7716/2441 5726/7721/2441 5725/7717/2441
f 5731/7713/2245 5729/7715/2245 5725/7718/2245
f 5728/7720/2442 5726/7722/2442 5730/7716/2442
f 5734/7723/2438 5735/7724/2438 5733/7725/2438
f 5736/7726/2439 5739/7727/2439 5735/7724/2439
f 5740/7728/2440 5737/7729/2440 5739/7727/2440
f 5738/7730/2441 5733/7731/2441 5737/7729/2441
f 5739/7727/2245 5733/7732/2245 5735/7733/2245
f 5736/7734/2442 5738/7730/2442 5740/7728/2442
f 5742/7723/2438 5743/7724/2438 5741/7725/2438
f 5744/7726/2439 5747/7727/2439 5743/7724/2439
f 5748/7728/2440 5745/7729/2440 5747/7727/2440
f 5746/7730/2441 5741/7731/2441 5745/7729/2441
f 5747/7727/2245 5741/7732/2245 5743/7733/2245
f 5744/7734/2442 5746/7730/2442 5748/7728/2442
f 5734/7723/2438 5736/7726/2438 5735/7724/2438
f 5736/7726/2439 5740/7728/2439 5739/7727/2439
f 5740/7728/2440 5738/7730/2440 5737/7729/2440
f 5738/7730/2441 5734/7735/2441 5733/7731/2441
f 5739/7727/2245 5737/7729/2245 5733/7732/2245
f 5736/7734/2442 5734/7736/2442 5738/7730/2442
f 5742/7723/2438 5744/7726/2438 5743/7724/2438
f 5744/7726/2439 5748/7728/2439 5747/7727/2439
f 5748/7728/2440 5746/7730/2440 5745/7729/2440
f 5746/7730/2441 5742/7735/2441 5741/7731/2441
f 5747/7727/2245 5745/7729/2245 5741/7732/2245
f 5744/7734/2442 5742/7736/2442 5746/7730/2442
o yyt
v 68.854362 192.730469 -149.892838
v 68.854362 237.557831 -149.892838
v 63.435143 192.730469 -149.892838
v 63.435143 237.557831 -149.892838
v 68.854362 192.730469 -194.720200
v 68.854362 237.557831 -194.720200
v 63.435139 192.730469 -194.720200
v 63.435139 237.557831 -194.720200
v 218.010315 3.033798 75.868118
v 200.134613 63.827057 67.532532
v 201.676147 3.033798 110.896881
v 183.800446 63.827057 102.561279
v 68.854362 192.730469 -149.892838
v 68.854362 237.557831 -149.892838
v 63.435143 192.730469 -149.892838
v 63.435143 237.557831 -149.892838
v 68.854362 192.730469 -194.720200
v 68.854362 237.557831 -194.720200
v 63.435139 192.730469 -194.720200
v 63.435139 237.557831 -194.720200
v 215.226532 2.037277 74.570007
v 197.350861 62.830536 66.234436
v 218.010315 3.033798 75.868118
v 200.134613 63.827057 67.532532
v 198.892365 2.037277 109.598755
v 181.016678 62.830536 101.263184
v 201.676147 3.033798 110.896881
v 183.800446 63.827057 102.561279
vn -1.0000 -0.0000 -0.0000
vn 1.0000 -0.0000 -0.0000
vn 0.8621 0.3086 0.4020
vn -0.0000 -0.0000 1.0000
vn -0.0000 -0.0000 -1.0000
vn -0.0000 -1.0000 -0.0000
vn -0.0000 1.0000 -0.0000
vn 0.4226 -0.0000 -0.9063
vn -0.4226 -0.0000 0.9063
vn -0.8621 -0.3086 -0.4020
vn 0.2797 -0.9512 0.1304
vn -0.2797 0.9512 -0.1304
vt 0.992108 0.316326
vt 0.687579 0.011799
vt 0.992107 0.011798
vt 0.687580 0.316327
vt 0.687580 0.316327
vt 0.444316 0.734737
vt 0.000001 -0.000001
vt 0.444318 0.000001
vt -0.000001 0.734735
vt 0.928660 0.324219
vt 0.989105 0.824219
vt 0.928660 0.824219
vt 0.928660 0.324219
vt 0.989105 0.824219
vt 0.928660 0.824219
vt 0.989105 0.324219
vt 0.989106 0.324219
vt 0.989105 0.324219
vt 0.928660 0.824219
vt 0.928660 0.824219
vt 0.754423 0.473826
vt 0.777981 0.940086
vt 0.754423 0.940086
vt 0.777981 0.473826
vt 0.801538 0.940086
vt 0.472462 0.473826
vt 0.472462 0.940086
vt 0.897687 0.771889
vt 0.860565 0.327572
vt 0.897687 0.327572
vt 0.897687 0.771889
vt 0.897687 0.327572
vt 0.801538 0.473826
vt 0.860565 0.771889
vt 0.860565 0.771888
s 0
f 5752/7737/2443 5755/7738/2443 5751/7739/2443
f 5754/7737/2444 5749/7738/2444 5753/7739/2444
f 5752/7737/2443 5756/7740/2443 5755/7738/2443
f 5754/7737/2444 5750/7741/2444 5749/7738/2444
f 5758/7742/2445 5759/7743/2445 5757/7744/2445
f 5758/7742/2445 5760/7745/2445 5759/7743/2445
f 5762/7746/2446 5763/7747/2446 5761/7748/2446
f 5768/7749/2447 5765/7750/2447 5767/7751/2447
f 5767/7747/2448 5761/7746/2448 5763/7752/2448
f 5764/7750/2449 5766/7746/2449 5768/7753/2449
f 5762/7746/2446 5764/7752/2446 5763/7747/2446
f 5768/7749/2447 5766/7754/2447 5765/7750/2447
f 5767/7747/2448 5765/7755/2448 5761/7746/2448
f 5764/7750/2449 5762/7756/2449 5766/7746/2449
f 5770/7757/2450 5771/7758/2450 5769/7759/2450
f 5776/7760/2451 5773/7761/2451 5775/7758/2451
f 5774/7762/2452 5769/7759/2452 5773/7763/2452
f 5775/7764/2453 5769/7765/2453 5771/7766/2453
f 5772/7767/2454 5774/7765/2454 5776/7768/2454
f 5770/7757/2450 5772/7760/2450 5771/7758/2450
f 5776/7760/2451 5774/7769/2451 5773/7761/2451
f 5774/7762/2452 5770/7757/2452 5769/7759/2452
f 5775/7764/2453 5773/7770/2453 5769/7765/2453
f 5772/7767/2454 5770/7771/2454 5774/7765/2454
